# Blender 4.5.3 LTS
# www.blender.org
o Cylinder
v -0.707107 -1.000002 0.707107
v -0.707107 -0.937500 0.707107
v -0.707107 -0.868056 0.707107
v -0.772925 -1.000002 0.634501
v -0.801036 -1.000002 0.601120
v -0.741199 -1.000002 0.669494
v -0.729167 -1.000002 0.590278
v -0.772414 -0.937500 0.635124
v -0.772414 -0.868056 0.635124
v -0.807493 -0.937500 0.591456
v -0.807493 -0.868056 0.591456
v -0.741237 -0.937500 0.669453
v -0.741237 -0.868056 0.669453
v -0.634501 -1.000002 0.772925
v -0.669494 -1.000002 0.741199
v -0.601120 -1.000002 0.801036
v -0.590278 -1.000002 0.729167
v -0.635124 -0.937500 0.772414
v -0.635124 -0.868056 0.772414
v -0.669453 -0.937500 0.741237
v -0.669453 -0.868056 0.741237
v -0.591456 -0.937500 0.807493
v -0.591456 -0.868056 0.807493
v -0.659722 -1.000002 0.659722
v -0.659722 -1.000002 0.590278
v -0.590278 -1.000002 0.659722
v -0.590278 -1.000002 0.590278
v -0.707107 -0.798611 0.707107
v -0.707107 -0.729167 0.707107
v -0.707107 -0.659722 0.707107
v -0.707107 -0.590278 0.707107
v -0.772414 -0.798611 0.635124
v -0.772414 -0.729167 0.635124
v -0.807493 -0.798611 0.591456
v -0.807493 -0.729167 0.591456
v -0.741237 -0.798611 0.669453
v -0.741237 -0.729167 0.669453
v -0.772414 -0.659722 0.635124
v -0.772414 -0.590278 0.635124
v -0.807493 -0.659722 0.591456
v -0.807493 -0.590278 0.591456
v -0.741237 -0.659722 0.669453
v -0.741237 -0.590278 0.669453
v -0.635124 -0.798611 0.772414
v -0.635124 -0.729167 0.772414
v -0.669453 -0.798611 0.741237
v -0.669453 -0.729167 0.741237
v -0.591456 -0.798611 0.807493
v -0.591456 -0.729167 0.807493
v -0.635124 -0.659722 0.772414
v -0.635124 -0.590278 0.772414
v -0.669453 -0.659722 0.741237
v -0.669453 -0.590278 0.741237
v -0.591456 -0.659722 0.807493
v -0.591456 -0.590278 0.807493
v -0.707107 -0.520833 0.707107
v -0.707107 -0.451389 0.707107
v -0.707107 -0.381944 0.707107
v -0.707107 -0.312500 0.707107
v -0.772414 -0.520833 0.635124
v -0.772414 -0.451389 0.635124
v -0.807493 -0.520833 0.591456
v -0.807493 -0.451389 0.591456
v -0.741237 -0.520833 0.669453
v -0.741237 -0.451389 0.669453
v -0.772414 -0.381944 0.635124
v -0.772414 -0.312500 0.635124
v -0.807493 -0.381944 0.591456
v -0.807493 -0.312500 0.591456
v -0.741237 -0.381944 0.669453
v -0.741237 -0.312500 0.669453
v -0.635124 -0.520833 0.772414
v -0.635124 -0.451389 0.772414
v -0.669453 -0.520833 0.741237
v -0.669453 -0.451389 0.741237
v -0.591456 -0.520833 0.807493
v -0.591456 -0.451389 0.807493
v -0.635124 -0.381944 0.772414
v -0.635124 -0.312500 0.772414
v -0.669453 -0.381944 0.741237
v -0.669453 -0.312500 0.741237
v -0.591456 -0.381944 0.807493
v -0.591456 -0.312500 0.807493
v -0.707107 -0.243056 0.707107
v -0.707107 -0.173611 0.707107
v -0.707107 -0.104167 0.707107
v -0.707107 -0.034722 0.707107
v -0.772414 -0.243056 0.635124
v -0.772414 -0.173611 0.635124
v -0.807493 -0.243056 0.591456
v -0.807493 -0.173611 0.591456
v -0.741237 -0.243056 0.669453
v -0.741237 -0.173611 0.669453
v -0.772414 -0.104167 0.635124
v -0.772414 -0.034722 0.635124
v -0.807493 -0.104167 0.591456
v -0.807493 -0.034722 0.591456
v -0.741237 -0.104167 0.669453
v -0.741237 -0.034722 0.669453
v -0.635124 -0.243056 0.772414
v -0.635124 -0.173611 0.772414
v -0.669453 -0.243056 0.741237
v -0.669453 -0.173611 0.741237
v -0.591456 -0.243056 0.807493
v -0.591456 -0.173611 0.807493
v -0.635124 -0.104167 0.772414
v -0.635124 -0.034722 0.772414
v -0.669453 -0.104167 0.741237
v -0.669453 -0.034722 0.741237
v -0.591456 -0.104167 0.807493
v -0.591456 -0.034722 0.807493
v -0.905825 -1.000002 0.420860
v -0.856343 -1.000002 0.514074
v -0.889386 -1.000002 0.457433
v -0.905293 -0.937500 0.421985
v -0.905293 -0.868056 0.421985
v -0.853218 -0.937500 0.519287
v -0.853218 -0.868056 0.519287
v -0.889367 -0.937500 0.457469
v -0.889367 -0.868056 0.457469
v -0.922474 -1.000002 0.386083
v -0.948126 -1.000002 0.319348
v -0.868056 -1.000002 0.381944
v -0.868056 -1.000002 0.312500
v -0.923895 -0.937500 0.382651
v -0.923895 -0.868056 0.382651
v -0.950045 -0.937500 0.313023
v -0.950045 -0.868056 0.313023
v -0.905293 -0.798611 0.421985
v -0.905293 -0.729167 0.421985
v -0.853218 -0.798611 0.519287
v -0.853218 -0.729167 0.519287
v -0.889367 -0.798611 0.457469
v -0.889367 -0.729167 0.457469
v -0.905293 -0.659722 0.421985
v -0.905293 -0.590278 0.421985
v -0.853218 -0.659722 0.519287
v -0.853218 -0.590278 0.519287
v -0.889367 -0.659722 0.457469
v -0.889367 -0.590278 0.457469
v -0.923895 -0.798611 0.382651
v -0.923895 -0.729167 0.382651
v -0.950045 -0.798611 0.313023
v -0.950045 -0.729167 0.313023
v -0.923895 -0.659722 0.382651
v -0.923895 -0.590278 0.382651
v -0.950045 -0.659722 0.313023
v -0.950045 -0.590278 0.313023
v -0.975617 -1.000002 0.215729
v -0.984781 -1.000002 0.175008
v -0.974846 -0.937500 0.218808
v -0.974846 -0.868056 0.218808
v -0.984992 -0.937500 0.173948
v -0.984992 -0.868056 0.173948
v -0.994465 -1.000002 0.105341
v -1.000002 -1.000002 0.034722
v -0.994565 -0.937500 0.104335
v -0.994565 -0.868056 0.104335
v -1.000002 -0.937500 0.034722
v -1.000002 -0.868056 0.034722
v -0.967842 -1.000002 0.246770
v -0.937500 -1.000002 0.173611
v -0.868056 -1.000002 0.243056
v -0.868056 -1.000002 0.173611
v -0.966149 -0.937500 0.253530
v -0.966149 -0.868056 0.253530
v -0.937500 -1.000002 0.104167
v -0.937500 -1.000002 0.034722
v -0.868056 -1.000002 0.104167
v -0.868056 -1.000002 0.034722
v -0.974846 -0.798611 0.218808
v -0.974846 -0.729167 0.218808
v -0.984992 -0.798611 0.173948
v -0.984992 -0.729167 0.173948
v -0.974846 -0.659722 0.218808
v -0.974846 -0.590278 0.218808
v -0.984992 -0.659722 0.173948
v -0.984992 -0.590278 0.173948
v -0.994565 -0.798611 0.104335
v -0.994565 -0.729167 0.104335
v -1.000002 -0.798611 0.034722
v -1.000002 -0.729167 0.034722
v -0.994565 -0.659722 0.104335
v -0.994565 -0.590278 0.104335
v -1.000002 -0.659722 0.034722
v -1.000002 -0.590278 0.034722
v -0.966149 -0.798611 0.253530
v -0.966149 -0.729167 0.253530
v -0.966149 -0.659722 0.253530
v -0.966149 -0.590278 0.253530
v -0.837051 -1.000002 0.546259
v -0.798611 -1.000002 0.451389
v -0.729167 -1.000002 0.520833
v -0.729167 -1.000002 0.451389
v -0.832406 -0.937500 0.554009
v -0.832406 -0.868056 0.554009
v -0.798611 -1.000002 0.381944
v -0.798611 -1.000002 0.312500
v -0.729167 -1.000002 0.381944
v -0.729167 -1.000002 0.312500
v -0.659722 -1.000002 0.520833
v -0.659722 -1.000002 0.451389
v -0.590278 -1.000002 0.520833
v -0.590278 -1.000002 0.451389
v -0.659722 -1.000002 0.381944
v -0.659722 -1.000002 0.312500
v -0.590278 -1.000002 0.381944
v -0.590278 -1.000002 0.312500
v -0.832406 -0.798611 0.554009
v -0.832406 -0.729167 0.554009
v -0.832406 -0.659722 0.554009
v -0.832406 -0.590278 0.554009
v -0.798611 -1.000002 0.243056
v -0.798611 -1.000002 0.173611
v -0.729167 -1.000002 0.243056
v -0.729167 -1.000002 0.173611
v -0.798611 -1.000002 0.104167
v -0.798611 -1.000002 0.034722
v -0.729167 -1.000002 0.104167
v -0.729167 -1.000002 0.034722
v -0.659722 -1.000002 0.243056
v -0.659722 -1.000002 0.173611
v -0.590278 -1.000002 0.243056
v -0.590278 -1.000002 0.173611
v -0.659722 -1.000002 0.104167
v -0.659722 -1.000002 0.034722
v -0.590278 -1.000002 0.104167
v -0.590278 -1.000002 0.034722
v -0.905293 -0.520833 0.421985
v -0.905293 -0.451389 0.421985
v -0.853218 -0.520833 0.519287
v -0.853218 -0.451389 0.519287
v -0.889367 -0.520833 0.457469
v -0.889367 -0.451389 0.457469
v -0.905293 -0.381944 0.421985
v -0.905293 -0.312500 0.421985
v -0.853218 -0.381944 0.519287
v -0.853218 -0.312500 0.519287
v -0.889367 -0.381944 0.457469
v -0.889367 -0.312500 0.457469
v -0.923895 -0.520833 0.382651
v -0.923895 -0.451389 0.382651
v -0.950045 -0.520833 0.313023
v -0.950045 -0.451389 0.313023
v -0.923895 -0.381944 0.382651
v -0.923895 -0.312500 0.382651
v -0.950045 -0.381944 0.313023
v -0.950045 -0.312500 0.313023
v -0.905293 -0.243056 0.421985
v -0.905293 -0.173611 0.421985
v -0.853218 -0.243056 0.519287
v -0.853218 -0.173611 0.519287
v -0.889367 -0.243056 0.457469
v -0.889367 -0.173611 0.457469
v -0.905293 -0.104167 0.421985
v -0.905293 -0.034722 0.421985
v -0.853218 -0.104167 0.519287
v -0.853218 -0.034722 0.519287
v -0.889367 -0.104167 0.457469
v -0.889367 -0.034722 0.457469
v -0.923895 -0.243056 0.382651
v -0.923895 -0.173611 0.382651
v -0.950045 -0.243056 0.313023
v -0.950045 -0.173611 0.313023
v -0.923895 -0.104167 0.382651
v -0.923895 -0.034722 0.382651
v -0.950045 -0.104167 0.313023
v -0.950045 -0.034722 0.313023
v -0.974846 -0.520833 0.218808
v -0.974846 -0.451389 0.218808
v -0.984992 -0.520833 0.173948
v -0.984992 -0.451389 0.173948
v -0.974846 -0.381944 0.218808
v -0.974846 -0.312500 0.218808
v -0.984992 -0.381944 0.173948
v -0.984992 -0.312500 0.173948
v -0.994565 -0.520833 0.104335
v -0.994565 -0.451389 0.104335
v -1.000002 -0.520833 0.034722
v -1.000002 -0.451389 0.034722
v -0.994565 -0.381944 0.104335
v -0.994565 -0.312500 0.104335
v -1.000002 -0.381944 0.034722
v -1.000002 -0.312500 0.034722
v -0.966149 -0.520833 0.253530
v -0.966149 -0.451389 0.253530
v -0.966149 -0.381944 0.253530
v -0.966149 -0.312500 0.253530
v -0.974846 -0.243056 0.218808
v -0.974846 -0.173611 0.218808
v -0.984992 -0.243056 0.173948
v -0.984992 -0.173611 0.173948
v -0.974846 -0.104167 0.218808
v -0.974846 -0.034722 0.218808
v -0.984992 -0.104167 0.173948
v -0.984992 -0.034722 0.173948
v -0.994565 -0.243056 0.104335
v -0.994565 -0.173611 0.104335
v -1.000002 -0.243056 0.034722
v -1.000002 -0.173611 0.034722
v -0.994565 -0.104167 0.104335
v -0.994565 -0.034722 0.104335
v -1.000002 -0.104167 0.034722
v -1.000002 -0.034722 0.034722
v -0.966149 -0.243056 0.253530
v -0.966149 -0.173611 0.253530
v -0.966149 -0.104167 0.253530
v -0.966149 -0.034722 0.253530
v -0.832406 -0.520833 0.554009
v -0.832406 -0.451389 0.554009
v -0.832406 -0.381944 0.554009
v -0.832406 -0.312500 0.554009
v -0.832406 -0.243056 0.554009
v -0.832406 -0.173611 0.554009
v -0.832406 -0.104167 0.554009
v -0.832406 -0.034722 0.554009
v -0.514074 -1.000002 0.856343
v -0.420860 -1.000002 0.905825
v -0.457433 -1.000002 0.889386
v -0.519287 -0.937500 0.853218
v -0.519287 -0.868056 0.853218
v -0.421985 -0.937500 0.905293
v -0.421985 -0.868056 0.905293
v -0.457469 -0.937500 0.889367
v -0.457469 -0.868056 0.889367
v -0.386083 -1.000002 0.922474
v -0.381944 -1.000002 0.868056
v -0.319348 -1.000002 0.948126
v -0.312500 -1.000002 0.868056
v -0.382651 -0.937500 0.923895
v -0.382651 -0.868056 0.923895
v -0.313023 -0.937500 0.950045
v -0.313023 -0.868056 0.950045
v -0.519287 -0.798611 0.853218
v -0.519287 -0.729167 0.853218
v -0.421985 -0.798611 0.905293
v -0.421985 -0.729167 0.905293
v -0.457469 -0.798611 0.889367
v -0.457469 -0.729167 0.889367
v -0.519287 -0.659722 0.853218
v -0.519287 -0.590278 0.853218
v -0.421985 -0.659722 0.905293
v -0.421985 -0.590278 0.905293
v -0.457469 -0.659722 0.889367
v -0.457469 -0.590278 0.889367
v -0.382651 -0.798611 0.923895
v -0.382651 -0.729167 0.923895
v -0.313023 -0.798611 0.950045
v -0.313023 -0.729167 0.950045
v -0.382651 -0.659722 0.923895
v -0.382651 -0.590278 0.923895
v -0.313023 -0.659722 0.950045
v -0.313023 -0.590278 0.950045
v -0.546259 -1.000002 0.837051
v -0.520833 -1.000002 0.729167
v -0.451389 -1.000002 0.798611
v -0.451389 -1.000002 0.729167
v -0.554009 -0.937500 0.832406
v -0.554009 -0.868056 0.832406
v -0.520833 -1.000002 0.659722
v -0.520833 -1.000002 0.590278
v -0.451389 -1.000002 0.659722
v -0.451389 -1.000002 0.590278
v -0.381944 -1.000002 0.798611
v -0.381944 -1.000002 0.729167
v -0.312500 -1.000002 0.798611
v -0.312500 -1.000002 0.729167
v -0.381944 -1.000002 0.659722
v -0.381944 -1.000002 0.590278
v -0.312500 -1.000002 0.659722
v -0.312500 -1.000002 0.590278
v -0.554009 -0.798611 0.832406
v -0.554009 -0.729167 0.832406
v -0.554009 -0.659722 0.832406
v -0.554009 -0.590278 0.832406
v -0.215729 -1.000002 0.975617
v -0.175008 -1.000002 0.984781
v -0.218808 -0.937500 0.974846
v -0.218808 -0.868056 0.974846
v -0.173948 -0.937500 0.984992
v -0.173948 -0.868056 0.984992
v -0.246770 -1.000002 0.967842
v -0.243056 -1.000002 0.868056
v -0.173611 -1.000002 0.937500
v -0.173611 -1.000002 0.868056
v -0.253530 -0.937500 0.966149
v -0.253530 -0.868056 0.966149
v -0.105341 -1.000002 0.994465
v -0.034722 -1.000002 1.000002
v -0.104335 -0.937500 0.994565
v -0.104335 -0.868056 0.994565
v -0.034722 -0.937500 1.000002
v -0.034722 -0.868056 1.000002
v -0.104167 -1.000002 0.937500
v -0.104167 -1.000002 0.868056
v -0.034722 -1.000002 0.937500
v -0.034722 -1.000002 0.868056
v -0.218808 -0.798611 0.974846
v -0.218808 -0.729167 0.974846
v -0.173948 -0.798611 0.984992
v -0.173948 -0.729167 0.984992
v -0.218808 -0.659722 0.974846
v -0.218808 -0.590278 0.974846
v -0.173948 -0.659722 0.984992
v -0.173948 -0.590278 0.984992
v -0.253530 -0.798611 0.966149
v -0.253530 -0.729167 0.966149
v -0.253530 -0.659722 0.966149
v -0.253530 -0.590278 0.966149
v -0.104335 -0.798611 0.994565
v -0.104335 -0.729167 0.994565
v -0.034722 -0.798611 1.000002
v -0.034722 -0.729167 1.000002
v -0.104335 -0.659722 0.994565
v -0.104335 -0.590278 0.994565
v -0.034722 -0.659722 1.000002
v -0.034722 -0.590278 1.000002
v -0.243056 -1.000002 0.798611
v -0.243056 -1.000002 0.729167
v -0.173611 -1.000002 0.798611
v -0.173611 -1.000002 0.729167
v -0.243056 -1.000002 0.659722
v -0.243056 -1.000002 0.590278
v -0.173611 -1.000002 0.659722
v -0.173611 -1.000002 0.590278
v -0.104167 -1.000002 0.798611
v -0.104167 -1.000002 0.729167
v -0.034722 -1.000002 0.798611
v -0.034722 -1.000002 0.729167
v -0.104167 -1.000002 0.659722
v -0.104167 -1.000002 0.590278
v -0.034722 -1.000002 0.659722
v -0.034722 -1.000002 0.590278
v -0.519287 -0.520833 0.853218
v -0.519287 -0.451389 0.853218
v -0.421985 -0.520833 0.905293
v -0.421985 -0.451389 0.905293
v -0.457469 -0.520833 0.889367
v -0.457469 -0.451389 0.889367
v -0.519287 -0.381944 0.853218
v -0.519287 -0.312500 0.853218
v -0.421985 -0.381944 0.905293
v -0.421985 -0.312500 0.905293
v -0.457469 -0.381944 0.889367
v -0.457469 -0.312500 0.889367
v -0.382651 -0.520833 0.923895
v -0.382651 -0.451389 0.923895
v -0.313023 -0.520833 0.950045
v -0.313023 -0.451389 0.950045
v -0.382651 -0.381944 0.923895
v -0.382651 -0.312500 0.923895
v -0.313023 -0.381944 0.950045
v -0.313023 -0.312500 0.950045
v -0.519287 -0.243056 0.853218
v -0.519287 -0.173611 0.853218
v -0.421985 -0.243056 0.905293
v -0.421985 -0.173611 0.905293
v -0.457469 -0.243056 0.889367
v -0.457469 -0.173611 0.889367
v -0.519287 -0.104167 0.853218
v -0.519287 -0.034722 0.853218
v -0.421985 -0.104167 0.905293
v -0.421985 -0.034722 0.905293
v -0.457469 -0.104167 0.889367
v -0.457469 -0.034722 0.889367
v -0.382651 -0.243056 0.923895
v -0.382651 -0.173611 0.923895
v -0.313023 -0.243056 0.950045
v -0.313023 -0.173611 0.950045
v -0.382651 -0.104167 0.923895
v -0.382651 -0.034722 0.923895
v -0.313023 -0.104167 0.950045
v -0.313023 -0.034722 0.950045
v -0.554009 -0.520833 0.832406
v -0.554009 -0.451389 0.832406
v -0.554009 -0.381944 0.832406
v -0.554009 -0.312500 0.832406
v -0.554009 -0.243056 0.832406
v -0.554009 -0.173611 0.832406
v -0.554009 -0.104167 0.832406
v -0.554009 -0.034722 0.832406
v -0.218808 -0.520833 0.974846
v -0.218808 -0.451389 0.974846
v -0.173948 -0.520833 0.984992
v -0.173948 -0.451389 0.984992
v -0.218808 -0.381944 0.974846
v -0.218808 -0.312500 0.974846
v -0.173948 -0.381944 0.984992
v -0.173948 -0.312500 0.984992
v -0.253530 -0.520833 0.966149
v -0.253530 -0.451389 0.966149
v -0.253530 -0.381944 0.966149
v -0.253530 -0.312500 0.966149
v -0.104335 -0.520833 0.994565
v -0.104335 -0.451389 0.994565
v -0.034722 -0.520833 1.000002
v -0.034722 -0.451389 1.000002
v -0.104335 -0.381944 0.994565
v -0.104335 -0.312500 0.994565
v -0.034722 -0.381944 1.000002
v -0.034722 -0.312500 1.000002
v -0.218808 -0.243056 0.974846
v -0.218808 -0.173611 0.974846
v -0.173948 -0.243056 0.984992
v -0.173948 -0.173611 0.984992
v -0.218808 -0.104167 0.974846
v -0.218808 -0.034722 0.974846
v -0.173948 -0.104167 0.984992
v -0.173948 -0.034722 0.984992
v -0.253530 -0.243056 0.966149
v -0.253530 -0.173611 0.966149
v -0.253530 -0.104167 0.966149
v -0.253530 -0.034722 0.966149
v -0.104335 -0.243056 0.994565
v -0.104335 -0.173611 0.994565
v -0.034722 -0.243056 1.000002
v -0.034722 -0.173611 1.000002
v -0.104335 -0.104167 0.994565
v -0.104335 -0.034722 0.994565
v -0.034722 -0.104167 1.000002
v -0.034722 -0.034722 1.000002
v -0.520833 -1.000002 0.520833
v -0.520833 -1.000002 0.451389
v -0.451389 -1.000002 0.520833
v -0.451389 -1.000002 0.451389
v -0.520833 -1.000002 0.381944
v -0.520833 -1.000002 0.312500
v -0.451389 -1.000002 0.381944
v -0.451389 -1.000002 0.312500
v -0.381944 -1.000002 0.520833
v -0.381944 -1.000002 0.451389
v -0.312500 -1.000002 0.520833
v -0.312500 -1.000002 0.451389
v -0.381944 -1.000002 0.381944
v -0.381944 -1.000002 0.312500
v -0.312500 -1.000002 0.381944
v -0.312500 -1.000002 0.312500
v -0.520833 -1.000002 0.243056
v -0.520833 -1.000002 0.173611
v -0.451389 -1.000002 0.243056
v -0.451389 -1.000002 0.173611
v -0.520833 -1.000002 0.104167
v -0.520833 -1.000002 0.034722
v -0.451389 -1.000002 0.104167
v -0.451389 -1.000002 0.034722
v -0.381944 -1.000002 0.243056
v -0.381944 -1.000002 0.173611
v -0.312500 -1.000002 0.243056
v -0.312500 -1.000002 0.173611
v -0.381944 -1.000002 0.104167
v -0.381944 -1.000002 0.034722
v -0.312500 -1.000002 0.104167
v -0.312500 -1.000002 0.034722
v -0.243056 -1.000002 0.520833
v -0.243056 -1.000002 0.451389
v -0.173611 -1.000002 0.520833
v -0.173611 -1.000002 0.451389
v -0.243056 -1.000002 0.381944
v -0.243056 -1.000002 0.312500
v -0.173611 -1.000002 0.381944
v -0.173611 -1.000002 0.312500
v -0.104167 -1.000002 0.520833
v -0.104167 -1.000002 0.451389
v -0.034722 -1.000002 0.520833
v -0.034722 -1.000002 0.451389
v -0.104167 -1.000002 0.381944
v -0.104167 -1.000002 0.312500
v -0.034722 -1.000002 0.381944
v -0.034722 -1.000002 0.312500
v -0.243056 -1.000002 0.243056
v -0.243056 -1.000002 0.173611
v -0.173611 -1.000002 0.243056
v -0.173611 -1.000002 0.173611
v -0.243056 -1.000002 0.104167
v -0.243056 -1.000002 0.034722
v -0.173611 -1.000002 0.104167
v -0.173611 -1.000002 0.034722
v -0.104167 -1.000002 0.243056
v -0.104167 -1.000002 0.173611
v -0.034722 -1.000002 0.243056
v -0.034722 -1.000002 0.173611
v -0.104167 -1.000002 0.104167
v -0.104167 -1.000002 0.034722
v -0.034722 -1.000002 0.104167
v -0.034722 -1.000002 0.034722
v -0.707107 0.034722 0.707107
v -0.707107 0.104167 0.707107
v -0.707107 0.173611 0.707107
v -0.707107 0.243056 0.707107
v -0.772414 0.034722 0.635124
v -0.772414 0.104167 0.635124
v -0.807493 0.034722 0.591456
v -0.807493 0.104167 0.591456
v -0.741237 0.034722 0.669453
v -0.741237 0.104167 0.669453
v -0.772414 0.173611 0.635124
v -0.772414 0.243056 0.635124
v -0.807493 0.173611 0.591456
v -0.807493 0.243056 0.591456
v -0.741237 0.173611 0.669453
v -0.741237 0.243056 0.669453
v -0.635124 0.034722 0.772414
v -0.635124 0.104167 0.772414
v -0.669453 0.034722 0.741237
v -0.669453 0.104167 0.741237
v -0.591456 0.034722 0.807493
v -0.591456 0.104167 0.807493
v -0.635124 0.173611 0.772414
v -0.635124 0.243056 0.772414
v -0.669453 0.173611 0.741237
v -0.669453 0.243056 0.741237
v -0.591456 0.173611 0.807493
v -0.591456 0.243056 0.807493
v -0.707107 0.312500 0.707107
v -0.707107 0.381944 0.707107
v -0.707107 0.451389 0.707107
v -0.707107 0.520833 0.707107
v -0.772414 0.312500 0.635124
v -0.772414 0.381944 0.635124
v -0.807493 0.312500 0.591456
v -0.807493 0.381944 0.591456
v -0.741237 0.312500 0.669453
v -0.741237 0.381944 0.669453
v -0.772414 0.451389 0.635124
v -0.772414 0.520833 0.635124
v -0.807493 0.451389 0.591456
v -0.807493 0.520833 0.591456
v -0.741237 0.451389 0.669453
v -0.741237 0.520833 0.669453
v -0.635124 0.312500 0.772414
v -0.635124 0.381944 0.772414
v -0.669453 0.312500 0.741237
v -0.669453 0.381944 0.741237
v -0.591456 0.312500 0.807493
v -0.591456 0.381944 0.807493
v -0.635124 0.451389 0.772414
v -0.635124 0.520833 0.772414
v -0.669453 0.451389 0.741237
v -0.669453 0.520833 0.741237
v -0.591456 0.451389 0.807493
v -0.591456 0.520833 0.807493
v -0.707107 0.590278 0.707107
v -0.707107 0.659722 0.707107
v -0.707107 0.729167 0.707107
v -0.707107 0.798611 0.707107
v -0.772414 0.590278 0.635124
v -0.772414 0.659722 0.635124
v -0.807493 0.590278 0.591456
v -0.807493 0.659722 0.591456
v -0.741237 0.590278 0.669453
v -0.741237 0.659722 0.669453
v -0.772414 0.729167 0.635124
v -0.772414 0.798611 0.635124
v -0.807493 0.729167 0.591456
v -0.807493 0.798611 0.591456
v -0.741237 0.729167 0.669453
v -0.741237 0.798611 0.669453
v -0.635124 0.590278 0.772414
v -0.635124 0.659722 0.772414
v -0.669453 0.590278 0.741237
v -0.669453 0.659722 0.741237
v -0.591456 0.590278 0.807493
v -0.591456 0.659722 0.807493
v -0.635124 0.729167 0.772414
v -0.635124 0.798611 0.772414
v -0.669453 0.729167 0.741237
v -0.669453 0.798611 0.741237
v -0.591456 0.729167 0.807493
v -0.591456 0.798611 0.807493
v -0.707107 0.868056 0.707107
v -0.707107 0.937500 0.707107
v -0.707107 1.000000 0.707107
v -0.772414 0.868056 0.635124
v -0.772414 0.937500 0.635124
v -0.807493 0.868056 0.591456
v -0.807493 0.937500 0.591456
v -0.741237 0.868056 0.669453
v -0.741237 0.937500 0.669453
v -0.772925 1.000000 0.634501
v -0.801036 1.000000 0.601120
v -0.741199 1.000000 0.669494
v -0.729167 1.000000 0.590278
v -0.635124 0.868056 0.772414
v -0.635124 0.937500 0.772414
v -0.669453 0.868056 0.741237
v -0.669453 0.937500 0.741237
v -0.591456 0.868056 0.807493
v -0.591456 0.937500 0.807493
v -0.634501 1.000000 0.772925
v -0.669494 1.000000 0.741199
v -0.601120 1.000000 0.801036
v -0.590278 1.000000 0.729167
v -0.659722 1.000000 0.659722
v -0.659722 1.000000 0.590278
v -0.590278 1.000000 0.659722
v -0.590278 1.000000 0.590278
v -0.905293 0.034722 0.421985
v -0.905293 0.104167 0.421985
v -0.853218 0.034722 0.519287
v -0.853218 0.104167 0.519287
v -0.889367 0.034722 0.457469
v -0.889367 0.104167 0.457469
v -0.905293 0.173611 0.421985
v -0.905293 0.243056 0.421985
v -0.853218 0.173611 0.519287
v -0.853218 0.243056 0.519287
v -0.889367 0.173611 0.457469
v -0.889367 0.243056 0.457469
v -0.923895 0.034722 0.382651
v -0.923895 0.104167 0.382651
v -0.950045 0.034722 0.313023
v -0.950045 0.104167 0.313023
v -0.923895 0.173611 0.382651
v -0.923895 0.243056 0.382651
v -0.950045 0.173611 0.313023
v -0.950045 0.243056 0.313023
v -0.905293 0.312500 0.421985
v -0.905293 0.381944 0.421985
v -0.853218 0.312500 0.519287
v -0.853218 0.381944 0.519287
v -0.889367 0.312500 0.457469
v -0.889367 0.381944 0.457469
v -0.905293 0.451389 0.421985
v -0.905293 0.520833 0.421985
v -0.853218 0.451389 0.519287
v -0.853218 0.520833 0.519287
v -0.889367 0.451389 0.457469
v -0.889367 0.520833 0.457469
v -0.923895 0.312500 0.382651
v -0.923895 0.381944 0.382651
v -0.950045 0.312500 0.313023
v -0.950045 0.381944 0.313023
v -0.923895 0.451389 0.382651
v -0.923895 0.520833 0.382651
v -0.950045 0.451389 0.313023
v -0.950045 0.520833 0.313023
v -0.974846 0.034722 0.218808
v -0.974846 0.104167 0.218808
v -0.984992 0.034722 0.173948
v -0.984992 0.104167 0.173948
v -0.974846 0.173611 0.218808
v -0.974846 0.243056 0.218808
v -0.984992 0.173611 0.173948
v -0.984992 0.243056 0.173948
v -0.994565 0.034722 0.104335
v -0.994565 0.104167 0.104335
v -1.000002 0.034722 0.034722
v -1.000002 0.104167 0.034722
v -0.994565 0.173611 0.104335
v -0.994565 0.243056 0.104335
v -1.000002 0.173611 0.034722
v -1.000002 0.243056 0.034722
v -0.966149 0.034722 0.253530
v -0.966149 0.104167 0.253530
v -0.966149 0.173611 0.253530
v -0.966149 0.243056 0.253530
v -0.974846 0.312500 0.218808
v -0.974846 0.381944 0.218808
v -0.984992 0.312500 0.173948
v -0.984992 0.381944 0.173948
v -0.974846 0.451389 0.218808
v -0.974846 0.520833 0.218808
v -0.984992 0.451389 0.173948
v -0.984992 0.520833 0.173948
v -0.994565 0.312500 0.104335
v -0.994565 0.381944 0.104335
v -1.000002 0.312500 0.034722
v -1.000002 0.381944 0.034722
v -0.994565 0.451389 0.104335
v -0.994565 0.520833 0.104335
v -1.000002 0.451389 0.034722
v -1.000002 0.520833 0.034722
v -0.966149 0.312500 0.253530
v -0.966149 0.381944 0.253530
v -0.966149 0.451389 0.253530
v -0.966149 0.520833 0.253530
v -0.832406 0.034722 0.554009
v -0.832406 0.104167 0.554009
v -0.832406 0.173611 0.554009
v -0.832406 0.243056 0.554009
v -0.832406 0.312500 0.554009
v -0.832406 0.381944 0.554009
v -0.832406 0.451389 0.554009
v -0.832406 0.520833 0.554009
v -0.905293 0.590278 0.421985
v -0.905293 0.659722 0.421985
v -0.853218 0.590278 0.519287
v -0.853218 0.659722 0.519287
v -0.889367 0.590278 0.457469
v -0.889367 0.659722 0.457469
v -0.905293 0.729167 0.421985
v -0.905293 0.798611 0.421985
v -0.853218 0.729167 0.519287
v -0.853218 0.798611 0.519287
v -0.889367 0.729167 0.457469
v -0.889367 0.798611 0.457469
v -0.923895 0.590278 0.382651
v -0.923895 0.659722 0.382651
v -0.950045 0.590278 0.313023
v -0.950045 0.659722 0.313023
v -0.923895 0.729167 0.382651
v -0.923895 0.798611 0.382651
v -0.950045 0.729167 0.313023
v -0.950045 0.798611 0.313023
v -0.905293 0.868056 0.421985
v -0.905293 0.937500 0.421985
v -0.853218 0.868056 0.519287
v -0.853218 0.937500 0.519287
v -0.889367 0.868056 0.457469
v -0.889367 0.937500 0.457469
v -0.905825 1.000000 0.420860
v -0.856343 1.000000 0.514074
v -0.889386 1.000000 0.457433
v -0.923895 0.868056 0.382651
v -0.923895 0.937500 0.382651
v -0.950045 0.868056 0.313023
v -0.950045 0.937500 0.313023
v -0.922474 1.000000 0.386083
v -0.948126 1.000000 0.319348
v -0.868056 1.000000 0.381944
v -0.868056 1.000000 0.312500
v -0.974846 0.590278 0.218808
v -0.974846 0.659722 0.218808
v -0.984992 0.590278 0.173948
v -0.984992 0.659722 0.173948
v -0.974846 0.729167 0.218808
v -0.974846 0.798611 0.218808
v -0.984992 0.729167 0.173948
v -0.984992 0.798611 0.173948
v -0.994565 0.590278 0.104335
v -0.994565 0.659722 0.104335
v -1.000002 0.590278 0.034722
v -1.000002 0.659722 0.034722
v -0.994565 0.729167 0.104335
v -0.994565 0.798611 0.104335
v -1.000002 0.729167 0.034722
v -1.000002 0.798611 0.034722
v -0.966149 0.590278 0.253530
v -0.966149 0.659722 0.253530
v -0.966149 0.729167 0.253530
v -0.966149 0.798611 0.253530
v -0.974846 0.868056 0.218808
v -0.974846 0.937500 0.218808
v -0.984992 0.868056 0.173948
v -0.984992 0.937500 0.173948
v -0.975617 1.000000 0.215729
v -0.984781 1.000000 0.175008
v -0.994565 0.868056 0.104335
v -0.994565 0.937500 0.104335
v -1.000002 0.868056 0.034722
v -1.000002 0.937500 0.034722
v -0.994465 1.000000 0.105341
v -1.000002 1.000000 0.034722
v -0.966149 0.868056 0.253530
v -0.966149 0.937500 0.253530
v -0.967842 1.000000 0.246770
v -0.937500 1.000000 0.173611
v -0.868056 1.000000 0.243056
v -0.868056 1.000000 0.173611
v -0.937500 1.000000 0.104167
v -0.937500 1.000000 0.034722
v -0.868056 1.000000 0.104167
v -0.868056 1.000000 0.034722
v -0.832406 0.590278 0.554009
v -0.832406 0.659722 0.554009
v -0.832406 0.729167 0.554009
v -0.832406 0.798611 0.554009
v -0.832406 0.868056 0.554009
v -0.832406 0.937500 0.554009
v -0.837051 1.000000 0.546259
v -0.798611 1.000000 0.451389
v -0.729167 1.000000 0.520833
v -0.729167 1.000000 0.451389
v -0.798611 1.000000 0.381944
v -0.798611 1.000000 0.312500
v -0.729167 1.000000 0.381944
v -0.729167 1.000000 0.312500
v -0.659722 1.000000 0.520833
v -0.659722 1.000000 0.451389
v -0.590278 1.000000 0.520833
v -0.590278 1.000000 0.451389
v -0.659722 1.000000 0.381944
v -0.659722 1.000000 0.312500
v -0.590278 1.000000 0.381944
v -0.590278 1.000000 0.312500
v -0.798611 1.000000 0.243056
v -0.798611 1.000000 0.173611
v -0.729167 1.000000 0.243056
v -0.729167 1.000000 0.173611
v -0.798611 1.000000 0.104167
v -0.798611 1.000000 0.034722
v -0.729167 1.000000 0.104167
v -0.729167 1.000000 0.034722
v -0.659722 1.000000 0.243056
v -0.659722 1.000000 0.173611
v -0.590278 1.000000 0.243056
v -0.590278 1.000000 0.173611
v -0.659722 1.000000 0.104167
v -0.659722 1.000000 0.034722
v -0.590278 1.000000 0.104167
v -0.590278 1.000000 0.034722
v -0.519287 0.034722 0.853218
v -0.519287 0.104167 0.853218
v -0.421985 0.034722 0.905293
v -0.421985 0.104167 0.905293
v -0.457469 0.034722 0.889367
v -0.457469 0.104167 0.889367
v -0.519287 0.173611 0.853218
v -0.519287 0.243056 0.853218
v -0.421985 0.173611 0.905293
v -0.421985 0.243056 0.905293
v -0.457469 0.173611 0.889367
v -0.457469 0.243056 0.889367
v -0.382651 0.034722 0.923895
v -0.382651 0.104167 0.923895
v -0.313023 0.034722 0.950045
v -0.313023 0.104167 0.950045
v -0.382651 0.173611 0.923895
v -0.382651 0.243056 0.923895
v -0.313023 0.173611 0.950045
v -0.313023 0.243056 0.950045
v -0.519287 0.312500 0.853218
v -0.519287 0.381944 0.853218
v -0.421985 0.312500 0.905293
v -0.421985 0.381944 0.905293
v -0.457469 0.312500 0.889367
v -0.457469 0.381944 0.889367
v -0.519287 0.451389 0.853218
v -0.519287 0.520833 0.853218
v -0.421985 0.451389 0.905293
v -0.421985 0.520833 0.905293
v -0.457469 0.451389 0.889367
v -0.457469 0.520833 0.889367
v -0.382651 0.312500 0.923895
v -0.382651 0.381944 0.923895
v -0.313023 0.312500 0.950045
v -0.313023 0.381944 0.950045
v -0.382651 0.451389 0.923895
v -0.382651 0.520833 0.923895
v -0.313023 0.451389 0.950045
v -0.313023 0.520833 0.950045
v -0.554009 0.034722 0.832406
v -0.554009 0.104167 0.832406
v -0.554009 0.173611 0.832406
v -0.554009 0.243056 0.832406
v -0.554009 0.312500 0.832406
v -0.554009 0.381944 0.832406
v -0.554009 0.451389 0.832406
v -0.554009 0.520833 0.832406
v -0.218808 0.034722 0.974846
v -0.218808 0.104167 0.974846
v -0.173948 0.034722 0.984992
v -0.173948 0.104167 0.984992
v -0.218808 0.173611 0.974846
v -0.218808 0.243056 0.974846
v -0.173948 0.173611 0.984992
v -0.173948 0.243056 0.984992
v -0.253530 0.034722 0.966149
v -0.253530 0.104167 0.966149
v -0.253530 0.173611 0.966149
v -0.253530 0.243056 0.966149
v -0.104335 0.034722 0.994565
v -0.104335 0.104167 0.994565
v -0.034722 0.034722 1.000002
v -0.034722 0.104167 1.000002
v -0.104335 0.173611 0.994565
v -0.104335 0.243056 0.994565
v -0.034722 0.173611 1.000002
v -0.034722 0.243056 1.000002
v -0.218808 0.312500 0.974846
v -0.218808 0.381944 0.974846
v -0.173948 0.312500 0.984992
v -0.173948 0.381944 0.984992
v -0.218808 0.451389 0.974846
v -0.218808 0.520833 0.974846
v -0.173948 0.451389 0.984992
v -0.173948 0.520833 0.984992
v -0.253530 0.312500 0.966149
v -0.253530 0.381944 0.966149
v -0.253530 0.451389 0.966149
v -0.253530 0.520833 0.966149
v -0.104335 0.312500 0.994565
v -0.104335 0.381944 0.994565
v -0.034722 0.312500 1.000002
v -0.034722 0.381944 1.000002
v -0.104335 0.451389 0.994565
v -0.104335 0.520833 0.994565
v -0.034722 0.451389 1.000002
v -0.034722 0.520833 1.000002
v -0.519287 0.590278 0.853218
v -0.519287 0.659722 0.853218
v -0.421985 0.590278 0.905293
v -0.421985 0.659722 0.905293
v -0.457469 0.590278 0.889367
v -0.457469 0.659722 0.889367
v -0.519287 0.729167 0.853218
v -0.519287 0.798611 0.853218
v -0.421985 0.729167 0.905293
v -0.421985 0.798611 0.905293
v -0.457469 0.729167 0.889367
v -0.457469 0.798611 0.889367
v -0.382651 0.590278 0.923895
v -0.382651 0.659722 0.923895
v -0.313023 0.590278 0.950045
v -0.313023 0.659722 0.950045
v -0.382651 0.729167 0.923895
v -0.382651 0.798611 0.923895
v -0.313023 0.729167 0.950045
v -0.313023 0.798611 0.950045
v -0.519287 0.868056 0.853218
v -0.519287 0.937500 0.853218
v -0.421985 0.868056 0.905293
v -0.421985 0.937500 0.905293
v -0.457469 0.868056 0.889367
v -0.457469 0.937500 0.889367
v -0.514074 1.000000 0.856343
v -0.420860 1.000000 0.905825
v -0.457433 1.000000 0.889386
v -0.382651 0.868056 0.923895
v -0.382651 0.937500 0.923895
v -0.313023 0.868056 0.950045
v -0.313023 0.937500 0.950045
v -0.386083 1.000000 0.922474
v -0.381944 1.000000 0.868056
v -0.319348 1.000000 0.948126
v -0.312500 1.000000 0.868056
v -0.554009 0.590278 0.832406
v -0.554009 0.659722 0.832406
v -0.554009 0.729167 0.832406
v -0.554009 0.798611 0.832406
v -0.554009 0.868056 0.832406
v -0.554009 0.937500 0.832406
v -0.546259 1.000000 0.837051
v -0.520833 1.000000 0.729167
v -0.451389 1.000000 0.798611
v -0.451389 1.000000 0.729167
v -0.520833 1.000000 0.659722
v -0.520833 1.000000 0.590278
v -0.451389 1.000000 0.659722
v -0.451389 1.000000 0.590278
v -0.381944 1.000000 0.798611
v -0.381944 1.000000 0.729167
v -0.312500 1.000000 0.798611
v -0.312500 1.000000 0.729167
v -0.381944 1.000000 0.659722
v -0.381944 1.000000 0.590278
v -0.312500 1.000000 0.659722
v -0.312500 1.000000 0.590278
v -0.218808 0.590278 0.974846
v -0.218808 0.659722 0.974846
v -0.173948 0.590278 0.984992
v -0.173948 0.659722 0.984992
v -0.218808 0.729167 0.974846
v -0.218808 0.798611 0.974846
v -0.173948 0.729167 0.984992
v -0.173948 0.798611 0.984992
v -0.253530 0.590278 0.966149
v -0.253530 0.659722 0.966149
v -0.253530 0.729167 0.966149
v -0.253530 0.798611 0.966149
v -0.104335 0.590278 0.994565
v -0.104335 0.659722 0.994565
v -0.034722 0.590278 1.000002
v -0.034722 0.659722 1.000002
v -0.104335 0.729167 0.994565
v -0.104335 0.798611 0.994565
v -0.034722 0.729167 1.000002
v -0.034722 0.798611 1.000002
v -0.218808 0.868056 0.974846
v -0.218808 0.937500 0.974846
v -0.173948 0.868056 0.984992
v -0.173948 0.937500 0.984992
v -0.215729 1.000000 0.975617
v -0.175008 1.000000 0.984781
v -0.253530 0.868056 0.966149
v -0.253530 0.937500 0.966149
v -0.246770 1.000000 0.967842
v -0.243056 1.000000 0.868056
v -0.173611 1.000000 0.937500
v -0.173611 1.000000 0.868056
v -0.104335 0.868056 0.994565
v -0.104335 0.937500 0.994565
v -0.034722 0.868056 1.000002
v -0.034722 0.937500 1.000002
v -0.105341 1.000000 0.994465
v -0.034722 1.000000 1.000002
v -0.104167 1.000000 0.937500
v -0.104167 1.000000 0.868056
v -0.034722 1.000000 0.937500
v -0.034722 1.000000 0.868056
v -0.243056 1.000000 0.798611
v -0.243056 1.000000 0.729167
v -0.173611 1.000000 0.798611
v -0.173611 1.000000 0.729167
v -0.243056 1.000000 0.659722
v -0.243056 1.000000 0.590278
v -0.173611 1.000000 0.659722
v -0.173611 1.000000 0.590278
v -0.104167 1.000000 0.798611
v -0.104167 1.000000 0.729167
v -0.034722 1.000000 0.798611
v -0.034722 1.000000 0.729167
v -0.104167 1.000000 0.659722
v -0.104167 1.000000 0.590278
v -0.034722 1.000000 0.659722
v -0.034722 1.000000 0.590278
v -0.520833 1.000000 0.520833
v -0.520833 1.000000 0.451389
v -0.451389 1.000000 0.520833
v -0.451389 1.000000 0.451389
v -0.520833 1.000000 0.381944
v -0.520833 1.000000 0.312500
v -0.451389 1.000000 0.381944
v -0.451389 1.000000 0.312500
v -0.381944 1.000000 0.520833
v -0.381944 1.000000 0.451389
v -0.312500 1.000000 0.520833
v -0.312500 1.000000 0.451389
v -0.381944 1.000000 0.381944
v -0.381944 1.000000 0.312500
v -0.312500 1.000000 0.381944
v -0.312500 1.000000 0.312500
v -0.520833 1.000000 0.243056
v -0.520833 1.000000 0.173611
v -0.451389 1.000000 0.243056
v -0.451389 1.000000 0.173611
v -0.520833 1.000000 0.104167
v -0.520833 1.000000 0.034722
v -0.451389 1.000000 0.104167
v -0.451389 1.000000 0.034722
v -0.381944 1.000000 0.243056
v -0.381944 1.000000 0.173611
v -0.312500 1.000000 0.243056
v -0.312500 1.000000 0.173611
v -0.381944 1.000000 0.104167
v -0.381944 1.000000 0.034722
v -0.312500 1.000000 0.104167
v -0.312500 1.000000 0.034722
v -0.243056 1.000000 0.520833
v -0.243056 1.000000 0.451389
v -0.173611 1.000000 0.520833
v -0.173611 1.000000 0.451389
v -0.243056 1.000000 0.381944
v -0.243056 1.000000 0.312500
v -0.173611 1.000000 0.381944
v -0.173611 1.000000 0.312500
v -0.104167 1.000000 0.520833
v -0.104167 1.000000 0.451389
v -0.034722 1.000000 0.520833
v -0.034722 1.000000 0.451389
v -0.104167 1.000000 0.381944
v -0.104167 1.000000 0.312500
v -0.034722 1.000000 0.381944
v -0.034722 1.000000 0.312500
v -0.243056 1.000000 0.243056
v -0.243056 1.000000 0.173611
v -0.173611 1.000000 0.243056
v -0.173611 1.000000 0.173611
v -0.243056 1.000000 0.104167
v -0.243056 1.000000 0.034722
v -0.173611 1.000000 0.104167
v -0.173611 1.000000 0.034722
v -0.104167 1.000000 0.243056
v -0.104167 1.000000 0.173611
v -0.034722 1.000000 0.243056
v -0.034722 1.000000 0.173611
v -0.104167 1.000000 0.104167
v -0.104167 1.000000 0.034722
v -0.034722 1.000000 0.104167
v -0.034722 1.000000 0.034722
v -0.998265 -1.000002 -0.035361
v -0.994465 -1.000002 -0.105341
v -0.998296 -0.937500 -0.034722
v -0.998296 -0.868056 -0.034722
v -0.994564 -0.937500 -0.104335
v -0.994564 -0.868056 -0.104335
v -0.984781 -1.000002 -0.175008
v -0.975617 -1.000002 -0.215728
v -0.984992 -0.937500 -0.173948
v -0.984992 -0.868056 -0.173948
v -0.974846 -0.937500 -0.218807
v -0.974846 -0.868056 -0.218807
v -0.937500 -1.000002 -0.034722
v -0.937500 -1.000002 -0.104167
v -0.868056 -1.000002 -0.034722
v -0.868056 -1.000002 -0.104167
v -0.937500 -1.000002 -0.173611
v -0.967842 -1.000002 -0.246770
v -0.868056 -1.000002 -0.173611
v -0.868056 -1.000002 -0.243056
v -0.966148 -0.937500 -0.253529
v -0.966148 -0.868056 -0.253529
v -0.998296 -0.798611 -0.034722
v -0.998296 -0.729167 -0.034722
v -0.994564 -0.798611 -0.104335
v -0.994564 -0.729167 -0.104335
v -0.998296 -0.659722 -0.034722
v -0.998296 -0.590278 -0.034722
v -0.994564 -0.659722 -0.104335
v -0.994564 -0.590278 -0.104335
v -0.984992 -0.798611 -0.173948
v -0.984992 -0.729167 -0.173948
v -0.974846 -0.798611 -0.218807
v -0.974846 -0.729167 -0.218807
v -0.984992 -0.659722 -0.173948
v -0.984992 -0.590278 -0.173948
v -0.974846 -0.659722 -0.218807
v -0.974846 -0.590278 -0.218807
v -0.966148 -0.798611 -0.253529
v -0.966148 -0.729167 -0.253529
v -0.966148 -0.659722 -0.253529
v -0.966148 -0.590278 -0.253529
v -0.948126 -1.000002 -0.319348
v -0.922473 -1.000002 -0.386083
v -0.868056 -1.000002 -0.312500
v -0.868056 -1.000002 -0.381944
v -0.950045 -0.937500 -0.313022
v -0.950045 -0.868056 -0.313022
v -0.923894 -0.937500 -0.382651
v -0.923894 -0.868056 -0.382651
v -0.905824 -1.000002 -0.420859
v -0.889385 -1.000002 -0.457433
v -0.856342 -1.000002 -0.514073
v -0.905293 -0.937500 -0.421984
v -0.905293 -0.868056 -0.421984
v -0.889366 -0.937500 -0.457468
v -0.889366 -0.868056 -0.457468
v -0.853217 -0.937500 -0.519286
v -0.853217 -0.868056 -0.519286
v -0.950045 -0.798611 -0.313022
v -0.950045 -0.729167 -0.313022
v -0.923894 -0.798611 -0.382651
v -0.923894 -0.729167 -0.382651
v -0.950045 -0.659722 -0.313022
v -0.950045 -0.590278 -0.313022
v -0.923894 -0.659722 -0.382651
v -0.923894 -0.590278 -0.382651
v -0.905293 -0.798611 -0.421984
v -0.905293 -0.729167 -0.421984
v -0.889366 -0.798611 -0.457468
v -0.889366 -0.729167 -0.457468
v -0.853217 -0.798611 -0.519286
v -0.853217 -0.729167 -0.519286
v -0.905293 -0.659722 -0.421984
v -0.905293 -0.590278 -0.421984
v -0.889366 -0.659722 -0.457468
v -0.889366 -0.590278 -0.457468
v -0.853217 -0.659722 -0.519286
v -0.853217 -0.590278 -0.519286
v -0.798611 -1.000002 -0.034722
v -0.798611 -1.000002 -0.104167
v -0.729167 -1.000002 -0.034722
v -0.729167 -1.000002 -0.104167
v -0.798611 -1.000002 -0.173611
v -0.798611 -1.000002 -0.243056
v -0.729167 -1.000002 -0.173611
v -0.729167 -1.000002 -0.243056
v -0.659722 -1.000002 -0.034722
v -0.659722 -1.000002 -0.104167
v -0.590278 -1.000002 -0.034722
v -0.590278 -1.000002 -0.104167
v -0.659722 -1.000002 -0.173611
v -0.659722 -1.000002 -0.243056
v -0.590278 -1.000002 -0.173611
v -0.590278 -1.000002 -0.243056
v -0.798611 -1.000002 -0.312500
v -0.798611 -1.000002 -0.381944
v -0.729167 -1.000002 -0.312500
v -0.729167 -1.000002 -0.381944
v -0.798611 -1.000002 -0.451389
v -0.837051 -1.000002 -0.546258
v -0.729167 -1.000002 -0.451389
v -0.729167 -1.000002 -0.520833
v -0.832406 -0.937500 -0.554008
v -0.832406 -0.868056 -0.554008
v -0.659722 -1.000002 -0.312500
v -0.659722 -1.000002 -0.381944
v -0.590278 -1.000002 -0.312500
v -0.590278 -1.000002 -0.381944
v -0.659722 -1.000002 -0.451389
v -0.659722 -1.000002 -0.520833
v -0.590278 -1.000002 -0.451389
v -0.590278 -1.000002 -0.520833
v -0.832406 -0.798611 -0.554008
v -0.832406 -0.729167 -0.554008
v -0.832406 -0.659722 -0.554008
v -0.832406 -0.590278 -0.554008
v -0.998296 -0.520833 -0.034722
v -0.998296 -0.451389 -0.034722
v -0.994564 -0.520833 -0.104335
v -0.994564 -0.451389 -0.104335
v -0.998296 -0.381944 -0.034722
v -0.998296 -0.312500 -0.034722
v -0.994564 -0.381944 -0.104335
v -0.994564 -0.312500 -0.104335
v -0.984992 -0.520833 -0.173948
v -0.984992 -0.451389 -0.173948
v -0.974846 -0.520833 -0.218807
v -0.974846 -0.451389 -0.218807
v -0.984992 -0.381944 -0.173948
v -0.984992 -0.312500 -0.173948
v -0.974846 -0.381944 -0.218807
v -0.974846 -0.312500 -0.218807
v -0.966148 -0.520833 -0.253529
v -0.966148 -0.451389 -0.253529
v -0.966148 -0.381944 -0.253529
v -0.966148 -0.312500 -0.253529
v -0.998296 -0.243056 -0.034722
v -0.998296 -0.173611 -0.034722
v -0.994564 -0.243056 -0.104335
v -0.994564 -0.173611 -0.104335
v -0.998296 -0.104167 -0.034722
v -0.998296 -0.034722 -0.034722
v -0.994564 -0.104167 -0.104335
v -0.994564 -0.034722 -0.104335
v -0.984992 -0.243056 -0.173948
v -0.984992 -0.173611 -0.173948
v -0.974846 -0.243056 -0.218807
v -0.974846 -0.173611 -0.218807
v -0.984992 -0.104167 -0.173948
v -0.984992 -0.034722 -0.173948
v -0.974846 -0.104167 -0.218807
v -0.974846 -0.034722 -0.218807
v -0.966148 -0.243056 -0.253529
v -0.966148 -0.173611 -0.253529
v -0.966148 -0.104167 -0.253529
v -0.966148 -0.034722 -0.253529
v -0.950045 -0.520833 -0.313022
v -0.950045 -0.451389 -0.313022
v -0.923894 -0.520833 -0.382651
v -0.923894 -0.451389 -0.382651
v -0.950045 -0.381944 -0.313022
v -0.950045 -0.312500 -0.313022
v -0.923894 -0.381944 -0.382651
v -0.923894 -0.312500 -0.382651
v -0.905293 -0.520833 -0.421984
v -0.905293 -0.451389 -0.421984
v -0.889366 -0.520833 -0.457468
v -0.889366 -0.451389 -0.457468
v -0.853217 -0.520833 -0.519286
v -0.853217 -0.451389 -0.519286
v -0.905293 -0.381944 -0.421984
v -0.905293 -0.312500 -0.421984
v -0.889366 -0.381944 -0.457468
v -0.889366 -0.312500 -0.457468
v -0.853217 -0.381944 -0.519286
v -0.853217 -0.312500 -0.519286
v -0.950045 -0.243056 -0.313022
v -0.950045 -0.173611 -0.313022
v -0.923894 -0.243056 -0.382651
v -0.923894 -0.173611 -0.382651
v -0.950045 -0.104167 -0.313022
v -0.950045 -0.034722 -0.313022
v -0.923894 -0.104167 -0.382651
v -0.923894 -0.034722 -0.382651
v -0.905293 -0.243056 -0.421984
v -0.905293 -0.173611 -0.421984
v -0.889366 -0.243056 -0.457468
v -0.889366 -0.173611 -0.457468
v -0.853217 -0.243056 -0.519286
v -0.853217 -0.173611 -0.519286
v -0.905293 -0.104167 -0.421984
v -0.905293 -0.034722 -0.421984
v -0.889366 -0.104167 -0.457468
v -0.889366 -0.034722 -0.457468
v -0.853217 -0.104167 -0.519286
v -0.853217 -0.034722 -0.519286
v -0.832406 -0.520833 -0.554008
v -0.832406 -0.451389 -0.554008
v -0.832406 -0.381944 -0.554008
v -0.832406 -0.312500 -0.554008
v -0.832406 -0.243056 -0.554008
v -0.832406 -0.173611 -0.554008
v -0.832406 -0.104167 -0.554008
v -0.832406 -0.034722 -0.554008
v -0.801035 -1.000002 -0.601120
v -0.772924 -1.000002 -0.634500
v -0.729167 -1.000002 -0.590278
v -0.741198 -1.000002 -0.669493
v -0.807492 -0.937500 -0.591456
v -0.807492 -0.868056 -0.591456
v -0.772413 -0.937500 -0.635123
v -0.772413 -0.868056 -0.635123
v -0.741236 -0.937500 -0.669451
v -0.741236 -0.868056 -0.669451
v -0.707106 -1.000002 -0.707106
v -0.707106 -0.937500 -0.707106
v -0.707106 -0.868056 -0.707106
v -0.659722 -1.000002 -0.590278
v -0.659722 -1.000002 -0.659722
v -0.590278 -1.000002 -0.590278
v -0.590278 -1.000002 -0.659722
v -0.669493 -1.000002 -0.741198
v -0.634500 -1.000002 -0.772924
v -0.590278 -1.000002 -0.729167
v -0.601119 -1.000002 -0.801034
v -0.669452 -0.937500 -0.741236
v -0.669452 -0.868056 -0.741236
v -0.635123 -0.937500 -0.772413
v -0.635123 -0.868056 -0.772413
v -0.591456 -0.937500 -0.807491
v -0.591456 -0.868056 -0.807491
v -0.807492 -0.798611 -0.591456
v -0.807492 -0.729167 -0.591456
v -0.772413 -0.798611 -0.635123
v -0.772413 -0.729167 -0.635123
v -0.741236 -0.798611 -0.669451
v -0.741236 -0.729167 -0.669451
v -0.807492 -0.659722 -0.591456
v -0.807492 -0.590278 -0.591456
v -0.772413 -0.659722 -0.635123
v -0.772413 -0.590278 -0.635123
v -0.741236 -0.659722 -0.669451
v -0.741236 -0.590278 -0.669451
v -0.707106 -0.798611 -0.707106
v -0.707106 -0.729167 -0.707106
v -0.707106 -0.659722 -0.707106
v -0.707106 -0.590278 -0.707106
v -0.669452 -0.798611 -0.741236
v -0.669452 -0.729167 -0.741236
v -0.635123 -0.798611 -0.772413
v -0.635123 -0.729167 -0.772413
v -0.591456 -0.798611 -0.807491
v -0.591456 -0.729167 -0.807491
v -0.669452 -0.659722 -0.741236
v -0.669452 -0.590278 -0.741236
v -0.635123 -0.659722 -0.772413
v -0.635123 -0.590278 -0.772413
v -0.591456 -0.659722 -0.807491
v -0.591456 -0.590278 -0.807491
v -0.807492 -0.520833 -0.591456
v -0.807492 -0.451389 -0.591456
v -0.772413 -0.520833 -0.635123
v -0.772413 -0.451389 -0.635123
v -0.741236 -0.520833 -0.669451
v -0.741236 -0.451389 -0.669451
v -0.807492 -0.381944 -0.591456
v -0.807492 -0.312500 -0.591456
v -0.772413 -0.381944 -0.635123
v -0.772413 -0.312500 -0.635123
v -0.741236 -0.381944 -0.669451
v -0.741236 -0.312500 -0.669451
v -0.707106 -0.520833 -0.707106
v -0.707106 -0.451389 -0.707106
v -0.707106 -0.381944 -0.707106
v -0.707106 -0.312500 -0.707106
v -0.669452 -0.520833 -0.741236
v -0.669452 -0.451389 -0.741236
v -0.635123 -0.520833 -0.772413
v -0.635123 -0.451389 -0.772413
v -0.591456 -0.520833 -0.807491
v -0.591456 -0.451389 -0.807491
v -0.669452 -0.381944 -0.741236
v -0.669452 -0.312500 -0.741236
v -0.635123 -0.381944 -0.772413
v -0.635123 -0.312500 -0.772413
v -0.591456 -0.381944 -0.807491
v -0.591456 -0.312500 -0.807491
v -0.807492 -0.243056 -0.591456
v -0.807492 -0.173611 -0.591456
v -0.772413 -0.243056 -0.635123
v -0.772413 -0.173611 -0.635123
v -0.741236 -0.243056 -0.669451
v -0.741236 -0.173611 -0.669451
v -0.807492 -0.104167 -0.591456
v -0.807492 -0.034722 -0.591456
v -0.772413 -0.104167 -0.635123
v -0.772413 -0.034722 -0.635123
v -0.741236 -0.104167 -0.669451
v -0.741236 -0.034722 -0.669451
v -0.707106 -0.243056 -0.707106
v -0.707106 -0.173611 -0.707106
v -0.707106 -0.104167 -0.707106
v -0.707106 -0.034722 -0.707106
v -0.669452 -0.243056 -0.741236
v -0.669452 -0.173611 -0.741236
v -0.635123 -0.243056 -0.772413
v -0.635123 -0.173611 -0.772413
v -0.591456 -0.243056 -0.807491
v -0.591456 -0.173611 -0.807491
v -0.669452 -0.104167 -0.741236
v -0.669452 -0.034722 -0.741236
v -0.635123 -0.104167 -0.772413
v -0.635123 -0.034722 -0.772413
v -0.591456 -0.104167 -0.807491
v -0.591456 -0.034722 -0.807491
v -0.520833 -1.000002 -0.034722
v -0.520833 -1.000002 -0.104167
v -0.451389 -1.000002 -0.034722
v -0.451389 -1.000002 -0.104167
v -0.520833 -1.000002 -0.173611
v -0.520833 -1.000002 -0.243056
v -0.451389 -1.000002 -0.173611
v -0.451389 -1.000002 -0.243056
v -0.381944 -1.000002 -0.034722
v -0.381944 -1.000002 -0.104167
v -0.312500 -1.000002 -0.034722
v -0.312500 -1.000002 -0.104167
v -0.381944 -1.000002 -0.173611
v -0.381944 -1.000002 -0.243056
v -0.312500 -1.000002 -0.173611
v -0.312500 -1.000002 -0.243056
v -0.520833 -1.000002 -0.312500
v -0.520833 -1.000002 -0.381944
v -0.451389 -1.000002 -0.312500
v -0.451389 -1.000002 -0.381944
v -0.520833 -1.000002 -0.451389
v -0.520833 -1.000002 -0.520833
v -0.451389 -1.000002 -0.451389
v -0.451389 -1.000002 -0.520833
v -0.381944 -1.000002 -0.312500
v -0.381944 -1.000002 -0.381944
v -0.312500 -1.000002 -0.312500
v -0.312500 -1.000002 -0.381944
v -0.381944 -1.000002 -0.451389
v -0.381944 -1.000002 -0.520833
v -0.312500 -1.000002 -0.451389
v -0.312500 -1.000002 -0.520833
v -0.243056 -1.000002 -0.034722
v -0.243056 -1.000002 -0.104167
v -0.173611 -1.000002 -0.034722
v -0.173611 -1.000002 -0.104167
v -0.243056 -1.000002 -0.173611
v -0.243056 -1.000002 -0.243056
v -0.173611 -1.000002 -0.173611
v -0.173611 -1.000002 -0.243056
v -0.104167 -1.000002 -0.034722
v -0.104167 -1.000002 -0.104167
v -0.034722 -1.000002 -0.034722
v -0.034722 -1.000002 -0.104167
v -0.104167 -1.000002 -0.173611
v -0.104167 -1.000002 -0.243056
v -0.034722 -1.000002 -0.173611
v -0.034722 -1.000002 -0.243056
v -0.243056 -1.000002 -0.312500
v -0.243056 -1.000002 -0.381944
v -0.173611 -1.000002 -0.312500
v -0.173611 -1.000002 -0.381944
v -0.243056 -1.000002 -0.451389
v -0.243056 -1.000002 -0.520833
v -0.173611 -1.000002 -0.451389
v -0.173611 -1.000002 -0.520833
v -0.104167 -1.000002 -0.312500
v -0.104167 -1.000002 -0.381944
v -0.034722 -1.000002 -0.312500
v -0.034722 -1.000002 -0.381944
v -0.104167 -1.000002 -0.451389
v -0.104167 -1.000002 -0.520833
v -0.034722 -1.000002 -0.451389
v -0.034722 -1.000002 -0.520833
v -0.520833 -1.000002 -0.590278
v -0.520833 -1.000002 -0.659722
v -0.451389 -1.000002 -0.590278
v -0.451389 -1.000002 -0.659722
v -0.520833 -1.000002 -0.729167
v -0.546258 -1.000002 -0.837050
v -0.451389 -1.000002 -0.729167
v -0.451389 -1.000002 -0.798611
v -0.554007 -0.937500 -0.832405
v -0.554007 -0.868056 -0.832405
v -0.381944 -1.000002 -0.590278
v -0.381944 -1.000002 -0.659722
v -0.312500 -1.000002 -0.590278
v -0.312500 -1.000002 -0.659722
v -0.381944 -1.000002 -0.729167
v -0.381944 -1.000002 -0.798611
v -0.312500 -1.000002 -0.729167
v -0.312500 -1.000002 -0.798611
v -0.554007 -0.798611 -0.832405
v -0.554007 -0.729167 -0.832405
v -0.554007 -0.659722 -0.832405
v -0.554007 -0.590278 -0.832405
v -0.514072 -1.000002 -0.856341
v -0.457432 -1.000002 -0.889385
v -0.420858 -1.000002 -0.905824
v -0.519285 -0.937500 -0.853217
v -0.519285 -0.868056 -0.853217
v -0.457467 -0.937500 -0.889366
v -0.457467 -0.868056 -0.889366
v -0.421982 -0.937500 -0.905292
v -0.421982 -0.868056 -0.905292
v -0.381944 -1.000002 -0.868056
v -0.386082 -1.000002 -0.922472
v -0.312500 -1.000002 -0.868056
v -0.319348 -1.000002 -0.948124
v -0.382651 -0.937500 -0.923893
v -0.382651 -0.868056 -0.923893
v -0.313023 -0.937500 -0.950043
v -0.313023 -0.868056 -0.950043
v -0.519285 -0.798611 -0.853217
v -0.519285 -0.729167 -0.853217
v -0.457467 -0.798611 -0.889366
v -0.457467 -0.729167 -0.889366
v -0.421982 -0.798611 -0.905292
v -0.421982 -0.729167 -0.905292
v -0.519285 -0.659722 -0.853217
v -0.519285 -0.590278 -0.853217
v -0.457467 -0.659722 -0.889366
v -0.457467 -0.590278 -0.889366
v -0.421982 -0.659722 -0.905292
v -0.421982 -0.590278 -0.905292
v -0.382651 -0.798611 -0.923893
v -0.382651 -0.729167 -0.923893
v -0.313023 -0.798611 -0.950043
v -0.313023 -0.729167 -0.950043
v -0.382651 -0.659722 -0.923893
v -0.382651 -0.590278 -0.923893
v -0.313023 -0.659722 -0.950043
v -0.313023 -0.590278 -0.950043
v -0.243056 -1.000002 -0.590278
v -0.243056 -1.000002 -0.659722
v -0.173611 -1.000002 -0.590278
v -0.173611 -1.000002 -0.659722
v -0.243056 -1.000002 -0.729167
v -0.243056 -1.000002 -0.798611
v -0.173611 -1.000002 -0.729167
v -0.173611 -1.000002 -0.798611
v -0.104167 -1.000002 -0.590278
v -0.104167 -1.000002 -0.659722
v -0.034722 -1.000002 -0.590278
v -0.034722 -1.000002 -0.659722
v -0.104167 -1.000002 -0.729167
v -0.104167 -1.000002 -0.798611
v -0.034722 -1.000002 -0.729167
v -0.034722 -1.000002 -0.798611
v -0.243056 -1.000002 -0.868056
v -0.246768 -1.000002 -0.967840
v -0.173611 -1.000002 -0.868056
v -0.173611 -1.000002 -0.937500
v -0.253526 -0.937500 -0.966148
v -0.253526 -0.868056 -0.966148
v -0.215726 -1.000002 -0.975616
v -0.175008 -1.000002 -0.984779
v -0.218804 -0.937500 -0.974845
v -0.218804 -0.868056 -0.974845
v -0.173948 -0.937500 -0.984990
v -0.173948 -0.868056 -0.984990
v -0.104167 -1.000002 -0.868056
v -0.104167 -1.000002 -0.937500
v -0.034722 -1.000002 -0.868056
v -0.034722 -1.000002 -0.937500
v -0.105341 -1.000002 -0.994463
v -0.034722 -1.000002 -1.000000
v -0.104335 -0.937500 -0.994563
v -0.104335 -0.868056 -0.994563
v -0.034722 -0.937500 -1.000000
v -0.034722 -0.868056 -1.000000
v -0.253526 -0.798611 -0.966148
v -0.253526 -0.729167 -0.966148
v -0.253526 -0.659722 -0.966148
v -0.253526 -0.590278 -0.966148
v -0.218804 -0.798611 -0.974845
v -0.218804 -0.729167 -0.974845
v -0.173948 -0.798611 -0.984990
v -0.173948 -0.729167 -0.984990
v -0.218804 -0.659722 -0.974845
v -0.218804 -0.590278 -0.974845
v -0.173948 -0.659722 -0.984990
v -0.173948 -0.590278 -0.984990
v -0.104335 -0.798611 -0.994563
v -0.104335 -0.729167 -0.994563
v -0.034722 -0.798611 -1.000000
v -0.034722 -0.729167 -1.000000
v -0.104335 -0.659722 -0.994563
v -0.104335 -0.590278 -0.994563
v -0.034722 -0.659722 -1.000000
v -0.034722 -0.590278 -1.000000
v -0.554007 -0.520833 -0.832405
v -0.554007 -0.451389 -0.832405
v -0.554007 -0.381944 -0.832405
v -0.554007 -0.312500 -0.832405
v -0.554007 -0.243056 -0.832405
v -0.554007 -0.173611 -0.832405
v -0.554007 -0.104167 -0.832405
v -0.554007 -0.034722 -0.832405
v -0.519285 -0.520833 -0.853217
v -0.519285 -0.451389 -0.853217
v -0.457467 -0.520833 -0.889366
v -0.457467 -0.451389 -0.889366
v -0.421982 -0.520833 -0.905292
v -0.421982 -0.451389 -0.905292
v -0.519285 -0.381944 -0.853217
v -0.519285 -0.312500 -0.853217
v -0.457467 -0.381944 -0.889366
v -0.457467 -0.312500 -0.889366
v -0.421982 -0.381944 -0.905292
v -0.421982 -0.312500 -0.905292
v -0.382651 -0.520833 -0.923893
v -0.382651 -0.451389 -0.923893
v -0.313023 -0.520833 -0.950043
v -0.313023 -0.451389 -0.950043
v -0.382651 -0.381944 -0.923893
v -0.382651 -0.312500 -0.923893
v -0.313023 -0.381944 -0.950043
v -0.313023 -0.312500 -0.950043
v -0.519285 -0.243056 -0.853217
v -0.519285 -0.173611 -0.853217
v -0.457467 -0.243056 -0.889366
v -0.457467 -0.173611 -0.889366
v -0.421982 -0.243056 -0.905292
v -0.421982 -0.173611 -0.905292
v -0.519285 -0.104167 -0.853217
v -0.519285 -0.034722 -0.853217
v -0.457467 -0.104167 -0.889366
v -0.457467 -0.034722 -0.889366
v -0.421982 -0.104167 -0.905292
v -0.421982 -0.034722 -0.905292
v -0.382651 -0.243056 -0.923893
v -0.382651 -0.173611 -0.923893
v -0.313023 -0.243056 -0.950043
v -0.313023 -0.173611 -0.950043
v -0.382651 -0.104167 -0.923893
v -0.382651 -0.034722 -0.923893
v -0.313023 -0.104167 -0.950043
v -0.313023 -0.034722 -0.950043
v -0.253526 -0.520833 -0.966148
v -0.253526 -0.451389 -0.966148
v -0.253526 -0.381944 -0.966148
v -0.253526 -0.312500 -0.966148
v -0.218804 -0.520833 -0.974845
v -0.218804 -0.451389 -0.974845
v -0.173948 -0.520833 -0.984990
v -0.173948 -0.451389 -0.984990
v -0.218804 -0.381944 -0.974845
v -0.218804 -0.312500 -0.974845
v -0.173948 -0.381944 -0.984990
v -0.173948 -0.312500 -0.984990
v -0.104335 -0.520833 -0.994563
v -0.104335 -0.451389 -0.994563
v -0.034722 -0.520833 -1.000000
v -0.034722 -0.451389 -1.000000
v -0.104335 -0.381944 -0.994563
v -0.104335 -0.312500 -0.994563
v -0.034722 -0.381944 -1.000000
v -0.034722 -0.312500 -1.000000
v -0.253526 -0.243056 -0.966148
v -0.253526 -0.173611 -0.966148
v -0.253526 -0.104167 -0.966148
v -0.253526 -0.034722 -0.966148
v -0.218804 -0.243056 -0.974845
v -0.218804 -0.173611 -0.974845
v -0.173948 -0.243056 -0.984990
v -0.173948 -0.173611 -0.984990
v -0.218804 -0.104167 -0.974845
v -0.218804 -0.034722 -0.974845
v -0.173948 -0.104167 -0.984990
v -0.173948 -0.034722 -0.984990
v -0.104335 -0.243056 -0.994563
v -0.104335 -0.173611 -0.994563
v -0.034722 -0.243056 -1.000000
v -0.034722 -0.173611 -1.000000
v -0.104335 -0.104167 -0.994563
v -0.104335 -0.034722 -0.994563
v -0.034722 -0.104167 -1.000000
v -0.034722 -0.034722 -1.000000
v -0.998296 0.034722 -0.034722
v -0.998296 0.104167 -0.034722
v -0.994564 0.034722 -0.104335
v -0.994564 0.104167 -0.104335
v -0.998296 0.173611 -0.034722
v -0.998296 0.243056 -0.034722
v -0.994564 0.173611 -0.104335
v -0.994564 0.243056 -0.104335
v -0.984992 0.034722 -0.173948
v -0.984992 0.104167 -0.173948
v -0.974846 0.034722 -0.218807
v -0.974846 0.104167 -0.218807
v -0.984992 0.173611 -0.173948
v -0.984992 0.243056 -0.173948
v -0.974846 0.173611 -0.218807
v -0.974846 0.243056 -0.218807
v -0.966148 0.034722 -0.253529
v -0.966148 0.104167 -0.253529
v -0.966148 0.173611 -0.253529
v -0.966148 0.243056 -0.253529
v -0.998296 0.312500 -0.034722
v -0.998296 0.381944 -0.034722
v -0.994564 0.312500 -0.104335
v -0.994564 0.381944 -0.104335
v -0.998296 0.451389 -0.034722
v -0.998296 0.520833 -0.034722
v -0.994564 0.451389 -0.104335
v -0.994564 0.520833 -0.104335
v -0.984992 0.312500 -0.173948
v -0.984992 0.381944 -0.173948
v -0.974846 0.312500 -0.218807
v -0.974846 0.381944 -0.218807
v -0.984992 0.451389 -0.173948
v -0.984992 0.520833 -0.173948
v -0.974846 0.451389 -0.218807
v -0.974846 0.520833 -0.218807
v -0.966148 0.312500 -0.253529
v -0.966148 0.381944 -0.253529
v -0.966148 0.451389 -0.253529
v -0.966148 0.520833 -0.253529
v -0.950045 0.034722 -0.313022
v -0.950045 0.104167 -0.313022
v -0.923894 0.034722 -0.382651
v -0.923894 0.104167 -0.382651
v -0.950045 0.173611 -0.313022
v -0.950045 0.243056 -0.313022
v -0.923894 0.173611 -0.382651
v -0.923894 0.243056 -0.382651
v -0.905293 0.034722 -0.421984
v -0.905293 0.104167 -0.421984
v -0.889366 0.034722 -0.457468
v -0.889366 0.104167 -0.457468
v -0.853217 0.034722 -0.519286
v -0.853217 0.104167 -0.519286
v -0.905293 0.173611 -0.421984
v -0.905293 0.243056 -0.421984
v -0.889366 0.173611 -0.457468
v -0.889366 0.243056 -0.457468
v -0.853217 0.173611 -0.519286
v -0.853217 0.243056 -0.519286
v -0.950045 0.312500 -0.313022
v -0.950045 0.381944 -0.313022
v -0.923894 0.312500 -0.382651
v -0.923894 0.381944 -0.382651
v -0.950045 0.451389 -0.313022
v -0.950045 0.520833 -0.313022
v -0.923894 0.451389 -0.382651
v -0.923894 0.520833 -0.382651
v -0.905293 0.312500 -0.421984
v -0.905293 0.381944 -0.421984
v -0.889366 0.312500 -0.457468
v -0.889366 0.381944 -0.457468
v -0.853217 0.312500 -0.519286
v -0.853217 0.381944 -0.519286
v -0.905293 0.451389 -0.421984
v -0.905293 0.520833 -0.421984
v -0.889366 0.451389 -0.457468
v -0.889366 0.520833 -0.457468
v -0.853217 0.451389 -0.519286
v -0.853217 0.520833 -0.519286
v -0.832406 0.034722 -0.554008
v -0.832406 0.104167 -0.554008
v -0.832406 0.173611 -0.554008
v -0.832406 0.243056 -0.554008
v -0.832406 0.312500 -0.554008
v -0.832406 0.381944 -0.554008
v -0.832406 0.451389 -0.554008
v -0.832406 0.520833 -0.554008
v -0.998296 0.590278 -0.034722
v -0.998296 0.659722 -0.034722
v -0.994564 0.590278 -0.104335
v -0.994564 0.659722 -0.104335
v -0.998296 0.729167 -0.034722
v -0.998296 0.798611 -0.034722
v -0.994564 0.729167 -0.104335
v -0.994564 0.798611 -0.104335
v -0.984992 0.590278 -0.173948
v -0.984992 0.659722 -0.173948
v -0.974846 0.590278 -0.218807
v -0.974846 0.659722 -0.218807
v -0.984992 0.729167 -0.173948
v -0.984992 0.798611 -0.173948
v -0.974846 0.729167 -0.218807
v -0.974846 0.798611 -0.218807
v -0.966148 0.590278 -0.253529
v -0.966148 0.659722 -0.253529
v -0.966148 0.729167 -0.253529
v -0.966148 0.798611 -0.253529
v -0.998296 0.868056 -0.034722
v -0.998296 0.937500 -0.034722
v -0.994564 0.868056 -0.104335
v -0.994564 0.937500 -0.104335
v -0.998265 1.000000 -0.035361
v -0.994465 1.000000 -0.105341
v -0.984992 0.868056 -0.173948
v -0.984992 0.937500 -0.173948
v -0.974846 0.868056 -0.218807
v -0.974846 0.937500 -0.218807
v -0.984781 1.000000 -0.175008
v -0.975617 1.000000 -0.215728
v -0.937500 1.000000 -0.034722
v -0.937500 1.000000 -0.104167
v -0.868056 1.000000 -0.034722
v -0.868056 1.000000 -0.104167
v -0.966148 0.868056 -0.253529
v -0.966148 0.937500 -0.253529
v -0.937500 1.000000 -0.173611
v -0.967842 1.000000 -0.246770
v -0.868056 1.000000 -0.173611
v -0.868056 1.000000 -0.243056
v -0.950045 0.590278 -0.313022
v -0.950045 0.659722 -0.313022
v -0.923894 0.590278 -0.382651
v -0.923894 0.659722 -0.382651
v -0.950045 0.729167 -0.313022
v -0.950045 0.798611 -0.313022
v -0.923894 0.729167 -0.382651
v -0.923894 0.798611 -0.382651
v -0.905293 0.590278 -0.421984
v -0.905293 0.659722 -0.421984
v -0.889366 0.590278 -0.457468
v -0.889366 0.659722 -0.457468
v -0.853217 0.590278 -0.519286
v -0.853217 0.659722 -0.519286
v -0.905293 0.729167 -0.421984
v -0.905293 0.798611 -0.421984
v -0.889366 0.729167 -0.457468
v -0.889366 0.798611 -0.457468
v -0.853217 0.729167 -0.519286
v -0.853217 0.798611 -0.519286
v -0.950045 0.868056 -0.313022
v -0.950045 0.937500 -0.313022
v -0.923894 0.868056 -0.382651
v -0.923894 0.937500 -0.382651
v -0.948126 1.000000 -0.319348
v -0.922473 1.000000 -0.386083
v -0.868056 1.000000 -0.312500
v -0.868056 1.000000 -0.381944
v -0.905293 0.868056 -0.421984
v -0.905293 0.937500 -0.421984
v -0.889366 0.868056 -0.457468
v -0.889366 0.937500 -0.457468
v -0.853217 0.868056 -0.519286
v -0.853217 0.937500 -0.519286
v -0.905824 1.000000 -0.420859
v -0.889385 1.000000 -0.457433
v -0.856342 1.000000 -0.514073
v -0.798611 1.000000 -0.034722
v -0.798611 1.000000 -0.104167
v -0.729167 1.000000 -0.034722
v -0.729167 1.000000 -0.104167
v -0.798611 1.000000 -0.173611
v -0.798611 1.000000 -0.243056
v -0.729167 1.000000 -0.173611
v -0.729167 1.000000 -0.243056
v -0.659722 1.000000 -0.034722
v -0.659722 1.000000 -0.104167
v -0.590278 1.000000 -0.034722
v -0.590278 1.000000 -0.104167
v -0.659722 1.000000 -0.173611
v -0.659722 1.000000 -0.243056
v -0.590278 1.000000 -0.173611
v -0.590278 1.000000 -0.243056
v -0.832406 0.590278 -0.554008
v -0.832406 0.659722 -0.554008
v -0.832406 0.729167 -0.554008
v -0.832406 0.798611 -0.554008
v -0.798611 1.000000 -0.312500
v -0.798611 1.000000 -0.381944
v -0.729167 1.000000 -0.312500
v -0.729167 1.000000 -0.381944
v -0.832406 0.868056 -0.554008
v -0.832406 0.937500 -0.554008
v -0.798611 1.000000 -0.451389
v -0.837051 1.000000 -0.546258
v -0.729167 1.000000 -0.451389
v -0.729167 1.000000 -0.520833
v -0.659722 1.000000 -0.312500
v -0.659722 1.000000 -0.381944
v -0.590278 1.000000 -0.312500
v -0.590278 1.000000 -0.381944
v -0.659722 1.000000 -0.451389
v -0.659722 1.000000 -0.520833
v -0.590278 1.000000 -0.451389
v -0.590278 1.000000 -0.520833
v -0.807492 0.034722 -0.591456
v -0.807492 0.104167 -0.591456
v -0.772413 0.034722 -0.635123
v -0.772413 0.104167 -0.635123
v -0.741236 0.034722 -0.669451
v -0.741236 0.104167 -0.669451
v -0.807492 0.173611 -0.591456
v -0.807492 0.243056 -0.591456
v -0.772413 0.173611 -0.635123
v -0.772413 0.243056 -0.635123
v -0.741236 0.173611 -0.669451
v -0.741236 0.243056 -0.669451
v -0.707106 0.034722 -0.707106
v -0.707106 0.104167 -0.707106
v -0.707106 0.173611 -0.707106
v -0.707106 0.243056 -0.707106
v -0.669452 0.034722 -0.741236
v -0.669452 0.104167 -0.741236
v -0.635123 0.034722 -0.772413
v -0.635123 0.104167 -0.772413
v -0.591456 0.034722 -0.807491
v -0.591456 0.104167 -0.807491
v -0.669452 0.173611 -0.741236
v -0.669452 0.243056 -0.741236
v -0.635123 0.173611 -0.772413
v -0.635123 0.243056 -0.772413
v -0.591456 0.173611 -0.807491
v -0.591456 0.243056 -0.807491
v -0.807492 0.312500 -0.591456
v -0.807492 0.381944 -0.591456
v -0.772413 0.312500 -0.635123
v -0.772413 0.381944 -0.635123
v -0.741236 0.312500 -0.669451
v -0.741236 0.381944 -0.669451
v -0.807492 0.451389 -0.591456
v -0.807492 0.520833 -0.591456
v -0.772413 0.451389 -0.635123
v -0.772413 0.520833 -0.635123
v -0.741236 0.451389 -0.669451
v -0.741236 0.520833 -0.669451
v -0.707106 0.312500 -0.707106
v -0.707106 0.381944 -0.707106
v -0.707106 0.451389 -0.707106
v -0.707106 0.520833 -0.707106
v -0.669452 0.312500 -0.741236
v -0.669452 0.381944 -0.741236
v -0.635123 0.312500 -0.772413
v -0.635123 0.381944 -0.772413
v -0.591456 0.312500 -0.807491
v -0.591456 0.381944 -0.807491
v -0.669452 0.451389 -0.741236
v -0.669452 0.520833 -0.741236
v -0.635123 0.451389 -0.772413
v -0.635123 0.520833 -0.772413
v -0.591456 0.451389 -0.807491
v -0.591456 0.520833 -0.807491
v -0.807492 0.590278 -0.591456
v -0.807492 0.659722 -0.591456
v -0.772413 0.590278 -0.635123
v -0.772413 0.659722 -0.635123
v -0.741236 0.590278 -0.669451
v -0.741236 0.659722 -0.669451
v -0.807492 0.729167 -0.591456
v -0.807492 0.798611 -0.591456
v -0.772413 0.729167 -0.635123
v -0.772413 0.798611 -0.635123
v -0.741236 0.729167 -0.669451
v -0.741236 0.798611 -0.669451
v -0.707106 0.590278 -0.707106
v -0.707106 0.659722 -0.707106
v -0.707106 0.729167 -0.707106
v -0.707106 0.798611 -0.707106
v -0.669452 0.590278 -0.741236
v -0.669452 0.659722 -0.741236
v -0.635123 0.590278 -0.772413
v -0.635123 0.659722 -0.772413
v -0.591456 0.590278 -0.807491
v -0.591456 0.659722 -0.807491
v -0.669452 0.729167 -0.741236
v -0.669452 0.798611 -0.741236
v -0.635123 0.729167 -0.772413
v -0.635123 0.798611 -0.772413
v -0.591456 0.729167 -0.807491
v -0.591456 0.798611 -0.807491
v -0.807492 0.868056 -0.591456
v -0.807492 0.937500 -0.591456
v -0.772413 0.868056 -0.635123
v -0.772413 0.937500 -0.635123
v -0.741236 0.868056 -0.669451
v -0.741236 0.937500 -0.669451
v -0.801035 1.000000 -0.601120
v -0.772924 1.000000 -0.634500
v -0.729167 1.000000 -0.590278
v -0.741198 1.000000 -0.669493
v -0.707106 0.868056 -0.707106
v -0.707106 0.937500 -0.707106
v -0.707106 1.000000 -0.707106
v -0.659722 1.000000 -0.590278
v -0.659722 1.000000 -0.659722
v -0.590278 1.000000 -0.590278
v -0.590278 1.000000 -0.659722
v -0.669452 0.868056 -0.741236
v -0.669452 0.937500 -0.741236
v -0.635123 0.868056 -0.772413
v -0.635123 0.937500 -0.772413
v -0.591456 0.868056 -0.807491
v -0.591456 0.937500 -0.807491
v -0.669493 1.000000 -0.741198
v -0.634500 1.000000 -0.772924
v -0.590278 1.000000 -0.729167
v -0.601119 1.000000 -0.801034
v -0.520833 1.000000 -0.034722
v -0.520833 1.000000 -0.104167
v -0.451389 1.000000 -0.034722
v -0.451389 1.000000 -0.104167
v -0.520833 1.000000 -0.173611
v -0.520833 1.000000 -0.243056
v -0.451389 1.000000 -0.173611
v -0.451389 1.000000 -0.243056
v -0.381944 1.000000 -0.034722
v -0.381944 1.000000 -0.104167
v -0.312500 1.000000 -0.034722
v -0.312500 1.000000 -0.104167
v -0.381944 1.000000 -0.173611
v -0.381944 1.000000 -0.243056
v -0.312500 1.000000 -0.173611
v -0.312500 1.000000 -0.243056
v -0.520833 1.000000 -0.312500
v -0.520833 1.000000 -0.381944
v -0.451389 1.000000 -0.312500
v -0.451389 1.000000 -0.381944
v -0.520833 1.000000 -0.451389
v -0.520833 1.000000 -0.520833
v -0.451389 1.000000 -0.451389
v -0.451389 1.000000 -0.520833
v -0.381944 1.000000 -0.312500
v -0.381944 1.000000 -0.381944
v -0.312500 1.000000 -0.312500
v -0.312500 1.000000 -0.381944
v -0.381944 1.000000 -0.451389
v -0.381944 1.000000 -0.520833
v -0.312500 1.000000 -0.451389
v -0.312500 1.000000 -0.520833
v -0.243056 1.000000 -0.034722
v -0.243056 1.000000 -0.104167
v -0.173611 1.000000 -0.034722
v -0.173611 1.000000 -0.104167
v -0.243056 1.000000 -0.173611
v -0.243056 1.000000 -0.243056
v -0.173611 1.000000 -0.173611
v -0.173611 1.000000 -0.243056
v -0.104167 1.000000 -0.034722
v -0.104167 1.000000 -0.104167
v -0.034722 1.000000 -0.034722
v -0.034722 1.000000 -0.104167
v -0.104167 1.000000 -0.173611
v -0.104167 1.000000 -0.243056
v -0.034722 1.000000 -0.173611
v -0.034722 1.000000 -0.243056
v -0.243056 1.000000 -0.312500
v -0.243056 1.000000 -0.381944
v -0.173611 1.000000 -0.312500
v -0.173611 1.000000 -0.381944
v -0.243056 1.000000 -0.451389
v -0.243056 1.000000 -0.520833
v -0.173611 1.000000 -0.451389
v -0.173611 1.000000 -0.520833
v -0.104167 1.000000 -0.312500
v -0.104167 1.000000 -0.381944
v -0.034722 1.000000 -0.312500
v -0.034722 1.000000 -0.381944
v -0.104167 1.000000 -0.451389
v -0.104167 1.000000 -0.520833
v -0.034722 1.000000 -0.451389
v -0.034722 1.000000 -0.520833
v -0.554007 0.034722 -0.832405
v -0.554007 0.104167 -0.832405
v -0.554007 0.173611 -0.832405
v -0.554007 0.243056 -0.832405
v -0.554007 0.312500 -0.832405
v -0.554007 0.381944 -0.832405
v -0.554007 0.451389 -0.832405
v -0.554007 0.520833 -0.832405
v -0.519285 0.034722 -0.853217
v -0.519285 0.104167 -0.853217
v -0.457467 0.034722 -0.889366
v -0.457467 0.104167 -0.889366
v -0.421982 0.034722 -0.905292
v -0.421982 0.104167 -0.905292
v -0.519285 0.173611 -0.853217
v -0.519285 0.243056 -0.853217
v -0.457467 0.173611 -0.889366
v -0.457467 0.243056 -0.889366
v -0.421982 0.173611 -0.905292
v -0.421982 0.243056 -0.905292
v -0.382651 0.034722 -0.923893
v -0.382651 0.104167 -0.923893
v -0.313023 0.034722 -0.950043
v -0.313023 0.104167 -0.950043
v -0.382651 0.173611 -0.923893
v -0.382651 0.243056 -0.923893
v -0.313023 0.173611 -0.950043
v -0.313023 0.243056 -0.950043
v -0.519285 0.312500 -0.853217
v -0.519285 0.381944 -0.853217
v -0.457467 0.312500 -0.889366
v -0.457467 0.381944 -0.889366
v -0.421982 0.312500 -0.905292
v -0.421982 0.381944 -0.905292
v -0.519285 0.451389 -0.853217
v -0.519285 0.520833 -0.853217
v -0.457467 0.451389 -0.889366
v -0.457467 0.520833 -0.889366
v -0.421982 0.451389 -0.905292
v -0.421982 0.520833 -0.905292
v -0.382651 0.312500 -0.923893
v -0.382651 0.381944 -0.923893
v -0.313023 0.312500 -0.950043
v -0.313023 0.381944 -0.950043
v -0.382651 0.451389 -0.923893
v -0.382651 0.520833 -0.923893
v -0.313023 0.451389 -0.950043
v -0.313023 0.520833 -0.950043
v -0.253526 0.034722 -0.966148
v -0.253526 0.104167 -0.966148
v -0.253526 0.173611 -0.966148
v -0.253526 0.243056 -0.966148
v -0.218804 0.034722 -0.974845
v -0.218804 0.104167 -0.974845
v -0.173948 0.034722 -0.984990
v -0.173948 0.104167 -0.984990
v -0.218804 0.173611 -0.974845
v -0.218804 0.243056 -0.974845
v -0.173948 0.173611 -0.984990
v -0.173948 0.243056 -0.984990
v -0.104335 0.034722 -0.994563
v -0.104335 0.104167 -0.994563
v -0.034722 0.034722 -1.000000
v -0.034722 0.104167 -1.000000
v -0.104335 0.173611 -0.994563
v -0.104335 0.243056 -0.994563
v -0.034722 0.173611 -1.000000
v -0.034722 0.243056 -1.000000
v -0.253526 0.312500 -0.966148
v -0.253526 0.381944 -0.966148
v -0.253526 0.451389 -0.966148
v -0.253526 0.520833 -0.966148
v -0.218804 0.312500 -0.974845
v -0.218804 0.381944 -0.974845
v -0.173948 0.312500 -0.984990
v -0.173948 0.381944 -0.984990
v -0.218804 0.451389 -0.974845
v -0.218804 0.520833 -0.974845
v -0.173948 0.451389 -0.984990
v -0.173948 0.520833 -0.984990
v -0.104335 0.312500 -0.994563
v -0.104335 0.381944 -0.994563
v -0.034722 0.312500 -1.000000
v -0.034722 0.381944 -1.000000
v -0.104335 0.451389 -0.994563
v -0.104335 0.520833 -0.994563
v -0.034722 0.451389 -1.000000
v -0.034722 0.520833 -1.000000
v -0.554007 0.590278 -0.832405
v -0.554007 0.659722 -0.832405
v -0.554007 0.729167 -0.832405
v -0.554007 0.798611 -0.832405
v -0.520833 1.000000 -0.590278
v -0.520833 1.000000 -0.659722
v -0.451389 1.000000 -0.590278
v -0.451389 1.000000 -0.659722
v -0.554007 0.868056 -0.832405
v -0.554007 0.937500 -0.832405
v -0.520833 1.000000 -0.729167
v -0.546258 1.000000 -0.837050
v -0.451389 1.000000 -0.729167
v -0.451389 1.000000 -0.798611
v -0.381944 1.000000 -0.590278
v -0.381944 1.000000 -0.659722
v -0.312500 1.000000 -0.590278
v -0.312500 1.000000 -0.659722
v -0.381944 1.000000 -0.729167
v -0.381944 1.000000 -0.798611
v -0.312500 1.000000 -0.729167
v -0.312500 1.000000 -0.798611
v -0.519285 0.590278 -0.853217
v -0.519285 0.659722 -0.853217
v -0.457467 0.590278 -0.889366
v -0.457467 0.659722 -0.889366
v -0.421982 0.590278 -0.905292
v -0.421982 0.659722 -0.905292
v -0.519285 0.729167 -0.853217
v -0.519285 0.798611 -0.853217
v -0.457467 0.729167 -0.889366
v -0.457467 0.798611 -0.889366
v -0.421982 0.729167 -0.905292
v -0.421982 0.798611 -0.905292
v -0.382651 0.590278 -0.923893
v -0.382651 0.659722 -0.923893
v -0.313023 0.590278 -0.950043
v -0.313023 0.659722 -0.950043
v -0.382651 0.729167 -0.923893
v -0.382651 0.798611 -0.923893
v -0.313023 0.729167 -0.950043
v -0.313023 0.798611 -0.950043
v -0.519285 0.868056 -0.853217
v -0.519285 0.937500 -0.853217
v -0.457467 0.868056 -0.889366
v -0.457467 0.937500 -0.889366
v -0.421982 0.868056 -0.905292
v -0.421982 0.937500 -0.905292
v -0.514072 1.000000 -0.856341
v -0.457432 1.000000 -0.889385
v -0.420858 1.000000 -0.905824
v -0.382651 0.868056 -0.923893
v -0.382651 0.937500 -0.923893
v -0.313023 0.868056 -0.950043
v -0.313023 0.937500 -0.950043
v -0.381944 1.000000 -0.868056
v -0.386082 1.000000 -0.922472
v -0.312500 1.000000 -0.868056
v -0.319348 1.000000 -0.948124
v -0.243056 1.000000 -0.590278
v -0.243056 1.000000 -0.659722
v -0.173611 1.000000 -0.590278
v -0.173611 1.000000 -0.659722
v -0.243056 1.000000 -0.729167
v -0.243056 1.000000 -0.798611
v -0.173611 1.000000 -0.729167
v -0.173611 1.000000 -0.798611
v -0.104167 1.000000 -0.590278
v -0.104167 1.000000 -0.659722
v -0.034722 1.000000 -0.590278
v -0.034722 1.000000 -0.659722
v -0.104167 1.000000 -0.729167
v -0.104167 1.000000 -0.798611
v -0.034722 1.000000 -0.729167
v -0.034722 1.000000 -0.798611
v -0.253526 0.590278 -0.966148
v -0.253526 0.659722 -0.966148
v -0.253526 0.729167 -0.966148
v -0.253526 0.798611 -0.966148
v -0.218804 0.590278 -0.974845
v -0.218804 0.659722 -0.974845
v -0.173948 0.590278 -0.984990
v -0.173948 0.659722 -0.984990
v -0.218804 0.729167 -0.974845
v -0.218804 0.798611 -0.974845
v -0.173948 0.729167 -0.984990
v -0.173948 0.798611 -0.984990
v -0.104335 0.590278 -0.994563
v -0.104335 0.659722 -0.994563
v -0.034722 0.590278 -1.000000
v -0.034722 0.659722 -1.000000
v -0.104335 0.729167 -0.994563
v -0.104335 0.798611 -0.994563
v -0.034722 0.729167 -1.000000
v -0.034722 0.798611 -1.000000
v -0.253526 0.868056 -0.966148
v -0.253526 0.937500 -0.966148
v -0.243056 1.000000 -0.868056
v -0.246768 1.000000 -0.967840
v -0.173611 1.000000 -0.868056
v -0.173611 1.000000 -0.937500
v -0.218804 0.868056 -0.974845
v -0.218804 0.937500 -0.974845
v -0.173948 0.868056 -0.984990
v -0.173948 0.937500 -0.984990
v -0.215726 1.000000 -0.975616
v -0.175008 1.000000 -0.984779
v -0.104167 1.000000 -0.868056
v -0.104167 1.000000 -0.937500
v -0.034722 1.000000 -0.868056
v -0.034722 1.000000 -0.937500
v -0.104335 0.868056 -0.994563
v -0.104335 0.937500 -0.994563
v -0.034722 0.868056 -1.000000
v -0.034722 0.937500 -1.000000
v -0.105341 1.000000 -0.994463
v -0.034722 1.000000 -1.000000
v 0.035361 -1.000002 0.998265
v 0.105341 -1.000002 0.994465
v 0.034722 -0.937500 0.998296
v 0.034722 -0.868056 0.998296
v 0.104335 -0.937500 0.994564
v 0.104335 -0.868056 0.994564
v 0.034722 -1.000002 0.937500
v 0.034722 -1.000002 0.868056
v 0.104167 -1.000002 0.937500
v 0.104167 -1.000002 0.868056
v 0.175008 -1.000002 0.984781
v 0.215728 -1.000002 0.975617
v 0.173948 -0.937500 0.984992
v 0.173948 -0.868056 0.984992
v 0.218807 -0.937500 0.974846
v 0.218807 -0.868056 0.974846
v 0.173611 -1.000002 0.937500
v 0.173611 -1.000002 0.868056
v 0.246770 -1.000002 0.967842
v 0.243056 -1.000002 0.868056
v 0.253529 -0.937500 0.966148
v 0.253529 -0.868056 0.966148
v 0.034722 -0.798611 0.998296
v 0.034722 -0.729167 0.998296
v 0.104335 -0.798611 0.994564
v 0.104335 -0.729167 0.994564
v 0.034722 -0.659722 0.998296
v 0.034722 -0.590278 0.998296
v 0.104335 -0.659722 0.994564
v 0.104335 -0.590278 0.994564
v 0.173948 -0.798611 0.984992
v 0.173948 -0.729167 0.984992
v 0.218807 -0.798611 0.974846
v 0.218807 -0.729167 0.974846
v 0.173948 -0.659722 0.984992
v 0.173948 -0.590278 0.984992
v 0.218807 -0.659722 0.974846
v 0.218807 -0.590278 0.974846
v 0.253529 -0.798611 0.966148
v 0.253529 -0.729167 0.966148
v 0.253529 -0.659722 0.966148
v 0.253529 -0.590278 0.966148
v 0.034722 -1.000002 0.798611
v 0.034722 -1.000002 0.729167
v 0.104167 -1.000002 0.798611
v 0.104167 -1.000002 0.729167
v 0.034722 -1.000002 0.659722
v 0.034722 -1.000002 0.590278
v 0.104167 -1.000002 0.659722
v 0.104167 -1.000002 0.590278
v 0.173611 -1.000002 0.798611
v 0.173611 -1.000002 0.729167
v 0.243056 -1.000002 0.798611
v 0.243056 -1.000002 0.729167
v 0.173611 -1.000002 0.659722
v 0.173611 -1.000002 0.590278
v 0.243056 -1.000002 0.659722
v 0.243056 -1.000002 0.590278
v 0.319348 -1.000002 0.948126
v 0.312500 -1.000002 0.868056
v 0.386083 -1.000002 0.922473
v 0.381944 -1.000002 0.868056
v 0.313022 -0.937500 0.950045
v 0.313022 -0.868056 0.950045
v 0.382651 -0.937500 0.923894
v 0.382651 -0.868056 0.923894
v 0.420859 -1.000002 0.905824
v 0.457433 -1.000002 0.889385
v 0.514073 -1.000002 0.856342
v 0.421984 -0.937500 0.905293
v 0.421984 -0.868056 0.905293
v 0.457468 -0.937500 0.889366
v 0.457468 -0.868056 0.889366
v 0.519286 -0.937500 0.853217
v 0.519286 -0.868056 0.853217
v 0.313022 -0.798611 0.950045
v 0.313022 -0.729167 0.950045
v 0.382651 -0.798611 0.923894
v 0.382651 -0.729167 0.923894
v 0.313022 -0.659722 0.950045
v 0.313022 -0.590278 0.950045
v 0.382651 -0.659722 0.923894
v 0.382651 -0.590278 0.923894
v 0.421984 -0.798611 0.905293
v 0.421984 -0.729167 0.905293
v 0.457468 -0.798611 0.889366
v 0.457468 -0.729167 0.889366
v 0.519286 -0.798611 0.853217
v 0.519286 -0.729167 0.853217
v 0.421984 -0.659722 0.905293
v 0.421984 -0.590278 0.905293
v 0.457468 -0.659722 0.889366
v 0.457468 -0.590278 0.889366
v 0.519286 -0.659722 0.853217
v 0.519286 -0.590278 0.853217
v 0.312500 -1.000002 0.798611
v 0.312500 -1.000002 0.729167
v 0.381944 -1.000002 0.798611
v 0.381944 -1.000002 0.729167
v 0.312500 -1.000002 0.659722
v 0.312500 -1.000002 0.590278
v 0.381944 -1.000002 0.659722
v 0.381944 -1.000002 0.590278
v 0.451389 -1.000002 0.798611
v 0.451389 -1.000002 0.729167
v 0.546258 -1.000002 0.837051
v 0.520833 -1.000002 0.729167
v 0.554008 -0.937500 0.832406
v 0.554008 -0.868056 0.832406
v 0.451389 -1.000002 0.659722
v 0.451389 -1.000002 0.590278
v 0.520833 -1.000002 0.659722
v 0.520833 -1.000002 0.590278
v 0.554008 -0.798611 0.832406
v 0.554008 -0.729167 0.832406
v 0.554008 -0.659722 0.832406
v 0.554008 -0.590278 0.832406
v 0.034722 -0.520833 0.998296
v 0.034722 -0.451389 0.998296
v 0.104335 -0.520833 0.994564
v 0.104335 -0.451389 0.994564
v 0.034722 -0.381944 0.998296
v 0.034722 -0.312500 0.998296
v 0.104335 -0.381944 0.994564
v 0.104335 -0.312500 0.994564
v 0.173948 -0.520833 0.984992
v 0.173948 -0.451389 0.984992
v 0.218807 -0.520833 0.974846
v 0.218807 -0.451389 0.974846
v 0.173948 -0.381944 0.984992
v 0.173948 -0.312500 0.984992
v 0.218807 -0.381944 0.974846
v 0.218807 -0.312500 0.974846
v 0.253529 -0.520833 0.966148
v 0.253529 -0.451389 0.966148
v 0.253529 -0.381944 0.966148
v 0.253529 -0.312500 0.966148
v 0.034722 -0.243056 0.998296
v 0.034722 -0.173611 0.998296
v 0.104335 -0.243056 0.994564
v 0.104335 -0.173611 0.994564
v 0.034722 -0.104167 0.998296
v 0.034722 -0.034722 0.998296
v 0.104335 -0.104167 0.994564
v 0.104335 -0.034722 0.994564
v 0.173948 -0.243056 0.984992
v 0.173948 -0.173611 0.984992
v 0.218807 -0.243056 0.974846
v 0.218807 -0.173611 0.974846
v 0.173948 -0.104167 0.984992
v 0.173948 -0.034722 0.984992
v 0.218807 -0.104167 0.974846
v 0.218807 -0.034722 0.974846
v 0.253529 -0.243056 0.966148
v 0.253529 -0.173611 0.966148
v 0.253529 -0.104167 0.966148
v 0.253529 -0.034722 0.966148
v 0.313022 -0.520833 0.950045
v 0.313022 -0.451389 0.950045
v 0.382651 -0.520833 0.923894
v 0.382651 -0.451389 0.923894
v 0.313022 -0.381944 0.950045
v 0.313022 -0.312500 0.950045
v 0.382651 -0.381944 0.923894
v 0.382651 -0.312500 0.923894
v 0.421984 -0.520833 0.905293
v 0.421984 -0.451389 0.905293
v 0.457468 -0.520833 0.889366
v 0.457468 -0.451389 0.889366
v 0.519286 -0.520833 0.853217
v 0.519286 -0.451389 0.853217
v 0.421984 -0.381944 0.905293
v 0.421984 -0.312500 0.905293
v 0.457468 -0.381944 0.889366
v 0.457468 -0.312500 0.889366
v 0.519286 -0.381944 0.853217
v 0.519286 -0.312500 0.853217
v 0.313022 -0.243056 0.950045
v 0.313022 -0.173611 0.950045
v 0.382651 -0.243056 0.923894
v 0.382651 -0.173611 0.923894
v 0.313022 -0.104167 0.950045
v 0.313022 -0.034722 0.950045
v 0.382651 -0.104167 0.923894
v 0.382651 -0.034722 0.923894
v 0.421984 -0.243056 0.905293
v 0.421984 -0.173611 0.905293
v 0.457468 -0.243056 0.889366
v 0.457468 -0.173611 0.889366
v 0.519286 -0.243056 0.853217
v 0.519286 -0.173611 0.853217
v 0.421984 -0.104167 0.905293
v 0.421984 -0.034722 0.905293
v 0.457468 -0.104167 0.889366
v 0.457468 -0.034722 0.889366
v 0.519286 -0.104167 0.853217
v 0.519286 -0.034722 0.853217
v 0.554008 -0.520833 0.832406
v 0.554008 -0.451389 0.832406
v 0.554008 -0.381944 0.832406
v 0.554008 -0.312500 0.832406
v 0.554008 -0.243056 0.832406
v 0.554008 -0.173611 0.832406
v 0.554008 -0.104167 0.832406
v 0.554008 -0.034722 0.832406
v 0.034722 -1.000002 0.520833
v 0.034722 -1.000002 0.451389
v 0.104167 -1.000002 0.520833
v 0.104167 -1.000002 0.451389
v 0.034722 -1.000002 0.381944
v 0.034722 -1.000002 0.312500
v 0.104167 -1.000002 0.381944
v 0.104167 -1.000002 0.312500
v 0.173611 -1.000002 0.520833
v 0.173611 -1.000002 0.451389
v 0.243056 -1.000002 0.520833
v 0.243056 -1.000002 0.451389
v 0.173611 -1.000002 0.381944
v 0.173611 -1.000002 0.312500
v 0.243056 -1.000002 0.381944
v 0.243056 -1.000002 0.312500
v 0.034722 -1.000002 0.243056
v 0.034722 -1.000002 0.173611
v 0.104167 -1.000002 0.243056
v 0.104167 -1.000002 0.173611
v 0.034722 -1.000002 0.104167
v 0.034722 -1.000002 0.034722
v 0.104167 -1.000002 0.104167
v 0.104167 -1.000002 0.034722
v 0.173611 -1.000002 0.243056
v 0.173611 -1.000002 0.173611
v 0.243056 -1.000002 0.243056
v 0.243056 -1.000002 0.173611
v 0.173611 -1.000002 0.104167
v 0.173611 -1.000002 0.034722
v 0.243056 -1.000002 0.104167
v 0.243056 -1.000002 0.034722
v 0.312500 -1.000002 0.520833
v 0.312500 -1.000002 0.451389
v 0.381944 -1.000002 0.520833
v 0.381944 -1.000002 0.451389
v 0.312500 -1.000002 0.381944
v 0.312500 -1.000002 0.312500
v 0.381944 -1.000002 0.381944
v 0.381944 -1.000002 0.312500
v 0.451389 -1.000002 0.520833
v 0.451389 -1.000002 0.451389
v 0.520833 -1.000002 0.520833
v 0.520833 -1.000002 0.451389
v 0.451389 -1.000002 0.381944
v 0.451389 -1.000002 0.312500
v 0.520833 -1.000002 0.381944
v 0.520833 -1.000002 0.312500
v 0.312500 -1.000002 0.243056
v 0.312500 -1.000002 0.173611
v 0.381944 -1.000002 0.243056
v 0.381944 -1.000002 0.173611
v 0.312500 -1.000002 0.104167
v 0.312500 -1.000002 0.034722
v 0.381944 -1.000002 0.104167
v 0.381944 -1.000002 0.034722
v 0.451389 -1.000002 0.243056
v 0.451389 -1.000002 0.173611
v 0.520833 -1.000002 0.243056
v 0.520833 -1.000002 0.173611
v 0.451389 -1.000002 0.104167
v 0.451389 -1.000002 0.034722
v 0.520833 -1.000002 0.104167
v 0.520833 -1.000002 0.034722
v 0.601120 -1.000002 0.801035
v 0.590278 -1.000002 0.729167
v 0.634500 -1.000002 0.772924
v 0.669493 -1.000002 0.741198
v 0.591456 -0.937500 0.807492
v 0.591456 -0.868056 0.807492
v 0.635123 -0.937500 0.772413
v 0.635123 -0.868056 0.772413
v 0.669451 -0.937500 0.741236
v 0.669451 -0.868056 0.741236
v 0.590278 -1.000002 0.659722
v 0.590278 -1.000002 0.590278
v 0.659722 -1.000002 0.659722
v 0.659722 -1.000002 0.590278
v 0.707106 -1.000002 0.707106
v 0.707106 -0.937500 0.707106
v 0.707106 -0.868056 0.707106
v 0.741198 -1.000002 0.669493
v 0.729167 -1.000002 0.590278
v 0.772924 -1.000002 0.634500
v 0.801034 -1.000002 0.601119
v 0.741236 -0.937500 0.669451
v 0.741236 -0.868056 0.669451
v 0.772413 -0.937500 0.635123
v 0.772413 -0.868056 0.635123
v 0.807491 -0.937500 0.591456
v 0.807491 -0.868056 0.591456
v 0.591456 -0.798611 0.807492
v 0.591456 -0.729167 0.807492
v 0.635123 -0.798611 0.772413
v 0.635123 -0.729167 0.772413
v 0.669451 -0.798611 0.741236
v 0.669451 -0.729167 0.741236
v 0.591456 -0.659722 0.807492
v 0.591456 -0.590278 0.807492
v 0.635123 -0.659722 0.772413
v 0.635123 -0.590278 0.772413
v 0.669451 -0.659722 0.741236
v 0.669451 -0.590278 0.741236
v 0.707106 -0.798611 0.707106
v 0.707106 -0.729167 0.707106
v 0.707106 -0.659722 0.707106
v 0.707106 -0.590278 0.707106
v 0.741236 -0.798611 0.669451
v 0.741236 -0.729167 0.669451
v 0.772413 -0.798611 0.635123
v 0.772413 -0.729167 0.635123
v 0.807491 -0.798611 0.591456
v 0.807491 -0.729167 0.591456
v 0.741236 -0.659722 0.669451
v 0.741236 -0.590278 0.669451
v 0.772413 -0.659722 0.635123
v 0.772413 -0.590278 0.635123
v 0.807491 -0.659722 0.591456
v 0.807491 -0.590278 0.591456
v 0.591456 -0.520833 0.807492
v 0.591456 -0.451389 0.807492
v 0.635123 -0.520833 0.772413
v 0.635123 -0.451389 0.772413
v 0.669451 -0.520833 0.741236
v 0.669451 -0.451389 0.741236
v 0.591456 -0.381944 0.807492
v 0.591456 -0.312500 0.807492
v 0.635123 -0.381944 0.772413
v 0.635123 -0.312500 0.772413
v 0.669451 -0.381944 0.741236
v 0.669451 -0.312500 0.741236
v 0.707106 -0.520833 0.707106
v 0.707106 -0.451389 0.707106
v 0.707106 -0.381944 0.707106
v 0.707106 -0.312500 0.707106
v 0.741236 -0.520833 0.669451
v 0.741236 -0.451389 0.669451
v 0.772413 -0.520833 0.635123
v 0.772413 -0.451389 0.635123
v 0.807491 -0.520833 0.591456
v 0.807491 -0.451389 0.591456
v 0.741236 -0.381944 0.669451
v 0.741236 -0.312500 0.669451
v 0.772413 -0.381944 0.635123
v 0.772413 -0.312500 0.635123
v 0.807491 -0.381944 0.591456
v 0.807491 -0.312500 0.591456
v 0.591456 -0.243056 0.807492
v 0.591456 -0.173611 0.807492
v 0.635123 -0.243056 0.772413
v 0.635123 -0.173611 0.772413
v 0.669451 -0.243056 0.741236
v 0.669451 -0.173611 0.741236
v 0.591456 -0.104167 0.807492
v 0.591456 -0.034722 0.807492
v 0.635123 -0.104167 0.772413
v 0.635123 -0.034722 0.772413
v 0.669451 -0.104167 0.741236
v 0.669451 -0.034722 0.741236
v 0.707106 -0.243056 0.707106
v 0.707106 -0.173611 0.707106
v 0.707106 -0.104167 0.707106
v 0.707106 -0.034722 0.707106
v 0.741236 -0.243056 0.669451
v 0.741236 -0.173611 0.669451
v 0.772413 -0.243056 0.635123
v 0.772413 -0.173611 0.635123
v 0.807491 -0.243056 0.591456
v 0.807491 -0.173611 0.591456
v 0.741236 -0.104167 0.669451
v 0.741236 -0.034722 0.669451
v 0.772413 -0.104167 0.635123
v 0.772413 -0.034722 0.635123
v 0.807491 -0.104167 0.591456
v 0.807491 -0.034722 0.591456
v 0.590278 -1.000002 0.520833
v 0.590278 -1.000002 0.451389
v 0.659722 -1.000002 0.520833
v 0.659722 -1.000002 0.451389
v 0.590278 -1.000002 0.381944
v 0.590278 -1.000002 0.312500
v 0.659722 -1.000002 0.381944
v 0.659722 -1.000002 0.312500
v 0.729167 -1.000002 0.520833
v 0.729167 -1.000002 0.451389
v 0.837050 -1.000002 0.546258
v 0.798611 -1.000002 0.451389
v 0.832405 -0.937500 0.554007
v 0.832405 -0.868056 0.554007
v 0.729167 -1.000002 0.381944
v 0.729167 -1.000002 0.312500
v 0.798611 -1.000002 0.381944
v 0.798611 -1.000002 0.312500
v 0.832405 -0.798611 0.554007
v 0.832405 -0.729167 0.554007
v 0.832405 -0.659722 0.554007
v 0.832405 -0.590278 0.554007
v 0.590278 -1.000002 0.243056
v 0.590278 -1.000002 0.173611
v 0.659722 -1.000002 0.243056
v 0.659722 -1.000002 0.173611
v 0.590278 -1.000002 0.104167
v 0.590278 -1.000002 0.034722
v 0.659722 -1.000002 0.104167
v 0.659722 -1.000002 0.034722
v 0.729167 -1.000002 0.243056
v 0.729167 -1.000002 0.173611
v 0.798611 -1.000002 0.243056
v 0.798611 -1.000002 0.173611
v 0.729167 -1.000002 0.104167
v 0.729167 -1.000002 0.034722
v 0.798611 -1.000002 0.104167
v 0.798611 -1.000002 0.034722
v 0.856341 -1.000002 0.514072
v 0.889385 -1.000002 0.457432
v 0.905824 -1.000002 0.420858
v 0.853217 -0.937500 0.519285
v 0.853217 -0.868056 0.519285
v 0.889366 -0.937500 0.457467
v 0.889366 -0.868056 0.457467
v 0.905292 -0.937500 0.421982
v 0.905292 -0.868056 0.421982
v 0.868056 -1.000002 0.381944
v 0.868056 -1.000002 0.312500
v 0.922472 -1.000002 0.386082
v 0.948124 -1.000002 0.319348
v 0.923893 -0.937500 0.382651
v 0.923893 -0.868056 0.382651
v 0.950043 -0.937500 0.313023
v 0.950043 -0.868056 0.313023
v 0.853217 -0.798611 0.519285
v 0.853217 -0.729167 0.519285
v 0.889366 -0.798611 0.457467
v 0.889366 -0.729167 0.457467
v 0.905292 -0.798611 0.421982
v 0.905292 -0.729167 0.421982
v 0.853217 -0.659722 0.519285
v 0.853217 -0.590278 0.519285
v 0.889366 -0.659722 0.457467
v 0.889366 -0.590278 0.457467
v 0.905292 -0.659722 0.421982
v 0.905292 -0.590278 0.421982
v 0.923893 -0.798611 0.382651
v 0.923893 -0.729167 0.382651
v 0.950043 -0.798611 0.313023
v 0.950043 -0.729167 0.313023
v 0.923893 -0.659722 0.382651
v 0.923893 -0.590278 0.382651
v 0.950043 -0.659722 0.313023
v 0.950043 -0.590278 0.313023
v 0.868056 -1.000002 0.243056
v 0.868056 -1.000002 0.173611
v 0.967840 -1.000002 0.246768
v 0.937500 -1.000002 0.173611
v 0.966148 -0.937500 0.253526
v 0.966148 -0.868056 0.253526
v 0.868056 -1.000002 0.104167
v 0.868056 -1.000002 0.034722
v 0.937500 -1.000002 0.104167
v 0.937500 -1.000002 0.034722
v 0.975616 -1.000002 0.215726
v 0.984779 -1.000002 0.175008
v 0.974845 -0.937500 0.218804
v 0.974845 -0.868056 0.218804
v 0.984990 -0.937500 0.173948
v 0.984990 -0.868056 0.173948
v 0.994463 -1.000002 0.105341
v 1.000000 -1.000002 0.034722
v 0.994563 -0.937500 0.104335
v 0.994563 -0.868056 0.104335
v 1.000000 -0.937500 0.034722
v 1.000000 -0.868056 0.034722
v 0.966148 -0.798611 0.253526
v 0.966148 -0.729167 0.253526
v 0.966148 -0.659722 0.253526
v 0.966148 -0.590278 0.253526
v 0.974845 -0.798611 0.218804
v 0.974845 -0.729167 0.218804
v 0.984990 -0.798611 0.173948
v 0.984990 -0.729167 0.173948
v 0.974845 -0.659722 0.218804
v 0.974845 -0.590278 0.218804
v 0.984990 -0.659722 0.173948
v 0.984990 -0.590278 0.173948
v 0.994563 -0.798611 0.104335
v 0.994563 -0.729167 0.104335
v 1.000000 -0.798611 0.034722
v 1.000000 -0.729167 0.034722
v 0.994563 -0.659722 0.104335
v 0.994563 -0.590278 0.104335
v 1.000000 -0.659722 0.034722
v 1.000000 -0.590278 0.034722
v 0.832405 -0.520833 0.554007
v 0.832405 -0.451389 0.554007
v 0.832405 -0.381944 0.554007
v 0.832405 -0.312500 0.554007
v 0.832405 -0.243056 0.554007
v 0.832405 -0.173611 0.554007
v 0.832405 -0.104167 0.554007
v 0.832405 -0.034722 0.554007
v 0.853217 -0.520833 0.519285
v 0.853217 -0.451389 0.519285
v 0.889366 -0.520833 0.457467
v 0.889366 -0.451389 0.457467
v 0.905292 -0.520833 0.421982
v 0.905292 -0.451389 0.421982
v 0.853217 -0.381944 0.519285
v 0.853217 -0.312500 0.519285
v 0.889366 -0.381944 0.457467
v 0.889366 -0.312500 0.457467
v 0.905292 -0.381944 0.421982
v 0.905292 -0.312500 0.421982
v 0.923893 -0.520833 0.382651
v 0.923893 -0.451389 0.382651
v 0.950043 -0.520833 0.313023
v 0.950043 -0.451389 0.313023
v 0.923893 -0.381944 0.382651
v 0.923893 -0.312500 0.382651
v 0.950043 -0.381944 0.313023
v 0.950043 -0.312500 0.313023
v 0.853217 -0.243056 0.519285
v 0.853217 -0.173611 0.519285
v 0.889366 -0.243056 0.457467
v 0.889366 -0.173611 0.457467
v 0.905292 -0.243056 0.421982
v 0.905292 -0.173611 0.421982
v 0.853217 -0.104167 0.519285
v 0.853217 -0.034722 0.519285
v 0.889366 -0.104167 0.457467
v 0.889366 -0.034722 0.457467
v 0.905292 -0.104167 0.421982
v 0.905292 -0.034722 0.421982
v 0.923893 -0.243056 0.382651
v 0.923893 -0.173611 0.382651
v 0.950043 -0.243056 0.313023
v 0.950043 -0.173611 0.313023
v 0.923893 -0.104167 0.382651
v 0.923893 -0.034722 0.382651
v 0.950043 -0.104167 0.313023
v 0.950043 -0.034722 0.313023
v 0.966148 -0.520833 0.253526
v 0.966148 -0.451389 0.253526
v 0.966148 -0.381944 0.253526
v 0.966148 -0.312500 0.253526
v 0.974845 -0.520833 0.218804
v 0.974845 -0.451389 0.218804
v 0.984990 -0.520833 0.173948
v 0.984990 -0.451389 0.173948
v 0.974845 -0.381944 0.218804
v 0.974845 -0.312500 0.218804
v 0.984990 -0.381944 0.173948
v 0.984990 -0.312500 0.173948
v 0.994563 -0.520833 0.104335
v 0.994563 -0.451389 0.104335
v 1.000000 -0.520833 0.034722
v 1.000000 -0.451389 0.034722
v 0.994563 -0.381944 0.104335
v 0.994563 -0.312500 0.104335
v 1.000000 -0.381944 0.034722
v 1.000000 -0.312500 0.034722
v 0.966148 -0.243056 0.253526
v 0.966148 -0.173611 0.253526
v 0.966148 -0.104167 0.253526
v 0.966148 -0.034722 0.253526
v 0.974845 -0.243056 0.218804
v 0.974845 -0.173611 0.218804
v 0.984990 -0.243056 0.173948
v 0.984990 -0.173611 0.173948
v 0.974845 -0.104167 0.218804
v 0.974845 -0.034722 0.218804
v 0.984990 -0.104167 0.173948
v 0.984990 -0.034722 0.173948
v 0.994563 -0.243056 0.104335
v 0.994563 -0.173611 0.104335
v 1.000000 -0.243056 0.034722
v 1.000000 -0.173611 0.034722
v 0.994563 -0.104167 0.104335
v 0.994563 -0.034722 0.104335
v 1.000000 -0.104167 0.034722
v 1.000000 -0.034722 0.034722
v 0.034722 0.034722 0.998296
v 0.034722 0.104167 0.998296
v 0.104335 0.034722 0.994564
v 0.104335 0.104167 0.994564
v 0.034722 0.173611 0.998296
v 0.034722 0.243056 0.998296
v 0.104335 0.173611 0.994564
v 0.104335 0.243056 0.994564
v 0.173948 0.034722 0.984992
v 0.173948 0.104167 0.984992
v 0.218807 0.034722 0.974846
v 0.218807 0.104167 0.974846
v 0.173948 0.173611 0.984992
v 0.173948 0.243056 0.984992
v 0.218807 0.173611 0.974846
v 0.218807 0.243056 0.974846
v 0.253529 0.034722 0.966148
v 0.253529 0.104167 0.966148
v 0.253529 0.173611 0.966148
v 0.253529 0.243056 0.966148
v 0.034722 0.312500 0.998296
v 0.034722 0.381944 0.998296
v 0.104335 0.312500 0.994564
v 0.104335 0.381944 0.994564
v 0.034722 0.451389 0.998296
v 0.034722 0.520833 0.998296
v 0.104335 0.451389 0.994564
v 0.104335 0.520833 0.994564
v 0.173948 0.312500 0.984992
v 0.173948 0.381944 0.984992
v 0.218807 0.312500 0.974846
v 0.218807 0.381944 0.974846
v 0.173948 0.451389 0.984992
v 0.173948 0.520833 0.984992
v 0.218807 0.451389 0.974846
v 0.218807 0.520833 0.974846
v 0.253529 0.312500 0.966148
v 0.253529 0.381944 0.966148
v 0.253529 0.451389 0.966148
v 0.253529 0.520833 0.966148
v 0.313022 0.034722 0.950045
v 0.313022 0.104167 0.950045
v 0.382651 0.034722 0.923894
v 0.382651 0.104167 0.923894
v 0.313022 0.173611 0.950045
v 0.313022 0.243056 0.950045
v 0.382651 0.173611 0.923894
v 0.382651 0.243056 0.923894
v 0.421984 0.034722 0.905293
v 0.421984 0.104167 0.905293
v 0.457468 0.034722 0.889366
v 0.457468 0.104167 0.889366
v 0.519286 0.034722 0.853217
v 0.519286 0.104167 0.853217
v 0.421984 0.173611 0.905293
v 0.421984 0.243056 0.905293
v 0.457468 0.173611 0.889366
v 0.457468 0.243056 0.889366
v 0.519286 0.173611 0.853217
v 0.519286 0.243056 0.853217
v 0.313022 0.312500 0.950045
v 0.313022 0.381944 0.950045
v 0.382651 0.312500 0.923894
v 0.382651 0.381944 0.923894
v 0.313022 0.451389 0.950045
v 0.313022 0.520833 0.950045
v 0.382651 0.451389 0.923894
v 0.382651 0.520833 0.923894
v 0.421984 0.312500 0.905293
v 0.421984 0.381944 0.905293
v 0.457468 0.312500 0.889366
v 0.457468 0.381944 0.889366
v 0.519286 0.312500 0.853217
v 0.519286 0.381944 0.853217
v 0.421984 0.451389 0.905293
v 0.421984 0.520833 0.905293
v 0.457468 0.451389 0.889366
v 0.457468 0.520833 0.889366
v 0.519286 0.451389 0.853217
v 0.519286 0.520833 0.853217
v 0.554008 0.034722 0.832406
v 0.554008 0.104167 0.832406
v 0.554008 0.173611 0.832406
v 0.554008 0.243056 0.832406
v 0.554008 0.312500 0.832406
v 0.554008 0.381944 0.832406
v 0.554008 0.451389 0.832406
v 0.554008 0.520833 0.832406
v 0.034722 0.590278 0.998296
v 0.034722 0.659722 0.998296
v 0.104335 0.590278 0.994564
v 0.104335 0.659722 0.994564
v 0.034722 0.729167 0.998296
v 0.034722 0.798611 0.998296
v 0.104335 0.729167 0.994564
v 0.104335 0.798611 0.994564
v 0.173948 0.590278 0.984992
v 0.173948 0.659722 0.984992
v 0.218807 0.590278 0.974846
v 0.218807 0.659722 0.974846
v 0.173948 0.729167 0.984992
v 0.173948 0.798611 0.984992
v 0.218807 0.729167 0.974846
v 0.218807 0.798611 0.974846
v 0.253529 0.590278 0.966148
v 0.253529 0.659722 0.966148
v 0.253529 0.729167 0.966148
v 0.253529 0.798611 0.966148
v 0.034722 0.868056 0.998296
v 0.034722 0.937500 0.998296
v 0.104335 0.868056 0.994564
v 0.104335 0.937500 0.994564
v 0.035361 1.000000 0.998265
v 0.105341 1.000000 0.994465
v 0.034722 1.000000 0.937500
v 0.034722 1.000000 0.868056
v 0.104167 1.000000 0.937500
v 0.104167 1.000000 0.868056
v 0.173948 0.868056 0.984992
v 0.173948 0.937500 0.984992
v 0.218807 0.868056 0.974846
v 0.218807 0.937500 0.974846
v 0.175008 1.000000 0.984781
v 0.215728 1.000000 0.975617
v 0.253529 0.868056 0.966148
v 0.253529 0.937500 0.966148
v 0.173611 1.000000 0.937500
v 0.173611 1.000000 0.868056
v 0.246770 1.000000 0.967842
v 0.243056 1.000000 0.868056
v 0.034722 1.000000 0.798611
v 0.034722 1.000000 0.729167
v 0.104167 1.000000 0.798611
v 0.104167 1.000000 0.729167
v 0.034722 1.000000 0.659722
v 0.034722 1.000000 0.590278
v 0.104167 1.000000 0.659722
v 0.104167 1.000000 0.590278
v 0.173611 1.000000 0.798611
v 0.173611 1.000000 0.729167
v 0.243056 1.000000 0.798611
v 0.243056 1.000000 0.729167
v 0.173611 1.000000 0.659722
v 0.173611 1.000000 0.590278
v 0.243056 1.000000 0.659722
v 0.243056 1.000000 0.590278
v 0.313022 0.590278 0.950045
v 0.313022 0.659722 0.950045
v 0.382651 0.590278 0.923894
v 0.382651 0.659722 0.923894
v 0.313022 0.729167 0.950045
v 0.313022 0.798611 0.950045
v 0.382651 0.729167 0.923894
v 0.382651 0.798611 0.923894
v 0.421984 0.590278 0.905293
v 0.421984 0.659722 0.905293
v 0.457468 0.590278 0.889366
v 0.457468 0.659722 0.889366
v 0.519286 0.590278 0.853217
v 0.519286 0.659722 0.853217
v 0.421984 0.729167 0.905293
v 0.421984 0.798611 0.905293
v 0.457468 0.729167 0.889366
v 0.457468 0.798611 0.889366
v 0.519286 0.729167 0.853217
v 0.519286 0.798611 0.853217
v 0.313022 0.868056 0.950045
v 0.313022 0.937500 0.950045
v 0.382651 0.868056 0.923894
v 0.382651 0.937500 0.923894
v 0.319348 1.000000 0.948126
v 0.312500 1.000000 0.868056
v 0.386083 1.000000 0.922473
v 0.381944 1.000000 0.868056
v 0.421984 0.868056 0.905293
v 0.421984 0.937500 0.905293
v 0.457468 0.868056 0.889366
v 0.457468 0.937500 0.889366
v 0.519286 0.868056 0.853217
v 0.519286 0.937500 0.853217
v 0.420859 1.000000 0.905824
v 0.457433 1.000000 0.889385
v 0.514073 1.000000 0.856342
v 0.554008 0.590278 0.832406
v 0.554008 0.659722 0.832406
v 0.554008 0.729167 0.832406
v 0.554008 0.798611 0.832406
v 0.312500 1.000000 0.798611
v 0.312500 1.000000 0.729167
v 0.381944 1.000000 0.798611
v 0.381944 1.000000 0.729167
v 0.312500 1.000000 0.659722
v 0.312500 1.000000 0.590278
v 0.381944 1.000000 0.659722
v 0.381944 1.000000 0.590278
v 0.554008 0.868056 0.832406
v 0.554008 0.937500 0.832406
v 0.451389 1.000000 0.798611
v 0.451389 1.000000 0.729167
v 0.546258 1.000000 0.837051
v 0.520833 1.000000 0.729167
v 0.451389 1.000000 0.659722
v 0.451389 1.000000 0.590278
v 0.520833 1.000000 0.659722
v 0.520833 1.000000 0.590278
v 0.034722 1.000000 0.520833
v 0.034722 1.000000 0.451389
v 0.104167 1.000000 0.520833
v 0.104167 1.000000 0.451389
v 0.034722 1.000000 0.381944
v 0.034722 1.000000 0.312500
v 0.104167 1.000000 0.381944
v 0.104167 1.000000 0.312500
v 0.173611 1.000000 0.520833
v 0.173611 1.000000 0.451389
v 0.243056 1.000000 0.520833
v 0.243056 1.000000 0.451389
v 0.173611 1.000000 0.381944
v 0.173611 1.000000 0.312500
v 0.243056 1.000000 0.381944
v 0.243056 1.000000 0.312500
v 0.034722 1.000000 0.243056
v 0.034722 1.000000 0.173611
v 0.104167 1.000000 0.243056
v 0.104167 1.000000 0.173611
v 0.034722 1.000000 0.104167
v 0.034722 1.000000 0.034722
v 0.104167 1.000000 0.104167
v 0.104167 1.000000 0.034722
v 0.173611 1.000000 0.243056
v 0.173611 1.000000 0.173611
v 0.243056 1.000000 0.243056
v 0.243056 1.000000 0.173611
v 0.173611 1.000000 0.104167
v 0.173611 1.000000 0.034722
v 0.243056 1.000000 0.104167
v 0.243056 1.000000 0.034722
v 0.312500 1.000000 0.520833
v 0.312500 1.000000 0.451389
v 0.381944 1.000000 0.520833
v 0.381944 1.000000 0.451389
v 0.312500 1.000000 0.381944
v 0.312500 1.000000 0.312500
v 0.381944 1.000000 0.381944
v 0.381944 1.000000 0.312500
v 0.451389 1.000000 0.520833
v 0.451389 1.000000 0.451389
v 0.520833 1.000000 0.520833
v 0.520833 1.000000 0.451389
v 0.451389 1.000000 0.381944
v 0.451389 1.000000 0.312500
v 0.520833 1.000000 0.381944
v 0.520833 1.000000 0.312500
v 0.312500 1.000000 0.243056
v 0.312500 1.000000 0.173611
v 0.381944 1.000000 0.243056
v 0.381944 1.000000 0.173611
v 0.312500 1.000000 0.104167
v 0.312500 1.000000 0.034722
v 0.381944 1.000000 0.104167
v 0.381944 1.000000 0.034722
v 0.451389 1.000000 0.243056
v 0.451389 1.000000 0.173611
v 0.520833 1.000000 0.243056
v 0.520833 1.000000 0.173611
v 0.451389 1.000000 0.104167
v 0.451389 1.000000 0.034722
v 0.520833 1.000000 0.104167
v 0.520833 1.000000 0.034722
v 0.591456 0.034722 0.807492
v 0.591456 0.104167 0.807492
v 0.635123 0.034722 0.772413
v 0.635123 0.104167 0.772413
v 0.669451 0.034722 0.741236
v 0.669451 0.104167 0.741236
v 0.591456 0.173611 0.807492
v 0.591456 0.243056 0.807492
v 0.635123 0.173611 0.772413
v 0.635123 0.243056 0.772413
v 0.669451 0.173611 0.741236
v 0.669451 0.243056 0.741236
v 0.707106 0.034722 0.707106
v 0.707106 0.104167 0.707106
v 0.707106 0.173611 0.707106
v 0.707106 0.243056 0.707106
v 0.741236 0.034722 0.669451
v 0.741236 0.104167 0.669451
v 0.772413 0.034722 0.635123
v 0.772413 0.104167 0.635123
v 0.807491 0.034722 0.591456
v 0.807491 0.104167 0.591456
v 0.741236 0.173611 0.669451
v 0.741236 0.243056 0.669451
v 0.772413 0.173611 0.635123
v 0.772413 0.243056 0.635123
v 0.807491 0.173611 0.591456
v 0.807491 0.243056 0.591456
v 0.591456 0.312500 0.807492
v 0.591456 0.381944 0.807492
v 0.635123 0.312500 0.772413
v 0.635123 0.381944 0.772413
v 0.669451 0.312500 0.741236
v 0.669451 0.381944 0.741236
v 0.591456 0.451389 0.807492
v 0.591456 0.520833 0.807492
v 0.635123 0.451389 0.772413
v 0.635123 0.520833 0.772413
v 0.669451 0.451389 0.741236
v 0.669451 0.520833 0.741236
v 0.707106 0.312500 0.707106
v 0.707106 0.381944 0.707106
v 0.707106 0.451389 0.707106
v 0.707106 0.520833 0.707106
v 0.741236 0.312500 0.669451
v 0.741236 0.381944 0.669451
v 0.772413 0.312500 0.635123
v 0.772413 0.381944 0.635123
v 0.807491 0.312500 0.591456
v 0.807491 0.381944 0.591456
v 0.741236 0.451389 0.669451
v 0.741236 0.520833 0.669451
v 0.772413 0.451389 0.635123
v 0.772413 0.520833 0.635123
v 0.807491 0.451389 0.591456
v 0.807491 0.520833 0.591456
v 0.591456 0.590278 0.807492
v 0.591456 0.659722 0.807492
v 0.635123 0.590278 0.772413
v 0.635123 0.659722 0.772413
v 0.669451 0.590278 0.741236
v 0.669451 0.659722 0.741236
v 0.591456 0.729167 0.807492
v 0.591456 0.798611 0.807492
v 0.635123 0.729167 0.772413
v 0.635123 0.798611 0.772413
v 0.669451 0.729167 0.741236
v 0.669451 0.798611 0.741236
v 0.707106 0.590278 0.707106
v 0.707106 0.659722 0.707106
v 0.707106 0.729167 0.707106
v 0.707106 0.798611 0.707106
v 0.741236 0.590278 0.669451
v 0.741236 0.659722 0.669451
v 0.772413 0.590278 0.635123
v 0.772413 0.659722 0.635123
v 0.807491 0.590278 0.591456
v 0.807491 0.659722 0.591456
v 0.741236 0.729167 0.669451
v 0.741236 0.798611 0.669451
v 0.772413 0.729167 0.635123
v 0.772413 0.798611 0.635123
v 0.807491 0.729167 0.591456
v 0.807491 0.798611 0.591456
v 0.591456 0.868056 0.807492
v 0.591456 0.937500 0.807492
v 0.635123 0.868056 0.772413
v 0.635123 0.937500 0.772413
v 0.669451 0.868056 0.741236
v 0.669451 0.937500 0.741236
v 0.601120 1.000000 0.801035
v 0.590278 1.000000 0.729167
v 0.634500 1.000000 0.772924
v 0.669493 1.000000 0.741198
v 0.590278 1.000000 0.659722
v 0.590278 1.000000 0.590278
v 0.659722 1.000000 0.659722
v 0.659722 1.000000 0.590278
v 0.707106 0.868056 0.707106
v 0.707106 0.937500 0.707106
v 0.707106 1.000000 0.707106
v 0.741236 0.868056 0.669451
v 0.741236 0.937500 0.669451
v 0.772413 0.868056 0.635123
v 0.772413 0.937500 0.635123
v 0.807491 0.868056 0.591456
v 0.807491 0.937500 0.591456
v 0.741198 1.000000 0.669493
v 0.729167 1.000000 0.590278
v 0.772924 1.000000 0.634500
v 0.801034 1.000000 0.601119
v 0.832405 0.034722 0.554007
v 0.832405 0.104167 0.554007
v 0.832405 0.173611 0.554007
v 0.832405 0.243056 0.554007
v 0.832405 0.312500 0.554007
v 0.832405 0.381944 0.554007
v 0.832405 0.451389 0.554007
v 0.832405 0.520833 0.554007
v 0.853217 0.034722 0.519285
v 0.853217 0.104167 0.519285
v 0.889366 0.034722 0.457467
v 0.889366 0.104167 0.457467
v 0.905292 0.034722 0.421982
v 0.905292 0.104167 0.421982
v 0.853217 0.173611 0.519285
v 0.853217 0.243056 0.519285
v 0.889366 0.173611 0.457467
v 0.889366 0.243056 0.457467
v 0.905292 0.173611 0.421982
v 0.905292 0.243056 0.421982
v 0.923893 0.034722 0.382651
v 0.923893 0.104167 0.382651
v 0.950043 0.034722 0.313023
v 0.950043 0.104167 0.313023
v 0.923893 0.173611 0.382651
v 0.923893 0.243056 0.382651
v 0.950043 0.173611 0.313023
v 0.950043 0.243056 0.313023
v 0.853217 0.312500 0.519285
v 0.853217 0.381944 0.519285
v 0.889366 0.312500 0.457467
v 0.889366 0.381944 0.457467
v 0.905292 0.312500 0.421982
v 0.905292 0.381944 0.421982
v 0.853217 0.451389 0.519285
v 0.853217 0.520833 0.519285
v 0.889366 0.451389 0.457467
v 0.889366 0.520833 0.457467
v 0.905292 0.451389 0.421982
v 0.905292 0.520833 0.421982
v 0.923893 0.312500 0.382651
v 0.923893 0.381944 0.382651
v 0.950043 0.312500 0.313023
v 0.950043 0.381944 0.313023
v 0.923893 0.451389 0.382651
v 0.923893 0.520833 0.382651
v 0.950043 0.451389 0.313023
v 0.950043 0.520833 0.313023
v 0.966148 0.034722 0.253526
v 0.966148 0.104167 0.253526
v 0.966148 0.173611 0.253526
v 0.966148 0.243056 0.253526
v 0.974845 0.034722 0.218804
v 0.974845 0.104167 0.218804
v 0.984990 0.034722 0.173948
v 0.984990 0.104167 0.173948
v 0.974845 0.173611 0.218804
v 0.974845 0.243056 0.218804
v 0.984990 0.173611 0.173948
v 0.984990 0.243056 0.173948
v 0.994563 0.034722 0.104335
v 0.994563 0.104167 0.104335
v 1.000000 0.034722 0.034722
v 1.000000 0.104167 0.034722
v 0.994563 0.173611 0.104335
v 0.994563 0.243056 0.104335
v 1.000000 0.173611 0.034722
v 1.000000 0.243056 0.034722
v 0.966148 0.312500 0.253526
v 0.966148 0.381944 0.253526
v 0.966148 0.451389 0.253526
v 0.966148 0.520833 0.253526
v 0.974845 0.312500 0.218804
v 0.974845 0.381944 0.218804
v 0.984990 0.312500 0.173948
v 0.984990 0.381944 0.173948
v 0.974845 0.451389 0.218804
v 0.974845 0.520833 0.218804
v 0.984990 0.451389 0.173948
v 0.984990 0.520833 0.173948
v 0.994563 0.312500 0.104335
v 0.994563 0.381944 0.104335
v 1.000000 0.312500 0.034722
v 1.000000 0.381944 0.034722
v 0.994563 0.451389 0.104335
v 0.994563 0.520833 0.104335
v 1.000000 0.451389 0.034722
v 1.000000 0.520833 0.034722
v 0.832405 0.590278 0.554007
v 0.832405 0.659722 0.554007
v 0.832405 0.729167 0.554007
v 0.832405 0.798611 0.554007
v 0.590278 1.000000 0.520833
v 0.590278 1.000000 0.451389
v 0.659722 1.000000 0.520833
v 0.659722 1.000000 0.451389
v 0.590278 1.000000 0.381944
v 0.590278 1.000000 0.312500
v 0.659722 1.000000 0.381944
v 0.659722 1.000000 0.312500
v 0.832405 0.868056 0.554007
v 0.832405 0.937500 0.554007
v 0.729167 1.000000 0.520833
v 0.729167 1.000000 0.451389
v 0.837050 1.000000 0.546258
v 0.798611 1.000000 0.451389
v 0.729167 1.000000 0.381944
v 0.729167 1.000000 0.312500
v 0.798611 1.000000 0.381944
v 0.798611 1.000000 0.312500
v 0.590278 1.000000 0.243056
v 0.590278 1.000000 0.173611
v 0.659722 1.000000 0.243056
v 0.659722 1.000000 0.173611
v 0.590278 1.000000 0.104167
v 0.590278 1.000000 0.034722
v 0.659722 1.000000 0.104167
v 0.659722 1.000000 0.034722
v 0.729167 1.000000 0.243056
v 0.729167 1.000000 0.173611
v 0.798611 1.000000 0.243056
v 0.798611 1.000000 0.173611
v 0.729167 1.000000 0.104167
v 0.729167 1.000000 0.034722
v 0.798611 1.000000 0.104167
v 0.798611 1.000000 0.034722
v 0.853217 0.590278 0.519285
v 0.853217 0.659722 0.519285
v 0.889366 0.590278 0.457467
v 0.889366 0.659722 0.457467
v 0.905292 0.590278 0.421982
v 0.905292 0.659722 0.421982
v 0.853217 0.729167 0.519285
v 0.853217 0.798611 0.519285
v 0.889366 0.729167 0.457467
v 0.889366 0.798611 0.457467
v 0.905292 0.729167 0.421982
v 0.905292 0.798611 0.421982
v 0.923893 0.590278 0.382651
v 0.923893 0.659722 0.382651
v 0.950043 0.590278 0.313023
v 0.950043 0.659722 0.313023
v 0.923893 0.729167 0.382651
v 0.923893 0.798611 0.382651
v 0.950043 0.729167 0.313023
v 0.950043 0.798611 0.313023
v 0.853217 0.868056 0.519285
v 0.853217 0.937500 0.519285
v 0.889366 0.868056 0.457467
v 0.889366 0.937500 0.457467
v 0.905292 0.868056 0.421982
v 0.905292 0.937500 0.421982
v 0.856341 1.000000 0.514072
v 0.889385 1.000000 0.457432
v 0.905824 1.000000 0.420858
v 0.923893 0.868056 0.382651
v 0.923893 0.937500 0.382651
v 0.950043 0.868056 0.313023
v 0.950043 0.937500 0.313023
v 0.868056 1.000000 0.381944
v 0.868056 1.000000 0.312500
v 0.922472 1.000000 0.386082
v 0.948124 1.000000 0.319348
v 0.966148 0.590278 0.253526
v 0.966148 0.659722 0.253526
v 0.966148 0.729167 0.253526
v 0.966148 0.798611 0.253526
v 0.974845 0.590278 0.218804
v 0.974845 0.659722 0.218804
v 0.984990 0.590278 0.173948
v 0.984990 0.659722 0.173948
v 0.974845 0.729167 0.218804
v 0.974845 0.798611 0.218804
v 0.984990 0.729167 0.173948
v 0.984990 0.798611 0.173948
v 0.994563 0.590278 0.104335
v 0.994563 0.659722 0.104335
v 1.000000 0.590278 0.034722
v 1.000000 0.659722 0.034722
v 0.994563 0.729167 0.104335
v 0.994563 0.798611 0.104335
v 1.000000 0.729167 0.034722
v 1.000000 0.798611 0.034722
v 0.966148 0.868056 0.253526
v 0.966148 0.937500 0.253526
v 0.868056 1.000000 0.243056
v 0.868056 1.000000 0.173611
v 0.967840 1.000000 0.246768
v 0.937500 1.000000 0.173611
v 0.868056 1.000000 0.104167
v 0.868056 1.000000 0.034722
v 0.937500 1.000000 0.104167
v 0.937500 1.000000 0.034722
v 0.974845 0.868056 0.218804
v 0.974845 0.937500 0.218804
v 0.984990 0.868056 0.173948
v 0.984990 0.937500 0.173948
v 0.975616 1.000000 0.215726
v 0.984779 1.000000 0.175008
v 0.994563 0.868056 0.104335
v 0.994563 0.937500 0.104335
v 1.000000 0.868056 0.034722
v 1.000000 0.937500 0.034722
v 0.994463 1.000000 0.105341
v 1.000000 1.000000 0.034722
v 0.034722 -1.000002 -0.034722
v 0.034722 -1.000002 -0.104167
v 0.104167 -1.000002 -0.034722
v 0.104167 -1.000002 -0.104167
v 0.034722 -1.000002 -0.173611
v 0.034722 -1.000002 -0.243056
v 0.104167 -1.000002 -0.173611
v 0.104167 -1.000002 -0.243056
v 0.173611 -1.000002 -0.034722
v 0.173611 -1.000002 -0.104167
v 0.243056 -1.000002 -0.034722
v 0.243056 -1.000002 -0.104167
v 0.173611 -1.000002 -0.173611
v 0.173611 -1.000002 -0.243056
v 0.243056 -1.000002 -0.173611
v 0.243056 -1.000002 -0.243056
v 0.034722 -1.000002 -0.312500
v 0.034722 -1.000002 -0.381944
v 0.104167 -1.000002 -0.312500
v 0.104167 -1.000002 -0.381944
v 0.034722 -1.000002 -0.451389
v 0.034722 -1.000002 -0.520833
v 0.104167 -1.000002 -0.451389
v 0.104167 -1.000002 -0.520833
v 0.173611 -1.000002 -0.312500
v 0.173611 -1.000002 -0.381944
v 0.243056 -1.000002 -0.312500
v 0.243056 -1.000002 -0.381944
v 0.173611 -1.000002 -0.451389
v 0.173611 -1.000002 -0.520833
v 0.243056 -1.000002 -0.451389
v 0.243056 -1.000002 -0.520833
v 0.312500 -1.000002 -0.034722
v 0.312500 -1.000002 -0.104167
v 0.381944 -1.000002 -0.034722
v 0.381944 -1.000002 -0.104167
v 0.312500 -1.000002 -0.173611
v 0.312500 -1.000002 -0.243056
v 0.381944 -1.000002 -0.173611
v 0.381944 -1.000002 -0.243056
v 0.451389 -1.000002 -0.034722
v 0.451389 -1.000002 -0.104167
v 0.520833 -1.000002 -0.034722
v 0.520833 -1.000002 -0.104167
v 0.451389 -1.000002 -0.173611
v 0.451389 -1.000002 -0.243056
v 0.520833 -1.000002 -0.173611
v 0.520833 -1.000002 -0.243056
v 0.312500 -1.000002 -0.312500
v 0.312500 -1.000002 -0.381944
v 0.381944 -1.000002 -0.312500
v 0.381944 -1.000002 -0.381944
v 0.312500 -1.000002 -0.451389
v 0.312500 -1.000002 -0.520833
v 0.381944 -1.000002 -0.451389
v 0.381944 -1.000002 -0.520833
v 0.451389 -1.000002 -0.312500
v 0.451389 -1.000002 -0.381944
v 0.520833 -1.000002 -0.312500
v 0.520833 -1.000002 -0.381944
v 0.451389 -1.000002 -0.451389
v 0.451389 -1.000002 -0.520833
v 0.520833 -1.000002 -0.451389
v 0.520833 -1.000002 -0.520833
v 0.034722 -1.000002 -0.590278
v 0.034722 -1.000002 -0.659722
v 0.104167 -1.000002 -0.590278
v 0.104167 -1.000002 -0.659722
v 0.034722 -1.000002 -0.729167
v 0.034722 -1.000002 -0.798611
v 0.104167 -1.000002 -0.729167
v 0.104167 -1.000002 -0.798611
v 0.173611 -1.000002 -0.590278
v 0.173611 -1.000002 -0.659722
v 0.243056 -1.000002 -0.590278
v 0.243056 -1.000002 -0.659722
v 0.173611 -1.000002 -0.729167
v 0.173611 -1.000002 -0.798611
v 0.243056 -1.000002 -0.729167
v 0.243056 -1.000002 -0.798611
v 0.034722 -1.000002 -0.868056
v 0.034722 -1.000002 -0.937500
v 0.104167 -1.000002 -0.868056
v 0.104167 -1.000002 -0.937500
v 0.035361 -1.000002 -0.998263
v 0.105341 -1.000002 -0.994463
v 0.034722 -0.937500 -0.998294
v 0.034722 -0.868056 -0.998294
v 0.104335 -0.937500 -0.994562
v 0.104335 -0.868056 -0.994562
v 0.173611 -1.000002 -0.868056
v 0.173611 -1.000002 -0.937500
v 0.243056 -1.000002 -0.868056
v 0.246768 -1.000002 -0.967840
v 0.253525 -0.937500 -0.966147
v 0.253525 -0.868056 -0.966147
v 0.175008 -1.000002 -0.984779
v 0.215725 -1.000002 -0.975616
v 0.173948 -0.937500 -0.984990
v 0.173948 -0.868056 -0.984990
v 0.218803 -0.937500 -0.974845
v 0.218803 -0.868056 -0.974845
v 0.034722 -0.798611 -0.998294
v 0.034722 -0.729167 -0.998294
v 0.104335 -0.798611 -0.994562
v 0.104335 -0.729167 -0.994562
v 0.034722 -0.659722 -0.998294
v 0.034722 -0.590278 -0.998294
v 0.104335 -0.659722 -0.994562
v 0.104335 -0.590278 -0.994562
v 0.253525 -0.798611 -0.966147
v 0.253525 -0.729167 -0.966147
v 0.253525 -0.659722 -0.966147
v 0.253525 -0.590278 -0.966147
v 0.173948 -0.798611 -0.984990
v 0.173948 -0.729167 -0.984990
v 0.218803 -0.798611 -0.974845
v 0.218803 -0.729167 -0.974845
v 0.173948 -0.659722 -0.984990
v 0.173948 -0.590278 -0.984990
v 0.218803 -0.659722 -0.974845
v 0.218803 -0.590278 -0.974845
v 0.312500 -1.000002 -0.590278
v 0.312500 -1.000002 -0.659722
v 0.381944 -1.000002 -0.590278
v 0.381944 -1.000002 -0.659722
v 0.312500 -1.000002 -0.729167
v 0.312500 -1.000002 -0.798611
v 0.381944 -1.000002 -0.729167
v 0.381944 -1.000002 -0.798611
v 0.451389 -1.000002 -0.590278
v 0.451389 -1.000002 -0.659722
v 0.520833 -1.000002 -0.590278
v 0.520833 -1.000002 -0.659722
v 0.451389 -1.000002 -0.729167
v 0.451389 -1.000002 -0.798611
v 0.520833 -1.000002 -0.729167
v 0.546257 -1.000002 -0.837049
v 0.554006 -0.937500 -0.832405
v 0.554006 -0.868056 -0.832405
v 0.554006 -0.798611 -0.832405
v 0.554006 -0.729167 -0.832405
v 0.554006 -0.659722 -0.832405
v 0.554006 -0.590278 -0.832405
v 0.312500 -1.000002 -0.868056
v 0.319348 -1.000002 -0.948124
v 0.381944 -1.000002 -0.868056
v 0.386082 -1.000002 -0.922471
v 0.313022 -0.937500 -0.950042
v 0.313022 -0.868056 -0.950042
v 0.382651 -0.937500 -0.923892
v 0.382651 -0.868056 -0.923892
v 0.457431 -1.000002 -0.889384
v 0.420857 -1.000002 -0.905823
v 0.514071 -1.000002 -0.856341
v 0.457466 -0.937500 -0.889365
v 0.457466 -0.868056 -0.889365
v 0.421981 -0.937500 -0.905291
v 0.421981 -0.868056 -0.905291
v 0.519284 -0.937500 -0.853217
v 0.519284 -0.868056 -0.853217
v 0.313022 -0.798611 -0.950042
v 0.313022 -0.729167 -0.950042
v 0.382651 -0.798611 -0.923892
v 0.382651 -0.729167 -0.923892
v 0.313022 -0.659722 -0.950042
v 0.313022 -0.590278 -0.950042
v 0.382651 -0.659722 -0.923892
v 0.382651 -0.590278 -0.923892
v 0.457466 -0.798611 -0.889365
v 0.457466 -0.729167 -0.889365
v 0.421981 -0.798611 -0.905291
v 0.421981 -0.729167 -0.905291
v 0.519284 -0.798611 -0.853217
v 0.519284 -0.729167 -0.853217
v 0.457466 -0.659722 -0.889365
v 0.457466 -0.590278 -0.889365
v 0.421981 -0.659722 -0.905291
v 0.421981 -0.590278 -0.905291
v 0.519284 -0.659722 -0.853217
v 0.519284 -0.590278 -0.853217
v 0.034722 -0.520833 -0.998294
v 0.034722 -0.451389 -0.998294
v 0.104335 -0.520833 -0.994562
v 0.104335 -0.451389 -0.994562
v 0.034722 -0.381944 -0.998294
v 0.034722 -0.312500 -0.998294
v 0.104335 -0.381944 -0.994562
v 0.104335 -0.312500 -0.994562
v 0.253525 -0.520833 -0.966147
v 0.253525 -0.451389 -0.966147
v 0.253525 -0.381944 -0.966147
v 0.253525 -0.312500 -0.966147
v 0.173948 -0.520833 -0.984990
v 0.173948 -0.451389 -0.984990
v 0.218803 -0.520833 -0.974845
v 0.218803 -0.451389 -0.974845
v 0.173948 -0.381944 -0.984990
v 0.173948 -0.312500 -0.984990
v 0.218803 -0.381944 -0.974845
v 0.218803 -0.312500 -0.974845
v 0.034722 -0.243056 -0.998294
v 0.034722 -0.173611 -0.998294
v 0.104335 -0.243056 -0.994562
v 0.104335 -0.173611 -0.994562
v 0.034722 -0.104167 -0.998294
v 0.034722 -0.034722 -0.998294
v 0.104335 -0.104167 -0.994562
v 0.104335 -0.034722 -0.994562
v 0.253525 -0.243056 -0.966147
v 0.253525 -0.173611 -0.966147
v 0.253525 -0.104167 -0.966147
v 0.253525 -0.034722 -0.966147
v 0.173948 -0.243056 -0.984990
v 0.173948 -0.173611 -0.984990
v 0.218803 -0.243056 -0.974845
v 0.218803 -0.173611 -0.974845
v 0.173948 -0.104167 -0.984990
v 0.173948 -0.034722 -0.984990
v 0.218803 -0.104167 -0.974845
v 0.218803 -0.034722 -0.974845
v 0.554006 -0.520833 -0.832405
v 0.554006 -0.451389 -0.832405
v 0.554006 -0.381944 -0.832405
v 0.554006 -0.312500 -0.832405
v 0.554006 -0.243056 -0.832405
v 0.554006 -0.173611 -0.832405
v 0.554006 -0.104167 -0.832405
v 0.554006 -0.034722 -0.832405
v 0.313022 -0.520833 -0.950042
v 0.313022 -0.451389 -0.950042
v 0.382651 -0.520833 -0.923892
v 0.382651 -0.451389 -0.923892
v 0.313022 -0.381944 -0.950042
v 0.313022 -0.312500 -0.950042
v 0.382651 -0.381944 -0.923892
v 0.382651 -0.312500 -0.923892
v 0.457466 -0.520833 -0.889365
v 0.457466 -0.451389 -0.889365
v 0.421981 -0.520833 -0.905291
v 0.421981 -0.451389 -0.905291
v 0.519284 -0.520833 -0.853217
v 0.519284 -0.451389 -0.853217
v 0.457466 -0.381944 -0.889365
v 0.457466 -0.312500 -0.889365
v 0.421981 -0.381944 -0.905291
v 0.421981 -0.312500 -0.905291
v 0.519284 -0.381944 -0.853217
v 0.519284 -0.312500 -0.853217
v 0.313022 -0.243056 -0.950042
v 0.313022 -0.173611 -0.950042
v 0.382651 -0.243056 -0.923892
v 0.382651 -0.173611 -0.923892
v 0.313022 -0.104167 -0.950042
v 0.313022 -0.034722 -0.950042
v 0.382651 -0.104167 -0.923892
v 0.382651 -0.034722 -0.923892
v 0.457466 -0.243056 -0.889365
v 0.457466 -0.173611 -0.889365
v 0.421981 -0.243056 -0.905291
v 0.421981 -0.173611 -0.905291
v 0.519284 -0.243056 -0.853217
v 0.519284 -0.173611 -0.853217
v 0.457466 -0.104167 -0.889365
v 0.457466 -0.034722 -0.889365
v 0.421981 -0.104167 -0.905291
v 0.421981 -0.034722 -0.905291
v 0.519284 -0.104167 -0.853217
v 0.519284 -0.034722 -0.853217
v 0.590278 -1.000002 -0.034722
v 0.590278 -1.000002 -0.104167
v 0.659722 -1.000002 -0.034722
v 0.659722 -1.000002 -0.104167
v 0.590278 -1.000002 -0.173611
v 0.590278 -1.000002 -0.243056
v 0.659722 -1.000002 -0.173611
v 0.659722 -1.000002 -0.243056
v 0.729167 -1.000002 -0.034722
v 0.729167 -1.000002 -0.104167
v 0.798611 -1.000002 -0.034722
v 0.798611 -1.000002 -0.104167
v 0.729167 -1.000002 -0.173611
v 0.729167 -1.000002 -0.243056
v 0.798611 -1.000002 -0.173611
v 0.798611 -1.000002 -0.243056
v 0.590278 -1.000002 -0.312500
v 0.590278 -1.000002 -0.381944
v 0.659722 -1.000002 -0.312500
v 0.659722 -1.000002 -0.381944
v 0.590278 -1.000002 -0.451389
v 0.590278 -1.000002 -0.520833
v 0.659722 -1.000002 -0.451389
v 0.659722 -1.000002 -0.520833
v 0.729167 -1.000002 -0.312500
v 0.729167 -1.000002 -0.381944
v 0.798611 -1.000002 -0.312500
v 0.798611 -1.000002 -0.381944
v 0.729167 -1.000002 -0.451389
v 0.729167 -1.000002 -0.520833
v 0.798611 -1.000002 -0.451389
v 0.837049 -1.000002 -0.546257
v 0.832405 -0.937500 -0.554006
v 0.832405 -0.868056 -0.554006
v 0.832405 -0.798611 -0.554006
v 0.832405 -0.729167 -0.554006
v 0.832405 -0.659722 -0.554006
v 0.832405 -0.590278 -0.554006
v 0.868056 -1.000002 -0.034722
v 0.868056 -1.000002 -0.104167
v 0.937500 -1.000002 -0.034722
v 0.937500 -1.000002 -0.104167
v 0.868056 -1.000002 -0.173611
v 0.868056 -1.000002 -0.243056
v 0.937500 -1.000002 -0.173611
v 0.967840 -1.000002 -0.246768
v 0.966147 -0.937500 -0.253525
v 0.966147 -0.868056 -0.253525
v 0.998263 -1.000002 -0.035361
v 0.994463 -1.000002 -0.105341
v 0.998294 -0.937500 -0.034722
v 0.998294 -0.868056 -0.034722
v 0.994562 -0.937500 -0.104335
v 0.994562 -0.868056 -0.104335
v 0.984779 -1.000002 -0.175008
v 0.975616 -1.000002 -0.215725
v 0.984990 -0.937500 -0.173948
v 0.984990 -0.868056 -0.173948
v 0.974845 -0.937500 -0.218803
v 0.974845 -0.868056 -0.218803
v 0.966147 -0.798611 -0.253525
v 0.966147 -0.729167 -0.253525
v 0.966147 -0.659722 -0.253525
v 0.966147 -0.590278 -0.253525
v 0.998294 -0.798611 -0.034722
v 0.998294 -0.729167 -0.034722
v 0.994562 -0.798611 -0.104335
v 0.994562 -0.729167 -0.104335
v 0.998294 -0.659722 -0.034722
v 0.998294 -0.590278 -0.034722
v 0.994562 -0.659722 -0.104335
v 0.994562 -0.590278 -0.104335
v 0.984990 -0.798611 -0.173948
v 0.984990 -0.729167 -0.173948
v 0.974845 -0.798611 -0.218803
v 0.974845 -0.729167 -0.218803
v 0.984990 -0.659722 -0.173948
v 0.984990 -0.590278 -0.173948
v 0.974845 -0.659722 -0.218803
v 0.974845 -0.590278 -0.218803
v 0.868056 -1.000002 -0.312500
v 0.868056 -1.000002 -0.381944
v 0.948124 -1.000002 -0.319348
v 0.922471 -1.000002 -0.386082
v 0.950042 -0.937500 -0.313022
v 0.950042 -0.868056 -0.313022
v 0.923892 -0.937500 -0.382651
v 0.923892 -0.868056 -0.382651
v 0.889384 -1.000002 -0.457431
v 0.856341 -1.000002 -0.514071
v 0.905823 -1.000002 -0.420857
v 0.889365 -0.937500 -0.457466
v 0.889365 -0.868056 -0.457466
v 0.853217 -0.937500 -0.519284
v 0.853217 -0.868056 -0.519284
v 0.905291 -0.937500 -0.421981
v 0.905291 -0.868056 -0.421981
v 0.950042 -0.798611 -0.313022
v 0.950042 -0.729167 -0.313022
v 0.923892 -0.798611 -0.382651
v 0.923892 -0.729167 -0.382651
v 0.950042 -0.659722 -0.313022
v 0.950042 -0.590278 -0.313022
v 0.923892 -0.659722 -0.382651
v 0.923892 -0.590278 -0.382651
v 0.889365 -0.798611 -0.457466
v 0.889365 -0.729167 -0.457466
v 0.853217 -0.798611 -0.519284
v 0.853217 -0.729167 -0.519284
v 0.905291 -0.798611 -0.421981
v 0.905291 -0.729167 -0.421981
v 0.889365 -0.659722 -0.457466
v 0.889365 -0.590278 -0.457466
v 0.853217 -0.659722 -0.519284
v 0.853217 -0.590278 -0.519284
v 0.905291 -0.659722 -0.421981
v 0.905291 -0.590278 -0.421981
v 0.832405 -0.520833 -0.554006
v 0.832405 -0.451389 -0.554006
v 0.832405 -0.381944 -0.554006
v 0.832405 -0.312500 -0.554006
v 0.832405 -0.243056 -0.554006
v 0.832405 -0.173611 -0.554006
v 0.832405 -0.104167 -0.554006
v 0.832405 -0.034722 -0.554006
v 0.966147 -0.520833 -0.253525
v 0.966147 -0.451389 -0.253525
v 0.966147 -0.381944 -0.253525
v 0.966147 -0.312500 -0.253525
v 0.998294 -0.520833 -0.034722
v 0.998294 -0.451389 -0.034722
v 0.994562 -0.520833 -0.104335
v 0.994562 -0.451389 -0.104335
v 0.998294 -0.381944 -0.034722
v 0.998294 -0.312500 -0.034722
v 0.994562 -0.381944 -0.104335
v 0.994562 -0.312500 -0.104335
v 0.984990 -0.520833 -0.173948
v 0.984990 -0.451389 -0.173948
v 0.974845 -0.520833 -0.218803
v 0.974845 -0.451389 -0.218803
v 0.984990 -0.381944 -0.173948
v 0.984990 -0.312500 -0.173948
v 0.974845 -0.381944 -0.218803
v 0.974845 -0.312500 -0.218803
v 0.966147 -0.243056 -0.253525
v 0.966147 -0.173611 -0.253525
v 0.966147 -0.104167 -0.253525
v 0.966147 -0.034722 -0.253525
v 0.998294 -0.243056 -0.034722
v 0.998294 -0.173611 -0.034722
v 0.994562 -0.243056 -0.104335
v 0.994562 -0.173611 -0.104335
v 0.998294 -0.104167 -0.034722
v 0.998294 -0.034722 -0.034722
v 0.994562 -0.104167 -0.104335
v 0.994562 -0.034722 -0.104335
v 0.984990 -0.243056 -0.173948
v 0.984990 -0.173611 -0.173948
v 0.974845 -0.243056 -0.218803
v 0.974845 -0.173611 -0.218803
v 0.984990 -0.104167 -0.173948
v 0.984990 -0.034722 -0.173948
v 0.974845 -0.104167 -0.218803
v 0.974845 -0.034722 -0.218803
v 0.950042 -0.520833 -0.313022
v 0.950042 -0.451389 -0.313022
v 0.923892 -0.520833 -0.382651
v 0.923892 -0.451389 -0.382651
v 0.950042 -0.381944 -0.313022
v 0.950042 -0.312500 -0.313022
v 0.923892 -0.381944 -0.382651
v 0.923892 -0.312500 -0.382651
v 0.889365 -0.520833 -0.457466
v 0.889365 -0.451389 -0.457466
v 0.853217 -0.520833 -0.519284
v 0.853217 -0.451389 -0.519284
v 0.905291 -0.520833 -0.421981
v 0.905291 -0.451389 -0.421981
v 0.889365 -0.381944 -0.457466
v 0.889365 -0.312500 -0.457466
v 0.853217 -0.381944 -0.519284
v 0.853217 -0.312500 -0.519284
v 0.905291 -0.381944 -0.421981
v 0.905291 -0.312500 -0.421981
v 0.950042 -0.243056 -0.313022
v 0.950042 -0.173611 -0.313022
v 0.923892 -0.243056 -0.382651
v 0.923892 -0.173611 -0.382651
v 0.950042 -0.104167 -0.313022
v 0.950042 -0.034722 -0.313022
v 0.923892 -0.104167 -0.382651
v 0.923892 -0.034722 -0.382651
v 0.889365 -0.243056 -0.457466
v 0.889365 -0.173611 -0.457466
v 0.853217 -0.243056 -0.519284
v 0.853217 -0.173611 -0.519284
v 0.905291 -0.243056 -0.421981
v 0.905291 -0.173611 -0.421981
v 0.889365 -0.104167 -0.457466
v 0.889365 -0.034722 -0.457466
v 0.853217 -0.104167 -0.519284
v 0.853217 -0.034722 -0.519284
v 0.905291 -0.104167 -0.421981
v 0.905291 -0.034722 -0.421981
v 0.590278 -1.000002 -0.590278
v 0.590278 -1.000002 -0.659722
v 0.659722 -1.000002 -0.590278
v 0.659722 -1.000002 -0.659722
v 0.590278 -1.000002 -0.729167
v 0.601119 -1.000002 -0.801033
v 0.669492 -1.000002 -0.741197
v 0.634499 -1.000002 -0.772923
v 0.591456 -0.937500 -0.807490
v 0.591456 -0.868056 -0.807490
v 0.669450 -0.937500 -0.741235
v 0.669450 -0.868056 -0.741235
v 0.635122 -0.937500 -0.772412
v 0.635122 -0.868056 -0.772412
v 0.729167 -1.000002 -0.590278
v 0.741197 -1.000002 -0.669492
v 0.801033 -1.000002 -0.601119
v 0.772923 -1.000002 -0.634499
v 0.741235 -0.937500 -0.669450
v 0.741235 -0.868056 -0.669450
v 0.807490 -0.937500 -0.591456
v 0.807490 -0.868056 -0.591456
v 0.772412 -0.937500 -0.635122
v 0.772412 -0.868056 -0.635122
v 0.707105 -1.000002 -0.707105
v 0.707105 -0.937500 -0.707105
v 0.707105 -0.868056 -0.707105
v 0.591456 -0.798611 -0.807490
v 0.591456 -0.729167 -0.807490
v 0.669450 -0.798611 -0.741235
v 0.669450 -0.729167 -0.741235
v 0.635122 -0.798611 -0.772412
v 0.635122 -0.729167 -0.772412
v 0.591456 -0.659722 -0.807490
v 0.591456 -0.590278 -0.807490
v 0.669450 -0.659722 -0.741235
v 0.669450 -0.590278 -0.741235
v 0.635122 -0.659722 -0.772412
v 0.635122 -0.590278 -0.772412
v 0.741235 -0.798611 -0.669450
v 0.741235 -0.729167 -0.669450
v 0.807490 -0.798611 -0.591456
v 0.807490 -0.729167 -0.591456
v 0.772412 -0.798611 -0.635122
v 0.772412 -0.729167 -0.635122
v 0.741235 -0.659722 -0.669450
v 0.741235 -0.590278 -0.669450
v 0.807490 -0.659722 -0.591456
v 0.807490 -0.590278 -0.591456
v 0.772412 -0.659722 -0.635122
v 0.772412 -0.590278 -0.635122
v 0.707105 -0.798611 -0.707105
v 0.707105 -0.729167 -0.707105
v 0.707105 -0.659722 -0.707105
v 0.707105 -0.590278 -0.707105
v 0.591456 -0.520833 -0.807490
v 0.591456 -0.451389 -0.807490
v 0.669450 -0.520833 -0.741235
v 0.669450 -0.451389 -0.741235
v 0.635122 -0.520833 -0.772412
v 0.635122 -0.451389 -0.772412
v 0.591456 -0.381944 -0.807490
v 0.591456 -0.312500 -0.807490
v 0.669450 -0.381944 -0.741235
v 0.669450 -0.312500 -0.741235
v 0.635122 -0.381944 -0.772412
v 0.635122 -0.312500 -0.772412
v 0.741235 -0.520833 -0.669450
v 0.741235 -0.451389 -0.669450
v 0.807490 -0.520833 -0.591456
v 0.807490 -0.451389 -0.591456
v 0.772412 -0.520833 -0.635122
v 0.772412 -0.451389 -0.635122
v 0.741235 -0.381944 -0.669450
v 0.741235 -0.312500 -0.669450
v 0.807490 -0.381944 -0.591456
v 0.807490 -0.312500 -0.591456
v 0.772412 -0.381944 -0.635122
v 0.772412 -0.312500 -0.635122
v 0.707105 -0.520833 -0.707105
v 0.707105 -0.451389 -0.707105
v 0.707105 -0.381944 -0.707105
v 0.707105 -0.312500 -0.707105
v 0.591456 -0.243056 -0.807490
v 0.591456 -0.173611 -0.807490
v 0.669450 -0.243056 -0.741235
v 0.669450 -0.173611 -0.741235
v 0.635122 -0.243056 -0.772412
v 0.635122 -0.173611 -0.772412
v 0.591456 -0.104167 -0.807490
v 0.591456 -0.034722 -0.807490
v 0.669450 -0.104167 -0.741235
v 0.669450 -0.034722 -0.741235
v 0.635122 -0.104167 -0.772412
v 0.635122 -0.034722 -0.772412
v 0.741235 -0.243056 -0.669450
v 0.741235 -0.173611 -0.669450
v 0.807490 -0.243056 -0.591456
v 0.807490 -0.173611 -0.591456
v 0.772412 -0.243056 -0.635122
v 0.772412 -0.173611 -0.635122
v 0.741235 -0.104167 -0.669450
v 0.741235 -0.034722 -0.669450
v 0.807490 -0.104167 -0.591456
v 0.807490 -0.034722 -0.591456
v 0.772412 -0.104167 -0.635122
v 0.772412 -0.034722 -0.635122
v 0.707105 -0.243056 -0.707105
v 0.707105 -0.173611 -0.707105
v 0.707105 -0.104167 -0.707105
v 0.707105 -0.034722 -0.707105
v 0.034722 1.000000 -0.034722
v 0.034722 1.000000 -0.104167
v 0.104167 1.000000 -0.034722
v 0.104167 1.000000 -0.104167
v 0.034722 1.000000 -0.173611
v 0.034722 1.000000 -0.243056
v 0.104167 1.000000 -0.173611
v 0.104167 1.000000 -0.243056
v 0.173611 1.000000 -0.034722
v 0.173611 1.000000 -0.104167
v 0.243056 1.000000 -0.034722
v 0.243056 1.000000 -0.104167
v 0.173611 1.000000 -0.173611
v 0.173611 1.000000 -0.243056
v 0.243056 1.000000 -0.173611
v 0.243056 1.000000 -0.243056
v 0.034722 1.000000 -0.312500
v 0.034722 1.000000 -0.381944
v 0.104167 1.000000 -0.312500
v 0.104167 1.000000 -0.381944
v 0.034722 1.000000 -0.451389
v 0.034722 1.000000 -0.520833
v 0.104167 1.000000 -0.451389
v 0.104167 1.000000 -0.520833
v 0.173611 1.000000 -0.312500
v 0.173611 1.000000 -0.381944
v 0.243056 1.000000 -0.312500
v 0.243056 1.000000 -0.381944
v 0.173611 1.000000 -0.451389
v 0.173611 1.000000 -0.520833
v 0.243056 1.000000 -0.451389
v 0.243056 1.000000 -0.520833
v 0.312500 1.000000 -0.034722
v 0.312500 1.000000 -0.104167
v 0.381944 1.000000 -0.034722
v 0.381944 1.000000 -0.104167
v 0.312500 1.000000 -0.173611
v 0.312500 1.000000 -0.243056
v 0.381944 1.000000 -0.173611
v 0.381944 1.000000 -0.243056
v 0.451389 1.000000 -0.034722
v 0.451389 1.000000 -0.104167
v 0.520833 1.000000 -0.034722
v 0.520833 1.000000 -0.104167
v 0.451389 1.000000 -0.173611
v 0.451389 1.000000 -0.243056
v 0.520833 1.000000 -0.173611
v 0.520833 1.000000 -0.243056
v 0.312500 1.000000 -0.312500
v 0.312500 1.000000 -0.381944
v 0.381944 1.000000 -0.312500
v 0.381944 1.000000 -0.381944
v 0.312500 1.000000 -0.451389
v 0.312500 1.000000 -0.520833
v 0.381944 1.000000 -0.451389
v 0.381944 1.000000 -0.520833
v 0.451389 1.000000 -0.312500
v 0.451389 1.000000 -0.381944
v 0.520833 1.000000 -0.312500
v 0.520833 1.000000 -0.381944
v 0.451389 1.000000 -0.451389
v 0.451389 1.000000 -0.520833
v 0.520833 1.000000 -0.451389
v 0.520833 1.000000 -0.520833
v 0.034722 0.034722 -0.998294
v 0.034722 0.104167 -0.998294
v 0.104335 0.034722 -0.994562
v 0.104335 0.104167 -0.994562
v 0.034722 0.173611 -0.998294
v 0.034722 0.243056 -0.998294
v 0.104335 0.173611 -0.994562
v 0.104335 0.243056 -0.994562
v 0.253525 0.034722 -0.966147
v 0.253525 0.104167 -0.966147
v 0.253525 0.173611 -0.966147
v 0.253525 0.243056 -0.966147
v 0.173948 0.034722 -0.984990
v 0.173948 0.104167 -0.984990
v 0.218803 0.034722 -0.974845
v 0.218803 0.104167 -0.974845
v 0.173948 0.173611 -0.984990
v 0.173948 0.243056 -0.984990
v 0.218803 0.173611 -0.974845
v 0.218803 0.243056 -0.974845
v 0.034722 0.312500 -0.998294
v 0.034722 0.381944 -0.998294
v 0.104335 0.312500 -0.994562
v 0.104335 0.381944 -0.994562
v 0.034722 0.451389 -0.998294
v 0.034722 0.520833 -0.998294
v 0.104335 0.451389 -0.994562
v 0.104335 0.520833 -0.994562
v 0.253525 0.312500 -0.966147
v 0.253525 0.381944 -0.966147
v 0.253525 0.451389 -0.966147
v 0.253525 0.520833 -0.966147
v 0.173948 0.312500 -0.984990
v 0.173948 0.381944 -0.984990
v 0.218803 0.312500 -0.974845
v 0.218803 0.381944 -0.974845
v 0.173948 0.451389 -0.984990
v 0.173948 0.520833 -0.984990
v 0.218803 0.451389 -0.974845
v 0.218803 0.520833 -0.974845
v 0.554006 0.034722 -0.832405
v 0.554006 0.104167 -0.832405
v 0.554006 0.173611 -0.832405
v 0.554006 0.243056 -0.832405
v 0.554006 0.312500 -0.832405
v 0.554006 0.381944 -0.832405
v 0.554006 0.451389 -0.832405
v 0.554006 0.520833 -0.832405
v 0.313022 0.034722 -0.950042
v 0.313022 0.104167 -0.950042
v 0.382651 0.034722 -0.923892
v 0.382651 0.104167 -0.923892
v 0.313022 0.173611 -0.950042
v 0.313022 0.243056 -0.950042
v 0.382651 0.173611 -0.923892
v 0.382651 0.243056 -0.923892
v 0.457466 0.034722 -0.889365
v 0.457466 0.104167 -0.889365
v 0.421981 0.034722 -0.905291
v 0.421981 0.104167 -0.905291
v 0.519284 0.034722 -0.853217
v 0.519284 0.104167 -0.853217
v 0.457466 0.173611 -0.889365
v 0.457466 0.243056 -0.889365
v 0.421981 0.173611 -0.905291
v 0.421981 0.243056 -0.905291
v 0.519284 0.173611 -0.853217
v 0.519284 0.243056 -0.853217
v 0.313022 0.312500 -0.950042
v 0.313022 0.381944 -0.950042
v 0.382651 0.312500 -0.923892
v 0.382651 0.381944 -0.923892
v 0.313022 0.451389 -0.950042
v 0.313022 0.520833 -0.950042
v 0.382651 0.451389 -0.923892
v 0.382651 0.520833 -0.923892
v 0.457466 0.312500 -0.889365
v 0.457466 0.381944 -0.889365
v 0.421981 0.312500 -0.905291
v 0.421981 0.381944 -0.905291
v 0.519284 0.312500 -0.853217
v 0.519284 0.381944 -0.853217
v 0.457466 0.451389 -0.889365
v 0.457466 0.520833 -0.889365
v 0.421981 0.451389 -0.905291
v 0.421981 0.520833 -0.905291
v 0.519284 0.451389 -0.853217
v 0.519284 0.520833 -0.853217
v 0.034722 1.000000 -0.590278
v 0.034722 1.000000 -0.659722
v 0.104167 1.000000 -0.590278
v 0.104167 1.000000 -0.659722
v 0.034722 1.000000 -0.729167
v 0.034722 1.000000 -0.798611
v 0.104167 1.000000 -0.729167
v 0.104167 1.000000 -0.798611
v 0.173611 1.000000 -0.590278
v 0.173611 1.000000 -0.659722
v 0.243056 1.000000 -0.590278
v 0.243056 1.000000 -0.659722
v 0.173611 1.000000 -0.729167
v 0.173611 1.000000 -0.798611
v 0.243056 1.000000 -0.729167
v 0.243056 1.000000 -0.798611
v 0.034722 0.590278 -0.998294
v 0.034722 0.659722 -0.998294
v 0.104335 0.590278 -0.994562
v 0.104335 0.659722 -0.994562
v 0.034722 0.729167 -0.998294
v 0.034722 0.798611 -0.998294
v 0.104335 0.729167 -0.994562
v 0.104335 0.798611 -0.994562
v 0.253525 0.590278 -0.966147
v 0.253525 0.659722 -0.966147
v 0.253525 0.729167 -0.966147
v 0.253525 0.798611 -0.966147
v 0.173948 0.590278 -0.984990
v 0.173948 0.659722 -0.984990
v 0.218803 0.590278 -0.974845
v 0.218803 0.659722 -0.974845
v 0.173948 0.729167 -0.984990
v 0.173948 0.798611 -0.984990
v 0.218803 0.729167 -0.974845
v 0.218803 0.798611 -0.974845
v 0.034722 1.000000 -0.868056
v 0.034722 1.000000 -0.937500
v 0.104167 1.000000 -0.868056
v 0.104167 1.000000 -0.937500
v 0.034722 0.868056 -0.998294
v 0.034722 0.937500 -0.998294
v 0.104335 0.868056 -0.994562
v 0.104335 0.937500 -0.994562
v 0.035361 1.000000 -0.998263
v 0.105341 1.000000 -0.994463
v 0.253525 0.868056 -0.966147
v 0.253525 0.937500 -0.966147
v 0.173611 1.000000 -0.868056
v 0.173611 1.000000 -0.937500
v 0.243056 1.000000 -0.868056
v 0.246768 1.000000 -0.967840
v 0.173948 0.868056 -0.984990
v 0.173948 0.937500 -0.984990
v 0.218803 0.868056 -0.974845
v 0.218803 0.937500 -0.974845
v 0.175008 1.000000 -0.984779
v 0.215725 1.000000 -0.975616
v 0.554006 0.590278 -0.832405
v 0.554006 0.659722 -0.832405
v 0.554006 0.729167 -0.832405
v 0.554006 0.798611 -0.832405
v 0.312500 1.000000 -0.590278
v 0.312500 1.000000 -0.659722
v 0.381944 1.000000 -0.590278
v 0.381944 1.000000 -0.659722
v 0.312500 1.000000 -0.729167
v 0.312500 1.000000 -0.798611
v 0.381944 1.000000 -0.729167
v 0.381944 1.000000 -0.798611
v 0.451389 1.000000 -0.590278
v 0.451389 1.000000 -0.659722
v 0.520833 1.000000 -0.590278
v 0.520833 1.000000 -0.659722
v 0.554006 0.868056 -0.832405
v 0.554006 0.937500 -0.832405
v 0.451389 1.000000 -0.729167
v 0.451389 1.000000 -0.798611
v 0.520833 1.000000 -0.729167
v 0.546257 1.000000 -0.837049
v 0.313022 0.590278 -0.950042
v 0.313022 0.659722 -0.950042
v 0.382651 0.590278 -0.923892
v 0.382651 0.659722 -0.923892
v 0.313022 0.729167 -0.950042
v 0.313022 0.798611 -0.950042
v 0.382651 0.729167 -0.923892
v 0.382651 0.798611 -0.923892
v 0.457466 0.590278 -0.889365
v 0.457466 0.659722 -0.889365
v 0.421981 0.590278 -0.905291
v 0.421981 0.659722 -0.905291
v 0.519284 0.590278 -0.853217
v 0.519284 0.659722 -0.853217
v 0.457466 0.729167 -0.889365
v 0.457466 0.798611 -0.889365
v 0.421981 0.729167 -0.905291
v 0.421981 0.798611 -0.905291
v 0.519284 0.729167 -0.853217
v 0.519284 0.798611 -0.853217
v 0.313022 0.868056 -0.950042
v 0.313022 0.937500 -0.950042
v 0.382651 0.868056 -0.923892
v 0.382651 0.937500 -0.923892
v 0.312500 1.000000 -0.868056
v 0.319348 1.000000 -0.948124
v 0.381944 1.000000 -0.868056
v 0.386082 1.000000 -0.922471
v 0.457466 0.868056 -0.889365
v 0.457466 0.937500 -0.889365
v 0.421981 0.868056 -0.905291
v 0.421981 0.937500 -0.905291
v 0.519284 0.868056 -0.853217
v 0.519284 0.937500 -0.853217
v 0.457431 1.000000 -0.889384
v 0.420857 1.000000 -0.905823
v 0.514071 1.000000 -0.856341
v 0.832405 0.034722 -0.554006
v 0.832405 0.104167 -0.554006
v 0.832405 0.173611 -0.554006
v 0.832405 0.243056 -0.554006
v 0.832405 0.312500 -0.554006
v 0.832405 0.381944 -0.554006
v 0.832405 0.451389 -0.554006
v 0.832405 0.520833 -0.554006
v 0.966147 0.034722 -0.253525
v 0.966147 0.104167 -0.253525
v 0.966147 0.173611 -0.253525
v 0.966147 0.243056 -0.253525
v 0.998294 0.034722 -0.034722
v 0.998294 0.104167 -0.034722
v 0.994562 0.034722 -0.104335
v 0.994562 0.104167 -0.104335
v 0.998294 0.173611 -0.034722
v 0.998294 0.243056 -0.034722
v 0.994562 0.173611 -0.104335
v 0.994562 0.243056 -0.104335
v 0.984990 0.034722 -0.173948
v 0.984990 0.104167 -0.173948
v 0.974845 0.034722 -0.218803
v 0.974845 0.104167 -0.218803
v 0.984990 0.173611 -0.173948
v 0.984990 0.243056 -0.173948
v 0.974845 0.173611 -0.218803
v 0.974845 0.243056 -0.218803
v 0.966147 0.312500 -0.253525
v 0.966147 0.381944 -0.253525
v 0.966147 0.451389 -0.253525
v 0.966147 0.520833 -0.253525
v 0.998294 0.312500 -0.034722
v 0.998294 0.381944 -0.034722
v 0.994562 0.312500 -0.104335
v 0.994562 0.381944 -0.104335
v 0.998294 0.451389 -0.034722
v 0.998294 0.520833 -0.034722
v 0.994562 0.451389 -0.104335
v 0.994562 0.520833 -0.104335
v 0.984990 0.312500 -0.173948
v 0.984990 0.381944 -0.173948
v 0.974845 0.312500 -0.218803
v 0.974845 0.381944 -0.218803
v 0.984990 0.451389 -0.173948
v 0.984990 0.520833 -0.173948
v 0.974845 0.451389 -0.218803
v 0.974845 0.520833 -0.218803
v 0.950042 0.034722 -0.313022
v 0.950042 0.104167 -0.313022
v 0.923892 0.034722 -0.382651
v 0.923892 0.104167 -0.382651
v 0.950042 0.173611 -0.313022
v 0.950042 0.243056 -0.313022
v 0.923892 0.173611 -0.382651
v 0.923892 0.243056 -0.382651
v 0.889365 0.034722 -0.457466
v 0.889365 0.104167 -0.457466
v 0.853217 0.034722 -0.519284
v 0.853217 0.104167 -0.519284
v 0.905291 0.034722 -0.421981
v 0.905291 0.104167 -0.421981
v 0.889365 0.173611 -0.457466
v 0.889365 0.243056 -0.457466
v 0.853217 0.173611 -0.519284
v 0.853217 0.243056 -0.519284
v 0.905291 0.173611 -0.421981
v 0.905291 0.243056 -0.421981
v 0.950042 0.312500 -0.313022
v 0.950042 0.381944 -0.313022
v 0.923892 0.312500 -0.382651
v 0.923892 0.381944 -0.382651
v 0.950042 0.451389 -0.313022
v 0.950042 0.520833 -0.313022
v 0.923892 0.451389 -0.382651
v 0.923892 0.520833 -0.382651
v 0.889365 0.312500 -0.457466
v 0.889365 0.381944 -0.457466
v 0.853217 0.312500 -0.519284
v 0.853217 0.381944 -0.519284
v 0.905291 0.312500 -0.421981
v 0.905291 0.381944 -0.421981
v 0.889365 0.451389 -0.457466
v 0.889365 0.520833 -0.457466
v 0.853217 0.451389 -0.519284
v 0.853217 0.520833 -0.519284
v 0.905291 0.451389 -0.421981
v 0.905291 0.520833 -0.421981
v 0.590278 1.000000 -0.034722
v 0.590278 1.000000 -0.104167
v 0.659722 1.000000 -0.034722
v 0.659722 1.000000 -0.104167
v 0.590278 1.000000 -0.173611
v 0.590278 1.000000 -0.243056
v 0.659722 1.000000 -0.173611
v 0.659722 1.000000 -0.243056
v 0.729167 1.000000 -0.034722
v 0.729167 1.000000 -0.104167
v 0.798611 1.000000 -0.034722
v 0.798611 1.000000 -0.104167
v 0.729167 1.000000 -0.173611
v 0.729167 1.000000 -0.243056
v 0.798611 1.000000 -0.173611
v 0.798611 1.000000 -0.243056
v 0.832405 0.590278 -0.554006
v 0.832405 0.659722 -0.554006
v 0.832405 0.729167 -0.554006
v 0.832405 0.798611 -0.554006
v 0.590278 1.000000 -0.312500
v 0.590278 1.000000 -0.381944
v 0.659722 1.000000 -0.312500
v 0.659722 1.000000 -0.381944
v 0.590278 1.000000 -0.451389
v 0.590278 1.000000 -0.520833
v 0.659722 1.000000 -0.451389
v 0.659722 1.000000 -0.520833
v 0.729167 1.000000 -0.312500
v 0.729167 1.000000 -0.381944
v 0.798611 1.000000 -0.312500
v 0.798611 1.000000 -0.381944
v 0.832405 0.868056 -0.554006
v 0.832405 0.937500 -0.554006
v 0.729167 1.000000 -0.451389
v 0.729167 1.000000 -0.520833
v 0.798611 1.000000 -0.451389
v 0.837049 1.000000 -0.546257
v 0.966147 0.590278 -0.253525
v 0.966147 0.659722 -0.253525
v 0.966147 0.729167 -0.253525
v 0.966147 0.798611 -0.253525
v 0.998294 0.590278 -0.034722
v 0.998294 0.659722 -0.034722
v 0.994562 0.590278 -0.104335
v 0.994562 0.659722 -0.104335
v 0.998294 0.729167 -0.034722
v 0.998294 0.798611 -0.034722
v 0.994562 0.729167 -0.104335
v 0.994562 0.798611 -0.104335
v 0.984990 0.590278 -0.173948
v 0.984990 0.659722 -0.173948
v 0.974845 0.590278 -0.218803
v 0.974845 0.659722 -0.218803
v 0.984990 0.729167 -0.173948
v 0.984990 0.798611 -0.173948
v 0.974845 0.729167 -0.218803
v 0.974845 0.798611 -0.218803
v 0.868056 1.000000 -0.034722
v 0.868056 1.000000 -0.104167
v 0.937500 1.000000 -0.034722
v 0.937500 1.000000 -0.104167
v 0.966147 0.868056 -0.253525
v 0.966147 0.937500 -0.253525
v 0.868056 1.000000 -0.173611
v 0.868056 1.000000 -0.243056
v 0.937500 1.000000 -0.173611
v 0.967840 1.000000 -0.246768
v 0.998294 0.868056 -0.034722
v 0.998294 0.937500 -0.034722
v 0.994562 0.868056 -0.104335
v 0.994562 0.937500 -0.104335
v 0.998263 1.000000 -0.035361
v 0.994463 1.000000 -0.105341
v 0.984990 0.868056 -0.173948
v 0.984990 0.937500 -0.173948
v 0.974845 0.868056 -0.218803
v 0.974845 0.937500 -0.218803
v 0.984779 1.000000 -0.175008
v 0.975616 1.000000 -0.215725
v 0.950042 0.590278 -0.313022
v 0.950042 0.659722 -0.313022
v 0.923892 0.590278 -0.382651
v 0.923892 0.659722 -0.382651
v 0.950042 0.729167 -0.313022
v 0.950042 0.798611 -0.313022
v 0.923892 0.729167 -0.382651
v 0.923892 0.798611 -0.382651
v 0.889365 0.590278 -0.457466
v 0.889365 0.659722 -0.457466
v 0.853217 0.590278 -0.519284
v 0.853217 0.659722 -0.519284
v 0.905291 0.590278 -0.421981
v 0.905291 0.659722 -0.421981
v 0.889365 0.729167 -0.457466
v 0.889365 0.798611 -0.457466
v 0.853217 0.729167 -0.519284
v 0.853217 0.798611 -0.519284
v 0.905291 0.729167 -0.421981
v 0.905291 0.798611 -0.421981
v 0.950042 0.868056 -0.313022
v 0.950042 0.937500 -0.313022
v 0.923892 0.868056 -0.382651
v 0.923892 0.937500 -0.382651
v 0.868056 1.000000 -0.312500
v 0.868056 1.000000 -0.381944
v 0.948124 1.000000 -0.319348
v 0.922471 1.000000 -0.386082
v 0.889365 0.868056 -0.457466
v 0.889365 0.937500 -0.457466
v 0.853217 0.868056 -0.519284
v 0.853217 0.937500 -0.519284
v 0.905291 0.868056 -0.421981
v 0.905291 0.937500 -0.421981
v 0.889384 1.000000 -0.457431
v 0.856341 1.000000 -0.514071
v 0.905823 1.000000 -0.420857
v 0.591456 0.034722 -0.807490
v 0.591456 0.104167 -0.807490
v 0.669450 0.034722 -0.741235
v 0.669450 0.104167 -0.741235
v 0.635122 0.034722 -0.772412
v 0.635122 0.104167 -0.772412
v 0.591456 0.173611 -0.807490
v 0.591456 0.243056 -0.807490
v 0.669450 0.173611 -0.741235
v 0.669450 0.243056 -0.741235
v 0.635122 0.173611 -0.772412
v 0.635122 0.243056 -0.772412
v 0.741235 0.034722 -0.669450
v 0.741235 0.104167 -0.669450
v 0.807490 0.034722 -0.591456
v 0.807490 0.104167 -0.591456
v 0.772412 0.034722 -0.635122
v 0.772412 0.104167 -0.635122
v 0.741235 0.173611 -0.669450
v 0.741235 0.243056 -0.669450
v 0.807490 0.173611 -0.591456
v 0.807490 0.243056 -0.591456
v 0.772412 0.173611 -0.635122
v 0.772412 0.243056 -0.635122
v 0.707105 0.034722 -0.707105
v 0.707105 0.104167 -0.707105
v 0.707105 0.173611 -0.707105
v 0.707105 0.243056 -0.707105
v 0.591456 0.312500 -0.807490
v 0.591456 0.381944 -0.807490
v 0.669450 0.312500 -0.741235
v 0.669450 0.381944 -0.741235
v 0.635122 0.312500 -0.772412
v 0.635122 0.381944 -0.772412
v 0.591456 0.451389 -0.807490
v 0.591456 0.520833 -0.807490
v 0.669450 0.451389 -0.741235
v 0.669450 0.520833 -0.741235
v 0.635122 0.451389 -0.772412
v 0.635122 0.520833 -0.772412
v 0.741235 0.312500 -0.669450
v 0.741235 0.381944 -0.669450
v 0.807490 0.312500 -0.591456
v 0.807490 0.381944 -0.591456
v 0.772412 0.312500 -0.635122
v 0.772412 0.381944 -0.635122
v 0.741235 0.451389 -0.669450
v 0.741235 0.520833 -0.669450
v 0.807490 0.451389 -0.591456
v 0.807490 0.520833 -0.591456
v 0.772412 0.451389 -0.635122
v 0.772412 0.520833 -0.635122
v 0.707105 0.312500 -0.707105
v 0.707105 0.381944 -0.707105
v 0.707105 0.451389 -0.707105
v 0.707105 0.520833 -0.707105
v 0.591456 0.590278 -0.807490
v 0.591456 0.659722 -0.807490
v 0.669450 0.590278 -0.741235
v 0.669450 0.659722 -0.741235
v 0.635122 0.590278 -0.772412
v 0.635122 0.659722 -0.772412
v 0.591456 0.729167 -0.807490
v 0.591456 0.798611 -0.807490
v 0.669450 0.729167 -0.741235
v 0.669450 0.798611 -0.741235
v 0.635122 0.729167 -0.772412
v 0.635122 0.798611 -0.772412
v 0.741235 0.590278 -0.669450
v 0.741235 0.659722 -0.669450
v 0.807490 0.590278 -0.591456
v 0.807490 0.659722 -0.591456
v 0.772412 0.590278 -0.635122
v 0.772412 0.659722 -0.635122
v 0.741235 0.729167 -0.669450
v 0.741235 0.798611 -0.669450
v 0.807490 0.729167 -0.591456
v 0.807490 0.798611 -0.591456
v 0.772412 0.729167 -0.635122
v 0.772412 0.798611 -0.635122
v 0.707105 0.590278 -0.707105
v 0.707105 0.659722 -0.707105
v 0.707105 0.729167 -0.707105
v 0.707105 0.798611 -0.707105
v 0.590278 1.000000 -0.590278
v 0.590278 1.000000 -0.659722
v 0.659722 1.000000 -0.590278
v 0.659722 1.000000 -0.659722
v 0.591456 0.868056 -0.807490
v 0.591456 0.937500 -0.807490
v 0.669450 0.868056 -0.741235
v 0.669450 0.937500 -0.741235
v 0.635122 0.868056 -0.772412
v 0.635122 0.937500 -0.772412
v 0.590278 1.000000 -0.729167
v 0.601119 1.000000 -0.801033
v 0.669492 1.000000 -0.741197
v 0.634499 1.000000 -0.772923
v 0.741235 0.868056 -0.669450
v 0.741235 0.937500 -0.669450
v 0.807490 0.868056 -0.591456
v 0.807490 0.937500 -0.591456
v 0.772412 0.868056 -0.635122
v 0.772412 0.937500 -0.635122
v 0.729167 1.000000 -0.590278
v 0.741197 1.000000 -0.669492
v 0.801033 1.000000 -0.601119
v 0.772923 1.000000 -0.634499
v 0.707105 0.868056 -0.707105
v 0.707105 0.937500 -0.707105
v 0.707105 1.000000 -0.707105
vn -0.0000 -1.0000 -0.0000
vn -0.7603 -0.0000 0.6496
vn -0.8090 0.0025 0.5879
vn -0.7588 0.0024 0.6513
vn -0.7406 -0.0000 0.6719
vn -0.6496 -0.0000 0.7603
vn -0.6719 -0.0000 0.7406
vn -0.6513 0.0024 0.7588
vn -0.5879 0.0025 0.8090
vn -0.7071 -0.0000 0.7071
vn -0.8012 0.0034 0.5984
vn -0.7531 -0.0004 0.6579
vn -0.7408 -0.0002 0.6718
vn -0.6718 -0.0002 0.7408
vn -0.6579 -0.0004 0.7531
vn -0.5984 0.0034 0.8012
vn -0.8069 -0.0000 0.5907
vn -0.5907 -0.0000 0.8069
vn -0.8605 -0.0000 0.5095
vn -0.8891 0.0001 0.4577
vn -0.8604 0.0002 0.5096
vn -0.9082 -0.0000 0.4185
vn -0.9080 0.0005 0.4189
vn -0.9209 -0.0000 0.3899
vn -0.9523 0.0007 0.3053
vn -0.9207 0.0013 0.3902
vn -0.8608 0.0003 0.5090
vn -0.8892 0.0001 0.4575
vn -0.9070 0.0001 0.4211
vn -0.9502 0.0004 0.3117
vn -0.9182 -0.0002 0.3961
vn -0.8891 -0.0000 0.4578
vn -0.9518 -0.0000 0.3068
vn -0.9728 -0.0000 0.2318
vn -0.9840 0.0002 0.1784
vn -0.9727 0.0003 0.2320
vn -0.9942 -0.0000 0.1071
vn -0.9996 -0.0000 0.0267
vn -0.9943 0.0001 0.1070
vn -0.9676 -0.0007 0.2526
vn -0.9839 -0.0000 0.1786
vn -0.9729 0.0004 0.2311
vn -0.9838 -0.0003 0.1792
vn -0.9996 -0.0001 0.0267
vn -0.9942 -0.0002 0.1079
vn -0.9678 -0.0010 0.2519
vn -0.9677 -0.0000 0.2521
vn -0.8448 -0.0019 0.5351
vn -0.8474 -0.0016 0.5309
vn -0.8454 -0.0000 0.5342
vn -0.4185 -0.0000 0.9082
vn -0.4577 0.0001 0.8891
vn -0.4189 0.0005 0.9080
vn -0.5095 -0.0000 0.8605
vn -0.5096 0.0002 0.8604
vn -0.3053 0.0007 0.9523
vn -0.3899 -0.0000 0.9209
vn -0.3902 0.0013 0.9207
vn -0.4575 0.0001 0.8892
vn -0.4211 0.0001 0.9070
vn -0.5090 0.0003 0.8608
vn -0.3117 0.0004 0.9502
vn -0.3961 -0.0002 0.9182
vn -0.4578 -0.0000 0.8891
vn -0.3068 -0.0000 0.9518
vn -0.1784 0.0002 0.9839
vn -0.2318 -0.0000 0.9728
vn -0.2320 0.0003 0.9727
vn -0.0267 -0.0000 0.9996
vn -0.1071 -0.0000 0.9942
vn -0.1070 0.0001 0.9943
vn -0.1786 -0.0000 0.9839
vn -0.2526 -0.0007 0.9676
vn -0.2311 0.0004 0.9729
vn -0.0267 -0.0001 0.9996
vn -0.1079 -0.0002 0.9942
vn -0.2519 -0.0010 0.9678
vn -0.1792 -0.0003 0.9838
vn -0.2521 -0.0000 0.9677
vn -0.5351 -0.0019 0.8448
vn -0.5309 -0.0016 0.8474
vn -0.5342 -0.0000 0.8454
vn -0.7588 -0.0024 0.6513
vn -0.0000 1.0000 -0.0000
vn -0.6513 -0.0024 0.7588
vn -0.8012 -0.0034 0.5984
vn -0.8090 -0.0025 0.5879
vn -0.7408 0.0002 0.6718
vn -0.7531 0.0004 0.6579
vn -0.6718 0.0002 0.7408
vn -0.5984 -0.0034 0.8012
vn -0.6579 0.0004 0.7531
vn -0.8604 -0.0002 0.5096
vn -0.9080 -0.0005 0.4189
vn -0.9207 -0.0013 0.3902
vn -0.8608 -0.0003 0.5090
vn -0.8891 -0.0001 0.4577
vn -0.8892 -0.0001 0.4575
vn -0.9070 -0.0001 0.4211
vn -0.9502 -0.0004 0.3117
vn -0.9523 -0.0007 0.3053
vn -0.9182 0.0002 0.3961
vn -0.9727 -0.0003 0.2320
vn -0.9943 -0.0001 0.1070
vn -0.9839 -0.0002 0.1784
vn -0.9729 -0.0004 0.2311
vn -0.9996 0.0001 0.0267
vn -0.9942 0.0002 0.1079
vn -0.9678 0.0010 0.2519
vn -0.8474 0.0016 0.5309
vn -0.9676 0.0007 0.2526
vn -0.4189 -0.0005 0.9080
vn -0.5096 -0.0002 0.8604
vn -0.3902 -0.0013 0.9207
vn -0.4575 -0.0001 0.8892
vn -0.4577 -0.0001 0.8891
vn -0.5090 -0.0003 0.8608
vn -0.3117 -0.0004 0.9502
vn -0.3961 0.0002 0.9182
vn -0.4211 -0.0001 0.9070
vn -0.2320 -0.0003 0.9727
vn -0.1070 -0.0001 0.9943
vn -0.1784 -0.0002 0.9839
vn -0.2311 -0.0004 0.9729
vn -0.0267 0.0001 0.9996
vn -0.1079 0.0002 0.9942
vn -0.2519 0.0010 0.9678
vn -0.2526 0.0007 0.9676
vn -0.1792 0.0003 0.9838
vn -0.3053 -0.0007 0.9523
vn -0.5309 0.0016 0.8474
vn -0.5351 0.0019 0.8448
vn -0.5879 -0.0025 0.8090
vn -0.8448 0.0019 0.5351
vn -0.9992 -0.0000 -0.0390
vn -0.9955 0.0001 -0.0948
vn -0.9839 -0.0000 -0.1786
vn -0.9727 0.0003 -0.2320
vn -0.9839 0.0002 -0.1784
vn -0.9677 -0.0000 -0.2521
vn -0.9728 -0.0000 -0.2318
vn -0.9955 -0.0000 -0.0950
vn -0.9992 -0.0003 -0.0394
vn -0.9954 -0.0004 -0.0961
vn -0.9729 0.0004 -0.2311
vn -0.9838 -0.0003 -0.1792
vn -0.9678 -0.0010 -0.2519
vn -0.9518 -0.0000 -0.3068
vn -0.9207 0.0013 -0.3902
vn -0.9523 0.0007 -0.3053
vn -0.8891 -0.0000 -0.4578
vn -0.8604 0.0002 -0.5096
vn -0.8891 0.0001 -0.4577
vn -0.9080 0.0005 -0.4189
vn -0.9082 -0.0000 -0.4185
vn -0.9209 -0.0000 -0.3899
vn -0.9502 0.0004 -0.3117
vn -0.9182 -0.0002 -0.3961
vn -0.8608 0.0003 -0.5090
vn -0.8892 0.0001 -0.4575
vn -0.9070 0.0001 -0.4211
vn -0.8605 -0.0000 -0.5095
vn -0.8454 -0.0000 -0.5342
vn -0.8474 -0.0016 -0.5309
vn -0.9676 -0.0007 -0.2526
vn -0.8069 -0.0000 -0.5907
vn -0.7588 0.0024 -0.6513
vn -0.8090 0.0025 -0.5879
vn -0.7406 -0.0000 -0.6719
vn -0.7603 -0.0000 -0.6496
vn -0.6719 -0.0000 -0.7406
vn -0.6513 0.0024 -0.7588
vn -0.5907 -0.0000 -0.8069
vn -0.6496 -0.0000 -0.7603
vn -0.7071 -0.0000 -0.7071
vn -0.8012 0.0034 -0.5984
vn -0.7531 -0.0004 -0.6579
vn -0.7408 -0.0002 -0.6718
vn -0.6718 -0.0002 -0.7408
vn -0.6579 -0.0004 -0.7531
vn -0.5984 0.0034 -0.8012
vn -0.4578 -0.0000 -0.8891
vn -0.4189 0.0005 -0.9080
vn -0.4577 0.0001 -0.8891
vn -0.5096 0.0002 -0.8604
vn -0.5095 -0.0000 -0.8605
vn -0.3068 -0.0000 -0.9518
vn -0.3902 0.0013 -0.9207
vn -0.3899 -0.0000 -0.9209
vn -0.4185 -0.0000 -0.9082
vn -0.4575 0.0001 -0.8892
vn -0.4211 0.0001 -0.9070
vn -0.5090 0.0003 -0.8608
vn -0.3117 0.0004 -0.9502
vn -0.3961 -0.0002 -0.9182
vn -0.1786 -0.0000 -0.9839
vn -0.2320 0.0003 -0.9727
vn -0.2318 -0.0000 -0.9728
vn -0.0267 -0.0000 -0.9996
vn -0.1070 0.0001 -0.9943
vn -0.1071 -0.0000 -0.9942
vn -0.1784 0.0002 -0.9840
vn -0.2521 -0.0000 -0.9677
vn -0.2526 -0.0007 -0.9676
vn -0.2311 0.0004 -0.9729
vn -0.0267 -0.0001 -0.9996
vn -0.1079 -0.0002 -0.9942
vn -0.2519 -0.0010 -0.9678
vn -0.1792 -0.0003 -0.9838
vn -0.3053 0.0007 -0.9523
vn -0.5342 -0.0000 -0.8454
vn -0.5351 -0.0019 -0.8448
vn -0.5309 -0.0016 -0.8474
vn -0.5879 0.0025 -0.8090
vn -0.8448 -0.0019 -0.5351
vn -0.9839 -0.0002 -0.1784
vn -0.9676 0.0007 -0.2526
vn -0.9727 -0.0003 -0.2320
vn -0.9955 -0.0001 -0.0948
vn -0.9992 0.0003 -0.0394
vn -0.9729 -0.0004 -0.2311
vn -0.9954 0.0004 -0.0961
vn -0.9678 0.0010 -0.2519
vn -0.9523 -0.0007 -0.3053
vn -0.8891 -0.0001 -0.4577
vn -0.9080 -0.0005 -0.4189
vn -0.9207 -0.0013 -0.3902
vn -0.9502 -0.0004 -0.3117
vn -0.8608 -0.0003 -0.5090
vn -0.8604 -0.0002 -0.5096
vn -0.8892 -0.0001 -0.4575
vn -0.9070 -0.0001 -0.4211
vn -0.9182 0.0002 -0.3961
vn -0.8448 0.0019 -0.5351
vn -0.8474 0.0016 -0.5309
vn -0.8090 -0.0025 -0.5879
vn -0.7588 -0.0024 -0.6513
vn -0.5879 -0.0025 -0.8090
vn -0.6513 -0.0024 -0.7588
vn -0.8012 -0.0034 -0.5984
vn -0.7408 0.0002 -0.6718
vn -0.7531 0.0004 -0.6579
vn -0.6718 0.0002 -0.7408
vn -0.5984 -0.0034 -0.8012
vn -0.6579 0.0004 -0.7531
vn -0.4577 -0.0001 -0.8891
vn -0.5096 -0.0002 -0.8604
vn -0.3053 -0.0007 -0.9523
vn -0.3902 -0.0013 -0.9207
vn -0.4189 -0.0005 -0.9080
vn -0.4575 -0.0001 -0.8892
vn -0.5090 -0.0003 -0.8608
vn -0.3117 -0.0004 -0.9502
vn -0.3961 0.0002 -0.9182
vn -0.4211 -0.0001 -0.9070
vn -0.1784 -0.0002 -0.9840
vn -0.2320 -0.0003 -0.9727
vn -0.1070 -0.0001 -0.9943
vn -0.2526 0.0007 -0.9676
vn -0.2311 -0.0004 -0.9729
vn -0.0267 0.0001 -0.9996
vn -0.1079 0.0002 -0.9942
vn -0.2519 0.0010 -0.9678
vn -0.1792 0.0003 -0.9838
vn -0.5351 0.0019 -0.8448
vn -0.5309 0.0016 -0.8474
vn 0.0948 0.0001 0.9955
vn 0.0390 -0.0000 0.9992
vn 0.2320 0.0003 0.9727
vn 0.1786 -0.0000 0.9839
vn 0.1784 0.0002 0.9839
vn 0.0950 -0.0000 0.9955
vn 0.2521 -0.0000 0.9677
vn 0.2526 -0.0007 0.9676
vn 0.0394 -0.0003 0.9992
vn 0.2311 0.0004 0.9729
vn 0.1792 -0.0003 0.9838
vn 0.2519 -0.0010 0.9678
vn 0.0961 -0.0004 0.9954
vn 0.2318 -0.0000 0.9728
vn 0.3902 0.0013 0.9207
vn 0.3068 -0.0000 0.9518
vn 0.3053 0.0007 0.9523
vn 0.4578 -0.0000 0.8891
vn 0.4189 0.0005 0.9080
vn 0.4577 0.0001 0.8891
vn 0.5096 0.0002 0.8604
vn 0.3899 -0.0000 0.9209
vn 0.3117 0.0004 0.9502
vn 0.4575 0.0001 0.8892
vn 0.4211 0.0001 0.9070
vn 0.5090 0.0003 0.8608
vn 0.3961 -0.0002 0.9182
vn 0.4185 -0.0000 0.9082
vn 0.5095 -0.0000 0.8605
vn 0.5342 -0.0000 0.8454
vn 0.5351 -0.0019 0.8448
vn 0.5309 -0.0016 0.8474
vn 0.6719 -0.0000 0.7406
vn 0.6513 0.0024 0.7588
vn 0.5907 -0.0000 0.8069
vn 0.5879 0.0025 0.8090
vn 0.8069 -0.0000 0.5907
vn 0.7588 0.0024 0.6513
vn 0.8090 0.0025 0.5879
vn 0.7406 -0.0000 0.6719
vn 0.7071 -0.0000 0.7071
vn 0.6718 -0.0002 0.7408
vn 0.6579 -0.0004 0.7531
vn 0.5984 0.0034 0.8012
vn 0.8012 0.0034 0.5984
vn 0.7531 -0.0004 0.6579
vn 0.7408 -0.0002 0.6718
vn 0.6496 -0.0000 0.7603
vn 0.7603 -0.0000 0.6496
vn 0.8891 -0.0000 0.4578
vn 0.8604 0.0002 0.5096
vn 0.8891 0.0001 0.4577
vn 0.9080 0.0005 0.4189
vn 0.9518 -0.0000 0.3068
vn 0.9207 0.0013 0.3902
vn 0.9523 0.0007 0.3053
vn 0.9209 -0.0000 0.3899
vn 0.8608 0.0003 0.5090
vn 0.8892 0.0001 0.4575
vn 0.9502 0.0004 0.3117
vn 0.9182 -0.0002 0.3961
vn 0.9070 0.0001 0.4211
vn 0.8605 -0.0000 0.5095
vn 0.9082 -0.0000 0.4185
vn 0.9839 -0.0000 0.1786
vn 0.9727 0.0003 0.2320
vn 0.9840 0.0002 0.1784
vn 0.9996 -0.0000 0.0267
vn 0.9943 0.0001 0.1070
vn 0.9677 -0.0000 0.2521
vn 0.9676 -0.0007 0.2526
vn 0.9942 -0.0000 0.1071
vn 0.9729 0.0004 0.2311
vn 0.9838 -0.0003 0.1792
vn 0.9996 -0.0001 0.0267
vn 0.9942 -0.0002 0.1079
vn 0.9678 -0.0010 0.2519
vn 0.9728 -0.0000 0.2318
vn 0.8454 -0.0000 0.5342
vn 0.8448 -0.0019 0.5351
vn 0.8474 -0.0016 0.5309
vn 0.1784 -0.0002 0.9839
vn 0.0948 -0.0001 0.9955
vn 0.2526 0.0007 0.9676
vn 0.0394 0.0003 0.9992
vn 0.2311 -0.0004 0.9729
vn 0.1792 0.0003 0.9838
vn 0.2519 0.0010 0.9678
vn 0.2320 -0.0003 0.9727
vn 0.0961 0.0004 0.9954
vn 0.3053 -0.0007 0.9523
vn 0.4577 -0.0001 0.8891
vn 0.3902 -0.0013 0.9207
vn 0.3117 -0.0004 0.9502
vn 0.4575 -0.0001 0.8892
vn 0.4189 -0.0005 0.9080
vn 0.5090 -0.0003 0.8608
vn 0.3961 0.0002 0.9182
vn 0.5351 0.0019 0.8448
vn 0.5309 0.0016 0.8474
vn 0.5096 -0.0002 0.8604
vn 0.5879 -0.0025 0.8090
vn 0.8090 -0.0025 0.5879
vn 0.6718 0.0002 0.7408
vn 0.6513 -0.0024 0.7588
vn 0.5984 -0.0034 0.8012
vn 0.8012 -0.0034 0.5984
vn 0.7588 -0.0024 0.6513
vn 0.7408 0.0002 0.6718
vn 0.8891 -0.0001 0.4577
vn 0.9523 -0.0007 0.3053
vn 0.9207 -0.0013 0.3902
vn 0.8608 -0.0003 0.5090
vn 0.8604 -0.0002 0.5096
vn 0.9080 -0.0005 0.4189
vn 0.8892 -0.0001 0.4575
vn 0.9502 -0.0004 0.3117
vn 0.9182 0.0002 0.3961
vn 0.9839 -0.0002 0.1784
vn 0.9676 0.0007 0.2526
vn 0.9943 -0.0001 0.1070
vn 0.9729 -0.0004 0.2311
vn 0.9727 -0.0003 0.2320
vn 0.9996 0.0001 0.0267
vn 0.9942 0.0002 0.1079
vn 0.9678 0.0010 0.2519
vn 0.8448 0.0019 0.5351
vn 0.8474 0.0016 0.5309
vn 0.0950 -0.0000 -0.9955
vn 0.0390 -0.0000 -0.9992
vn 0.2318 -0.0000 -0.9728
vn 0.1784 0.0002 -0.9839
vn 0.1786 -0.0000 -0.9839
vn 0.0948 0.0001 -0.9955
vn 0.2526 -0.0007 -0.9676
vn 0.2320 0.0003 -0.9727
vn 0.0394 -0.0003 -0.9992
vn 0.2311 0.0004 -0.9729
vn 0.1792 -0.0003 -0.9838
vn 0.2519 -0.0010 -0.9678
vn 0.0961 -0.0004 -0.9954
vn 0.2521 -0.0000 -0.9677
vn 0.3899 -0.0000 -0.9209
vn 0.3053 0.0007 -0.9523
vn 0.3068 -0.0000 -0.9518
vn 0.4185 -0.0000 -0.9082
vn 0.4577 0.0001 -0.8891
vn 0.4189 0.0005 -0.9080
vn 0.5095 -0.0000 -0.8605
vn 0.4578 -0.0000 -0.8891
vn 0.3902 0.0013 -0.9207
vn 0.3117 0.0004 -0.9502
vn 0.4575 0.0001 -0.8892
vn 0.4211 0.0001 -0.9070
vn 0.5090 0.0003 -0.8608
vn 0.3961 -0.0002 -0.9182
vn 0.5351 -0.0019 -0.8448
vn 0.5096 0.0002 -0.8604
vn 0.5309 -0.0016 -0.8474
vn 0.5342 -0.0000 -0.8454
vn 0.9955 -0.0000 -0.0950
vn 0.9992 -0.0000 -0.0390
vn 0.9955 0.0001 -0.0948
vn 0.9728 -0.0000 -0.2318
vn 0.9839 0.0002 -0.1784
vn 0.9727 0.0003 -0.2320
vn 0.9676 -0.0007 -0.2526
vn 0.9677 -0.0000 -0.2521
vn 0.9839 -0.0000 -0.1786
vn 0.9992 -0.0003 -0.0394
vn 0.9954 -0.0004 -0.0961
vn 0.9729 0.0004 -0.2311
vn 0.9838 -0.0003 -0.1792
vn 0.9678 -0.0010 -0.2519
vn 0.9209 -0.0000 -0.3899
vn 0.9523 0.0007 -0.3053
vn 0.9207 0.0013 -0.3902
vn 0.8605 -0.0000 -0.5095
vn 0.8891 0.0001 -0.4577
vn 0.8604 0.0002 -0.5096
vn 0.9082 -0.0000 -0.4185
vn 0.8891 -0.0000 -0.4578
vn 0.9080 0.0005 -0.4189
vn 0.9502 0.0004 -0.3117
vn 0.9182 -0.0002 -0.3961
vn 0.8608 0.0003 -0.5090
vn 0.8892 0.0001 -0.4575
vn 0.9070 0.0001 -0.4211
vn 0.9518 -0.0000 -0.3068
vn 0.8448 -0.0019 -0.5351
vn 0.8454 -0.0000 -0.5342
vn 0.8474 -0.0016 -0.5309
vn 0.6496 -0.0000 -0.7603
vn 0.6719 -0.0000 -0.7406
vn 0.6513 0.0024 -0.7588
vn 0.5879 0.0025 -0.8090
vn 0.5907 -0.0000 -0.8069
vn 0.7603 -0.0000 -0.6496
vn 0.8090 0.0025 -0.5879
vn 0.7588 0.0024 -0.6513
vn 0.7406 -0.0000 -0.6719
vn 0.7071 -0.0000 -0.7071
vn 0.6718 -0.0002 -0.7408
vn 0.6579 -0.0004 -0.7531
vn 0.5984 0.0034 -0.8012
vn 0.8012 0.0034 -0.5984
vn 0.7531 -0.0004 -0.6579
vn 0.7408 -0.0002 -0.6718
vn 0.8069 -0.0000 -0.5907
vn 0.0948 -0.0001 -0.9955
vn 0.2320 -0.0003 -0.9727
vn 0.1784 -0.0002 -0.9839
vn 0.0394 0.0003 -0.9992
vn 0.2311 -0.0004 -0.9729
vn 0.1792 0.0003 -0.9838
vn 0.2519 0.0010 -0.9678
vn 0.2526 0.0007 -0.9676
vn 0.0961 0.0004 -0.9954
vn 0.3902 -0.0013 -0.9207
vn 0.3053 -0.0007 -0.9523
vn 0.4189 -0.0005 -0.9080
vn 0.5096 -0.0002 -0.8604
vn 0.4577 -0.0001 -0.8891
vn 0.3117 -0.0004 -0.9502
vn 0.4575 -0.0001 -0.8892
vn 0.5090 -0.0003 -0.8608
vn 0.3961 0.0002 -0.9182
vn 0.5309 0.0016 -0.8474
vn 0.5351 0.0019 -0.8448
vn 0.9955 -0.0001 -0.0948
vn 0.9727 -0.0003 -0.2320
vn 0.9676 0.0007 -0.2526
vn 0.9839 -0.0002 -0.1784
vn 0.9992 0.0003 -0.0394
vn 0.9729 -0.0004 -0.2311
vn 0.9954 0.0004 -0.0961
vn 0.9678 0.0010 -0.2519
vn 0.9207 -0.0013 -0.3902
vn 0.8604 -0.0002 -0.5096
vn 0.9080 -0.0005 -0.4189
vn 0.8891 -0.0001 -0.4577
vn 0.9502 -0.0004 -0.3117
vn 0.9523 -0.0007 -0.3053
vn 0.8608 -0.0003 -0.5090
vn 0.8892 -0.0001 -0.4575
vn 0.9182 0.0002 -0.3961
vn 0.8448 0.0019 -0.5351
vn 0.8474 0.0016 -0.5309
vn 0.6513 -0.0024 -0.7588
vn 0.5879 -0.0025 -0.8090
vn 0.7588 -0.0024 -0.6513
vn 0.6718 0.0002 -0.7408
vn 0.5984 -0.0034 -0.8012
vn 0.8012 -0.0034 -0.5984
vn 0.8090 -0.0025 -0.5879
vn 0.7408 0.0002 -0.6718
vn -0.9838 0.0003 0.1792
vn -0.9838 0.0003 -0.1792
vn 0.4211 -0.0001 0.9070
vn 0.6579 0.0004 0.7531
vn 0.7531 0.0004 0.6579
vn 0.9070 -0.0001 0.4211
vn 0.9838 0.0003 0.1792
vn 0.4211 -0.0001 -0.9070
vn 0.9838 0.0003 -0.1792
vn 0.9070 -0.0001 -0.4211
vn 0.6579 0.0004 -0.7531
vn 0.7531 0.0004 -0.6579
vt 0.859397 -0.000001
vt 0.858308 -0.000001
vt 0.866917 -0.000001
vt 0.859525 0.065972
vt 0.850615 0.031250
vt 0.859525 0.031250
vt 0.866908 0.031250
vt 0.890603 -0.000001
vt 0.891692 -0.000001
vt 0.897540 -0.000001
vt 0.890475 0.065972
vt 0.883092 0.031250
vt 0.890475 0.031250
vt 0.899385 0.031250
vt 0.866167 -0.000001
vt 0.883833 -0.000001
vt 0.875000 -0.000001
vt 0.875000 0.065972
vt 0.875000 0.031250
vt 0.883083 -0.000001
vt 0.852460 -0.000001
vt 0.859525 0.135417
vt 0.850615 0.100694
vt 0.859525 0.100694
vt 0.866908 0.100694
vt 0.859525 0.204861
vt 0.850615 0.170139
vt 0.859525 0.170139
vt 0.866908 0.170139
vt 0.890475 0.135417
vt 0.883092 0.100694
vt 0.890475 0.100694
vt 0.899385 0.100694
vt 0.890475 0.204861
vt 0.883092 0.170139
vt 0.890475 0.170139
vt 0.899385 0.170139
vt 0.875000 0.135417
vt 0.875000 0.100694
vt 0.875000 0.204861
vt 0.875000 0.170139
vt 0.850615 0.135417
vt 0.866908 0.135417
vt 0.883092 0.135417
vt 0.899385 0.135417
vt 0.850615 0.065972
vt 0.866908 0.065972
vt 0.883092 0.065972
vt 0.899385 0.065972
vt 0.859525 0.274306
vt 0.850615 0.239583
vt 0.859525 0.239583
vt 0.866908 0.239583
vt 0.859525 0.343750
vt 0.850615 0.309028
vt 0.859525 0.309028
vt 0.866908 0.309028
vt 0.890475 0.274306
vt 0.883092 0.239583
vt 0.890475 0.239583
vt 0.899385 0.239583
vt 0.890475 0.343750
vt 0.883092 0.309028
vt 0.890475 0.309028
vt 0.899385 0.309028
vt 0.875000 0.274306
vt 0.875000 0.239583
vt 0.875000 0.343750
vt 0.875000 0.309028
vt 0.850615 0.274306
vt 0.866908 0.274306
vt 0.883092 0.274306
vt 0.899385 0.274306
vt 0.859525 0.413195
vt 0.850615 0.378472
vt 0.859525 0.378472
vt 0.866908 0.378472
vt 0.859525 0.482639
vt 0.850615 0.447917
vt 0.859525 0.447917
vt 0.866908 0.447917
vt 0.890475 0.413195
vt 0.883092 0.378472
vt 0.890475 0.378472
vt 0.899385 0.378472
vt 0.890475 0.482639
vt 0.883092 0.447917
vt 0.890475 0.447917
vt 0.899385 0.447917
vt 0.875000 0.413195
vt 0.875000 0.378472
vt 0.875000 0.482639
vt 0.875000 0.447917
vt 0.850615 0.413195
vt 0.866908 0.413195
vt 0.883092 0.413195
vt 0.899385 0.413195
vt 0.850615 0.343750
vt 0.866908 0.343750
vt 0.883092 0.343750
vt 0.899385 0.343750
vt 0.837016 0.065972
vt 0.825612 0.031250
vt 0.837016 0.031250
vt 0.819421 0.065972
vt 0.819421 0.031250
vt 0.813085 -0.000001
vt 0.804997 -0.000001
vt 0.815971 -0.000001
vt 0.812494 0.065972
vt 0.800656 0.031250
vt 0.812494 0.031250
vt 0.819223 -0.000001
vt 0.825605 -0.000001
vt 0.836047 -0.000001
vt 0.801707 -0.000001
vt 0.837016 0.135417
vt 0.825612 0.100694
vt 0.837016 0.100694
vt 0.819421 0.135417
vt 0.819421 0.100694
vt 0.837016 0.204861
vt 0.825612 0.170139
vt 0.837016 0.170139
vt 0.819421 0.204861
vt 0.819421 0.170139
vt 0.812494 0.135417
vt 0.800656 0.100694
vt 0.812494 0.100694
vt 0.812494 0.204861
vt 0.800656 0.170139
vt 0.812494 0.170139
vt 0.825612 0.135417
vt 0.800656 0.135417
vt 0.785141 0.065972
vt 0.777820 0.031250
vt 0.785141 0.031250
vt 0.766635 0.065972
vt 0.755524 0.031250
vt 0.766635 0.031250
vt 0.779143 -0.000001
vt 0.793451 -0.000001
vt 0.789733 -0.000001
vt 0.755892 -0.000001
vt 0.769008 -0.000001
vt 0.767612 -0.000001
vt 0.784635 -0.000001
vt 0.790843 0.031250
vt 0.766796 -0.000001
vt 0.781416 -0.000001
vt 0.777820 0.065972
vt 0.777992 -0.000001
vt 0.755524 -0.000001
vt 0.785141 0.135417
vt 0.777820 0.100694
vt 0.785141 0.100694
vt 0.785141 0.204861
vt 0.777820 0.170139
vt 0.785141 0.170139
vt 0.766635 0.135417
vt 0.755524 0.100694
vt 0.766635 0.100694
vt 0.766635 0.204861
vt 0.755524 0.170139
vt 0.766635 0.170139
vt 0.790843 0.100694
vt 0.790843 0.170139
vt 0.777820 0.135417
vt 0.777820 0.204861
vt 0.755524 0.135417
vt 0.790843 0.135417
vt 0.831877 -0.000001
vt 0.848716 -0.000001
vt 0.842023 -0.000001
vt 0.809363 -0.000001
vt 0.826794 -0.000001
vt 0.821000 -0.000001
vt 0.845501 -0.000001
vt 0.865066 -0.000001
vt 0.856362 -0.000001
vt 0.820406 -0.000001
vt 0.841403 -0.000001
vt 0.833524 -0.000001
vt 0.838221 -0.000001
vt 0.814441 -0.000001
vt 0.853904 -0.000001
vt 0.784069 -0.000001
vt 0.801208 -0.000001
vt 0.797021 -0.000001
vt 0.756915 -0.000001
vt 0.772584 -0.000001
vt 0.770643 -0.000001
vt 0.790954 -0.000001
vt 0.812167 -0.000001
vt 0.806180 -0.000001
vt 0.758369 -0.000001
vt 0.777800 -0.000001
vt 0.774924 -0.000001
vt 0.787201 -0.000001
vt 0.757573 -0.000001
vt 0.795527 -0.000001
vt 0.843461 0.031250
vt 0.843461 0.100694
vt 0.843461 0.170139
vt 0.843461 0.135417
vt 0.756363 -0.000001
vt 0.800656 0.065972
vt 0.827492 -0.000001
vt 0.800656 0.204861
vt 0.825612 0.065972
vt 0.755524 0.065972
vt 0.790843 0.065972
vt 0.843461 0.065972
vt 0.837016 0.274306
vt 0.825612 0.239583
vt 0.837016 0.239583
vt 0.819421 0.274306
vt 0.819421 0.239583
vt 0.837016 0.343750
vt 0.825612 0.309028
vt 0.837016 0.309028
vt 0.819421 0.343750
vt 0.819421 0.309028
vt 0.812494 0.274306
vt 0.800656 0.239583
vt 0.812494 0.239583
vt 0.812494 0.343750
vt 0.800656 0.309028
vt 0.812494 0.309028
vt 0.825612 0.274306
vt 0.800656 0.274306
vt 0.837016 0.413195
vt 0.825612 0.378472
vt 0.837016 0.378472
vt 0.819421 0.413195
vt 0.819421 0.378472
vt 0.837016 0.482639
vt 0.825612 0.447917
vt 0.837016 0.447917
vt 0.819421 0.482639
vt 0.819421 0.447917
vt 0.812494 0.413195
vt 0.800656 0.378472
vt 0.812494 0.378472
vt 0.812494 0.482639
vt 0.800656 0.447917
vt 0.812494 0.447917
vt 0.825612 0.413195
vt 0.800656 0.413194
vt 0.785141 0.274306
vt 0.777820 0.239583
vt 0.785141 0.239583
vt 0.785141 0.343750
vt 0.777820 0.309028
vt 0.785141 0.309028
vt 0.766635 0.274306
vt 0.755524 0.239583
vt 0.766635 0.239583
vt 0.766635 0.343750
vt 0.755524 0.309028
vt 0.766635 0.309028
vt 0.790843 0.239583
vt 0.790843 0.309028
vt 0.777820 0.274306
vt 0.777820 0.343750
vt 0.755524 0.274306
vt 0.790843 0.274306
vt 0.785141 0.413194
vt 0.777820 0.378472
vt 0.785141 0.378472
vt 0.785141 0.482639
vt 0.777820 0.447917
vt 0.785141 0.447917
vt 0.766635 0.413194
vt 0.755524 0.378472
vt 0.766635 0.378472
vt 0.766635 0.482639
vt 0.755524 0.447917
vt 0.766635 0.447917
vt 0.790843 0.378472
vt 0.790843 0.447917
vt 0.777820 0.413194
vt 0.777820 0.482639
vt 0.755524 0.413194
vt 0.790843 0.413194
vt 0.843461 0.239583
vt 0.843461 0.309028
vt 0.843461 0.274306
vt 0.843461 0.378472
vt 0.843461 0.447917
vt 0.843461 0.413195
vt 0.800656 0.343750
vt 0.800656 0.482639
vt 0.825612 0.343750
vt 0.755524 0.343750
vt 0.790843 0.343750
vt 0.843461 0.343750
vt 0.930579 0.065972
vt 0.924388 0.031250
vt 0.930579 0.031250
vt 0.912984 0.065972
vt 0.912984 0.031250
vt 0.936915 -0.000001
vt 0.945003 -0.000001
vt 0.948293 -0.000001
vt 0.949344 0.031250
vt 0.937506 0.065972
vt 0.937506 0.031250
vt 0.930777 -0.000001
vt 0.934029 -0.000001
vt 0.924395 -0.000001
vt 0.913953 -0.000001
vt 0.930579 0.135417
vt 0.924388 0.100694
vt 0.930579 0.100694
vt 0.912984 0.135417
vt 0.912984 0.100694
vt 0.930579 0.204861
vt 0.924388 0.170139
vt 0.930579 0.170139
vt 0.912984 0.204861
vt 0.912984 0.170139
vt 0.949344 0.100694
vt 0.937506 0.135417
vt 0.937506 0.100694
vt 0.949344 0.170139
vt 0.937506 0.204861
vt 0.937506 0.170139
vt 0.924388 0.135417
vt 0.949344 0.135417
vt 0.901284 -0.000001
vt 0.918123 -0.000001
vt 0.907977 -0.000001
vt 0.884934 -0.000001
vt 0.904499 -0.000001
vt 0.893638 -0.000001
vt 0.923206 -0.000001
vt 0.940637 -0.000001
vt 0.929000 -0.000001
vt 0.908597 -0.000001
vt 0.929594 -0.000001
vt 0.916476 -0.000001
vt 0.911779 -0.000001
vt 0.896096 -0.000001
vt 0.935560 -0.000001
vt 0.972180 0.031250
vt 0.964859 0.065972
vt 0.964859 0.031250
vt 0.956549 -0.000001
vt 0.970857 -0.000001
vt 0.960267 -0.000001
vt 0.994476 0.031250
vt 0.983365 0.065972
vt 0.983365 0.031250
vt 0.980992 -0.000001
vt 0.994108 -0.000001
vt 0.982388 -0.000001
vt 0.972180 0.065972
vt 0.968584 -0.000001
vt 0.965365 -0.000001
vt 0.972008 -0.000001
vt 0.983204 -0.000001
vt 0.994476 -0.000001
vt 0.959157 0.031250
vt 0.972180 0.100695
vt 0.964859 0.135417
vt 0.964859 0.100695
vt 0.972180 0.170139
vt 0.964859 0.204861
vt 0.964859 0.170139
vt 0.994476 0.100695
vt 0.983365 0.135417
vt 0.983365 0.100695
vt 0.994476 0.170139
vt 0.983365 0.204861
vt 0.983365 0.170139
vt 0.972180 0.135417
vt 0.972180 0.204861
vt 0.959157 0.100695
vt 0.959157 0.170139
vt 0.994476 0.135417
vt 0.959157 0.135417
vt 0.948792 -0.000001
vt 0.965931 -0.000001
vt 0.952979 -0.000001
vt 0.937833 -0.000001
vt 0.959046 -0.000001
vt 0.943820 -0.000001
vt 0.977416 -0.000001
vt 0.993085 -0.000001
vt 0.979357 -0.000001
vt 0.972200 -0.000001
vt 0.991631 -0.000001
vt 0.975076 -0.000001
vt 0.962799 -0.000001
vt 0.954473 -0.000001
vt 0.992427 -0.000001
vt 0.949344 0.065972
vt 0.949344 0.204861
vt 0.922508 -0.000001
vt 0.906539 0.031250
vt 0.993637 -0.000001
vt 0.906539 0.100694
vt 0.906539 0.170139
vt 0.906539 0.135417
vt 0.924388 0.065972
vt 0.994476 0.065972
vt 0.959157 0.065972
vt 0.906539 0.065972
vt 0.930579 0.274306
vt 0.924388 0.239583
vt 0.930579 0.239583
vt 0.912984 0.274306
vt 0.912984 0.239583
vt 0.930579 0.343750
vt 0.924388 0.309028
vt 0.930579 0.309028
vt 0.912984 0.343750
vt 0.912984 0.309028
vt 0.949344 0.239583
vt 0.937506 0.274306
vt 0.937506 0.239583
vt 0.949344 0.309028
vt 0.937506 0.343750
vt 0.937506 0.309028
vt 0.924388 0.274306
vt 0.949344 0.274306
vt 0.930579 0.413195
vt 0.924388 0.378472
vt 0.930579 0.378472
vt 0.912984 0.413195
vt 0.912984 0.378472
vt 0.930579 0.482639
vt 0.924388 0.447917
vt 0.930579 0.447917
vt 0.912984 0.482639
vt 0.912984 0.447917
vt 0.949344 0.378472
vt 0.937506 0.413195
vt 0.937506 0.378472
vt 0.949344 0.447917
vt 0.937506 0.482639
vt 0.937506 0.447917
vt 0.924388 0.413195
vt 0.949344 0.413195
vt 0.972180 0.239583
vt 0.964859 0.274306
vt 0.964859 0.239583
vt 0.972180 0.309028
vt 0.964859 0.343750
vt 0.964859 0.309028
vt 0.994476 0.239583
vt 0.983365 0.274306
vt 0.983365 0.239583
vt 0.994476 0.309028
vt 0.983365 0.343750
vt 0.983365 0.309028
vt 0.972180 0.274306
vt 0.972180 0.343750
vt 0.959157 0.239583
vt 0.959157 0.309028
vt 0.994476 0.274306
vt 0.959157 0.274306
vt 0.972180 0.378472
vt 0.964859 0.413195
vt 0.964859 0.378472
vt 0.972180 0.447917
vt 0.964859 0.482639
vt 0.964859 0.447917
vt 0.994476 0.378472
vt 0.983365 0.413195
vt 0.983365 0.378472
vt 0.994476 0.447917
vt 0.983365 0.482639
vt 0.983365 0.447917
vt 0.972180 0.413195
vt 0.972180 0.482639
vt 0.959157 0.378472
vt 0.959157 0.447917
vt 0.994476 0.413195
vt 0.959157 0.413195
vt 0.949344 0.343750
vt 0.949344 0.482639
vt 0.906539 0.239583
vt 0.906539 0.309028
vt 0.906539 0.274306
vt 0.906539 0.378472
vt 0.906539 0.447917
vt 0.906539 0.413195
vt 0.924388 0.343750
vt 0.994476 0.343750
vt 0.959157 0.343750
vt 0.906539 0.343750
vt 0.863651 -0.000001
vt 0.886349 -0.000001
vt 0.875000 -0.000001
vt 0.836010 -0.000001
vt 0.861768 -0.000001
vt 0.850705 -0.000001
vt 0.888232 -0.000001
vt 0.913990 -0.000001
vt 0.899295 -0.000001
vt 0.859137 -0.000001
vt 0.890863 -0.000001
vt 0.846375 -0.000001
vt 0.903625 -0.000001
vt 0.801208 -0.000001
vt 0.828613 -0.000001
vt 0.819491 -0.000001
vt 0.760595 -0.000001
vt 0.786096 -0.000001
vt 0.817900 -0.000001
vt 0.855208 -0.000001
vt 0.840198 -0.000001
vt 0.764429 -0.000001
vt 0.792375 -0.000001
vt 0.808438 -0.000001
vt 0.762219 -0.000001
vt 0.830707 -0.000001
vt 0.921387 -0.000001
vt 0.948792 -0.000001
vt 0.930509 -0.000001
vt 0.894792 -0.000001
vt 0.932100 -0.000001
vt 0.909802 -0.000001
vt 0.963904 -0.000001
vt 0.989405 -0.000001
vt 0.968584 -0.000001
vt 0.948792 -0.000001
vt 0.985571 -0.000001
vt 0.957625 -0.000001
vt 0.941562 -0.000001
vt 0.919293 -0.000001
vt 0.987781 -0.000001
vt 0.901284 -0.000001
vt 0.875000 -0.000001
vt 0.772584 -0.000001
vt 0.913990 -0.000001
vt 0.977416 -0.000001
vt 0.935560 -0.000001
vt 0.801208 -0.000001
vt 0.948792 -0.000001
vt 0.875000 -0.000001
vt 0.781417 -0.000001
vt 0.968584 -0.000001
vt 0.767612 -0.000001
vt 0.982388 -0.000001
vt 0.899385 0.204861
vt 0.899385 0.482639
vt 0.759351 -0.000001
vt 0.850615 0.204861
vt 0.990649 -0.000001
vt 0.850615 0.482639
vt 0.866908 0.204861
vt 0.883092 0.204861
vt 0.825612 0.204861
vt 0.755524 0.204861
vt 0.790843 0.204861
vt 0.843461 0.204861
vt 0.924388 0.204861
vt 0.994476 0.204861
vt 0.959157 0.204861
vt 0.906539 0.204861
vt 0.859525 0.552083
vt 0.850615 0.517361
vt 0.859525 0.517361
vt 0.866908 0.517361
vt 0.859525 0.621528
vt 0.850615 0.586806
vt 0.859525 0.586806
vt 0.866908 0.586806
vt 0.890475 0.552083
vt 0.883092 0.517361
vt 0.890475 0.517361
vt 0.899385 0.517361
vt 0.890475 0.621528
vt 0.883092 0.586806
vt 0.890475 0.586806
vt 0.899385 0.586806
vt 0.875000 0.552083
vt 0.875000 0.517361
vt 0.875000 0.621528
vt 0.875000 0.586806
vt 0.850615 0.552083
vt 0.866908 0.552083
vt 0.883092 0.552083
vt 0.899385 0.552083
vt 0.859525 0.690972
vt 0.850615 0.656250
vt 0.859525 0.656250
vt 0.866908 0.656250
vt 0.859525 0.760417
vt 0.850615 0.725695
vt 0.859525 0.725695
vt 0.866908 0.725695
vt 0.890475 0.690972
vt 0.883092 0.656250
vt 0.890475 0.656250
vt 0.899385 0.656250
vt 0.890475 0.760417
vt 0.883092 0.725695
vt 0.890475 0.725695
vt 0.899385 0.725695
vt 0.875000 0.690972
vt 0.875000 0.656250
vt 0.875000 0.760417
vt 0.875000 0.725695
vt 0.850615 0.690972
vt 0.866908 0.690972
vt 0.883092 0.690972
vt 0.899385 0.690972
vt 0.850615 0.621528
vt 0.866908 0.621528
vt 0.883092 0.621528
vt 0.899385 0.621528
vt 0.859525 0.829861
vt 0.850615 0.795139
vt 0.859525 0.795139
vt 0.866908 0.795139
vt 0.859525 0.899306
vt 0.850615 0.864583
vt 0.859525 0.864583
vt 0.866908 0.864583
vt 0.890475 0.829861
vt 0.883092 0.795139
vt 0.890475 0.795139
vt 0.899385 0.795139
vt 0.890475 0.899306
vt 0.883092 0.864583
vt 0.890475 0.864583
vt 0.899385 0.864583
vt 0.875000 0.829861
vt 0.875000 0.795139
vt 0.875000 0.899306
vt 0.875000 0.864583
vt 0.850615 0.829861
vt 0.866908 0.829861
vt 0.883092 0.829861
vt 0.899385 0.829861
vt 0.859525 0.968750
vt 0.850615 0.934028
vt 0.859525 0.934028
vt 0.866908 0.934028
vt 0.858308 1.000000
vt 0.859397 1.000000
vt 0.866917 1.000000
vt 0.890475 0.968750
vt 0.883092 0.934028
vt 0.890475 0.934028
vt 0.899385 0.934028
vt 0.891692 1.000000
vt 0.890603 1.000000
vt 0.897540 1.000000
vt 0.875000 1.000000
vt 0.883833 1.000000
vt 0.875000 0.968750
vt 0.875000 0.934028
vt 0.883083 1.000000
vt 0.852460 1.000000
vt 0.850615 0.968750
vt 0.883092 0.968750
vt 0.866908 0.968750
vt 0.850615 0.899306
vt 0.866908 0.899306
vt 0.883092 0.899306
vt 0.899385 0.899306
vt 0.837016 0.552083
vt 0.825612 0.517361
vt 0.837016 0.517361
vt 0.819421 0.552083
vt 0.819421 0.517361
vt 0.837016 0.621528
vt 0.825612 0.586806
vt 0.837016 0.586806
vt 0.819421 0.621528
vt 0.819421 0.586806
vt 0.812494 0.552083
vt 0.800656 0.517361
vt 0.812494 0.517361
vt 0.812494 0.621528
vt 0.800656 0.586806
vt 0.812494 0.586806
vt 0.825612 0.552083
vt 0.800656 0.552083
vt 0.837016 0.690972
vt 0.825612 0.656250
vt 0.837016 0.656250
vt 0.819421 0.690972
vt 0.819421 0.656250
vt 0.837016 0.760417
vt 0.825612 0.725695
vt 0.837016 0.725695
vt 0.819421 0.760417
vt 0.819421 0.725695
vt 0.812494 0.690972
vt 0.800656 0.656250
vt 0.812494 0.656250
vt 0.812494 0.760417
vt 0.800656 0.725695
vt 0.812494 0.725695
vt 0.825612 0.690972
vt 0.800656 0.690972
vt 0.785141 0.552083
vt 0.777820 0.517361
vt 0.785141 0.517361
vt 0.785141 0.621528
vt 0.777820 0.586806
vt 0.785141 0.586806
vt 0.766635 0.552083
vt 0.755524 0.517361
vt 0.766635 0.517361
vt 0.766635 0.621528
vt 0.755524 0.586806
vt 0.766635 0.586806
vt 0.790843 0.517361
vt 0.790843 0.586806
vt 0.777820 0.552083
vt 0.777820 0.621528
vt 0.755524 0.552083
vt 0.790843 0.552083
vt 0.785141 0.690972
vt 0.777820 0.656250
vt 0.785141 0.656250
vt 0.785141 0.760417
vt 0.777820 0.725695
vt 0.785141 0.725695
vt 0.766635 0.690972
vt 0.755524 0.656250
vt 0.766635 0.656250
vt 0.766635 0.760417
vt 0.755524 0.725695
vt 0.766635 0.725695
vt 0.790843 0.656250
vt 0.790843 0.725695
vt 0.777820 0.690972
vt 0.777820 0.760417
vt 0.755524 0.690972
vt 0.790843 0.690972
vt 0.843461 0.517361
vt 0.843461 0.586806
vt 0.843461 0.552083
vt 0.843461 0.656250
vt 0.843461 0.725695
vt 0.843461 0.690972
vt 0.800656 0.621528
vt 0.800656 0.760417
vt 0.825612 0.621528
vt 0.755524 0.621528
vt 0.790843 0.621528
vt 0.843461 0.621528
vt 0.837016 0.829861
vt 0.825612 0.795139
vt 0.837016 0.795139
vt 0.819421 0.829861
vt 0.819421 0.795139
vt 0.837016 0.899306
vt 0.825612 0.864583
vt 0.837016 0.864583
vt 0.819421 0.899306
vt 0.819421 0.864583
vt 0.812494 0.829861
vt 0.800656 0.795139
vt 0.812494 0.795139
vt 0.812494 0.899306
vt 0.800656 0.864583
vt 0.812494 0.864583
vt 0.825612 0.829861
vt 0.800656 0.829861
vt 0.837016 0.968750
vt 0.825612 0.934028
vt 0.837016 0.934028
vt 0.819421 0.968750
vt 0.819421 0.934028
vt 0.812494 0.968750
vt 0.800656 0.934028
vt 0.812494 0.934028
vt 0.804997 1.000000
vt 0.813085 1.000000
vt 0.815971 1.000000
vt 0.819223 1.000000
vt 0.825605 1.000000
vt 0.836047 1.000000
vt 0.825612 0.968750
vt 0.801707 1.000000
vt 0.800656 0.968750
vt 0.785141 0.829861
vt 0.777820 0.795139
vt 0.785141 0.795139
vt 0.785141 0.899306
vt 0.777820 0.864583
vt 0.785141 0.864583
vt 0.766635 0.829861
vt 0.755524 0.795139
vt 0.766635 0.795139
vt 0.766635 0.899306
vt 0.755524 0.864583
vt 0.766635 0.864583
vt 0.790843 0.795139
vt 0.790843 0.864583
vt 0.777820 0.829861
vt 0.777820 0.899306
vt 0.755524 0.829861
vt 0.790843 0.829861
vt 0.785141 0.968750
vt 0.777820 0.934028
vt 0.785141 0.934028
vt 0.766635 0.968750
vt 0.755524 0.934028
vt 0.766635 0.934028
vt 0.793451 1.000000
vt 0.779143 1.000000
vt 0.789733 1.000000
vt 0.756363 1.000000
vt 0.767612 1.000000
vt 0.769008 1.000000
vt 0.790843 0.934028
vt 0.784635 1.000000
vt 0.755892 1.000000
vt 0.766796 1.000000
vt 0.777820 0.968750
vt 0.781417 1.000000
vt 0.755524 1.000000
vt 0.755524 0.968750
vt 0.777992 1.000000
vt 0.848716 1.000000
vt 0.831877 1.000000
vt 0.842023 1.000000
vt 0.814441 1.000000
vt 0.821000 1.000000
vt 0.826794 1.000000
vt 0.853904 1.000000
vt 0.856362 1.000000
vt 0.865066 1.000000
vt 0.827492 1.000000
vt 0.833524 1.000000
vt 0.841403 1.000000
vt 0.845501 1.000000
vt 0.820406 1.000000
vt 0.838221 1.000000
vt 0.787201 1.000000
vt 0.797021 1.000000
vt 0.801208 1.000000
vt 0.757573 1.000000
vt 0.770643 1.000000
vt 0.772584 1.000000
vt 0.795527 1.000000
vt 0.806180 1.000000
vt 0.812167 1.000000
vt 0.759351 1.000000
vt 0.774924 1.000000
vt 0.777800 1.000000
vt 0.790954 1.000000
vt 0.758369 1.000000
vt 0.784069 1.000000
vt 0.843461 0.795139
vt 0.843461 0.864583
vt 0.843461 0.829861
vt 0.843461 0.934028
vt 0.809363 1.000000
vt 0.756915 1.000000
vt 0.800656 0.899306
vt 0.790843 0.968750
vt 0.825612 0.899306
vt 0.755524 0.899306
vt 0.790843 0.899306
vt 0.843461 0.899306
vt 0.930579 0.552083
vt 0.924388 0.517361
vt 0.930579 0.517361
vt 0.912984 0.552083
vt 0.912984 0.517361
vt 0.930579 0.621528
vt 0.924388 0.586806
vt 0.930579 0.586806
vt 0.912984 0.621528
vt 0.912984 0.586806
vt 0.949344 0.517361
vt 0.937506 0.552083
vt 0.937506 0.517361
vt 0.949344 0.586806
vt 0.937506 0.621528
vt 0.937506 0.586806
vt 0.924388 0.552083
vt 0.949344 0.552083
vt 0.930579 0.690972
vt 0.924388 0.656250
vt 0.930579 0.656250
vt 0.912984 0.690972
vt 0.912984 0.656250
vt 0.930579 0.760417
vt 0.924388 0.725695
vt 0.930579 0.725695
vt 0.912984 0.760417
vt 0.912984 0.725695
vt 0.949344 0.656250
vt 0.937506 0.690972
vt 0.937506 0.656250
vt 0.949344 0.725695
vt 0.937506 0.760417
vt 0.937506 0.725695
vt 0.924388 0.690972
vt 0.949344 0.690972
vt 0.972180 0.517361
vt 0.964859 0.552083
vt 0.964859 0.517361
vt 0.972180 0.586806
vt 0.964859 0.621528
vt 0.964859 0.586806
vt 0.994476 0.517361
vt 0.983365 0.552083
vt 0.983365 0.517361
vt 0.994476 0.586806
vt 0.983365 0.621528
vt 0.983365 0.586806
vt 0.972180 0.552083
vt 0.972180 0.621528
vt 0.959157 0.517361
vt 0.959157 0.586806
vt 0.994476 0.552083
vt 0.959157 0.552083
vt 0.972180 0.656250
vt 0.964859 0.690972
vt 0.964859 0.656250
vt 0.972180 0.725695
vt 0.964859 0.760417
vt 0.964859 0.725695
vt 0.994476 0.656250
vt 0.983365 0.690972
vt 0.983365 0.656250
vt 0.994476 0.725695
vt 0.983365 0.760417
vt 0.983365 0.725695
vt 0.972180 0.690972
vt 0.972180 0.760417
vt 0.959157 0.656250
vt 0.959157 0.725695
vt 0.994476 0.690972
vt 0.959157 0.690972
vt 0.949344 0.621528
vt 0.949344 0.760417
vt 0.906539 0.517361
vt 0.906539 0.586806
vt 0.906539 0.552083
vt 0.906539 0.656250
vt 0.906539 0.725695
vt 0.906539 0.690972
vt 0.924388 0.621528
vt 0.994476 0.621528
vt 0.959157 0.621528
vt 0.906539 0.621528
vt 0.930579 0.829861
vt 0.924388 0.795139
vt 0.930579 0.795139
vt 0.912984 0.829861
vt 0.912984 0.795139
vt 0.930579 0.899306
vt 0.924388 0.864583
vt 0.930579 0.864583
vt 0.912984 0.899306
vt 0.912984 0.864583
vt 0.949344 0.795139
vt 0.937506 0.829861
vt 0.937506 0.795139
vt 0.949344 0.864583
vt 0.937506 0.899306
vt 0.937506 0.864583
vt 0.924388 0.829861
vt 0.949344 0.829861
vt 0.930579 0.968750
vt 0.924388 0.934028
vt 0.930579 0.934028
vt 0.912984 0.968750
vt 0.912984 0.934028
vt 0.949344 0.934028
vt 0.937506 0.968750
vt 0.937506 0.934028
vt 0.945003 1.000000
vt 0.936915 1.000000
vt 0.948293 1.000000
vt 0.934029 1.000000
vt 0.930777 1.000000
vt 0.924395 1.000000
vt 0.924388 0.968750
vt 0.913953 1.000000
vt 0.918123 1.000000
vt 0.901284 1.000000
vt 0.907977 1.000000
vt 0.896096 1.000000
vt 0.893638 1.000000
vt 0.904499 1.000000
vt 0.935559 1.000000
vt 0.929000 1.000000
vt 0.940637 1.000000
vt 0.922508 1.000000
vt 0.916476 1.000000
vt 0.929594 1.000000
vt 0.923206 1.000000
vt 0.908597 1.000000
vt 0.911779 1.000000
vt 0.972180 0.795139
vt 0.964859 0.829861
vt 0.964859 0.795139
vt 0.972180 0.864584
vt 0.964859 0.899306
vt 0.964859 0.864584
vt 0.994476 0.795139
vt 0.983365 0.829861
vt 0.983365 0.795139
vt 0.994476 0.864584
vt 0.983365 0.899306
vt 0.983365 0.864584
vt 0.972180 0.829861
vt 0.972180 0.899306
vt 0.959157 0.795139
vt 0.959157 0.864584
vt 0.994476 0.829861
vt 0.959157 0.829861
vt 0.972180 0.934028
vt 0.964859 0.968750
vt 0.964859 0.934028
vt 0.970857 1.000000
vt 0.956549 1.000000
vt 0.960267 1.000000
vt 0.994476 0.934028
vt 0.983365 0.968750
vt 0.983365 0.934028
vt 0.993637 1.000000
vt 0.982388 1.000000
vt 0.994108 1.000000
vt 0.972180 0.968750
vt 0.980992 1.000000
vt 0.959157 0.934028
vt 0.965365 1.000000
vt 0.972008 1.000000
vt 0.983204 1.000000
vt 0.994476 1.000000
vt 0.959157 0.968750
vt 0.962799 1.000000
vt 0.952979 1.000000
vt 0.965931 1.000000
vt 0.954473 1.000000
vt 0.943820 1.000000
vt 0.959046 1.000000
vt 0.992427 1.000000
vt 0.979357 1.000000
vt 0.993085 1.000000
vt 0.990649 1.000000
vt 0.975076 1.000000
vt 0.991631 1.000000
vt 0.977416 1.000000
vt 0.972200 1.000000
vt 0.948792 1.000000
vt 0.949344 0.899306
vt 0.949344 0.968750
vt 0.937833 1.000000
vt 0.906539 0.795139
vt 0.906539 0.864583
vt 0.906539 0.829861
vt 0.906539 0.934028
vt 0.906539 0.968750
vt 0.968584 1.000000
vt 0.924388 0.899306
vt 0.994476 0.899306
vt 0.959157 0.899306
vt 0.906539 0.899306
vt 0.886349 1.000000
vt 0.846375 1.000000
vt 0.850705 1.000000
vt 0.861768 1.000000
vt 0.903625 1.000000
vt 0.899295 1.000000
vt 0.913990 1.000000
vt 0.875000 1.000000
vt 0.890863 1.000000
vt 0.888232 1.000000
vt 0.859137 1.000000
vt 0.863651 1.000000
vt 0.808438 1.000000
vt 0.819491 1.000000
vt 0.828613 1.000000
vt 0.762219 1.000000
vt 0.786096 1.000000
vt 0.830707 1.000000
vt 0.840198 1.000000
vt 0.855208 1.000000
vt 0.767612 1.000000
vt 0.792375 1.000000
vt 0.817900 1.000000
vt 0.764429 1.000000
vt 0.941562 1.000000
vt 0.930509 1.000000
vt 0.948792 1.000000
vt 0.919293 1.000000
vt 0.909802 1.000000
vt 0.932100 1.000000
vt 0.987781 1.000000
vt 0.968584 1.000000
vt 0.989405 1.000000
vt 0.982388 1.000000
vt 0.957625 1.000000
vt 0.985571 1.000000
vt 0.963904 1.000000
vt 0.921387 1.000000
vt 0.901284 1.000000
vt 0.781417 1.000000
vt 0.814441 1.000000
vt 0.836011 1.000000
vt 0.935560 1.000000
vt 0.977416 1.000000
vt 0.875000 1.000000
vt 0.875000 1.000000
vt 0.801208 1.000000
vt 0.848716 1.000000
vt 0.894792 1.000000
vt 0.772584 1.000000
vt 0.836010 1.000000
vt 0.899385 0.760417
vt 0.899385 0.968750
vt 0.884934 1.000000
vt 0.760595 1.000000
vt 0.850615 0.760417
vt 0.866167 1.000000
vt 0.843461 0.968750
vt 0.866908 0.760417
vt 0.883092 0.760417
vt 0.825612 0.760417
vt 0.755524 0.760417
vt 0.790843 0.760417
vt 0.843461 0.760417
vt 0.924388 0.760417
vt 0.994476 0.760417
vt 0.959157 0.760417
vt 0.906539 0.760417
vt 0.744467 0.065972
vt 0.733365 0.031250
vt 0.744467 0.031250
vt 0.722180 0.065972
vt 0.714860 0.031250
vt 0.722180 0.031250
vt 0.732388 -0.000001
vt 0.743637 -0.000001
vt 0.744108 -0.000001
vt 0.720857 -0.000001
vt 0.706549 -0.000001
vt 0.718584 -0.000001
vt 0.733204 -0.000001
vt 0.744365 -0.000001
vt 0.715365 -0.000001
vt 0.722008 -0.000001
vt 0.709157 0.065972
vt 0.714860 0.065972
vt 0.730992 -0.000001
vt 0.733365 0.065972
vt 0.710267 -0.000001
vt 0.744467 0.135417
vt 0.733365 0.100694
vt 0.744467 0.100694
vt 0.744467 0.204861
vt 0.733365 0.170139
vt 0.744467 0.170139
vt 0.722180 0.135417
vt 0.714860 0.100694
vt 0.722180 0.100694
vt 0.722180 0.204861
vt 0.714860 0.170139
vt 0.722180 0.170139
vt 0.709157 0.135417
vt 0.714860 0.135417
vt 0.709157 0.204861
vt 0.714860 0.204861
vt 0.733365 0.135417
vt 0.733365 0.204861
vt 0.709157 0.170139
vt 0.686915 -0.000001
vt 0.695003 -0.000001
vt 0.698293 -0.000001
vt 0.699344 0.065972
vt 0.687506 0.031250
vt 0.699344 0.031250
vt 0.674388 0.065972
vt 0.662985 0.031250
vt 0.674388 0.031250
vt 0.680579 0.031250
vt 0.680579 0.065972
vt 0.680777 -0.000001
vt 0.684029 -0.000001
vt 0.687506 0.065972
vt 0.663953 -0.000001
vt 0.674395 -0.000001
vt 0.699344 0.135417
vt 0.687506 0.100694
vt 0.699344 0.100694
vt 0.699344 0.204861
vt 0.687506 0.170139
vt 0.699344 0.170139
vt 0.674388 0.135417
vt 0.662985 0.100694
vt 0.674388 0.100694
vt 0.680579 0.100694
vt 0.680579 0.135417
vt 0.674388 0.204861
vt 0.662985 0.170139
vt 0.674388 0.170139
vt 0.680579 0.170139
vt 0.680579 0.204861
vt 0.687506 0.135417
vt 0.687506 0.204861
vt 0.662985 0.135417
vt 0.729357 -0.000001
vt 0.742427 -0.000001
vt 0.743085 -0.000001
vt 0.702979 -0.000001
vt 0.712799 -0.000001
vt 0.715931 -0.000001
vt 0.725076 -0.000001
vt 0.740649 -0.000001
vt 0.741631 -0.000001
vt 0.693820 -0.000001
vt 0.704473 -0.000001
vt 0.709046 -0.000001
vt 0.727416 -0.000001
vt 0.698792 -0.000001
vt 0.722200 -0.000001
vt 0.679000 -0.000001
vt 0.685560 -0.000001
vt 0.690637 -0.000001
vt 0.668123 -0.000001
vt 0.651284 -0.000001
vt 0.661779 -0.000001
vt 0.666476 -0.000001
vt 0.672508 -0.000001
vt 0.679594 -0.000001
vt 0.643638 -0.000001
vt 0.646096 -0.000001
vt 0.654499 -0.000001
vt 0.673206 -0.000001
vt 0.658597 -0.000001
vt 0.656540 0.065972
vt 0.662985 0.065972
vt 0.657977 -0.000001
vt 0.656540 0.135417
vt 0.656540 0.204861
vt 0.662985 0.204861
vt 0.656540 0.170139
vt 0.709157 0.031250
vt 0.687833 -0.000001
vt 0.709157 0.100694
vt 0.656540 0.100694
vt 0.744467 0.274306
vt 0.733365 0.239583
vt 0.744467 0.239583
vt 0.744467 0.343750
vt 0.733365 0.309028
vt 0.744467 0.309028
vt 0.722180 0.274306
vt 0.714860 0.239583
vt 0.722180 0.239583
vt 0.722180 0.343750
vt 0.714860 0.309028
vt 0.722180 0.309028
vt 0.709157 0.274306
vt 0.714860 0.274306
vt 0.709157 0.343750
vt 0.714860 0.343750
vt 0.733365 0.274306
vt 0.733365 0.343750
vt 0.709157 0.309028
vt 0.744467 0.413194
vt 0.733365 0.378472
vt 0.744467 0.378472
vt 0.744467 0.482639
vt 0.733365 0.447917
vt 0.744467 0.447917
vt 0.722180 0.413194
vt 0.714860 0.378472
vt 0.722180 0.378472
vt 0.722180 0.482639
vt 0.714860 0.447917
vt 0.722180 0.447917
vt 0.709157 0.413194
vt 0.714860 0.413194
vt 0.709157 0.482639
vt 0.714860 0.482639
vt 0.733365 0.413194
vt 0.733365 0.482639
vt 0.709157 0.447917
vt 0.699344 0.274306
vt 0.687506 0.239583
vt 0.699344 0.239583
vt 0.699344 0.343750
vt 0.687506 0.309028
vt 0.699344 0.309028
vt 0.674388 0.274306
vt 0.662985 0.239583
vt 0.674388 0.239583
vt 0.680579 0.239583
vt 0.680579 0.274306
vt 0.674388 0.343750
vt 0.662985 0.309028
vt 0.674388 0.309028
vt 0.680579 0.309028
vt 0.680579 0.343750
vt 0.687506 0.274306
vt 0.687506 0.343750
vt 0.662985 0.274305
vt 0.699344 0.413194
vt 0.687506 0.378472
vt 0.699344 0.378472
vt 0.699344 0.482639
vt 0.687506 0.447917
vt 0.699344 0.447917
vt 0.674388 0.413194
vt 0.662985 0.378472
vt 0.674388 0.378472
vt 0.680579 0.378472
vt 0.680579 0.413194
vt 0.674388 0.482639
vt 0.662985 0.447917
vt 0.674388 0.447917
vt 0.680579 0.447917
vt 0.680579 0.482639
vt 0.687506 0.413194
vt 0.687506 0.482639
vt 0.662985 0.413194
vt 0.656540 0.274305
vt 0.656540 0.343750
vt 0.662985 0.343750
vt 0.656540 0.309028
vt 0.656540 0.413194
vt 0.656540 0.482639
vt 0.662985 0.482639
vt 0.656540 0.447917
vt 0.709157 0.239583
vt 0.709157 0.378472
vt 0.656540 0.378472
vt 0.640603 -0.000001
vt 0.641692 -0.000001
vt 0.647540 -0.000001
vt 0.649385 0.065972
vt 0.640475 0.031250
vt 0.649385 0.031250
vt 0.633092 0.065972
vt 0.640475 0.065972
vt 0.625000 -0.000001
vt 0.625000 -0.000001
vt 0.633833 -0.000001
vt 0.609397 -0.000001
vt 0.608308 -0.000001
vt 0.616917 -0.000001
vt 0.616908 0.065972
vt 0.609525 0.031250
vt 0.616908 0.031250
vt 0.600615 0.065972
vt 0.609525 0.065972
vt 0.625000 0.031250
vt 0.625000 0.065972
vt 0.616167 -0.000001
vt 0.633092 0.031250
vt 0.633083 -0.000001
vt 0.602460 -0.000001
vt 0.625000 -0.000001
vt 0.649385 0.135417
vt 0.640475 0.100694
vt 0.649385 0.100694
vt 0.633092 0.135417
vt 0.640475 0.135417
vt 0.649385 0.204861
vt 0.640475 0.170139
vt 0.649385 0.170139
vt 0.633092 0.204861
vt 0.640475 0.204861
vt 0.616908 0.135417
vt 0.609525 0.100694
vt 0.616908 0.100694
vt 0.600615 0.135417
vt 0.609525 0.135417
vt 0.616908 0.204861
vt 0.609525 0.170139
vt 0.616908 0.170139
vt 0.600615 0.204861
vt 0.609525 0.204861
vt 0.625000 0.100694
vt 0.625000 0.135417
vt 0.625000 0.170139
vt 0.625000 0.204861
vt 0.633092 0.100694
vt 0.633092 0.170139
vt 0.600615 0.170139
vt 0.600615 0.100694
vt 0.649385 0.274305
vt 0.640475 0.239583
vt 0.649385 0.239583
vt 0.633092 0.274305
vt 0.640475 0.274305
vt 0.649385 0.343750
vt 0.640475 0.309028
vt 0.649385 0.309028
vt 0.633092 0.343750
vt 0.640475 0.343750
vt 0.616908 0.274305
vt 0.609525 0.239583
vt 0.616908 0.239583
vt 0.600615 0.274305
vt 0.609525 0.274305
vt 0.616908 0.343750
vt 0.609525 0.309028
vt 0.616908 0.309028
vt 0.600615 0.343750
vt 0.609525 0.343750
vt 0.625000 0.239583
vt 0.625000 0.274305
vt 0.625000 0.309028
vt 0.625000 0.343750
vt 0.633092 0.239583
vt 0.633092 0.309028
vt 0.600615 0.309028
vt 0.649385 0.413194
vt 0.640475 0.378472
vt 0.649385 0.378472
vt 0.633092 0.413194
vt 0.640475 0.413194
vt 0.649385 0.482639
vt 0.640475 0.447917
vt 0.649385 0.447917
vt 0.633092 0.482639
vt 0.640475 0.482639
vt 0.616908 0.413194
vt 0.609525 0.378472
vt 0.616908 0.378472
vt 0.600615 0.413194
vt 0.609525 0.413194
vt 0.616908 0.482639
vt 0.609525 0.447917
vt 0.616908 0.447917
vt 0.600615 0.482639
vt 0.609525 0.482639
vt 0.625000 0.378472
vt 0.625000 0.413194
vt 0.625000 0.447917
vt 0.625000 0.482639
vt 0.633092 0.378472
vt 0.633092 0.447917
vt 0.600615 0.447917
vt 0.600615 0.378472
vt 0.737781 -0.000001
vt 0.739405 -0.000001
vt 0.680509 -0.000001
vt 0.691562 -0.000001
vt 0.707625 -0.000001
vt 0.732388 -0.000001
vt 0.735571 -0.000001
vt 0.659802 -0.000001
vt 0.669293 -0.000001
vt 0.682100 -0.000001
vt 0.713904 -0.000001
vt 0.671387 -0.000001
vt 0.698792 -0.000001
vt 0.649295 -0.000001
vt 0.653625 -0.000001
vt 0.663990 -0.000001
vt 0.636349 -0.000001
vt 0.640863 -0.000001
vt 0.600705 -0.000001
vt 0.596375 -0.000001
vt 0.611768 -0.000001
vt 0.638232 -0.000001
vt 0.613651 -0.000001
vt 0.609137 -0.000001
vt 0.685560 -0.000001
vt 0.718584 -0.000001
vt 0.727416 -0.000001
vt 0.625000 -0.000001
vt 0.651284 -0.000001
vt 0.564440 -0.000001
vt 0.531416 -0.000001
vt 0.586010 -0.000001
vt 0.663990 -0.000001
vt 0.598716 -0.000001
vt 0.551208 -0.000001
vt 0.590198 -0.000001
vt 0.580707 -0.000001
vt 0.605208 -0.000001
vt 0.569491 -0.000001
vt 0.558437 -0.000001
vt 0.578613 -0.000001
vt 0.542375 -0.000001
vt 0.517612 -0.000001
vt 0.551208 -0.000001
vt 0.531416 -0.000001
vt 0.512219 -0.000001
vt 0.536096 -0.000001
vt 0.567900 -0.000001
vt 0.551208 -0.000001
vt 0.514429 -0.000001
vt 0.644792 -0.000001
vt 0.586010 -0.000001
vt 0.522584 -0.000001
vt 0.606362 -0.000001
vt 0.603904 -0.000001
vt 0.615066 -0.000001
vt 0.598716 -0.000001
vt 0.581877 -0.000001
vt 0.588221 -0.000001
vt 0.583524 -0.000001
vt 0.577492 -0.000001
vt 0.591403 -0.000001
vt 0.571000 -0.000001
vt 0.564440 -0.000001
vt 0.576794 -0.000001
vt 0.595501 -0.000001
vt 0.570406 -0.000001
vt 0.575612 0.065972
vt 0.569421 0.031250
vt 0.575612 0.031250
vt 0.587015 0.031250
vt 0.587015 0.065972
vt 0.563086 -0.000001
vt 0.554997 -0.000001
vt 0.565971 -0.000001
vt 0.550656 0.065972
vt 0.562494 0.031250
vt 0.562494 0.065972
vt 0.569223 -0.000001
vt 0.575605 -0.000001
vt 0.569421 0.065972
vt 0.586047 -0.000001
vt 0.551707 -0.000001
vt 0.575612 0.135417
vt 0.569421 0.100694
vt 0.575612 0.100694
vt 0.587015 0.100694
vt 0.587015 0.135417
vt 0.575612 0.204861
vt 0.569421 0.170139
vt 0.575612 0.170139
vt 0.587015 0.170139
vt 0.587015 0.204861
vt 0.550656 0.135417
vt 0.562494 0.100694
vt 0.562494 0.135417
vt 0.550656 0.204861
vt 0.562494 0.170139
vt 0.562494 0.204861
vt 0.569421 0.135417
vt 0.569421 0.204861
vt 0.550656 0.170139
vt 0.556180 -0.000001
vt 0.545527 -0.000001
vt 0.562167 -0.000001
vt 0.547021 -0.000001
vt 0.537201 -0.000001
vt 0.524924 -0.000001
vt 0.509351 -0.000001
vt 0.527800 -0.000001
vt 0.520643 -0.000001
vt 0.507573 -0.000001
vt 0.522584 -0.000001
vt 0.540954 -0.000001
vt 0.534069 -0.000001
vt 0.508369 -0.000001
vt 0.543451 -0.000001
vt 0.529143 -0.000001
vt 0.531416 -0.000001
vt 0.527820 0.065972
vt 0.535140 0.031250
vt 0.535140 0.065972
vt 0.517612 -0.000001
vt 0.506363 -0.000001
vt 0.519008 -0.000001
vt 0.505524 0.065972
vt 0.516635 0.031250
vt 0.516635 0.065972
vt 0.527820 0.031250
vt 0.534635 -0.000001
vt 0.539733 -0.000001
vt 0.516796 -0.000001
vt 0.505892 -0.000001
vt 0.540843 0.065972
vt 0.540843 0.031250
vt 0.505524 -0.000001
vt 0.527992 -0.000001
vt 0.527820 0.135417
vt 0.535140 0.100694
vt 0.535140 0.135417
vt 0.527820 0.204861
vt 0.535140 0.170139
vt 0.535140 0.204861
vt 0.505524 0.135417
vt 0.516635 0.100694
vt 0.516635 0.135417
vt 0.505524 0.204861
vt 0.516635 0.170139
vt 0.516635 0.204861
vt 0.527820 0.100694
vt 0.527820 0.170139
vt 0.540843 0.135417
vt 0.540843 0.100694
vt 0.540843 0.204861
vt 0.540843 0.170139
vt 0.505524 0.170139
vt 0.559363 -0.000001
vt 0.550656 0.031250
vt 0.550656 0.100694
vt 0.592023 -0.000001
vt 0.593460 0.065972
vt 0.593460 0.031250
vt 0.506915 -0.000001
vt 0.593460 0.135417
vt 0.593460 0.100694
vt 0.593460 0.204861
vt 0.593460 0.170139
vt 0.505524 0.100694
vt 0.575612 0.274305
vt 0.569421 0.239583
vt 0.575612 0.239583
vt 0.587015 0.239583
vt 0.587015 0.274305
vt 0.575612 0.343750
vt 0.569421 0.309028
vt 0.575612 0.309028
vt 0.587015 0.309028
vt 0.587015 0.343750
vt 0.550656 0.274305
vt 0.562494 0.239583
vt 0.562494 0.274305
vt 0.550656 0.343750
vt 0.562494 0.309028
vt 0.562494 0.343750
vt 0.569421 0.274305
vt 0.569421 0.343750
vt 0.550656 0.309028
vt 0.575612 0.413194
vt 0.569421 0.378472
vt 0.575612 0.378472
vt 0.587015 0.378472
vt 0.587015 0.413194
vt 0.575612 0.482639
vt 0.569421 0.447917
vt 0.575612 0.447917
vt 0.587015 0.447917
vt 0.587015 0.482639
vt 0.550656 0.413194
vt 0.562494 0.378472
vt 0.562494 0.413194
vt 0.550656 0.482639
vt 0.562494 0.447917
vt 0.562494 0.482639
vt 0.569421 0.413194
vt 0.569421 0.482639
vt 0.550656 0.447917
vt 0.527820 0.274305
vt 0.535140 0.239583
vt 0.535140 0.274305
vt 0.527820 0.343750
vt 0.535140 0.309028
vt 0.535140 0.343750
vt 0.505524 0.274305
vt 0.516635 0.239583
vt 0.516635 0.274305
vt 0.505524 0.343750
vt 0.516635 0.309028
vt 0.516635 0.343750
vt 0.527820 0.239583
vt 0.527820 0.309028
vt 0.540843 0.274305
vt 0.540843 0.239583
vt 0.540843 0.343750
vt 0.540843 0.309028
vt 0.505524 0.309028
vt 0.527820 0.413194
vt 0.535140 0.378472
vt 0.535140 0.413194
vt 0.527820 0.482639
vt 0.535140 0.447917
vt 0.535140 0.482639
vt 0.505524 0.413194
vt 0.516635 0.378472
vt 0.516635 0.413194
vt 0.505524 0.482639
vt 0.516635 0.447917
vt 0.516635 0.482639
vt 0.527820 0.378472
vt 0.527820 0.447917
vt 0.540843 0.413194
vt 0.540843 0.378472
vt 0.540843 0.482639
vt 0.540843 0.447917
vt 0.505524 0.447917
vt 0.550656 0.239583
vt 0.550656 0.378472
vt 0.593460 0.274305
vt 0.593460 0.239583
vt 0.593460 0.343750
vt 0.593460 0.309028
vt 0.593460 0.413194
vt 0.593460 0.378472
vt 0.593460 0.482639
vt 0.593460 0.447917
vt 0.505524 0.378472
vt 0.634934 -0.000001
vt 0.600615 0.031250
vt 0.600615 0.239583
vt 0.656540 0.031250
vt 0.510595 -0.000001
vt 0.656540 0.239583
vt 0.505524 0.239583
vt 0.744467 0.552083
vt 0.733365 0.517361
vt 0.744467 0.517361
vt 0.744467 0.621528
vt 0.733365 0.586806
vt 0.744467 0.586806
vt 0.722180 0.552083
vt 0.714860 0.517361
vt 0.722180 0.517361
vt 0.722180 0.621528
vt 0.714860 0.586806
vt 0.722180 0.586806
vt 0.709157 0.552083
vt 0.714860 0.552083
vt 0.709157 0.621528
vt 0.714860 0.621528
vt 0.733365 0.552083
vt 0.733365 0.621528
vt 0.709157 0.586806
vt 0.744467 0.690972
vt 0.733365 0.656250
vt 0.744467 0.656250
vt 0.744467 0.760417
vt 0.733365 0.725695
vt 0.744467 0.725695
vt 0.722180 0.690972
vt 0.714860 0.656250
vt 0.722180 0.656250
vt 0.722180 0.760417
vt 0.714860 0.725695
vt 0.722180 0.725695
vt 0.709157 0.690972
vt 0.714860 0.690972
vt 0.709157 0.760417
vt 0.714860 0.760417
vt 0.733365 0.690972
vt 0.733365 0.760417
vt 0.709157 0.725695
vt 0.699344 0.552083
vt 0.687506 0.517361
vt 0.699344 0.517361
vt 0.699344 0.621528
vt 0.687506 0.586806
vt 0.699344 0.586806
vt 0.674388 0.552083
vt 0.662985 0.517361
vt 0.674388 0.517361
vt 0.680579 0.517361
vt 0.680579 0.552083
vt 0.674388 0.621528
vt 0.662985 0.586806
vt 0.674388 0.586806
vt 0.680579 0.586806
vt 0.680579 0.621528
vt 0.687506 0.552083
vt 0.687506 0.621528
vt 0.662985 0.552083
vt 0.699344 0.690972
vt 0.687506 0.656250
vt 0.699344 0.656250
vt 0.699344 0.760417
vt 0.687506 0.725694
vt 0.699344 0.725694
vt 0.674388 0.690972
vt 0.662985 0.656250
vt 0.674388 0.656250
vt 0.680579 0.656250
vt 0.680579 0.690972
vt 0.674388 0.760417
vt 0.662985 0.725694
vt 0.674388 0.725694
vt 0.680579 0.725694
vt 0.680579 0.760417
vt 0.687506 0.690972
vt 0.687506 0.760417
vt 0.662985 0.690972
vt 0.656540 0.552083
vt 0.656540 0.621528
vt 0.662985 0.621528
vt 0.656540 0.586806
vt 0.656540 0.690972
vt 0.656540 0.760417
vt 0.662985 0.760417
vt 0.656540 0.725694
vt 0.709157 0.517361
vt 0.709157 0.656250
vt 0.656540 0.656250
vt 0.744467 0.829861
vt 0.733365 0.795139
vt 0.744467 0.795139
vt 0.744467 0.899306
vt 0.733365 0.864583
vt 0.744467 0.864583
vt 0.722180 0.829861
vt 0.714860 0.795139
vt 0.722180 0.795139
vt 0.722180 0.899306
vt 0.714860 0.864583
vt 0.722180 0.864583
vt 0.709157 0.829861
vt 0.714860 0.829861
vt 0.709157 0.899306
vt 0.714860 0.899306
vt 0.733365 0.829861
vt 0.733365 0.899306
vt 0.709157 0.864583
vt 0.744467 0.968750
vt 0.733365 0.934028
vt 0.744467 0.934028
vt 0.722180 0.968750
vt 0.714860 0.934028
vt 0.722180 0.934028
vt 0.730992 1.000000
vt 0.744108 1.000000
vt 0.743637 1.000000
vt 0.706549 1.000000
vt 0.720857 1.000000
vt 0.718584 1.000000
vt 0.733204 1.000000
vt 0.744365 1.000000
vt 0.709157 0.968750
vt 0.714860 0.968750
vt 0.715365 1.000000
vt 0.722008 1.000000
vt 0.733365 0.968750
vt 0.732388 1.000000
vt 0.710267 1.000000
vt 0.699344 0.829861
vt 0.687506 0.795139
vt 0.699344 0.795139
vt 0.699344 0.899306
vt 0.687506 0.864583
vt 0.699344 0.864583
vt 0.674388 0.829861
vt 0.662985 0.795139
vt 0.674388 0.795139
vt 0.680579 0.795139
vt 0.680579 0.829861
vt 0.674388 0.899306
vt 0.662985 0.864583
vt 0.674388 0.864583
vt 0.680579 0.864583
vt 0.680579 0.899306
vt 0.687506 0.829861
vt 0.687506 0.899306
vt 0.662985 0.829861
vt 0.699344 0.968750
vt 0.687506 0.934028
vt 0.699344 0.934028
vt 0.695003 1.000000
vt 0.686915 1.000000
vt 0.698293 1.000000
vt 0.674388 0.968750
vt 0.662985 0.934028
vt 0.674388 0.934028
vt 0.680579 0.934028
vt 0.680579 0.968750
vt 0.687506 0.968750
vt 0.684029 1.000000
vt 0.680777 1.000000
vt 0.663953 1.000000
vt 0.662985 0.968750
vt 0.674395 1.000000
vt 0.727416 1.000000
vt 0.743085 1.000000
vt 0.742427 1.000000
vt 0.698792 1.000000
vt 0.715931 1.000000
vt 0.712799 1.000000
vt 0.722200 1.000000
vt 0.741631 1.000000
vt 0.740649 1.000000
vt 0.687833 1.000000
vt 0.709046 1.000000
vt 0.704474 1.000000
vt 0.725076 1.000000
vt 0.693820 1.000000
vt 0.729357 1.000000
vt 0.673206 1.000000
vt 0.690637 1.000000
vt 0.685560 1.000000
vt 0.651284 1.000000
vt 0.668123 1.000000
vt 0.661779 1.000000
vt 0.658597 1.000000
vt 0.679594 1.000000
vt 0.672508 1.000000
vt 0.634934 1.000000
vt 0.654499 1.000000
vt 0.646096 1.000000
vt 0.666476 1.000000
vt 0.643638 1.000000
vt 0.679000 1.000000
vt 0.702979 1.000000
vt 0.656540 0.829861
vt 0.656540 0.899306
vt 0.662985 0.899306
vt 0.656540 0.864583
vt 0.656540 0.968750
vt 0.657977 1.000000
vt 0.709157 0.795139
vt 0.709157 0.934028
vt 0.656540 0.934028
vt 0.649385 0.552083
vt 0.640475 0.517361
vt 0.649385 0.517361
vt 0.633092 0.552083
vt 0.640475 0.552083
vt 0.649385 0.621528
vt 0.640475 0.586806
vt 0.649385 0.586806
vt 0.633092 0.621528
vt 0.640475 0.621528
vt 0.616908 0.552083
vt 0.609525 0.517361
vt 0.616908 0.517361
vt 0.600615 0.552083
vt 0.609525 0.552083
vt 0.616908 0.621528
vt 0.609525 0.586806
vt 0.616908 0.586806
vt 0.600615 0.621528
vt 0.609525 0.621528
vt 0.625000 0.517361
vt 0.625000 0.552083
vt 0.625000 0.586806
vt 0.625000 0.621528
vt 0.633092 0.517361
vt 0.633092 0.586806
vt 0.600615 0.586806
vt 0.649385 0.690972
vt 0.640475 0.656250
vt 0.649385 0.656250
vt 0.633092 0.690972
vt 0.640475 0.690972
vt 0.649385 0.760417
vt 0.640475 0.725694
vt 0.649385 0.725694
vt 0.633092 0.760417
vt 0.640475 0.760417
vt 0.616908 0.690972
vt 0.609525 0.656250
vt 0.616908 0.656250
vt 0.600615 0.690972
vt 0.609525 0.690972
vt 0.616908 0.760417
vt 0.609525 0.725694
vt 0.616908 0.725694
vt 0.600615 0.760417
vt 0.609525 0.760417
vt 0.625000 0.656250
vt 0.625000 0.690972
vt 0.625000 0.725694
vt 0.625000 0.760417
vt 0.633092 0.656250
vt 0.633092 0.725694
vt 0.600615 0.725694
vt 0.600615 0.656250
vt 0.649385 0.829861
vt 0.640475 0.795139
vt 0.649385 0.795139
vt 0.633092 0.829861
vt 0.640475 0.829861
vt 0.649385 0.899306
vt 0.640475 0.864583
vt 0.649385 0.864583
vt 0.633092 0.899306
vt 0.640475 0.899306
vt 0.616908 0.829861
vt 0.609525 0.795139
vt 0.616908 0.795139
vt 0.600615 0.829861
vt 0.609525 0.829861
vt 0.616908 0.899306
vt 0.609525 0.864583
vt 0.616908 0.864583
vt 0.600615 0.899306
vt 0.609525 0.899306
vt 0.625000 0.795139
vt 0.625000 0.829861
vt 0.625000 0.864583
vt 0.625000 0.899306
vt 0.633092 0.795139
vt 0.633092 0.864583
vt 0.600615 0.864583
vt 0.649385 0.968750
vt 0.640475 0.934028
vt 0.649385 0.934028
vt 0.633092 0.968750
vt 0.640475 0.968750
vt 0.641692 1.000000
vt 0.640603 1.000000
vt 0.647540 1.000000
vt 0.616167 1.000000
vt 0.633833 1.000000
vt 0.625000 1.000000
vt 0.616908 0.968750
vt 0.609525 0.934028
vt 0.616908 0.934028
vt 0.600615 0.968750
vt 0.609525 0.968750
vt 0.608308 1.000000
vt 0.609397 1.000000
vt 0.616917 1.000000
vt 0.625000 0.934028
vt 0.625000 0.968750
vt 0.633092 0.934028
vt 0.633083 1.000000
vt 0.602460 1.000000
vt 0.600615 0.934028
vt 0.713904 1.000000
vt 0.739405 1.000000
vt 0.737781 1.000000
vt 0.671387 1.000000
vt 0.698792 1.000000
vt 0.691563 1.000000
vt 0.698792 1.000000
vt 0.735571 1.000000
vt 0.732388 1.000000
vt 0.644792 1.000000
vt 0.682100 1.000000
vt 0.669293 1.000000
vt 0.707625 1.000000
vt 0.659802 1.000000
vt 0.718584 1.000000
vt 0.638232 1.000000
vt 0.663990 1.000000
vt 0.653625 1.000000
vt 0.613651 1.000000
vt 0.636349 1.000000
vt 0.625000 1.000000
vt 0.609137 1.000000
vt 0.640863 1.000000
vt 0.625000 1.000000
vt 0.586011 1.000000
vt 0.611768 1.000000
vt 0.596375 1.000000
vt 0.600705 1.000000
vt 0.649295 1.000000
vt 0.663990 1.000000
vt 0.727417 1.000000
vt 0.718584 1.000000
vt 0.598716 1.000000
vt 0.651284 1.000000
vt 0.551208 1.000000
vt 0.698792 1.000000
vt 0.625001 1.000000
vt 0.522584 1.000000
vt 0.586011 1.000000
vt 0.531417 1.000000
vt 0.625000 1.000000
vt 0.564441 1.000000
vt 0.685560 1.000000
vt 0.567900 1.000000
vt 0.605208 1.000000
vt 0.580707 1.000000
vt 0.551208 1.000000
vt 0.578613 1.000000
vt 0.558438 1.000000
vt 0.514429 1.000000
vt 0.551208 1.000000
vt 0.517612 1.000000
vt 0.510595 1.000000
vt 0.536096 1.000000
vt 0.512219 1.000000
vt 0.542375 1.000000
vt 0.531417 1.000000
vt 0.590198 1.000000
vt 0.569491 1.000000
vt 0.680509 1.000000
vt 0.575612 0.552083
vt 0.569421 0.517361
vt 0.575612 0.517361
vt 0.587015 0.517361
vt 0.587015 0.552083
vt 0.575612 0.621528
vt 0.569421 0.586806
vt 0.575612 0.586806
vt 0.587015 0.586806
vt 0.587015 0.621528
vt 0.550656 0.552083
vt 0.562494 0.517361
vt 0.562494 0.552083
vt 0.550656 0.621528
vt 0.562494 0.586806
vt 0.562494 0.621528
vt 0.569421 0.552083
vt 0.569421 0.621528
vt 0.550656 0.586806
vt 0.575612 0.690972
vt 0.569421 0.656250
vt 0.575612 0.656250
vt 0.587015 0.656250
vt 0.587015 0.690972
vt 0.575612 0.760417
vt 0.569421 0.725694
vt 0.575612 0.725694
vt 0.587015 0.725694
vt 0.587015 0.760417
vt 0.550656 0.690972
vt 0.562494 0.656250
vt 0.562494 0.690972
vt 0.550656 0.760417
vt 0.562494 0.725694
vt 0.562494 0.760417
vt 0.569421 0.690972
vt 0.569421 0.760417
vt 0.550656 0.725694
vt 0.527820 0.552083
vt 0.535140 0.517361
vt 0.535140 0.552083
vt 0.527820 0.621528
vt 0.535140 0.586806
vt 0.535140 0.621528
vt 0.505524 0.552083
vt 0.516635 0.517361
vt 0.516635 0.552083
vt 0.505524 0.621528
vt 0.516635 0.586806
vt 0.516635 0.621528
vt 0.527820 0.517361
vt 0.527820 0.586806
vt 0.540843 0.552083
vt 0.540843 0.517361
vt 0.540843 0.621528
vt 0.540843 0.586806
vt 0.505524 0.586806
vt 0.527820 0.690972
vt 0.535140 0.656250
vt 0.535140 0.690972
vt 0.527820 0.760417
vt 0.535140 0.725694
vt 0.535140 0.760417
vt 0.505524 0.690972
vt 0.516635 0.656250
vt 0.516635 0.690972
vt 0.505524 0.760417
vt 0.516635 0.725694
vt 0.516635 0.760417
vt 0.527820 0.656250
vt 0.527820 0.725694
vt 0.540843 0.690972
vt 0.540843 0.656250
vt 0.540843 0.760417
vt 0.540843 0.725694
vt 0.505524 0.725694
vt 0.550656 0.517361
vt 0.550656 0.656250
vt 0.593460 0.552083
vt 0.593460 0.517361
vt 0.593460 0.621528
vt 0.593460 0.586806
vt 0.593460 0.690972
vt 0.593460 0.656250
vt 0.593460 0.760417
vt 0.593460 0.725694
vt 0.505524 0.656250
vt 0.595501 1.000000
vt 0.615066 1.000000
vt 0.603904 1.000000
vt 0.581878 1.000000
vt 0.598716 1.000000
vt 0.588221 1.000000
vt 0.570406 1.000000
vt 0.591403 1.000000
vt 0.577492 1.000000
vt 0.559363 1.000000
vt 0.576794 1.000000
vt 0.564441 1.000000
vt 0.583524 1.000000
vt 0.571000 1.000000
vt 0.606362 1.000000
vt 0.575612 0.829861
vt 0.569421 0.795139
vt 0.575612 0.795139
vt 0.587015 0.795139
vt 0.587015 0.829861
vt 0.575612 0.899306
vt 0.569421 0.864583
vt 0.575612 0.864583
vt 0.587015 0.864583
vt 0.587015 0.899306
vt 0.550656 0.829861
vt 0.562494 0.795139
vt 0.562494 0.829861
vt 0.550656 0.899306
vt 0.562494 0.864583
vt 0.562494 0.899306
vt 0.569421 0.829861
vt 0.569421 0.899306
vt 0.550656 0.864583
vt 0.575612 0.968750
vt 0.569421 0.934028
vt 0.575612 0.934028
vt 0.587015 0.934028
vt 0.587015 0.968750
vt 0.550656 0.968750
vt 0.562494 0.934028
vt 0.562494 0.968750
vt 0.554997 1.000000
vt 0.563086 1.000000
vt 0.565971 1.000000
vt 0.569421 0.968750
vt 0.569223 1.000000
vt 0.575605 1.000000
vt 0.586047 1.000000
vt 0.551707 1.000000
vt 0.540954 1.000000
vt 0.562167 1.000000
vt 0.545527 1.000000
vt 0.534069 1.000000
vt 0.551208 1.000000
vt 0.537201 1.000000
vt 0.508369 1.000000
vt 0.527800 1.000000
vt 0.509351 1.000000
vt 0.506915 1.000000
vt 0.522584 1.000000
vt 0.507573 1.000000
vt 0.524924 1.000000
vt 0.520643 1.000000
vt 0.556180 1.000000
vt 0.527820 0.829861
vt 0.535140 0.795139
vt 0.535140 0.829861
vt 0.527820 0.899306
vt 0.535140 0.864583
vt 0.535140 0.899306
vt 0.505524 0.829861
vt 0.516635 0.795139
vt 0.516635 0.829861
vt 0.505524 0.899306
vt 0.516635 0.864583
vt 0.516635 0.899306
vt 0.527820 0.795139
vt 0.527820 0.864583
vt 0.540843 0.829861
vt 0.540843 0.795139
vt 0.540843 0.899306
vt 0.540843 0.864583
vt 0.505524 0.864583
vt 0.529143 1.000000
vt 0.543451 1.000000
vt 0.531417 1.000000
vt 0.527820 0.968750
vt 0.535140 0.934028
vt 0.535140 0.968750
vt 0.505892 1.000000
vt 0.519008 1.000000
vt 0.506363 1.000000
vt 0.505524 0.968750
vt 0.516635 0.934028
vt 0.516635 0.968750
vt 0.517612 1.000000
vt 0.527820 0.934028
vt 0.540843 0.968750
vt 0.540843 0.934028
vt 0.534635 1.000000
vt 0.539733 1.000000
vt 0.516796 1.000000
vt 0.505524 1.000000
vt 0.527992 1.000000
vt 0.547021 1.000000
vt 0.550656 0.795139
vt 0.550656 0.934028
vt 0.593460 0.829861
vt 0.593460 0.795139
vt 0.593460 0.899306
vt 0.593460 0.864583
vt 0.593460 0.968750
vt 0.593460 0.934028
vt 0.592023 1.000000
vt 0.505524 0.934028
vt 0.600615 0.517361
vt 0.600615 0.795139
vt 0.656540 0.517361
vt 0.656540 0.795139
vt 0.505524 0.795139
vt 0.016635 0.031250
vt 0.005533 0.065972
vt 0.005533 0.031250
vt 0.006363 -0.000001
vt 0.017612 -0.000001
vt 0.005892 -0.000001
vt 0.035140 0.031250
vt 0.027820 0.065972
vt 0.027820 0.031250
vt 0.029143 -0.000001
vt 0.043451 -0.000001
vt 0.039733 -0.000001
vt 0.016635 0.065972
vt 0.019008 -0.000001
vt 0.016796 -0.000001
vt 0.005635 -0.000001
vt 0.034635 -0.000001
vt 0.027992 -0.000001
vt 0.040843 0.065972
vt 0.040843 0.031250
vt 0.016635 0.100695
vt 0.005533 0.135417
vt 0.005533 0.100695
vt 0.016635 0.170139
vt 0.005533 0.204861
vt 0.005533 0.170139
vt 0.035140 0.100695
vt 0.027820 0.135417
vt 0.027820 0.100695
vt 0.035140 0.170139
vt 0.027820 0.204861
vt 0.027820 0.170139
vt 0.016635 0.135417
vt 0.016635 0.204861
vt 0.040843 0.135417
vt 0.040843 0.100695
vt 0.040843 0.204861
vt 0.040843 0.170139
vt 0.035140 0.135417
vt 0.007573 -0.000001
vt 0.020643 -0.000001
vt 0.006915 -0.000001
vt 0.009351 -0.000001
vt 0.024924 -0.000001
vt 0.008369 -0.000001
vt 0.037201 -0.000001
vt 0.047021 -0.000001
vt 0.034069 -0.000001
vt 0.045527 -0.000001
vt 0.056180 -0.000001
vt 0.040954 -0.000001
vt 0.022584 -0.000001
vt 0.027800 -0.000001
vt 0.051208 -0.000001
vt 0.054997 -0.000001
vt 0.063085 -0.000001
vt 0.051707 -0.000001
vt 0.062494 0.031250
vt 0.050656 0.065972
vt 0.050656 0.031250
vt 0.075612 0.065972
vt 0.069421 0.031250
vt 0.075612 0.031250
vt 0.087015 0.031250
vt 0.065971 -0.000001
vt 0.069223 -0.000001
vt 0.062494 0.065972
vt 0.075605 -0.000001
vt 0.086047 -0.000001
vt 0.062494 0.100695
vt 0.050656 0.135417
vt 0.050656 0.100695
vt 0.062494 0.170139
vt 0.050656 0.204861
vt 0.050656 0.170139
vt 0.075612 0.135417
vt 0.069421 0.100695
vt 0.075612 0.100695
vt 0.087015 0.100695
vt 0.075612 0.204861
vt 0.069421 0.170139
vt 0.075612 0.170139
vt 0.087015 0.170139
vt 0.062494 0.135417
vt 0.062494 0.204861
vt 0.069421 0.135417
vt 0.087015 0.135417
vt 0.064441 -0.000001
vt 0.071000 -0.000001
vt 0.059363 -0.000001
vt 0.077492 -0.000001
vt 0.083524 -0.000001
vt 0.070406 -0.000001
vt 0.081877 -0.000001
vt 0.098716 -0.000001
vt 0.092023 -0.000001
vt 0.103904 -0.000001
vt 0.106362 -0.000001
vt 0.095501 -0.000001
vt 0.076794 -0.000001
vt 0.091403 -0.000001
vt 0.088221 -0.000001
vt 0.062167 -0.000001
vt 0.031417 -0.000001
vt 0.093460 0.065972
vt 0.093460 0.031250
vt 0.093460 0.135417
vt 0.093460 0.100695
vt 0.093460 0.204861
vt 0.093460 0.170139
vt 0.035140 0.065972
vt 0.069421 0.065972
vt 0.087015 0.065972
vt 0.016635 0.239583
vt 0.005533 0.274306
vt 0.005533 0.239583
vt 0.016635 0.309028
vt 0.005533 0.343750
vt 0.005533 0.309028
vt 0.035140 0.239583
vt 0.027820 0.274306
vt 0.027820 0.239583
vt 0.035140 0.309028
vt 0.027820 0.343750
vt 0.027820 0.309028
vt 0.016635 0.274306
vt 0.016635 0.343750
vt 0.040843 0.274306
vt 0.040843 0.239583
vt 0.040843 0.343750
vt 0.040843 0.309028
vt 0.035140 0.274306
vt 0.016635 0.378472
vt 0.005533 0.413195
vt 0.005533 0.378472
vt 0.016635 0.447917
vt 0.005533 0.482639
vt 0.005533 0.447917
vt 0.035140 0.378472
vt 0.027820 0.413195
vt 0.027820 0.378472
vt 0.035140 0.447917
vt 0.027820 0.482639
vt 0.027820 0.447917
vt 0.016635 0.413195
vt 0.016635 0.482639
vt 0.040843 0.413195
vt 0.040843 0.378472
vt 0.040843 0.482639
vt 0.040843 0.447917
vt 0.035140 0.413195
vt 0.062494 0.239583
vt 0.050656 0.274306
vt 0.050656 0.239583
vt 0.062494 0.309028
vt 0.050656 0.343750
vt 0.050656 0.309028
vt 0.075612 0.274306
vt 0.069421 0.239583
vt 0.075612 0.239583
vt 0.087015 0.239583
vt 0.075612 0.343750
vt 0.069421 0.309028
vt 0.075612 0.309028
vt 0.087015 0.309028
vt 0.062494 0.274306
vt 0.062494 0.343750
vt 0.069421 0.274306
vt 0.087015 0.274306
vt 0.062494 0.378472
vt 0.050656 0.413195
vt 0.050656 0.378472
vt 0.062494 0.447917
vt 0.050656 0.482639
vt 0.050656 0.447917
vt 0.075612 0.413195
vt 0.069421 0.378472
vt 0.075612 0.378472
vt 0.087015 0.378472
vt 0.075612 0.482639
vt 0.069421 0.447917
vt 0.075612 0.447917
vt 0.087015 0.447917
vt 0.062494 0.413195
vt 0.062494 0.482639
vt 0.069421 0.413195
vt 0.087015 0.413195
vt 0.093460 0.274306
vt 0.093460 0.239583
vt 0.093460 0.343750
vt 0.093460 0.309028
vt 0.093460 0.413195
vt 0.093460 0.378472
vt 0.093460 0.482639
vt 0.093460 0.447917
vt 0.035140 0.343750
vt 0.069421 0.343750
vt 0.087015 0.343750
vt 0.012219 -0.000001
vt 0.031416 -0.000001
vt 0.010595 -0.000001
vt 0.017612 -0.000001
vt 0.042375 -0.000001
vt 0.014429 -0.000001
vt 0.058438 -0.000001
vt 0.069491 -0.000001
vt 0.051208 -0.000001
vt 0.080707 -0.000001
vt 0.090198 -0.000001
vt 0.067900 -0.000001
vt 0.036096 -0.000001
vt 0.051208 -0.000001
vt 0.078613 -0.000001
vt 0.031417 -0.000001
vt 0.064441 -0.000001
vt 0.022584 -0.000001
vt 0.125000 -0.000001
vt 0.125000 -0.000001
vt 0.051208 -0.000001
vt 0.125000 -0.000001
vt 0.098716 -0.000001
vt 0.218584 -0.000001
vt 0.185559 -0.000001
vt 0.163990 -0.000001
vt 0.086010 -0.000001
vt 0.198792 -0.000001
vt 0.151284 -0.000001
vt 0.096375 -0.000001
vt 0.100705 -0.000001
vt 0.086010 -0.000001
vt 0.125000 -0.000001
vt 0.109137 -0.000001
vt 0.113651 -0.000001
vt 0.153625 -0.000001
vt 0.149295 -0.000001
vt 0.138232 -0.000001
vt 0.111768 -0.000001
vt 0.140863 -0.000001
vt 0.136349 -0.000001
vt 0.169293 -0.000001
vt 0.159802 -0.000001
vt 0.144792 -0.000001
vt 0.232388 -0.000001
vt 0.207625 -0.000001
vt 0.198792 -0.000001
vt 0.191562 -0.000001
vt 0.180509 -0.000001
vt 0.171387 -0.000001
vt 0.237781 -0.000001
vt 0.218584 -0.000001
vt 0.213904 -0.000001
vt 0.182100 -0.000001
vt 0.235571 -0.000001
vt 0.198792 -0.000001
vt 0.105208 -0.000001
vt 0.227416 -0.000001
vt 0.163990 -0.000001
vt 0.108308 -0.000001
vt 0.109397 -0.000001
vt 0.102460 -0.000001
vt 0.116908 0.065972
vt 0.109525 0.031250
vt 0.116908 0.031250
vt 0.100615 0.065972
vt 0.100615 0.031250
vt 0.116167 -0.000001
vt 0.141692 -0.000001
vt 0.140603 -0.000001
vt 0.133083 -0.000001
vt 0.149385 0.065972
vt 0.140475 0.031250
vt 0.149385 0.031250
vt 0.133092 0.065972
vt 0.133092 0.031250
vt 0.125000 0.031250
vt 0.116917 -0.000001
vt 0.147540 -0.000001
vt 0.125000 -0.000001
vt 0.116908 0.135417
vt 0.109525 0.100695
vt 0.116908 0.100695
vt 0.100615 0.135417
vt 0.100615 0.100695
vt 0.116908 0.204861
vt 0.109525 0.170139
vt 0.116908 0.170139
vt 0.100615 0.204861
vt 0.100615 0.170139
vt 0.149385 0.135417
vt 0.140475 0.100695
vt 0.149385 0.100695
vt 0.133092 0.135417
vt 0.133092 0.100695
vt 0.149385 0.204861
vt 0.140475 0.170139
vt 0.149385 0.170139
vt 0.133092 0.204861
vt 0.133092 0.170139
vt 0.125000 0.100695
vt 0.125000 0.170139
vt 0.109525 0.135417
vt 0.140475 0.135417
vt 0.125000 0.135417
vt 0.109525 0.065972
vt 0.140475 0.065972
vt 0.125000 0.065972
vt 0.116908 0.274306
vt 0.109525 0.239583
vt 0.116908 0.239583
vt 0.100615 0.274306
vt 0.100615 0.239583
vt 0.116908 0.343750
vt 0.109525 0.309028
vt 0.116908 0.309028
vt 0.100615 0.343750
vt 0.100615 0.309028
vt 0.149385 0.274306
vt 0.140475 0.239583
vt 0.149385 0.239583
vt 0.133092 0.274306
vt 0.133092 0.239583
vt 0.149385 0.343750
vt 0.140475 0.309028
vt 0.149385 0.309028
vt 0.133092 0.343750
vt 0.133092 0.309028
vt 0.125000 0.239583
vt 0.125000 0.309028
vt 0.109525 0.274306
vt 0.140475 0.274306
vt 0.125000 0.274306
vt 0.116908 0.413195
vt 0.109525 0.378472
vt 0.116908 0.378472
vt 0.100615 0.413195
vt 0.100615 0.378472
vt 0.116908 0.482639
vt 0.109525 0.447917
vt 0.116908 0.447917
vt 0.100615 0.482639
vt 0.100615 0.447917
vt 0.149385 0.413195
vt 0.140475 0.378472
vt 0.149385 0.378472
vt 0.133092 0.413195
vt 0.133092 0.378472
vt 0.149385 0.482639
vt 0.140475 0.447917
vt 0.149385 0.447917
vt 0.133092 0.482639
vt 0.133092 0.447917
vt 0.125000 0.378472
vt 0.125000 0.447917
vt 0.109525 0.413195
vt 0.140475 0.413195
vt 0.125000 0.413195
vt 0.109525 0.343750
vt 0.140475 0.343750
vt 0.125000 0.343750
vt 0.146096 -0.000001
vt 0.143638 -0.000001
vt 0.134934 -0.000001
vt 0.172508 -0.000001
vt 0.166476 -0.000001
vt 0.158597 -0.000001
vt 0.151284 -0.000001
vt 0.168123 -0.000001
vt 0.157977 -0.000001
vt 0.185559 -0.000001
vt 0.179000 -0.000001
vt 0.173206 -0.000001
vt 0.154499 -0.000001
vt 0.179594 -0.000001
vt 0.161779 -0.000001
vt 0.204473 -0.000001
vt 0.193820 -0.000001
vt 0.187833 -0.000001
vt 0.240649 -0.000001
vt 0.225076 -0.000001
vt 0.222200 -0.000001
vt 0.212799 -0.000001
vt 0.202979 -0.000001
vt 0.242427 -0.000001
vt 0.229357 -0.000001
vt 0.227416 -0.000001
vt 0.209046 -0.000001
vt 0.241631 -0.000001
vt 0.215931 -0.000001
vt 0.174388 0.065972
vt 0.162985 0.031250
vt 0.174388 0.031250
vt 0.180579 0.031250
vt 0.195003 -0.000001
vt 0.186915 -0.000001
vt 0.184029 -0.000001
vt 0.199344 0.065972
vt 0.187506 0.031250
vt 0.199344 0.031250
vt 0.180777 -0.000001
vt 0.174395 -0.000001
vt 0.187506 0.065972
vt 0.163953 -0.000001
vt 0.198293 -0.000001
vt 0.174388 0.135417
vt 0.162985 0.100695
vt 0.174388 0.100695
vt 0.180579 0.100695
vt 0.174388 0.204861
vt 0.162985 0.170139
vt 0.174388 0.170139
vt 0.180579 0.170139
vt 0.199344 0.135417
vt 0.187506 0.100694
vt 0.199344 0.100694
vt 0.199344 0.204861
vt 0.187506 0.170139
vt 0.199344 0.170139
vt 0.187506 0.135417
vt 0.187506 0.204861
vt 0.162985 0.135417
vt 0.180579 0.135417
vt 0.206549 -0.000001
vt 0.220857 -0.000001
vt 0.210267 -0.000001
vt 0.243637 -0.000001
vt 0.232388 -0.000001
vt 0.230992 -0.000001
vt 0.222180 0.065972
vt 0.214860 0.031250
vt 0.222180 0.031250
vt 0.244476 0.065972
vt 0.233365 0.031250
vt 0.244476 0.031250
vt 0.215365 -0.000001
vt 0.209157 0.065972
vt 0.209157 0.031250
vt 0.244108 -0.000001
vt 0.233204 -0.000001
vt 0.218584 -0.000001
vt 0.233365 0.065972
vt 0.222008 -0.000001
vt 0.244476 -0.000001
vt 0.222180 0.135417
vt 0.214860 0.100694
vt 0.222180 0.100694
vt 0.222180 0.204861
vt 0.214860 0.170139
vt 0.222180 0.170139
vt 0.244476 0.135417
vt 0.233365 0.100694
vt 0.244476 0.100694
vt 0.244476 0.204861
vt 0.233365 0.170139
vt 0.244476 0.170139
vt 0.209157 0.135417
vt 0.209157 0.100694
vt 0.209157 0.204861
vt 0.209157 0.170139
vt 0.233365 0.135417
vt 0.233365 0.204861
vt 0.214860 0.135417
vt 0.156540 0.065972
vt 0.156540 0.031250
vt 0.190637 -0.000001
vt 0.156540 0.135417
vt 0.156540 0.100695
vt 0.156540 0.204861
vt 0.156540 0.170139
vt 0.243085 -0.000001
vt 0.162985 0.065972
vt 0.180579 0.065972
vt 0.214860 0.065972
vt 0.174388 0.274306
vt 0.162985 0.239583
vt 0.174388 0.239583
vt 0.180579 0.239583
vt 0.174388 0.343750
vt 0.162985 0.309028
vt 0.174388 0.309028
vt 0.180579 0.309028
vt 0.199344 0.274306
vt 0.187506 0.239583
vt 0.199344 0.239583
vt 0.199344 0.343750
vt 0.187506 0.309028
vt 0.199344 0.309028
vt 0.187506 0.274306
vt 0.187506 0.343750
vt 0.162985 0.274306
vt 0.180579 0.274306
vt 0.174388 0.413195
vt 0.162985 0.378472
vt 0.174388 0.378472
vt 0.180579 0.378472
vt 0.174388 0.482639
vt 0.162985 0.447917
vt 0.174388 0.447917
vt 0.180579 0.447917
vt 0.199344 0.413195
vt 0.187506 0.378472
vt 0.199344 0.378472
vt 0.199344 0.482639
vt 0.187506 0.447917
vt 0.199344 0.447917
vt 0.187506 0.413195
vt 0.187506 0.482639
vt 0.162985 0.413195
vt 0.180579 0.413195
vt 0.222180 0.274306
vt 0.214860 0.239583
vt 0.222180 0.239583
vt 0.222180 0.343750
vt 0.214860 0.309028
vt 0.222180 0.309028
vt 0.244476 0.274306
vt 0.233365 0.239583
vt 0.244476 0.239583
vt 0.244476 0.343750
vt 0.233365 0.309028
vt 0.244476 0.309028
vt 0.209157 0.274306
vt 0.209157 0.239583
vt 0.209157 0.343750
vt 0.209157 0.309028
vt 0.233365 0.274306
vt 0.233365 0.343750
vt 0.214860 0.274306
vt 0.222180 0.413195
vt 0.214860 0.378472
vt 0.222180 0.378472
vt 0.222180 0.482639
vt 0.214860 0.447917
vt 0.222180 0.447917
vt 0.244476 0.413195
vt 0.233365 0.378472
vt 0.244476 0.378472
vt 0.244476 0.482639
vt 0.233365 0.447917
vt 0.244476 0.447917
vt 0.209157 0.413195
vt 0.209157 0.378472
vt 0.209157 0.482639
vt 0.209157 0.447917
vt 0.233365 0.413195
vt 0.233365 0.482639
vt 0.214860 0.413195
vt 0.156540 0.274306
vt 0.156540 0.239583
vt 0.156540 0.343750
vt 0.156540 0.309028
vt 0.156540 0.413195
vt 0.156540 0.378472
vt 0.156540 0.482639
vt 0.156540 0.447917
vt 0.162985 0.343750
vt 0.180579 0.343750
vt 0.214860 0.343750
vt 0.115066 -0.000001
vt 0.239405 -0.000001
vt 0.133833 -0.000001
vt 0.035140 0.204861
vt 0.069421 0.204861
vt 0.087015 0.204861
vt 0.109525 0.204861
vt 0.140475 0.204861
vt 0.125000 0.204861
vt 0.162985 0.204861
vt 0.180579 0.204861
vt 0.214860 0.204861
vt 0.016635 0.517361
vt 0.005533 0.552083
vt 0.005533 0.517361
vt 0.016635 0.586806
vt 0.005533 0.621528
vt 0.005533 0.586806
vt 0.035140 0.517361
vt 0.027820 0.552083
vt 0.027820 0.517361
vt 0.035140 0.586806
vt 0.027820 0.621528
vt 0.027820 0.586806
vt 0.016635 0.552083
vt 0.016635 0.621528
vt 0.040843 0.552083
vt 0.040843 0.517361
vt 0.040843 0.621528
vt 0.040843 0.586806
vt 0.035140 0.552083
vt 0.016635 0.656250
vt 0.005533 0.690972
vt 0.005533 0.656250
vt 0.016635 0.725695
vt 0.005533 0.760417
vt 0.005533 0.725695
vt 0.035140 0.656250
vt 0.027820 0.690972
vt 0.027820 0.656250
vt 0.035140 0.725695
vt 0.027820 0.760417
vt 0.027820 0.725695
vt 0.016635 0.690972
vt 0.016635 0.760417
vt 0.040843 0.690972
vt 0.040843 0.656250
vt 0.040843 0.760417
vt 0.040843 0.725695
vt 0.035140 0.690972
vt 0.062494 0.517361
vt 0.050656 0.552083
vt 0.050656 0.517361
vt 0.062494 0.586806
vt 0.050656 0.621528
vt 0.050656 0.586806
vt 0.075612 0.552083
vt 0.069421 0.517361
vt 0.075612 0.517361
vt 0.087015 0.517361
vt 0.075612 0.621528
vt 0.069421 0.586806
vt 0.075612 0.586806
vt 0.087015 0.586806
vt 0.062494 0.552083
vt 0.062494 0.621528
vt 0.069421 0.552083
vt 0.087015 0.552083
vt 0.062494 0.656250
vt 0.050656 0.690972
vt 0.050656 0.656250
vt 0.062494 0.725695
vt 0.050656 0.760417
vt 0.050656 0.725695
vt 0.075612 0.690972
vt 0.069421 0.656250
vt 0.075612 0.656250
vt 0.087015 0.656250
vt 0.075612 0.760417
vt 0.069421 0.725695
vt 0.075612 0.725695
vt 0.087015 0.725695
vt 0.062494 0.690972
vt 0.062494 0.760417
vt 0.069421 0.690972
vt 0.087015 0.690972
vt 0.093460 0.552083
vt 0.093460 0.517361
vt 0.093460 0.621528
vt 0.093460 0.586806
vt 0.093460 0.690972
vt 0.093460 0.656250
vt 0.093460 0.760417
vt 0.093460 0.725695
vt 0.035140 0.621528
vt 0.069421 0.621528
vt 0.087015 0.621528
vt 0.016635 0.795139
vt 0.005533 0.829861
vt 0.005533 0.795139
vt 0.016635 0.864584
vt 0.005533 0.899306
vt 0.005533 0.864584
vt 0.035140 0.795139
vt 0.027820 0.829861
vt 0.027820 0.795139
vt 0.035140 0.864584
vt 0.027820 0.899306
vt 0.027820 0.864584
vt 0.016635 0.829861
vt 0.016635 0.899306
vt 0.040843 0.829861
vt 0.040843 0.795139
vt 0.040843 0.899306
vt 0.040843 0.864584
vt 0.035140 0.829861
vt 0.016635 0.934028
vt 0.005533 0.968750
vt 0.005533 0.934028
vt 0.019008 1.000000
vt 0.005892 1.000000
vt 0.017612 1.000000
vt 0.035140 0.934028
vt 0.027820 0.968750
vt 0.027820 0.934028
vt 0.043451 1.000000
vt 0.029143 1.000000
vt 0.039733 1.000000
vt 0.016635 0.968750
vt 0.031416 1.000000
vt 0.040843 0.968750
vt 0.040843 0.934028
vt 0.016796 1.000000
vt 0.005635 1.000000
vt 0.034635 1.000000
vt 0.027992 1.000000
vt 0.035140 0.968750
vt 0.022584 1.000000
vt 0.006915 1.000000
vt 0.020643 1.000000
vt 0.027800 1.000000
vt 0.008369 1.000000
vt 0.024924 1.000000
vt 0.051208 1.000000
vt 0.034069 1.000000
vt 0.047021 1.000000
vt 0.062167 1.000000
vt 0.040954 1.000000
vt 0.056180 1.000000
vt 0.037201 1.000000
vt 0.045526 1.000000
vt 0.007573 1.000000
vt 0.062494 0.795139
vt 0.050656 0.829861
vt 0.050656 0.795139
vt 0.062494 0.864584
vt 0.050656 0.899306
vt 0.050656 0.864584
vt 0.075612 0.829861
vt 0.069421 0.795139
vt 0.075612 0.795139
vt 0.087015 0.795139
vt 0.075612 0.899306
vt 0.069421 0.864584
vt 0.075612 0.864584
vt 0.087015 0.864584
vt 0.062494 0.829861
vt 0.062494 0.899306
vt 0.069421 0.829861
vt 0.087015 0.829861
vt 0.062494 0.934028
vt 0.050656 0.968750
vt 0.050656 0.934028
vt 0.063085 1.000000
vt 0.054997 1.000000
vt 0.051707 1.000000
vt 0.075612 0.968750
vt 0.069421 0.934028
vt 0.075612 0.934028
vt 0.087015 0.934028
vt 0.062494 0.968750
vt 0.069223 1.000000
vt 0.065971 1.000000
vt 0.075605 1.000000
vt 0.069421 0.968750
vt 0.086047 1.000000
vt 0.076794 1.000000
vt 0.059363 1.000000
vt 0.071000 1.000000
vt 0.091403 1.000000
vt 0.070406 1.000000
vt 0.083524 1.000000
vt 0.098716 1.000000
vt 0.081877 1.000000
vt 0.092023 1.000000
vt 0.115066 1.000000
vt 0.095501 1.000000
vt 0.106362 1.000000
vt 0.088221 1.000000
vt 0.103904 1.000000
vt 0.064440 1.000000
vt 0.077492 1.000000
vt 0.093460 0.829861
vt 0.093460 0.795139
vt 0.093460 0.899306
vt 0.093460 0.864584
vt 0.006363 1.000000
vt 0.093460 0.968750
vt 0.093460 0.934028
vt 0.087015 0.968750
vt 0.035140 0.899306
vt 0.069421 0.899306
vt 0.087015 0.899306
vt 0.036096 1.000000
vt 0.010595 1.000000
vt 0.031416 1.000000
vt 0.051208 1.000000
vt 0.014429 1.000000
vt 0.042375 1.000000
vt 0.078613 1.000000
vt 0.051208 1.000000
vt 0.069491 1.000000
vt 0.105208 1.000000
vt 0.067900 1.000000
vt 0.090198 1.000000
vt 0.058437 1.000000
vt 0.080707 1.000000
vt 0.012219 1.000000
vt 0.086010 1.000000
vt 0.022584 1.000000
vt 0.064440 1.000000
vt 0.198791 1.000000
vt 0.051208 1.000000
vt 0.125000 1.000000
vt 0.151284 1.000000
vt 0.098716 1.000000
vt 0.125000 1.000000
vt 0.227416 1.000000
vt 0.163989 1.000000
vt 0.185559 1.000000
vt 0.125000 1.000000
vt 0.218583 1.000000
vt 0.031416 1.000000
vt 0.111768 1.000000
vt 0.086010 1.000000
vt 0.100705 1.000000
vt 0.140863 1.000000
vt 0.109137 1.000000
vt 0.125000 1.000000
vt 0.136349 1.000000
vt 0.113651 1.000000
vt 0.125000 1.000000
vt 0.163990 1.000000
vt 0.138232 1.000000
vt 0.149295 1.000000
vt 0.125000 1.000000
vt 0.153625 1.000000
vt 0.096375 1.000000
vt 0.182100 1.000000
vt 0.144792 1.000000
vt 0.159802 1.000000
vt 0.235571 1.000000
vt 0.198792 1.000000
vt 0.207625 1.000000
vt 0.198792 1.000000
vt 0.171387 1.000000
vt 0.180509 1.000000
vt 0.239405 1.000000
vt 0.213904 1.000000
vt 0.218583 1.000000
vt 0.191562 1.000000
vt 0.237781 1.000000
vt 0.169293 1.000000
vt 0.125000 1.000000
vt 0.232388 1.000000
vt 0.017612 1.000000
vt 0.116908 0.552083
vt 0.109525 0.517361
vt 0.116908 0.517361
vt 0.100615 0.552083
vt 0.100615 0.517361
vt 0.116908 0.621528
vt 0.109525 0.586806
vt 0.116908 0.586806
vt 0.100615 0.621528
vt 0.100615 0.586806
vt 0.149385 0.552083
vt 0.140475 0.517361
vt 0.149385 0.517361
vt 0.133092 0.552083
vt 0.133092 0.517361
vt 0.149385 0.621528
vt 0.140475 0.586806
vt 0.149385 0.586806
vt 0.133092 0.621528
vt 0.133092 0.586806
vt 0.125000 0.517361
vt 0.125000 0.586806
vt 0.109525 0.552083
vt 0.140475 0.552083
vt 0.125000 0.552083
vt 0.116908 0.690972
vt 0.109525 0.656250
vt 0.116908 0.656250
vt 0.100615 0.690972
vt 0.100615 0.656250
vt 0.116908 0.760417
vt 0.109525 0.725695
vt 0.116908 0.725695
vt 0.100615 0.760417
vt 0.100615 0.725695
vt 0.149385 0.690972
vt 0.140475 0.656250
vt 0.149385 0.656250
vt 0.133092 0.690972
vt 0.133092 0.656250
vt 0.149385 0.760417
vt 0.140475 0.725695
vt 0.149385 0.725695
vt 0.133092 0.760417
vt 0.133092 0.725695
vt 0.125000 0.656250
vt 0.125000 0.725695
vt 0.109525 0.690972
vt 0.140475 0.690972
vt 0.125000 0.690972
vt 0.109525 0.621528
vt 0.140475 0.621528
vt 0.125000 0.621528
vt 0.116908 0.829861
vt 0.109525 0.795139
vt 0.116908 0.795139
vt 0.100615 0.829861
vt 0.100615 0.795139
vt 0.116908 0.899306
vt 0.109525 0.864584
vt 0.116908 0.864584
vt 0.100615 0.899306
vt 0.100615 0.864584
vt 0.149385 0.829861
vt 0.140475 0.795139
vt 0.149385 0.795139
vt 0.133092 0.829861
vt 0.133092 0.795139
vt 0.149385 0.899306
vt 0.140475 0.864584
vt 0.149385 0.864584
vt 0.133092 0.899306
vt 0.133092 0.864584
vt 0.125000 0.795139
vt 0.125000 0.864584
vt 0.109525 0.829861
vt 0.140475 0.829861
vt 0.125000 0.829861
vt 0.116908 0.968750
vt 0.109525 0.934028
vt 0.116908 0.934028
vt 0.100615 0.968750
vt 0.100615 0.934028
vt 0.109397 1.000000
vt 0.108308 1.000000
vt 0.102460 1.000000
vt 0.133833 1.000000
vt 0.116167 1.000000
vt 0.125000 1.000000
vt 0.149385 0.968750
vt 0.140475 0.934028
vt 0.149385 0.934028
vt 0.133092 0.968750
vt 0.133092 0.934028
vt 0.140603 1.000000
vt 0.141692 1.000000
vt 0.133083 1.000000
vt 0.125000 0.934028
vt 0.116917 1.000000
vt 0.109525 0.968750
vt 0.147540 1.000000
vt 0.140475 0.968750
vt 0.125000 0.968750
vt 0.125000 1.000000
vt 0.109525 0.899306
vt 0.140475 0.899306
vt 0.125000 0.899306
vt 0.174388 0.552083
vt 0.162985 0.517361
vt 0.174388 0.517361
vt 0.180579 0.517361
vt 0.174388 0.621528
vt 0.162985 0.586806
vt 0.174388 0.586806
vt 0.180579 0.586806
vt 0.199344 0.552083
vt 0.187506 0.517361
vt 0.199344 0.517361
vt 0.199344 0.621528
vt 0.187506 0.586806
vt 0.199344 0.586806
vt 0.187506 0.552083
vt 0.187506 0.621528
vt 0.162985 0.552083
vt 0.180579 0.552083
vt 0.174388 0.690972
vt 0.162985 0.656250
vt 0.174388 0.656250
vt 0.180579 0.656250
vt 0.174388 0.760417
vt 0.162985 0.725695
vt 0.174388 0.725695
vt 0.180579 0.725695
vt 0.199344 0.690972
vt 0.187506 0.656250
vt 0.199344 0.656250
vt 0.199344 0.760417
vt 0.187506 0.725695
vt 0.199344 0.725695
vt 0.187506 0.690972
vt 0.187506 0.760417
vt 0.162985 0.690972
vt 0.180579 0.690972
vt 0.222180 0.552083
vt 0.214860 0.517361
vt 0.222180 0.517361
vt 0.222180 0.621528
vt 0.214860 0.586806
vt 0.222180 0.586806
vt 0.244476 0.552083
vt 0.233365 0.517361
vt 0.244476 0.517361
vt 0.244476 0.621528
vt 0.233365 0.586806
vt 0.244476 0.586806
vt 0.209157 0.552083
vt 0.209157 0.517361
vt 0.209157 0.621528
vt 0.209157 0.586806
vt 0.233365 0.552083
vt 0.233365 0.621528
vt 0.214860 0.552083
vt 0.222180 0.690972
vt 0.214860 0.656250
vt 0.222180 0.656250
vt 0.222180 0.760417
vt 0.214860 0.725695
vt 0.222180 0.725695
vt 0.244476 0.690972
vt 0.233365 0.656250
vt 0.244476 0.656250
vt 0.244476 0.760417
vt 0.233365 0.725695
vt 0.244476 0.725695
vt 0.209157 0.690972
vt 0.209157 0.656250
vt 0.209157 0.760417
vt 0.209157 0.725695
vt 0.233365 0.690972
vt 0.233365 0.760417
vt 0.214860 0.690972
vt 0.156540 0.552083
vt 0.156540 0.517361
vt 0.156540 0.621528
vt 0.156540 0.586806
vt 0.156540 0.690972
vt 0.156540 0.656250
vt 0.156540 0.760417
vt 0.156540 0.725695
vt 0.162985 0.621528
vt 0.180579 0.621528
vt 0.214860 0.621528
vt 0.154499 1.000000
vt 0.134934 1.000000
vt 0.143638 1.000000
vt 0.179594 1.000000
vt 0.158596 1.000000
vt 0.166476 1.000000
vt 0.168123 1.000000
vt 0.151284 1.000000
vt 0.157977 1.000000
vt 0.190637 1.000000
vt 0.173206 1.000000
vt 0.179000 1.000000
vt 0.161779 1.000000
vt 0.185559 1.000000
vt 0.146096 1.000000
vt 0.209046 1.000000
vt 0.187833 1.000000
vt 0.193820 1.000000
vt 0.241631 1.000000
vt 0.222200 1.000000
vt 0.225076 1.000000
vt 0.215931 1.000000
vt 0.198792 1.000000
vt 0.202979 1.000000
vt 0.243085 1.000000
vt 0.227416 1.000000
vt 0.229357 1.000000
vt 0.212799 1.000000
vt 0.242427 1.000000
vt 0.204473 1.000000
vt 0.174388 0.829861
vt 0.162985 0.795139
vt 0.174388 0.795139
vt 0.180579 0.795139
vt 0.174388 0.899306
vt 0.162985 0.864584
vt 0.174388 0.864584
vt 0.180579 0.864584
vt 0.199344 0.829861
vt 0.187506 0.795139
vt 0.199344 0.795139
vt 0.199344 0.899306
vt 0.187506 0.864583
vt 0.199344 0.864583
vt 0.187506 0.829861
vt 0.187506 0.899306
vt 0.162985 0.829861
vt 0.180579 0.829861
vt 0.174388 0.968750
vt 0.162985 0.934028
vt 0.174388 0.934028
vt 0.180579 0.934028
vt 0.199344 0.968750
vt 0.187506 0.934028
vt 0.199344 0.934028
vt 0.186914 1.000000
vt 0.195003 1.000000
vt 0.184029 1.000000
vt 0.187506 0.968750
vt 0.180777 1.000000
vt 0.174395 1.000000
vt 0.163953 1.000000
vt 0.162985 0.968750
vt 0.180579 0.968750
vt 0.198293 1.000000
vt 0.222180 0.829861
vt 0.214860 0.795139
vt 0.222180 0.795139
vt 0.222180 0.899306
vt 0.214860 0.864583
vt 0.222180 0.864583
vt 0.244476 0.829861
vt 0.233365 0.795139
vt 0.244476 0.795139
vt 0.244476 0.899306
vt 0.233365 0.864583
vt 0.244476 0.864583
vt 0.209157 0.829861
vt 0.209157 0.795139
vt 0.209157 0.899306
vt 0.209157 0.864583
vt 0.233365 0.829861
vt 0.233365 0.899306
vt 0.214860 0.829861
vt 0.220857 1.000000
vt 0.206549 1.000000
vt 0.210267 1.000000
vt 0.244108 1.000000
vt 0.230992 1.000000
vt 0.232388 1.000000
vt 0.222180 0.968750
vt 0.214860 0.934028
vt 0.222180 0.934028
vt 0.244476 0.968750
vt 0.233365 0.934028
vt 0.244476 0.934028
vt 0.209157 0.968750
vt 0.209157 0.934028
vt 0.215365 1.000000
vt 0.233204 1.000000
vt 0.233365 0.968750
vt 0.218583 1.000000
vt 0.214860 0.968750
vt 0.244476 1.000000
vt 0.222008 1.000000
vt 0.156540 0.829861
vt 0.156540 0.795139
vt 0.156540 0.899306
vt 0.156540 0.864584
vt 0.156540 0.968750
vt 0.156540 0.934028
vt 0.243637 1.000000
vt 0.172508 1.000000
vt 0.162985 0.899306
vt 0.180579 0.899306
vt 0.214860 0.899306
vt 0.240649 1.000000
vt 0.009351 1.000000
vt 0.035140 0.760417
vt 0.069421 0.760417
vt 0.087015 0.760417
vt 0.109525 0.760417
vt 0.140475 0.760417
vt 0.125000 0.760417
vt 0.162985 0.760417
vt 0.180579 0.760417
vt 0.214860 0.760417
vt 0.448792 -0.000001
vt 0.301208 -0.000001
vt 0.375000 -0.000001
vt 0.477416 -0.000001
vt 0.413990 -0.000001
vt 0.468583 -0.000001
vt 0.336010 -0.000001
vt 0.272584 -0.000001
vt 0.281416 -0.000001
vt 0.401284 -0.000001
vt 0.348716 -0.000001
vt 0.375000 -0.000001
vt 0.375000 -0.000001
vt 0.435559 -0.000001
vt 0.314440 -0.000001
vt 0.485571 -0.000001
vt 0.448792 -0.000001
vt 0.482388 -0.000001
vt 0.489405 -0.000001
vt 0.463904 -0.000001
vt 0.487781 -0.000001
vt 0.432100 -0.000001
vt 0.394792 -0.000001
vt 0.419293 -0.000001
vt 0.448792 -0.000001
vt 0.421387 -0.000001
vt 0.441562 -0.000001
vt 0.457625 -0.000001
vt 0.468583 -0.000001
vt 0.409802 -0.000001
vt 0.301208 -0.000001
vt 0.264429 -0.000001
vt 0.267612 -0.000001
vt 0.355208 -0.000001
vt 0.317900 -0.000001
vt 0.330707 -0.000001
vt 0.286096 -0.000001
vt 0.260595 -0.000001
vt 0.262219 -0.000001
vt 0.328613 -0.000001
vt 0.301208 -0.000001
vt 0.308437 -0.000001
vt 0.292375 -0.000001
vt 0.340198 -0.000001
vt 0.281416 -0.000001
vt 0.390863 -0.000001
vt 0.359137 -0.000001
vt 0.375000 -0.000001
vt 0.413990 -0.000001
vt 0.388232 -0.000001
vt 0.403625 -0.000001
vt 0.361768 -0.000001
vt 0.336010 -0.000001
vt 0.346375 -0.000001
vt 0.386349 -0.000001
vt 0.363651 -0.000001
vt 0.399295 -0.000001
vt 0.350705 -0.000001
vt 0.430509 -0.000001
vt 0.319491 -0.000001
vt 0.491631 -0.000001
vt 0.472200 -0.000001
vt 0.490649 -0.000001
vt 0.493085 -0.000001
vt 0.477416 -0.000001
vt 0.492427 -0.000001
vt 0.459046 -0.000001
vt 0.437833 -0.000001
vt 0.454473 -0.000001
vt 0.465931 -0.000001
vt 0.462799 -0.000001
vt 0.475076 -0.000001
vt 0.479357 -0.000001
vt 0.443820 -0.000001
vt 0.494108 -0.000001
vt 0.480992 -0.000001
vt 0.493637 -0.000001
vt 0.483365 0.065972
vt 0.494467 0.031250
vt 0.494467 0.065972
vt 0.470857 -0.000001
vt 0.456549 -0.000001
vt 0.464860 0.065972
vt 0.472180 0.031250
vt 0.472180 0.065972
vt 0.482388 -0.000001
vt 0.483365 0.031250
vt 0.483204 -0.000001
vt 0.465365 -0.000001
vt 0.460267 -0.000001
vt 0.459157 0.031250
vt 0.464860 0.031250
vt 0.494365 -0.000001
vt 0.472008 -0.000001
vt 0.483365 0.135417
vt 0.494467 0.100694
vt 0.494467 0.135417
vt 0.483365 0.204861
vt 0.494467 0.170139
vt 0.494467 0.204861
vt 0.464860 0.135417
vt 0.472180 0.100694
vt 0.472180 0.135417
vt 0.464860 0.204861
vt 0.472180 0.170139
vt 0.472180 0.204861
vt 0.483365 0.100694
vt 0.483365 0.170139
vt 0.459157 0.100694
vt 0.464860 0.100694
vt 0.459157 0.170139
vt 0.464860 0.170139
vt 0.459157 0.135417
vt 0.429594 -0.000001
vt 0.408597 -0.000001
vt 0.422508 -0.000001
vt 0.440637 -0.000001
vt 0.423206 -0.000001
vt 0.435559 -0.000001
vt 0.404499 -0.000001
vt 0.384934 -0.000001
vt 0.396096 -0.000001
vt 0.418123 -0.000001
vt 0.401284 -0.000001
vt 0.411779 -0.000001
vt 0.416476 -0.000001
vt 0.429000 -0.000001
vt 0.393638 -0.000001
vt 0.445003 -0.000001
vt 0.436914 -0.000001
vt 0.434029 -0.000001
vt 0.437505 0.065972
vt 0.449344 0.031250
vt 0.449344 0.065972
vt 0.430579 0.065972
vt 0.424389 0.031250
vt 0.430579 0.031250
vt 0.412985 0.065972
vt 0.424389 0.065972
vt 0.430777 -0.000001
vt 0.424395 -0.000001
vt 0.437505 0.031250
vt 0.448293 -0.000001
vt 0.413953 -0.000001
vt 0.437506 0.135417
vt 0.449344 0.100694
vt 0.449344 0.135417
vt 0.437506 0.204861
vt 0.449344 0.170139
vt 0.449344 0.204861
vt 0.430579 0.135417
vt 0.424389 0.100694
vt 0.430579 0.100694
vt 0.412985 0.135417
vt 0.424389 0.135417
vt 0.430579 0.204861
vt 0.424389 0.170139
vt 0.430579 0.170139
vt 0.412985 0.204861
vt 0.424389 0.204861
vt 0.437506 0.100694
vt 0.437506 0.170139
vt 0.412985 0.170139
vt 0.452979 -0.000001
vt 0.459157 0.065972
vt 0.459157 0.204861
vt 0.407977 -0.000001
vt 0.406540 0.031250
vt 0.412985 0.031250
vt 0.406540 0.100694
vt 0.412985 0.100694
vt 0.406540 0.170139
vt 0.406540 0.135417
vt 0.406540 0.065972
vt 0.483365 0.274305
vt 0.494467 0.239583
vt 0.494467 0.274305
vt 0.483365 0.343750
vt 0.494467 0.309028
vt 0.494467 0.343750
vt 0.464860 0.274306
vt 0.472180 0.239583
vt 0.472180 0.274306
vt 0.464860 0.343750
vt 0.472180 0.309028
vt 0.472180 0.343750
vt 0.483365 0.239583
vt 0.483365 0.309028
vt 0.459157 0.239583
vt 0.464860 0.239583
vt 0.459157 0.309028
vt 0.464860 0.309028
vt 0.459157 0.274306
vt 0.483365 0.413194
vt 0.494467 0.378472
vt 0.494467 0.413194
vt 0.483365 0.482639
vt 0.494467 0.447917
vt 0.494467 0.482639
vt 0.464860 0.413194
vt 0.472180 0.378472
vt 0.472180 0.413194
vt 0.464860 0.482639
vt 0.472180 0.447917
vt 0.472180 0.482639
vt 0.483365 0.378472
vt 0.483365 0.447917
vt 0.459157 0.378472
vt 0.464860 0.378472
vt 0.459157 0.447917
vt 0.464860 0.447917
vt 0.459157 0.413194
vt 0.437506 0.274306
vt 0.449344 0.239583
vt 0.449344 0.274306
vt 0.437506 0.343750
vt 0.449344 0.309028
vt 0.449344 0.343750
vt 0.430579 0.274306
vt 0.424389 0.239583
vt 0.430579 0.239583
vt 0.412985 0.274306
vt 0.424389 0.274306
vt 0.430579 0.343750
vt 0.424389 0.309028
vt 0.430579 0.309028
vt 0.412985 0.343750
vt 0.424389 0.343750
vt 0.437506 0.239583
vt 0.437506 0.309028
vt 0.412985 0.309028
vt 0.437506 0.413194
vt 0.449344 0.378472
vt 0.449344 0.413194
vt 0.437506 0.482639
vt 0.449344 0.447917
vt 0.449344 0.482639
vt 0.430579 0.413194
vt 0.424389 0.378472
vt 0.430579 0.378472
vt 0.412985 0.413194
vt 0.424389 0.413194
vt 0.430579 0.482639
vt 0.424389 0.447917
vt 0.430579 0.447917
vt 0.412985 0.482639
vt 0.424389 0.482639
vt 0.437506 0.378472
vt 0.437506 0.447917
vt 0.412985 0.447917
vt 0.459157 0.343750
vt 0.459157 0.482639
vt 0.406540 0.239583
vt 0.412985 0.239583
vt 0.406540 0.309028
vt 0.406540 0.274306
vt 0.406540 0.378472
vt 0.412985 0.378472
vt 0.406540 0.447917
vt 0.406540 0.413194
vt 0.406540 0.343750
vt 0.277800 -0.000001
vt 0.258369 -0.000001
vt 0.259351 -0.000001
vt 0.312167 -0.000001
vt 0.290954 -0.000001
vt 0.295526 -0.000001
vt 0.272584 -0.000001
vt 0.256915 -0.000001
vt 0.257573 -0.000001
vt 0.284069 -0.000001
vt 0.287201 -0.000001
vt 0.274924 -0.000001
vt 0.306180 -0.000001
vt 0.270643 -0.000001
vt 0.341403 -0.000001
vt 0.320406 -0.000001
vt 0.327492 -0.000001
vt 0.365066 -0.000001
vt 0.345501 -0.000001
vt 0.353904 -0.000001
vt 0.326794 -0.000001
vt 0.309363 -0.000001
vt 0.314440 -0.000001
vt 0.348716 -0.000001
vt 0.331877 -0.000001
vt 0.338221 -0.000001
vt 0.333524 -0.000001
vt 0.356362 -0.000001
vt 0.321000 -0.000001
vt 0.269008 -0.000001
vt 0.255892 -0.000001
vt 0.256363 -0.000001
vt 0.293451 -0.000001
vt 0.279143 -0.000001
vt 0.266635 0.065972
vt 0.255533 0.031250
vt 0.266635 0.031250
vt 0.285140 0.065972
vt 0.277820 0.031250
vt 0.285140 0.031250
vt 0.266796 -0.000001
vt 0.255635 -0.000001
vt 0.284635 -0.000001
vt 0.277992 -0.000001
vt 0.290843 0.031250
vt 0.290843 0.065972
vt 0.267612 -0.000001
vt 0.277820 0.065972
vt 0.289733 -0.000001
vt 0.266635 0.135417
vt 0.255533 0.100694
vt 0.266635 0.100694
vt 0.266635 0.204861
vt 0.255533 0.170139
vt 0.266635 0.170139
vt 0.285140 0.135417
vt 0.277820 0.100694
vt 0.285140 0.100694
vt 0.285140 0.204861
vt 0.277820 0.170139
vt 0.285140 0.170139
vt 0.290843 0.100694
vt 0.290843 0.135417
vt 0.290843 0.170139
vt 0.290843 0.204861
vt 0.277820 0.135417
vt 0.277820 0.204861
vt 0.255533 0.135417
vt 0.304997 -0.000001
vt 0.313085 -0.000001
vt 0.301707 -0.000001
vt 0.312494 0.065972
vt 0.300656 0.031250
vt 0.312494 0.031250
vt 0.337015 0.065972
vt 0.325611 0.031250
vt 0.337015 0.031250
vt 0.319421 0.065972
vt 0.325611 0.065972
vt 0.315971 -0.000001
vt 0.319223 -0.000001
vt 0.319421 0.031250
vt 0.336047 -0.000001
vt 0.325605 -0.000001
vt 0.312494 0.135417
vt 0.300656 0.100694
vt 0.312494 0.100694
vt 0.312494 0.204861
vt 0.300656 0.170139
vt 0.312494 0.170139
vt 0.337015 0.135417
vt 0.325611 0.100694
vt 0.337015 0.100694
vt 0.319421 0.135417
vt 0.325611 0.135417
vt 0.337015 0.204861
vt 0.325611 0.170139
vt 0.337015 0.170139
vt 0.319421 0.204861
vt 0.325611 0.204861
vt 0.319421 0.100694
vt 0.319421 0.170139
vt 0.300656 0.135417
vt 0.297021 -0.000001
vt 0.343460 0.031250
vt 0.343460 0.065972
vt 0.342023 -0.000001
vt 0.343460 0.100694
vt 0.343460 0.135417
vt 0.343460 0.170139
vt 0.343460 0.204861
vt 0.300656 0.065972
vt 0.300656 0.204861
vt 0.255533 0.065972
vt 0.266635 0.274306
vt 0.255533 0.239583
vt 0.266635 0.239583
vt 0.266635 0.343750
vt 0.255533 0.309028
vt 0.266635 0.309028
vt 0.285140 0.274306
vt 0.277820 0.239583
vt 0.285140 0.239583
vt 0.285140 0.343750
vt 0.277820 0.309028
vt 0.285140 0.309028
vt 0.290843 0.239583
vt 0.290843 0.274306
vt 0.290843 0.309028
vt 0.290843 0.343750
vt 0.277820 0.274306
vt 0.277820 0.343750
vt 0.255533 0.274306
vt 0.266635 0.413195
vt 0.255533 0.378472
vt 0.266635 0.378472
vt 0.266635 0.482639
vt 0.255533 0.447917
vt 0.266635 0.447917
vt 0.285140 0.413195
vt 0.277820 0.378472
vt 0.285140 0.378472
vt 0.285140 0.482639
vt 0.277820 0.447917
vt 0.285140 0.447917
vt 0.290843 0.378472
vt 0.290843 0.413195
vt 0.290843 0.447917
vt 0.290843 0.482639
vt 0.277820 0.413195
vt 0.277820 0.482639
vt 0.255533 0.413195
vt 0.312494 0.274306
vt 0.300656 0.239583
vt 0.312494 0.239583
vt 0.312494 0.343750
vt 0.300656 0.309028
vt 0.312494 0.309028
vt 0.337015 0.274306
vt 0.325611 0.239583
vt 0.337015 0.239583
vt 0.319421 0.274306
vt 0.325611 0.274306
vt 0.337015 0.343750
vt 0.325611 0.309028
vt 0.337015 0.309028
vt 0.319421 0.343750
vt 0.325611 0.343750
vt 0.319421 0.239583
vt 0.319421 0.309028
vt 0.300656 0.274306
vt 0.312494 0.413195
vt 0.300656 0.378472
vt 0.312494 0.378472
vt 0.312494 0.482639
vt 0.300656 0.447917
vt 0.312494 0.447917
vt 0.337015 0.413195
vt 0.325611 0.378472
vt 0.337015 0.378472
vt 0.319421 0.413195
vt 0.325611 0.413195
vt 0.337015 0.482639
vt 0.325611 0.447917
vt 0.337015 0.447917
vt 0.319421 0.482639
vt 0.325611 0.482639
vt 0.319421 0.378472
vt 0.319421 0.447917
vt 0.300656 0.413195
vt 0.343460 0.239583
vt 0.343460 0.274306
vt 0.343460 0.309028
vt 0.343460 0.343750
vt 0.343460 0.378472
vt 0.343460 0.413194
vt 0.343460 0.447917
vt 0.343460 0.482639
vt 0.300656 0.343750
vt 0.300656 0.482639
vt 0.255533 0.343750
vt 0.383833 -0.000001
vt 0.366167 -0.000001
vt 0.391692 -0.000001
vt 0.390603 -0.000001
vt 0.383083 -0.000001
vt 0.390475 0.065972
vt 0.383092 0.031250
vt 0.390475 0.031250
vt 0.399385 0.031250
vt 0.399385 0.065972
vt 0.358308 -0.000001
vt 0.359397 -0.000001
vt 0.352460 -0.000001
vt 0.359525 0.065972
vt 0.350615 0.031250
vt 0.359525 0.031250
vt 0.366908 0.031250
vt 0.366908 0.065972
vt 0.375000 -0.000001
vt 0.375000 0.065972
vt 0.383092 0.065972
vt 0.375000 0.031250
vt 0.397540 -0.000001
vt 0.366917 -0.000001
vt 0.390475 0.135417
vt 0.383092 0.100694
vt 0.390475 0.100694
vt 0.399385 0.100694
vt 0.399385 0.135417
vt 0.390475 0.204861
vt 0.383092 0.170139
vt 0.390475 0.170139
vt 0.399385 0.170139
vt 0.399385 0.204861
vt 0.359525 0.135417
vt 0.350615 0.100694
vt 0.359525 0.100694
vt 0.366908 0.100694
vt 0.366908 0.135417
vt 0.359525 0.204861
vt 0.350615 0.170139
vt 0.359525 0.170139
vt 0.366908 0.170139
vt 0.366908 0.204861
vt 0.375000 0.135417
vt 0.383092 0.135417
vt 0.375000 0.204861
vt 0.383092 0.204861
vt 0.375000 0.100694
vt 0.375000 0.170139
vt 0.350615 0.135417
vt 0.350615 0.065972
vt 0.390475 0.274306
vt 0.383092 0.239583
vt 0.390475 0.239583
vt 0.399385 0.239583
vt 0.399385 0.274306
vt 0.390475 0.343750
vt 0.383092 0.309028
vt 0.390475 0.309028
vt 0.399385 0.309028
vt 0.399385 0.343750
vt 0.359525 0.274306
vt 0.350615 0.239583
vt 0.359525 0.239583
vt 0.366908 0.239583
vt 0.366908 0.274306
vt 0.359525 0.343750
vt 0.350615 0.309028
vt 0.359525 0.309028
vt 0.366908 0.309028
vt 0.366908 0.343750
vt 0.375000 0.274306
vt 0.383092 0.274306
vt 0.375000 0.343750
vt 0.383092 0.343750
vt 0.375000 0.239583
vt 0.375000 0.309028
vt 0.350615 0.274306
vt 0.390475 0.413194
vt 0.383092 0.378472
vt 0.390475 0.378472
vt 0.399385 0.378472
vt 0.399385 0.413194
vt 0.390475 0.482639
vt 0.383092 0.447917
vt 0.390475 0.447917
vt 0.399385 0.447917
vt 0.399385 0.482639
vt 0.359525 0.413194
vt 0.350615 0.378472
vt 0.359525 0.378472
vt 0.366908 0.378472
vt 0.366908 0.413194
vt 0.359525 0.482639
vt 0.350615 0.447917
vt 0.359525 0.447917
vt 0.366908 0.447917
vt 0.366908 0.482639
vt 0.375000 0.413194
vt 0.383092 0.413194
vt 0.375000 0.482639
vt 0.383092 0.482639
vt 0.375000 0.378472
vt 0.375000 0.447917
vt 0.350615 0.413194
vt 0.350615 0.343750
vt 0.406540 0.204861
vt 0.406540 0.482639
vt 0.350615 0.204861
vt 0.350615 0.482639
vt 0.255533 0.204861
vt 0.375000 1.000000
vt 0.375000 1.000000
vt 0.301208 1.000000
vt 0.435559 1.000000
vt 0.468584 1.000000
vt 0.413990 1.000000
vt 0.314440 1.000000
vt 0.281416 1.000000
vt 0.272583 1.000000
vt 0.375000 1.000000
vt 0.348716 1.000000
vt 0.336010 1.000000
vt 0.401284 1.000000
vt 0.448792 1.000000
vt 0.457625 1.000000
vt 0.482388 1.000000
vt 0.468584 1.000000
vt 0.487781 1.000000
vt 0.463904 1.000000
vt 0.409802 1.000000
vt 0.419293 1.000000
vt 0.394792 1.000000
vt 0.430509 1.000000
vt 0.441562 1.000000
vt 0.421387 1.000000
vt 0.432100 1.000000
vt 0.448792 1.000000
vt 0.485571 1.000000
vt 0.292375 1.000000
vt 0.267612 1.000000
vt 0.264429 1.000000
vt 0.340198 1.000000
vt 0.330707 1.000000
vt 0.317900 1.000000
vt 0.281416 1.000000
vt 0.262219 1.000000
vt 0.260595 1.000000
vt 0.319491 1.000000
vt 0.308437 1.000000
vt 0.301208 1.000000
vt 0.286096 1.000000
vt 0.328613 1.000000
vt 0.301208 1.000000
vt 0.375000 1.000000
vt 0.359137 1.000000
vt 0.399295 1.000000
vt 0.403625 1.000000
vt 0.388232 1.000000
vt 0.350705 1.000000
vt 0.346375 1.000000
vt 0.336010 1.000000
vt 0.363651 1.000000
vt 0.361768 1.000000
vt 0.386349 1.000000
vt 0.390863 1.000000
vt 0.355208 1.000000
vt 0.413990 1.000000
vt 0.477416 1.000000
vt 0.483365 0.552083
vt 0.494467 0.517361
vt 0.494467 0.552083
vt 0.483365 0.621528
vt 0.494467 0.586806
vt 0.494467 0.621528
vt 0.464860 0.552083
vt 0.472180 0.517361
vt 0.472180 0.552083
vt 0.464860 0.621528
vt 0.472180 0.586806
vt 0.472180 0.621528
vt 0.483365 0.517361
vt 0.483365 0.586806
vt 0.459157 0.517361
vt 0.464860 0.517361
vt 0.459157 0.586806
vt 0.464860 0.586806
vt 0.459157 0.552083
vt 0.483365 0.690972
vt 0.494467 0.656250
vt 0.494467 0.690972
vt 0.483365 0.760417
vt 0.494467 0.725694
vt 0.494467 0.760417
vt 0.464860 0.690972
vt 0.472180 0.656250
vt 0.472180 0.690972
vt 0.464860 0.760417
vt 0.472180 0.725694
vt 0.472180 0.760417
vt 0.483365 0.656250
vt 0.483365 0.725694
vt 0.459157 0.656250
vt 0.464860 0.656250
vt 0.459157 0.725694
vt 0.464860 0.725694
vt 0.459157 0.690972
vt 0.437506 0.552083
vt 0.449344 0.517361
vt 0.449344 0.552083
vt 0.437506 0.621528
vt 0.449344 0.586806
vt 0.449344 0.621528
vt 0.430579 0.552083
vt 0.424389 0.517361
vt 0.430579 0.517361
vt 0.412985 0.552083
vt 0.424389 0.552083
vt 0.430579 0.621528
vt 0.424389 0.586806
vt 0.430579 0.586806
vt 0.412985 0.621528
vt 0.424389 0.621528
vt 0.437506 0.517361
vt 0.437506 0.586806
vt 0.412985 0.586806
vt 0.437506 0.690972
vt 0.449344 0.656250
vt 0.449344 0.690972
vt 0.437506 0.760417
vt 0.449344 0.725694
vt 0.449344 0.760417
vt 0.430579 0.690972
vt 0.424389 0.656250
vt 0.430579 0.656250
vt 0.412985 0.690972
vt 0.424389 0.690972
vt 0.430579 0.760417
vt 0.424389 0.725695
vt 0.430579 0.725695
vt 0.412985 0.760417
vt 0.424389 0.760417
vt 0.437506 0.656250
vt 0.437506 0.725695
vt 0.412985 0.725695
vt 0.459157 0.621528
vt 0.459157 0.760417
vt 0.406540 0.517361
vt 0.412985 0.517361
vt 0.406540 0.586806
vt 0.406540 0.552083
vt 0.406540 0.656250
vt 0.412985 0.656250
vt 0.406540 0.725695
vt 0.406540 0.690972
vt 0.406540 0.621528
vt 0.475076 1.000000
vt 0.490649 1.000000
vt 0.472200 1.000000
vt 0.479357 1.000000
vt 0.492427 1.000000
vt 0.477416 1.000000
vt 0.443820 1.000000
vt 0.454473 1.000000
vt 0.437833 1.000000
vt 0.452979 1.000000
vt 0.462799 1.000000
vt 0.448792 1.000000
vt 0.459046 1.000000
vt 0.465931 1.000000
vt 0.491631 1.000000
vt 0.483365 0.829861
vt 0.494467 0.795139
vt 0.494467 0.829861
vt 0.483365 0.899306
vt 0.494467 0.864583
vt 0.494467 0.899306
vt 0.464860 0.829861
vt 0.472180 0.795139
vt 0.472180 0.829861
vt 0.464860 0.899306
vt 0.472180 0.864583
vt 0.472180 0.899306
vt 0.483365 0.795139
vt 0.483365 0.864583
vt 0.459157 0.795139
vt 0.464860 0.795139
vt 0.459157 0.864583
vt 0.464860 0.864583
vt 0.459157 0.829861
vt 0.482388 1.000000
vt 0.493637 1.000000
vt 0.480992 1.000000
vt 0.483365 0.968750
vt 0.494467 0.934028
vt 0.494467 0.968750
vt 0.456549 1.000000
vt 0.470857 1.000000
vt 0.468583 1.000000
vt 0.464860 0.968750
vt 0.472180 0.934028
vt 0.472180 0.968750
vt 0.483365 0.934028
vt 0.459157 0.934028
vt 0.464860 0.934028
vt 0.483204 1.000000
vt 0.494108 1.000000
vt 0.465365 1.000000
vt 0.460267 1.000000
vt 0.494365 1.000000
vt 0.472008 1.000000
vt 0.459157 0.968750
vt 0.416476 1.000000
vt 0.422508 1.000000
vt 0.408597 1.000000
vt 0.429000 1.000000
vt 0.435559 1.000000
vt 0.423206 1.000000
vt 0.393638 1.000000
vt 0.396096 1.000000
vt 0.384934 1.000000
vt 0.401284 1.000000
vt 0.418123 1.000000
vt 0.411779 1.000000
vt 0.404499 1.000000
vt 0.429594 1.000000
vt 0.437506 0.829861
vt 0.449344 0.795139
vt 0.449344 0.829861
vt 0.437506 0.899306
vt 0.449344 0.864583
vt 0.449344 0.899306
vt 0.430579 0.829861
vt 0.424389 0.795139
vt 0.430579 0.795139
vt 0.412985 0.829861
vt 0.424389 0.829861
vt 0.430579 0.899306
vt 0.424389 0.864583
vt 0.430579 0.864583
vt 0.412985 0.899306
vt 0.424389 0.899306
vt 0.437506 0.795139
vt 0.437506 0.864583
vt 0.412985 0.864583
vt 0.437506 0.968750
vt 0.449344 0.934028
vt 0.449344 0.968750
vt 0.436914 1.000000
vt 0.445003 1.000000
vt 0.434029 1.000000
vt 0.430579 0.968750
vt 0.424389 0.934028
vt 0.430579 0.934028
vt 0.412985 0.968750
vt 0.424389 0.968750
vt 0.437506 0.934028
vt 0.430777 1.000000
vt 0.424395 1.000000
vt 0.448293 1.000000
vt 0.413953 1.000000
vt 0.440637 1.000000
vt 0.459157 0.899306
vt 0.406540 0.795139
vt 0.412985 0.795139
vt 0.406540 0.864583
vt 0.406540 0.829861
vt 0.493085 1.000000
vt 0.406540 0.934028
vt 0.412985 0.934028
vt 0.407977 1.000000
vt 0.406540 0.968750
vt 0.406540 0.899306
vt 0.266635 0.552083
vt 0.255533 0.517361
vt 0.266635 0.517361
vt 0.266635 0.621528
vt 0.255533 0.586806
vt 0.266635 0.586806
vt 0.285140 0.552083
vt 0.277820 0.517361
vt 0.285140 0.517361
vt 0.285140 0.621528
vt 0.277820 0.586806
vt 0.285140 0.586806
vt 0.290843 0.517361
vt 0.290843 0.552083
vt 0.290843 0.586806
vt 0.290843 0.621528
vt 0.277820 0.552083
vt 0.277820 0.621528
vt 0.255533 0.552083
vt 0.266635 0.690972
vt 0.255533 0.656250
vt 0.266635 0.656250
vt 0.266635 0.760417
vt 0.255533 0.725695
vt 0.266635 0.725695
vt 0.285140 0.690972
vt 0.277820 0.656250
vt 0.285140 0.656250
vt 0.285140 0.760417
vt 0.277820 0.725695
vt 0.285140 0.725695
vt 0.290843 0.656250
vt 0.290843 0.690972
vt 0.290843 0.725695
vt 0.290843 0.760417
vt 0.277820 0.690972
vt 0.277820 0.760417
vt 0.255533 0.690972
vt 0.312494 0.552083
vt 0.300656 0.517361
vt 0.312494 0.517361
vt 0.312494 0.621528
vt 0.300656 0.586806
vt 0.312494 0.586806
vt 0.337015 0.552083
vt 0.325611 0.517361
vt 0.337015 0.517361
vt 0.319421 0.552083
vt 0.325611 0.552083
vt 0.337015 0.621528
vt 0.325611 0.586806
vt 0.337015 0.586806
vt 0.319421 0.621528
vt 0.325611 0.621528
vt 0.319421 0.517361
vt 0.319421 0.586806
vt 0.300656 0.552083
vt 0.312494 0.690972
vt 0.300656 0.656250
vt 0.312494 0.656250
vt 0.312494 0.760417
vt 0.300656 0.725695
vt 0.312494 0.725695
vt 0.337015 0.690972
vt 0.325611 0.656250
vt 0.337015 0.656250
vt 0.319421 0.690972
vt 0.325611 0.690972
vt 0.337015 0.760417
vt 0.325611 0.725695
vt 0.337015 0.725695
vt 0.319421 0.760417
vt 0.325611 0.760417
vt 0.319421 0.656250
vt 0.319421 0.725695
vt 0.300656 0.690972
vt 0.343460 0.517361
vt 0.343460 0.552083
vt 0.343460 0.586806
vt 0.343460 0.621528
vt 0.343460 0.656250
vt 0.343460 0.690972
vt 0.343460 0.725695
vt 0.343460 0.760417
vt 0.300656 0.621528
vt 0.300656 0.760417
vt 0.255533 0.621528
vt 0.274924 1.000000
vt 0.259351 1.000000
vt 0.258369 1.000000
vt 0.306180 1.000000
vt 0.295526 1.000000
vt 0.290954 1.000000
vt 0.270643 1.000000
vt 0.257573 1.000000
vt 0.256915 1.000000
vt 0.297021 1.000000
vt 0.287201 1.000000
vt 0.284069 1.000000
vt 0.272584 1.000000
vt 0.277800 1.000000
vt 0.333524 1.000000
vt 0.327492 1.000000
vt 0.320406 1.000000
vt 0.356362 1.000000
vt 0.353904 1.000000
vt 0.345501 1.000000
vt 0.321000 1.000000
vt 0.314440 1.000000
vt 0.309363 1.000000
vt 0.331877 1.000000
vt 0.348716 1.000000
vt 0.338221 1.000000
vt 0.326794 1.000000
vt 0.341403 1.000000
vt 0.266635 0.829861
vt 0.255533 0.795139
vt 0.266635 0.795139
vt 0.266635 0.899306
vt 0.255533 0.864583
vt 0.266635 0.864583
vt 0.285140 0.829861
vt 0.277820 0.795139
vt 0.285140 0.795139
vt 0.285140 0.899306
vt 0.277820 0.864583
vt 0.285140 0.864583
vt 0.290843 0.795139
vt 0.290843 0.829861
vt 0.290843 0.864583
vt 0.290843 0.899306
vt 0.277820 0.829861
vt 0.277820 0.899306
vt 0.255533 0.829861
vt 0.267612 1.000000
vt 0.256363 1.000000
vt 0.255892 1.000000
vt 0.279143 1.000000
vt 0.293451 1.000000
vt 0.281416 1.000000
vt 0.266635 0.968750
vt 0.255533 0.934028
vt 0.266635 0.934028
vt 0.285140 0.968750
vt 0.277820 0.934028
vt 0.285140 0.934028
vt 0.266796 1.000000
vt 0.255635 1.000000
vt 0.290843 0.934028
vt 0.290843 0.968750
vt 0.284634 1.000000
vt 0.277992 1.000000
vt 0.277820 0.968750
vt 0.269008 1.000000
vt 0.255533 0.968750
vt 0.289733 1.000000
vt 0.312494 0.829861
vt 0.300656 0.795139
vt 0.312494 0.795139
vt 0.312494 0.899306
vt 0.300656 0.864583
vt 0.312494 0.864583
vt 0.337015 0.829861
vt 0.325611 0.795139
vt 0.337015 0.795139
vt 0.319421 0.829861
vt 0.325611 0.829861
vt 0.337015 0.899306
vt 0.325611 0.864583
vt 0.337015 0.864583
vt 0.319421 0.899306
vt 0.325611 0.899306
vt 0.319421 0.795139
vt 0.319421 0.864583
vt 0.300656 0.829861
vt 0.312494 0.968750
vt 0.300656 0.934028
vt 0.312494 0.934028
vt 0.313085 1.000000
vt 0.304997 1.000000
vt 0.301707 1.000000
vt 0.337015 0.968750
vt 0.325611 0.934028
vt 0.337015 0.934028
vt 0.319421 0.968750
vt 0.325611 0.968750
vt 0.319421 0.934028
vt 0.319223 1.000000
vt 0.315971 1.000000
vt 0.300656 0.968750
vt 0.336047 1.000000
vt 0.325605 1.000000
vt 0.343460 0.795139
vt 0.343460 0.829861
vt 0.343460 0.864583
vt 0.343460 0.899306
vt 0.343460 0.934028
vt 0.343460 0.968750
vt 0.342023 1.000000
vt 0.300656 0.899306
vt 0.312167 1.000000
vt 0.255533 0.899306
vt 0.390475 0.552083
vt 0.383092 0.517361
vt 0.390475 0.517361
vt 0.399385 0.517361
vt 0.399385 0.552083
vt 0.390475 0.621528
vt 0.383092 0.586806
vt 0.390475 0.586806
vt 0.399385 0.586806
vt 0.399385 0.621528
vt 0.359525 0.552083
vt 0.350615 0.517361
vt 0.359525 0.517361
vt 0.366908 0.517361
vt 0.366908 0.552083
vt 0.359525 0.621528
vt 0.350615 0.586806
vt 0.359525 0.586806
vt 0.366908 0.586806
vt 0.366908 0.621528
vt 0.375000 0.552083
vt 0.383092 0.552083
vt 0.375000 0.621528
vt 0.383092 0.621528
vt 0.375000 0.517361
vt 0.375000 0.586806
vt 0.350615 0.552083
vt 0.390475 0.690972
vt 0.383092 0.656250
vt 0.390475 0.656250
vt 0.399385 0.656250
vt 0.399385 0.690972
vt 0.390475 0.760417
vt 0.383092 0.725695
vt 0.390475 0.725695
vt 0.399385 0.725695
vt 0.399385 0.760417
vt 0.359525 0.690972
vt 0.350615 0.656250
vt 0.359525 0.656250
vt 0.366908 0.656250
vt 0.366908 0.690972
vt 0.359525 0.760417
vt 0.350615 0.725695
vt 0.359525 0.725695
vt 0.366908 0.725695
vt 0.366908 0.760417
vt 0.375000 0.690972
vt 0.383092 0.690972
vt 0.375000 0.760417
vt 0.383092 0.760417
vt 0.375000 0.656250
vt 0.375000 0.725695
vt 0.350615 0.690972
vt 0.350615 0.621528
vt 0.390475 0.829861
vt 0.383092 0.795139
vt 0.390475 0.795139
vt 0.399385 0.795139
vt 0.399385 0.829861
vt 0.390475 0.899306
vt 0.383092 0.864583
vt 0.390475 0.864583
vt 0.399385 0.864583
vt 0.399385 0.899306
vt 0.359525 0.829861
vt 0.350615 0.795139
vt 0.359525 0.795139
vt 0.366908 0.795139
vt 0.366908 0.829861
vt 0.359525 0.899306
vt 0.350615 0.864583
vt 0.359525 0.864583
vt 0.366908 0.864583
vt 0.366908 0.899306
vt 0.375000 0.829861
vt 0.383092 0.829861
vt 0.375000 0.899306
vt 0.383092 0.899306
vt 0.375000 0.795139
vt 0.375000 0.864583
vt 0.350615 0.829861
vt 0.366167 1.000000
vt 0.390475 0.968750
vt 0.383092 0.934028
vt 0.390475 0.934028
vt 0.399385 0.934028
vt 0.399385 0.968750
vt 0.390603 1.000000
vt 0.391692 1.000000
vt 0.383083 1.000000
vt 0.359525 0.968750
vt 0.350615 0.934028
vt 0.359525 0.934028
vt 0.366908 0.934028
vt 0.366908 0.968750
vt 0.359397 1.000000
vt 0.358308 1.000000
vt 0.352460 1.000000
vt 0.375000 0.968750
vt 0.383092 0.968750
vt 0.375000 0.934028
vt 0.383833 1.000000
vt 0.397540 1.000000
vt 0.350615 0.968750
vt 0.366917 1.000000
vt 0.350615 0.899306
vt 0.365066 1.000000
vt 0.406540 0.760417
vt 0.350615 0.760417
vt 0.489405 1.000000
vt 0.255533 0.760417
vt 1.005533 0.031250
vt 1.005892 -0.000001
vt 1.005635 -0.000001
vt 1.005533 0.100695
vt 1.005533 0.170139
vt 1.005533 0.135417
vt 1.006915 -0.000001
vt 1.008369 -0.000001
vt 1.007573 -0.000001
vt 1.005533 0.065972
vt 1.006363 -0.000001
vt 1.005533 0.239583
vt 1.005533 0.309028
vt 1.005533 0.274306
vt 1.005533 0.378472
vt 1.005533 0.447917
vt 0.994476 0.482639
vt 1.005533 0.413195
vt 1.005533 0.343750
vt 1.010595 -0.000001
vt 1.014429 -0.000001
vt 1.012219 -0.000001
vt 1.022584 -0.000001
vt 0.875000 -0.000001
vt 1.051208 -0.000001
vt 1.031417 -0.000001
vt 1.017612 -0.000001
vt 1.005533 0.204861
vt 1.009351 -0.000001
vt 1.005533 0.517361
vt 1.005533 0.586806
vt 1.005533 0.552083
vt 1.005533 0.656250
vt 1.005533 0.725695
vt 1.005533 0.690972
vt 1.005533 0.621528
vt 1.005533 0.795139
vt 1.005533 0.864584
vt 1.005533 0.829861
vt 1.005533 0.934028
vt 0.994476 0.968750
vt 1.006363 1.000000
vt 1.005892 1.000000
vt 1.005533 0.968750
vt 1.005635 1.000000
vt 1.007573 1.000000
vt 1.006915 1.000000
vt 1.009351 1.000000
vt 1.008369 1.000000
vt 1.005533 0.899306
vt 1.012219 1.000000
vt 1.010595 1.000000
vt 1.017612 1.000000
vt 1.014429 1.000000
vt 1.031416 1.000000
vt 1.022583 1.000000
vt 1.124999 1.000000
vt 1.051208 1.000000
vt 1.005533 0.760417
vt 0.505524 0.031250
vt 0.505524 0.517361
vt 0.755524 0.482639
vt 0.255533 0.482639
vt 0.124999 1.000000
vt 0.866908 0.482639
vt 0.883092 0.482639
vt 0.825612 0.482639
vt 0.790843 0.482639
vt 0.843461 0.482639
vt 0.924388 0.482639
vt 0.959157 0.482639
vt 0.906539 0.482639
vt 0.035140 0.482639
vt 0.069421 0.482639
vt 0.087015 0.482639
vt 0.109525 0.482639
vt 0.140475 0.482639
vt 0.125000 0.482639
vt 0.162985 0.482639
vt 0.180579 0.482639
vt 0.214860 0.482639
vt 1.005533 0.482639
vt 1.125000 -0.000001
vt 1.375000 1.000000
s 1
f 4/1/1 7/2/1 6/3/1
f 9/4/2 10/5/3 8/6/4
f 12/7/5 9/4/2 8/6/4
f 14/8/1 17/9/1 16/10/1
f 19/11/6 20/12/7 18/13/8
f 22/14/9 19/11/6 18/13/8
f 25/15/1 26/16/1 24/17/1
f 20/12/7 3/18/10 2/19/10
f 7/2/1 24/17/1 6/3/1
f 24/17/1 17/9/1 15/20/1
f 3/18/10 12/7/5 2/19/10
f 8/6/4 5/21/11 4/1/12
f 6/3/13 8/6/4 4/1/12
f 18/13/8 15/20/14 14/8/15
f 16/10/16 18/13/8 14/8/15
f 2/19/10 6/3/13 1/17/10
f 15/20/14 2/19/10 1/17/10
f 1/17/1 24/17/1 15/20/1
f 33/22/2 34/23/17 32/24/2
f 36/25/5 33/22/2 32/24/2
f 39/26/2 40/27/17 38/28/2
f 42/29/5 39/26/2 38/28/2
f 45/30/6 46/31/7 44/32/6
f 48/33/18 45/30/6 44/32/6
f 51/34/6 52/35/7 50/36/6
f 54/37/18 51/34/6 50/36/6
f 46/31/7 29/38/10 28/39/10
f 52/35/7 31/40/10 30/41/10
f 29/38/10 36/25/5 28/39/10
f 31/40/10 42/29/5 30/41/10
f 38/28/2 35/42/17 33/22/2
f 37/43/5 38/28/2 33/22/2
f 50/36/6 47/44/7 45/30/6
f 49/45/18 50/36/6 45/30/6
f 30/41/10 37/43/5 29/38/10
f 47/44/7 30/41/10 29/38/10
f 32/24/2 11/46/17 9/4/2
f 13/47/5 32/24/2 9/4/2
f 44/32/6 21/48/7 19/11/6
f 23/49/18 44/32/6 19/11/6
f 28/39/10 13/47/5 3/18/10
f 21/48/7 28/39/10 3/18/10
f 61/50/2 62/51/17 60/52/2
f 64/53/5 61/50/2 60/52/2
f 67/54/2 68/55/17 66/56/2
f 70/57/5 67/54/2 66/56/2
f 73/58/6 74/59/7 72/60/6
f 76/61/18 73/58/6 72/60/6
f 79/62/6 80/63/7 78/64/6
f 82/65/18 79/62/6 78/64/6
f 74/59/7 57/66/10 56/67/10
f 80/63/7 59/68/10 58/69/10
f 57/66/10 64/53/5 56/67/10
f 59/68/10 70/57/5 58/69/10
f 66/56/2 63/70/17 61/50/2
f 65/71/5 66/56/2 61/50/2
f 78/64/6 75/72/7 73/58/6
f 77/73/18 78/64/6 73/58/6
f 58/69/10 65/71/5 57/66/10
f 75/72/7 58/69/10 57/66/10
f 89/74/2 90/75/17 88/76/2
f 92/77/5 89/74/2 88/76/2
f 95/78/2 96/79/17 94/80/2
f 98/81/5 95/78/2 94/80/2
f 101/82/6 102/83/7 100/84/6
f 104/85/18 101/82/6 100/84/6
f 107/86/6 108/87/7 106/88/6
f 110/89/18 107/86/6 106/88/6
f 102/83/7 85/90/10 84/91/10
f 108/87/7 87/92/10 86/93/10
f 85/90/10 92/77/5 84/91/10
f 87/92/10 98/81/5 86/93/10
f 94/80/2 91/94/17 89/74/2
f 93/95/5 94/80/2 89/74/2
f 106/88/6 103/96/7 101/82/6
f 105/97/18 106/88/6 101/82/6
f 86/93/10 93/95/5 85/90/10
f 103/96/7 86/93/10 85/90/10
f 88/76/2 69/98/17 67/54/2
f 71/99/5 88/76/2 67/54/2
f 100/84/6 81/100/7 79/62/6
f 83/101/18 100/84/6 79/62/6
f 84/91/10 71/99/5 59/68/10
f 81/100/7 84/91/10 59/68/10
f 118/102/19 119/103/20 117/104/21
f 119/103/20 116/105/22 115/106/23
f 121/107/1 124/108/1 123/109/1
f 126/110/24 127/111/25 125/112/26
f 112/113/1 123/109/1 114/114/1
f 116/105/22 125/112/26 115/106/23
f 113/115/27 119/103/20 114/114/28
f 114/114/28 115/106/23 112/113/29
f 125/112/26 122/116/30 121/107/31
f 115/106/23 121/107/31 112/113/29
f 132/117/19 133/118/32 131/119/19
f 133/118/32 130/120/22 129/121/22
f 138/122/19 139/123/32 137/124/19
f 139/123/32 136/125/22 135/126/22
f 142/127/24 143/128/33 141/129/24
f 146/130/24 147/131/33 145/132/24
f 130/120/22 141/129/24 129/121/22
f 136/125/22 145/132/24 135/126/22
f 137/124/19 134/133/32 132/117/19
f 134/133/32 135/126/22 130/120/22
f 145/132/24 144/134/33 142/127/24
f 135/126/22 142/127/24 130/120/22
f 152/135/34 153/136/35 151/137/36
f 158/138/37 159/139/38 157/140/39
f 162/141/1 163/142/1 161/143/1
f 168/144/1 169/145/1 167/146/1
f 149/147/1 162/141/1 161/143/1
f 165/148/40 152/135/34 151/137/36
f 155/149/1 168/144/1 167/146/1
f 167/146/1 164/150/1 162/141/1
f 154/151/41 157/140/39 153/136/35
f 149/147/42 153/136/35 150/152/43
f 157/140/39 156/153/44 155/149/45
f 153/136/35 155/149/45 150/152/43
f 161/143/46 151/137/36 149/147/42
f 150/152/1 167/146/1 162/141/1
f 172/154/34 173/155/41 171/156/34
f 176/157/34 177/158/41 175/159/34
f 180/160/37 181/161/38 179/162/37
f 184/163/37 185/164/38 183/165/37
f 187/166/47 172/154/34 171/156/34
f 189/167/47 176/157/34 175/159/34
f 174/168/41 179/162/37 173/155/41
f 178/169/41 183/165/37 177/158/41
f 175/159/34 174/168/41 172/154/34
f 183/165/37 182/170/38 180/160/37
f 177/158/41 180/160/37 174/168/41
f 188/171/47 175/159/34 172/154/34
f 192/172/1 193/173/1 191/174/1
f 198/175/1 199/176/1 197/177/1
f 202/178/1 203/179/1 201/180/1
f 206/181/1 207/182/1 205/183/1
f 194/184/1 201/180/1 193/173/1
f 200/185/1 205/183/1 199/176/1
f 197/177/1 194/184/1 192/172/1
f 205/183/1 204/186/1 202/178/1
f 199/176/1 202/178/1 194/184/1
f 214/187/1 215/188/1 213/189/1
f 218/190/1 219/191/1 217/192/1
f 222/193/1 223/194/1 221/195/1
f 226/196/1 227/197/1 225/198/1
f 216/199/1 221/195/1 215/188/1
f 220/200/1 225/198/1 219/191/1
f 217/192/1 216/199/1 214/187/1
f 225/198/1 224/201/1 222/193/1
f 219/191/1 222/193/1 216/199/1
f 113/115/1 192/172/1 191/174/1
f 195/202/48 118/102/19 117/104/21
f 124/108/1 197/177/1 123/109/1
f 191/174/49 117/104/21 113/115/27
f 123/109/1 192/172/1 114/114/1
f 209/203/50 132/117/19 131/119/19
f 211/204/50 138/122/19 137/124/19
f 210/205/50 137/124/19 132/117/19
f 164/150/1 213/189/1 163/142/1
f 170/206/1 217/192/1 169/145/1
f 169/145/1 214/187/1 164/150/1
f 122/116/1 163/142/1 124/108/1
f 128/207/33 165/148/40 127/111/25
f 122/116/30 165/148/40 161/143/46
f 213/189/1 200/185/1 198/175/1
f 221/195/1 208/208/1 206/181/1
f 215/188/1 206/181/1 200/185/1
f 144/134/33 187/166/47 143/128/33
f 148/209/33 189/167/47 147/131/33
f 147/131/33 188/171/47 144/134/33
f 131/119/19 120/210/32 118/102/19
f 120/210/32 129/121/22 116/105/22
f 141/129/24 128/207/33 126/110/24
f 129/121/22 126/110/24 116/105/22
f 171/156/34 154/151/41 152/135/34
f 179/162/37 160/211/38 158/138/37
f 173/155/41 158/138/37 154/151/41
f 166/212/47 171/156/34 152/135/34
f 143/128/33 166/212/47 128/207/33
f 196/213/50 131/119/19 118/102/19
f 163/142/1 198/175/1 124/108/1
f 232/214/19 233/215/32 231/216/19
f 233/215/32 230/217/22 229/218/22
f 238/219/19 239/220/32 237/221/19
f 239/220/32 236/222/22 235/223/22
f 242/224/24 243/225/33 241/226/24
f 246/227/24 247/228/33 245/229/24
f 230/217/22 241/226/24 229/218/22
f 236/222/22 245/229/24 235/223/22
f 237/221/19 234/230/32 232/214/19
f 234/230/32 235/223/22 230/217/22
f 245/229/24 244/231/33 242/224/24
f 235/223/22 242/224/24 230/217/22
f 252/232/19 253/233/32 251/234/19
f 253/233/32 250/235/22 249/236/22
f 258/237/19 259/238/32 257/239/19
f 259/238/32 256/240/22 255/241/22
f 262/242/24 263/243/33 261/244/24
f 266/245/24 267/246/33 265/247/24
f 250/235/22 261/244/24 249/236/22
f 256/240/22 265/247/24 255/241/22
f 257/239/19 254/248/32 252/232/19
f 254/248/32 255/241/22 250/235/22
f 265/247/24 264/249/33 262/242/24
f 255/241/22 262/242/24 250/235/22
f 270/250/34 271/251/41 269/252/34
f 274/253/34 275/254/41 273/255/34
f 278/256/37 279/257/38 277/258/37
f 282/259/37 283/260/38 281/261/37
f 285/262/47 270/250/34 269/252/34
f 287/263/47 274/253/34 273/255/34
f 272/264/41 277/258/37 271/251/41
f 276/265/41 281/261/37 275/254/41
f 273/255/34 272/264/41 270/250/34
f 281/261/37 280/266/38 278/256/37
f 275/254/41 278/256/37 272/264/41
f 286/267/47 273/255/34 270/250/34
f 290/268/34 291/269/41 289/270/34
f 294/271/34 295/272/41 293/273/34
f 298/274/37 299/275/38 297/276/37
f 302/277/37 303/278/38 301/279/37
f 305/280/47 290/268/34 289/270/34
f 307/281/47 294/271/34 293/273/34
f 292/282/41 297/276/37 291/269/41
f 296/283/41 301/279/37 295/272/41
f 293/273/34 292/282/41 290/268/34
f 301/279/37 300/284/38 298/274/37
f 295/272/41 298/274/37 292/282/41
f 306/285/47 293/273/34 290/268/34
f 309/286/50 232/214/19 231/216/19
f 311/287/50 238/219/19 237/221/19
f 310/288/50 237/221/19 232/214/19
f 313/289/50 252/232/19 251/234/19
f 315/290/50 258/237/19 257/239/19
f 314/291/50 257/239/19 252/232/19
f 244/231/33 285/262/47 243/225/33
f 248/292/33 287/263/47 247/228/33
f 247/228/33 286/267/47 244/231/33
f 264/249/33 305/280/47 263/243/33
f 268/293/33 307/281/47 267/246/33
f 267/246/33 306/285/47 264/249/33
f 251/234/19 240/294/32 238/219/19
f 240/294/32 249/236/22 236/222/22
f 261/244/24 248/292/33 246/227/24
f 249/236/22 246/227/24 236/222/22
f 289/270/34 276/265/41 274/253/34
f 297/276/37 284/295/38 282/259/37
f 291/269/41 282/259/37 276/265/41
f 288/296/47 289/270/34 274/253/34
f 263/243/33 288/296/47 248/292/33
f 312/297/50 251/234/19 238/219/19
f 323/298/51 324/299/52 322/300/53
f 324/299/52 321/301/54 320/302/55
f 326/303/1 329/304/1 328/305/1
f 332/306/56 331/307/57 330/308/58
f 318/309/1 327/310/1 326/303/1
f 330/308/58 323/298/51 322/300/53
f 322/300/53 319/311/59 318/309/60
f 317/312/61 324/299/52 320/302/55
f 328/305/62 330/308/58 326/303/63
f 326/303/63 322/300/53 318/309/60
f 337/313/51 338/314/64 336/315/51
f 338/314/64 335/316/54 334/317/54
f 343/318/51 344/319/64 342/320/51
f 344/319/64 341/321/54 340/322/54
f 348/323/65 347/324/57 346/325/57
f 352/326/65 351/327/57 350/328/57
f 346/325/57 337/313/51 336/315/51
f 350/328/57 343/318/51 342/320/51
f 342/320/51 339/329/64 337/313/51
f 339/329/64 340/322/54 335/316/54
f 349/330/65 350/328/57 347/324/57
f 347/324/57 342/320/51 337/313/51
f 355/331/1 356/332/1 354/333/1
f 361/334/1 362/335/1 360/336/1
f 365/337/1 366/338/1 364/339/1
f 369/340/1 370/341/1 368/342/1
f 357/343/1 364/339/1 356/332/1
f 363/344/1 368/342/1 362/335/1
f 360/336/1 357/343/1 355/331/1
f 368/342/1 367/345/1 365/337/1
f 362/335/1 365/337/1 357/343/1
f 380/346/66 379/347/67 378/348/68
f 383/349/1 384/350/1 382/351/1
f 392/352/69 391/353/70 390/354/71
f 395/355/1 396/356/1 394/357/1
f 390/354/71 381/358/72 380/346/66
f 385/359/1 394/357/1 384/350/1
f 376/360/1 384/350/1 377/361/1
f 388/362/1 396/356/1 389/363/1
f 379/347/67 386/364/73 378/348/68
f 376/360/74 380/346/66 378/348/68
f 389/363/75 390/354/71 388/362/76
f 378/348/68 382/351/77 376/360/74
f 388/362/76 380/346/66 377/361/78
f 377/361/1 394/357/1 388/362/1
f 400/365/72 399/366/67 398/367/67
f 404/368/72 403/369/67 402/370/67
f 412/371/69 411/372/70 410/373/70
f 416/374/69 415/375/70 414/376/70
f 410/373/70 401/377/72 400/365/72
f 414/376/70 405/378/72 404/368/72
f 399/366/67 406/379/79 398/367/67
f 403/369/67 408/380/79 402/370/67
f 401/377/72 402/370/67 399/366/67
f 413/381/69 414/376/70 411/372/70
f 402/370/67 407/382/79 399/366/67
f 411/372/70 404/368/72 401/377/72
f 419/383/1 420/384/1 418/385/1
f 423/386/1 424/387/1 422/388/1
f 427/389/1 428/390/1 426/391/1
f 431/392/1 432/393/1 430/394/1
f 421/395/1 426/391/1 420/384/1
f 425/396/1 430/394/1 424/387/1
f 422/388/1 421/395/1 419/383/1
f 430/394/1 429/397/1 427/389/1
f 424/387/1 427/389/1 421/395/1
f 328/305/1 383/349/1 382/351/1
f 386/364/73 333/398/65 332/306/56
f 328/305/62 386/364/73 332/306/56
f 406/379/79 349/330/65 348/323/65
f 408/380/79 353/399/65 352/326/65
f 407/382/79 352/326/65 349/330/65
f 367/345/1 418/385/1 366/338/1
f 371/400/1 422/388/1 370/341/1
f 370/341/1 419/383/1 367/345/1
f 317/312/1 356/332/1 319/311/1
f 364/339/1 329/304/1 327/310/1
f 321/301/54 358/401/80 320/302/55
f 320/302/55 354/333/81 317/312/61
f 356/332/1 327/310/1 319/311/1
f 418/385/1 385/359/1 383/349/1
f 426/391/1 397/402/1 395/355/1
f 420/384/1 395/355/1 385/359/1
f 335/316/54 372/403/82 334/317/54
f 341/321/54 374/404/82 340/322/54
f 340/322/54 373/405/82 335/316/54
f 336/315/51 325/406/64 323/298/51
f 325/406/64 334/317/54 321/301/54
f 333/398/65 346/325/57 331/307/57
f 331/307/57 336/315/51 323/298/51
f 381/358/72 398/367/67 379/347/67
f 393/407/69 410/373/70 391/353/70
f 398/367/67 387/408/79 379/347/67
f 391/353/70 400/365/72 381/358/72
f 334/317/54 359/409/82 321/301/54
f 387/408/79 348/323/65 333/398/65
f 366/338/1 383/349/1 329/304/1
f 437/410/51 438/411/64 436/412/51
f 438/411/64 435/413/54 434/414/54
f 443/415/51 444/416/64 442/417/51
f 444/416/64 441/418/54 440/419/54
f 448/420/65 447/421/57 446/422/57
f 452/423/65 451/424/57 450/425/57
f 446/422/57 437/410/51 436/412/51
f 450/425/57 443/415/51 442/417/51
f 442/417/51 439/426/64 437/410/51
f 439/426/64 440/419/54 435/413/54
f 449/427/65 450/425/57 447/421/57
f 447/421/57 442/417/51 437/410/51
f 457/428/51 458/429/64 456/430/51
f 458/429/64 455/431/54 454/432/54
f 463/433/51 464/434/64 462/435/51
f 464/434/64 461/436/54 460/437/54
f 468/438/65 467/439/57 466/440/57
f 472/441/65 471/442/57 470/443/57
f 466/440/57 457/428/51 456/430/51
f 470/443/57 463/433/51 462/435/51
f 462/435/51 459/444/64 457/428/51
f 459/444/64 460/437/54 455/431/54
f 469/445/65 470/443/57 467/439/57
f 467/439/57 462/435/51 457/428/51
f 484/446/72 483/447/67 482/448/67
f 488/449/72 487/450/67 486/451/67
f 496/452/69 495/453/70 494/454/70
f 500/455/69 499/456/70 498/457/70
f 494/454/70 485/458/72 484/446/72
f 498/457/70 489/459/72 488/449/72
f 483/447/67 490/460/79 482/448/67
f 487/450/67 492/461/79 486/451/67
f 485/458/72 486/451/67 483/447/67
f 497/462/69 498/457/70 495/453/70
f 486/451/67 491/463/79 483/447/67
f 495/453/70 488/449/72 485/458/72
f 504/464/72 503/465/67 502/466/67
f 508/467/72 507/468/67 506/469/67
f 516/470/69 515/471/70 514/472/70
f 520/473/69 519/474/70 518/475/70
f 514/472/70 505/476/72 504/464/72
f 518/475/70 509/477/72 508/467/72
f 503/465/67 510/478/79 502/466/67
f 507/468/67 512/479/79 506/469/67
f 505/476/72 506/469/67 503/465/67
f 517/480/69 518/475/70 515/471/70
f 506/469/67 511/481/79 503/465/67
f 515/471/70 508/467/72 505/476/72
f 490/460/79 449/427/65 448/420/65
f 492/461/79 453/482/65 452/423/65
f 491/463/79 452/423/65 449/427/65
f 510/478/79 469/445/65 468/438/65
f 512/479/79 473/483/65 472/441/65
f 511/481/79 472/441/65 469/445/65
f 435/413/54 474/484/82 434/414/54
f 441/418/54 476/485/82 440/419/54
f 440/419/54 475/486/82 435/413/54
f 455/431/54 478/487/82 454/432/54
f 461/436/54 480/488/82 460/437/54
f 460/437/54 479/489/82 455/431/54
f 456/430/51 445/490/64 443/415/51
f 445/490/64 454/432/54 441/418/54
f 453/482/65 466/440/57 451/424/57
f 451/424/57 456/430/51 443/415/51
f 489/459/72 502/466/67 487/450/67
f 501/491/69 514/472/70 499/456/70
f 502/466/67 493/492/79 487/450/67
f 499/456/70 504/464/72 489/459/72
f 454/432/54 477/493/82 441/418/54
f 493/492/79 468/438/65 453/482/65
f 523/494/1 524/495/1 522/496/1
f 527/497/1 528/498/1 526/499/1
f 531/500/1 532/501/1 530/502/1
f 535/503/1 536/504/1 534/496/1
f 525/496/1 530/502/1 524/495/1
f 529/505/1 534/496/1 528/498/1
f 526/499/1 525/496/1 523/494/1
f 534/496/1 533/506/1 531/500/1
f 528/498/1 531/500/1 525/496/1
f 539/507/1 540/508/1 538/509/1
f 543/510/1 544/511/1 542/150/1
f 547/512/1 548/513/1 546/514/1
f 551/515/1 552/188/1 550/516/1
f 541/517/1 546/514/1 540/508/1
f 545/518/1 550/516/1 544/511/1
f 542/150/1 541/517/1 539/507/1
f 550/516/1 549/519/1 547/512/1
f 544/511/1 547/512/1 541/517/1
f 555/520/1 556/521/1 554/522/1
f 559/523/1 560/524/1 558/525/1
f 563/526/1 564/527/1 562/528/1
f 567/529/1 568/530/1 566/531/1
f 557/532/1 562/528/1 556/521/1
f 561/533/1 566/531/1 560/524/1
f 558/525/1 557/532/1 555/520/1
f 566/531/1 565/534/1 563/526/1
f 560/524/1 563/526/1 557/532/1
f 571/173/1 572/535/1 570/536/1
f 575/537/1 576/497/1 574/185/1
f 579/538/1 580/539/1 578/540/1
f 583/541/1 584/542/1 582/543/1
f 573/536/1 578/540/1 572/535/1
f 577/544/1 582/543/1 576/497/1
f 574/185/1 573/536/1 571/173/1
f 582/543/1 581/545/1 579/538/1
f 576/497/1 579/538/1 573/536/1
f 533/506/1 554/522/1 532/501/1
f 537/536/1 558/525/1 536/504/1
f 536/504/1 555/520/1 533/506/1
f 549/519/1 570/536/1 548/513/1
f 553/546/1 574/185/1 552/188/1
f 552/188/1 571/173/1 549/519/1
f 538/509/1 529/505/1 527/497/1
f 546/514/1 537/536/1 535/503/1
f 540/508/1 535/503/1 529/505/1
f 570/536/1 561/533/1 559/523/1
f 578/540/1 569/547/1 567/529/1
f 572/535/1 567/529/1 561/533/1
f 548/513/1 559/523/1 537/536/1
f 16/10/1 355/331/1 354/333/1
f 358/401/80 23/49/18 22/14/9
f 27/496/1 360/336/1 26/16/1
f 354/333/81 22/14/9 16/10/16
f 26/16/1 355/331/1 17/9/1
f 372/403/82 49/45/18 48/33/18
f 374/404/82 55/548/18 54/37/18
f 373/405/82 54/37/18 49/45/18
f 359/409/82 48/33/18 23/49/18
f 474/484/82 77/73/18 76/61/18
f 476/485/82 83/101/18 82/65/18
f 475/486/82 82/65/18 77/73/18
f 478/487/82 105/97/18 104/85/18
f 480/488/82 111/549/18 110/89/18
f 479/489/82 110/89/18 105/97/18
f 477/493/82 104/85/18 83/101/18
f 204/186/1 522/496/1 203/179/1
f 208/208/1 526/499/1 207/182/1
f 207/182/1 523/494/1 204/186/1
f 224/201/1 538/509/1 223/194/1
f 228/550/1 542/150/1 227/197/1
f 227/197/1 539/507/1 224/201/1
f 223/194/1 527/497/1 208/208/1
f 5/21/1 193/173/1 7/2/1
f 201/180/1 27/496/1 25/15/1
f 11/46/17 195/202/48 10/5/3
f 10/5/3 191/174/49 5/21/11
f 193/173/1 25/15/1 7/2/1
f 35/42/17 209/203/50 34/23/17
f 41/551/17 211/204/50 40/27/17
f 40/27/17 210/205/50 35/42/17
f 34/23/17 196/213/50 11/46/17
f 522/496/1 363/344/1 361/334/1
f 530/502/1 371/400/1 369/340/1
f 524/495/1 369/340/1 363/344/1
f 554/522/1 425/396/1 423/386/1
f 562/528/1 433/552/1 431/392/1
f 556/521/1 431/392/1 425/396/1
f 532/501/1 423/386/1 371/400/1
f 63/70/17 309/286/50 62/51/17
f 69/98/17 311/287/50 68/55/17
f 68/55/17 310/288/50 63/70/17
f 91/94/17 313/289/50 90/75/17
f 97/553/17 315/290/50 96/79/17
f 96/79/17 314/291/50 91/94/17
f 90/75/17 312/297/50 69/98/17
f 60/52/2 41/551/17 39/26/2
f 43/554/5 60/52/2 39/26/2
f 72/60/6 53/555/7 51/34/6
f 55/548/18 72/60/6 51/34/6
f 56/67/10 43/554/5 31/40/10
f 53/555/7 56/67/10 31/40/10
f 231/216/19 140/556/32 138/122/19
f 140/556/32 229/218/22 136/125/22
f 241/226/24 148/209/33 146/130/24
f 229/218/22 146/130/24 136/125/22
f 269/252/34 178/169/41 176/157/34
f 277/258/37 186/557/38 184/163/37
f 271/251/41 184/163/37 178/169/41
f 190/558/47 269/252/34 176/157/34
f 243/225/33 190/558/47 148/209/33
f 212/559/50 231/216/19 138/122/19
f 436/412/51 345/560/64 343/318/51
f 345/560/64 434/414/54 341/321/54
f 353/399/65 446/422/57 351/327/57
f 351/327/57 436/412/51 343/318/51
f 405/378/72 482/448/67 403/369/67
f 417/561/69 494/454/70 415/375/70
f 482/448/67 409/562/79 403/369/67
f 415/375/70 484/446/72 405/378/72
f 434/414/54 375/563/82 341/321/54
f 409/562/79 448/420/65 353/399/65
f 62/51/17 212/559/50 41/551/17
f 375/563/82 76/61/18 55/548/18
f 203/179/1 361/334/1 27/496/1
f 591/564/2 592/565/17 590/566/2
f 594/567/5 591/564/2 590/566/2
f 597/568/2 598/569/17 596/570/2
f 600/571/5 597/568/2 596/570/2
f 603/572/6 604/573/7 602/574/6
f 606/575/18 603/572/6 602/574/6
f 609/576/6 610/577/7 608/578/6
f 612/579/18 609/576/6 608/578/6
f 604/573/7 587/580/10 586/581/10
f 610/577/7 589/582/10 588/583/10
f 587/580/10 594/567/5 586/581/10
f 589/582/10 600/571/5 588/583/10
f 596/570/2 593/584/17 591/564/2
f 595/585/5 596/570/2 591/564/2
f 608/578/6 605/586/7 603/572/6
f 607/587/18 608/578/6 603/572/6
f 588/583/10 595/585/5 587/580/10
f 605/586/7 588/583/10 587/580/10
f 619/588/2 620/589/17 618/590/2
f 622/591/5 619/588/2 618/590/2
f 625/592/2 626/593/17 624/594/2
f 628/595/5 625/592/2 624/594/2
f 631/596/6 632/597/7 630/598/6
f 634/599/18 631/596/6 630/598/6
f 637/600/6 638/601/7 636/602/6
f 640/603/18 637/600/6 636/602/6
f 632/597/7 615/604/10 614/605/10
f 638/601/7 617/606/10 616/607/10
f 615/604/10 622/591/5 614/605/10
f 617/606/10 628/595/5 616/607/10
f 624/594/2 621/608/17 619/588/2
f 623/609/5 624/594/2 619/588/2
f 636/602/6 633/610/7 631/596/6
f 635/611/18 636/602/6 631/596/6
f 616/607/10 623/609/5 615/604/10
f 633/610/7 616/607/10 615/604/10
f 618/590/2 599/612/17 597/568/2
f 601/613/5 618/590/2 597/568/2
f 630/598/6 611/614/7 609/576/6
f 613/615/18 630/598/6 609/576/6
f 614/605/10 601/613/5 589/582/10
f 611/614/7 614/605/10 589/582/10
f 647/616/2 648/617/17 646/618/2
f 650/619/5 647/616/2 646/618/2
f 653/620/2 654/621/17 652/622/2
f 656/623/5 653/620/2 652/622/2
f 659/624/6 660/625/7 658/626/6
f 662/627/18 659/624/6 658/626/6
f 665/628/6 666/629/7 664/630/6
f 668/631/18 665/628/6 664/630/6
f 660/625/7 643/632/10 642/633/10
f 666/629/7 645/634/10 644/635/10
f 643/632/10 650/619/5 642/633/10
f 645/634/10 656/623/5 644/635/10
f 652/622/2 649/636/17 647/616/2
f 651/637/5 652/622/2 647/616/2
f 664/630/6 661/638/7 659/624/6
f 663/639/18 664/630/6 659/624/6
f 644/635/10 651/637/5 643/632/10
f 661/638/7 644/635/10 643/632/10
f 674/640/83 675/641/17 673/642/2
f 677/643/5 674/640/83 673/642/2
f 682/644/84 679/645/84 681/646/84
f 684/647/85 685/648/7 683/649/6
f 687/650/18 684/647/85 683/649/6
f 692/651/84 689/652/84 691/653/84
f 696/654/84 693/654/84 695/655/84
f 685/648/7 671/656/10 670/657/10
f 693/654/84 682/644/84 681/646/84
f 671/656/10 677/643/5 670/657/10
f 692/651/84 693/654/84 690/658/84
f 674/640/83 680/659/86 676/660/87
f 674/640/83 681/646/88 679/645/89
f 684/647/85 690/658/90 686/661/7
f 684/647/85 691/653/91 689/652/92
f 671/656/10 681/646/88 678/662/5
f 671/656/10 690/658/90 672/654/10
f 693/654/84 672/654/84 690/658/84
f 673/642/2 655/663/17 653/620/2
f 657/664/5 673/642/2 653/620/2
f 683/649/6 667/665/7 665/628/6
f 669/666/18 683/649/6 665/628/6
f 670/657/10 657/664/5 645/634/10
f 667/665/7 670/657/10 645/634/10
f 700/667/19 701/668/32 699/669/19
f 701/668/32 698/670/22 697/671/22
f 706/672/19 707/673/32 705/674/19
f 707/673/32 704/675/22 703/676/22
f 710/677/24 711/678/33 709/679/24
f 714/680/24 715/681/33 713/682/24
f 698/670/22 709/679/24 697/671/22
f 704/675/22 713/682/24 703/676/22
f 705/674/19 702/683/32 700/667/19
f 702/683/32 703/676/22 698/670/22
f 713/682/24 712/684/33 710/677/24
f 703/676/22 710/677/24 698/670/22
f 720/685/19 721/686/32 719/687/19
f 721/686/32 718/688/22 717/689/22
f 726/690/19 727/691/32 725/692/19
f 727/691/32 724/693/22 723/694/22
f 730/695/24 731/696/33 729/697/24
f 734/698/24 735/699/33 733/700/24
f 718/688/22 729/697/24 717/689/22
f 724/693/22 733/700/24 723/694/22
f 725/692/19 722/701/32 720/685/19
f 722/701/32 723/694/22 718/688/22
f 733/700/24 732/702/33 730/695/24
f 723/694/22 730/695/24 718/688/22
f 738/703/34 739/704/41 737/705/34
f 742/706/34 743/707/41 741/708/34
f 746/709/37 747/710/38 745/711/37
f 750/712/37 751/713/38 749/714/37
f 753/715/47 738/703/34 737/705/34
f 755/716/47 742/706/34 741/708/34
f 740/717/41 745/711/37 739/704/41
f 744/718/41 749/714/37 743/707/41
f 741/708/34 740/717/41 738/703/34
f 749/714/37 748/719/38 746/709/37
f 743/707/41 746/709/37 740/717/41
f 754/720/47 741/708/34 738/703/34
f 758/721/34 759/722/41 757/723/34
f 762/724/34 763/725/41 761/726/34
f 766/727/37 767/728/38 765/729/37
f 770/730/37 771/731/38 769/732/37
f 773/733/47 758/721/34 757/723/34
f 775/734/47 762/724/34 761/726/34
f 760/735/41 765/729/37 759/722/41
f 764/736/41 769/732/37 763/725/41
f 761/726/34 760/735/41 758/721/34
f 769/732/37 768/737/38 766/727/37
f 763/725/41 766/727/37 760/735/41
f 774/738/47 761/726/34 758/721/34
f 777/739/50 700/667/19 699/669/19
f 779/740/50 706/672/19 705/674/19
f 778/741/50 705/674/19 700/667/19
f 781/742/50 720/685/19 719/687/19
f 783/743/50 726/690/19 725/692/19
f 782/744/50 725/692/19 720/685/19
f 712/684/33 753/715/47 711/678/33
f 716/745/33 755/716/47 715/681/33
f 715/681/33 754/720/47 712/684/33
f 732/702/33 773/733/47 731/696/33
f 736/746/33 775/734/47 735/699/33
f 735/699/33 774/738/47 732/702/33
f 719/687/19 708/747/32 706/672/19
f 708/747/32 717/689/22 704/675/22
f 729/697/24 716/745/33 714/680/24
f 717/689/22 714/680/24 704/675/22
f 757/723/34 744/718/41 742/706/34
f 765/729/37 752/748/38 750/712/37
f 759/722/41 750/712/37 744/718/41
f 756/749/47 757/723/34 742/706/34
f 731/696/33 756/749/47 716/745/33
f 780/750/50 719/687/19 706/672/19
f 788/751/19 789/752/32 787/753/19
f 789/752/32 786/754/22 785/755/22
f 794/756/19 795/757/32 793/758/19
f 795/757/32 792/759/22 791/760/22
f 798/761/24 799/762/33 797/763/24
f 802/764/24 803/765/33 801/766/24
f 786/754/22 797/763/24 785/755/22
f 792/759/22 801/766/24 791/760/22
f 793/758/19 790/767/32 788/751/19
f 790/767/32 791/760/22 786/754/22
f 801/766/24 800/768/33 798/761/24
f 791/760/22 798/761/24 786/754/22
f 808/769/93 809/770/32 807/771/19
f 809/770/32 806/772/94 805/773/22
f 815/774/95 816/775/33 814/776/24
f 821/777/84 818/778/84 820/779/84
f 806/772/94 814/776/24 805/773/22
f 820/779/84 811/780/84 813/781/84
f 812/782/96 810/783/97 808/769/93
f 806/772/94 813/781/98 811/780/99
f 815/774/95 819/784/100 817/785/101
f 806/772/94 818/778/102 815/774/95
f 823/786/34 824/787/41 822/788/34
f 827/789/34 828/790/41 826/791/34
f 831/792/37 832/793/38 830/794/37
f 835/795/37 836/796/38 834/797/37
f 838/798/47 823/786/34 822/788/34
f 840/799/47 827/789/34 826/791/34
f 825/800/41 830/794/37 824/787/41
f 829/801/41 834/797/37 828/790/41
f 826/791/34 825/800/41 823/786/34
f 834/797/37 833/802/38 831/792/37
f 828/790/41 831/792/37 825/800/41
f 839/803/47 826/791/34 823/786/34
f 843/804/103 844/805/41 842/806/34
f 849/807/104 850/808/38 848/809/37
f 858/810/84 857/811/84 856/812/84
f 863/813/84 860/814/84 862/815/84
f 854/816/47 843/804/103 842/806/34
f 857/811/84 846/817/84 856/812/84
f 861/818/84 852/819/84 860/814/84
f 845/820/105 848/809/37 844/805/41
f 862/815/84 857/811/84 859/821/84
f 846/817/106 845/820/105 843/804/103
f 849/807/104 853/822/107 851/823/38
f 845/820/105 852/819/108 849/807/104
f 843/804/103 856/812/109 846/817/106
f 860/814/84 847/824/84 857/811/84
f 872/825/84 871/826/84 870/827/84
f 877/828/84 874/829/84 876/830/84
f 881/831/84 878/832/84 880/833/84
f 885/834/84 882/835/84 884/836/84
f 879/837/84 872/825/84 878/832/84
f 883/838/84 876/830/84 882/835/84
f 876/830/84 871/826/84 873/839/84
f 884/836/84 879/837/84 881/831/84
f 882/835/84 873/839/84 879/837/84
f 889/840/84 886/841/84 888/842/84
f 893/843/84 890/844/84 892/845/84
f 897/846/84 894/847/84 896/848/84
f 901/849/84 898/850/84 900/851/84
f 895/852/84 888/842/84 894/847/84
f 899/853/84 892/845/84 898/850/84
f 892/845/84 887/854/84 889/840/84
f 900/851/84 895/852/84 897/846/84
f 898/850/84 889/840/84 895/852/84
f 864/855/50 788/751/19 787/753/19
f 866/856/50 794/756/19 793/758/19
f 865/857/50 793/758/19 788/751/19
f 868/858/50 808/769/93 807/771/19
f 871/826/84 812/782/84 870/827/84
f 875/859/84 820/779/84 874/829/84
f 808/769/93 870/827/110 812/782/96
f 871/826/84 820/779/84 813/781/84
f 887/854/84 858/810/84 886/841/84
f 891/860/84 862/815/84 890/844/84
f 890/844/84 859/821/84 887/854/84
f 800/768/33 838/798/47 799/762/33
f 804/861/33 840/799/47 803/765/33
f 803/765/33 839/803/47 800/768/33
f 817/785/101 854/816/47 816/775/33
f 858/810/84 819/784/84 821/777/84
f 819/784/100 855/862/111 817/785/101
f 888/842/84 875/859/84 877/828/84
f 896/848/84 883/838/84 885/834/84
f 894/847/84 877/828/84 883/838/84
f 807/771/19 796/863/32 794/756/19
f 796/863/32 805/773/22 792/759/22
f 814/776/24 804/861/33 802/764/24
f 805/773/22 802/764/24 792/759/22
f 842/806/34 829/801/41 827/789/34
f 848/809/37 837/864/38 835/795/37
f 844/805/41 835/795/37 829/801/41
f 841/865/47 842/806/34 827/789/34
f 816/775/33 841/865/47 804/861/33
f 867/866/50 807/771/19 794/756/19
f 886/841/84 821/777/84 875/859/84
f 905/867/51 906/868/64 904/869/51
f 906/868/64 903/870/54 902/871/54
f 911/872/51 912/873/64 910/874/51
f 912/873/64 909/875/54 908/876/54
f 916/877/65 915/878/57 914/879/57
f 920/880/65 919/881/57 918/882/57
f 914/879/57 905/867/51 904/869/51
f 918/882/57 911/872/51 910/874/51
f 910/874/51 907/883/64 905/867/51
f 907/883/64 908/876/54 903/870/54
f 917/884/65 918/882/57 915/878/57
f 915/878/57 910/874/51 905/867/51
f 925/885/51 926/886/64 924/887/51
f 926/886/64 923/888/54 922/889/54
f 931/890/51 932/891/64 930/892/51
f 932/891/64 929/893/54 928/894/54
f 936/895/65 935/896/57 934/897/57
f 940/898/65 939/899/57 938/900/57
f 934/897/57 925/885/51 924/887/51
f 938/900/57 931/890/51 930/892/51
f 930/892/51 927/901/64 925/885/51
f 927/901/64 928/894/54 923/888/54
f 937/902/65 938/900/57 935/896/57
f 935/896/57 930/892/51 925/885/51
f 952/903/72 951/904/67 950/905/67
f 956/906/72 955/907/67 954/908/67
f 964/909/69 963/910/70 962/911/70
f 968/912/69 967/913/70 966/914/70
f 962/911/70 953/915/72 952/903/72
f 966/914/70 957/916/72 956/906/72
f 951/904/67 958/917/79 950/905/67
f 955/907/67 960/918/79 954/908/67
f 953/915/72 954/908/67 951/904/67
f 965/919/69 966/914/70 963/910/70
f 954/908/67 959/920/79 951/904/67
f 963/910/70 956/906/72 953/915/72
f 972/921/72 971/922/67 970/923/67
f 976/924/72 975/925/67 974/926/67
f 984/927/69 983/928/70 982/929/70
f 988/930/69 987/931/70 986/932/70
f 982/929/70 973/933/72 972/921/72
f 986/932/70 977/934/72 976/924/72
f 971/922/67 978/935/79 970/923/67
f 975/925/67 980/936/79 974/926/67
f 973/933/72 974/926/67 971/922/67
f 985/937/69 986/932/70 983/928/70
f 974/926/67 979/938/79 971/922/67
f 983/928/70 976/924/72 973/933/72
f 958/917/79 917/884/65 916/877/65
f 960/918/79 921/939/65 920/880/65
f 959/920/79 920/880/65 917/884/65
f 978/935/79 937/902/65 936/895/65
f 980/936/79 941/940/65 940/898/65
f 979/938/79 940/898/65 937/902/65
f 903/870/54 942/941/82 902/871/54
f 909/875/54 944/942/82 908/876/54
f 908/876/54 943/943/82 903/870/54
f 923/888/54 946/944/82 922/889/54
f 929/893/54 948/945/82 928/894/54
f 928/894/54 947/946/82 923/888/54
f 924/887/51 913/947/64 911/872/51
f 913/947/64 922/889/54 909/875/54
f 921/939/65 934/897/57 919/881/57
f 919/881/57 924/887/51 911/872/51
f 957/916/72 970/923/67 955/907/67
f 969/948/69 982/929/70 967/913/70
f 970/923/67 961/949/79 955/907/67
f 967/913/70 972/921/72 957/916/72
f 922/889/54 945/950/82 909/875/54
f 961/949/79 936/895/65 921/939/65
f 993/951/51 994/952/64 992/953/51
f 994/952/64 991/954/54 990/955/54
f 999/956/51 1000/957/64 998/958/51
f 1000/957/64 997/959/54 996/960/54
f 1004/961/65 1003/962/57 1002/963/57
f 1008/964/65 1007/965/57 1006/966/57
f 1002/963/57 993/951/51 992/953/51
f 1006/966/57 999/956/51 998/958/51
f 998/958/51 995/967/64 993/951/51
f 995/967/64 996/960/54 991/954/54
f 1005/968/65 1006/966/57 1003/962/57
f 1003/962/57 998/958/51 993/951/51
f 1013/969/112 1014/970/64 1012/971/51
f 1014/970/64 1011/972/113 1010/973/54
f 1021/974/65 1020/975/114 1019/976/57
f 1026/977/84 1023/978/84 1025/979/84
f 1019/976/57 1013/969/112 1012/971/51
f 1024/980/84 1017/981/84 1023/978/84
f 1013/969/112 1018/982/115 1015/983/116
f 1015/983/116 1016/984/117 1011/972/113
f 1020/975/114 1025/979/118 1023/978/119
f 1013/969/112 1023/978/119 1017/981/120
f 1035/985/84 1034/986/84 1033/987/84
f 1040/988/84 1037/989/84 1039/990/84
f 1044/991/84 1041/992/84 1043/993/84
f 1048/994/84 1045/995/84 1047/996/84
f 1042/997/84 1035/985/84 1041/992/84
f 1046/998/84 1039/990/84 1045/995/84
f 1039/990/84 1034/986/84 1036/999/84
f 1047/996/84 1042/997/84 1044/991/84
f 1045/995/84 1036/999/84 1042/997/84
f 1051/1000/72 1050/1001/67 1049/1002/67
f 1055/1003/72 1054/1004/67 1053/1005/67
f 1063/1006/69 1062/1007/70 1061/1008/70
f 1067/1009/69 1066/1010/70 1065/1011/70
f 1061/1008/70 1052/1012/72 1051/1000/72
f 1065/1011/70 1056/1013/72 1055/1003/72
f 1050/1001/67 1057/1014/79 1049/1002/67
f 1054/1004/67 1059/1015/79 1053/1005/67
f 1052/1012/72 1053/1005/67 1050/1001/67
f 1064/1016/69 1065/1011/70 1062/1007/70
f 1053/1005/67 1058/1017/79 1050/1001/67
f 1062/1007/70 1055/1003/72 1052/1012/72
f 1071/1018/72 1070/1019/121 1069/1020/67
f 1079/1021/84 1078/1022/84 1077/1023/84
f 1083/1024/69 1082/1025/122 1081/1026/70
f 1090/1027/84 1087/1028/84 1089/1029/84
f 1081/1026/70 1072/1030/123 1071/1018/72
f 1088/1031/84 1079/1021/84 1087/1028/84
f 1070/1019/121 1075/1032/79 1069/1020/67
f 1079/1021/84 1073/1033/84 1074/1034/84
f 1089/1029/84 1085/1035/84 1086/1036/84
f 1072/1030/123 1073/1033/124 1070/1019/121
f 1082/1025/122 1086/1036/125 1085/1035/126
f 1070/1019/121 1077/1023/127 1076/1037/128
f 1072/1030/123 1085/1035/126 1074/1034/129
f 1087/1028/84 1074/1034/84 1085/1035/84
f 1094/1038/84 1091/1039/84 1093/1040/84
f 1098/1041/84 1095/1042/84 1097/1043/84
f 1102/1044/84 1099/1045/84 1101/1046/84
f 1106/1047/84 1103/1048/84 1105/1049/84
f 1100/1050/84 1093/1040/84 1099/1045/84
f 1104/1051/84 1097/1043/84 1103/1048/84
f 1097/1043/84 1092/1052/84 1094/1038/84
f 1105/1049/84 1100/1050/84 1102/1044/84
f 1103/1048/84 1094/1038/84 1100/1050/84
f 1057/1014/79 1005/968/65 1004/961/65
f 1059/1015/79 1009/1053/65 1008/964/65
f 1058/1017/79 1008/964/65 1005/968/65
f 1075/1032/79 1022/1054/130 1021/974/65
f 1078/1022/84 1025/979/84 1077/1023/84
f 1076/1037/128 1025/979/118 1022/1054/130
f 1092/1052/84 1043/993/84 1091/1039/84
f 1096/1055/84 1047/996/84 1095/1042/84
f 1095/1042/84 1044/991/84 1092/1052/84
f 991/954/54 1027/1056/82 990/955/54
f 997/959/54 1029/1057/82 996/960/54
f 996/960/54 1028/1058/82 991/954/54
f 1011/972/113 1031/1059/82 1010/973/54
f 1035/985/84 1016/984/84 1018/982/84
f 1043/993/84 1024/980/84 1026/977/84
f 1011/972/113 1033/987/131 1032/1060/132
f 1024/980/84 1035/985/84 1018/982/84
f 1093/1040/84 1078/1022/84 1080/1061/84
f 1101/1046/84 1088/1031/84 1090/1027/84
f 1099/1045/84 1080/1061/84 1088/1031/84
f 1012/971/51 1001/1062/64 999/956/51
f 1001/1062/64 1010/973/54 997/959/54
f 1009/1053/65 1019/976/57 1007/965/57
f 1007/965/57 1012/971/51 999/956/51
f 1056/1013/72 1069/1020/67 1054/1004/67
f 1068/1063/69 1081/1026/70 1066/1010/70
f 1069/1020/67 1060/1064/79 1054/1004/67
f 1066/1010/70 1071/1018/72 1056/1013/72
f 1010/973/54 1030/1065/82 997/959/54
f 1060/1064/79 1021/974/65 1009/1053/65
f 1091/1039/84 1026/977/84 1078/1022/84
f 1110/654/84 1107/654/84 1109/1066/84
f 1114/1067/84 1111/1068/84 1113/1069/84
f 1118/1070/84 1115/1071/84 1117/1072/84
f 1122/1073/84 1119/654/84 1121/1074/84
f 1116/1075/84 1109/1066/84 1115/1071/84
f 1120/1076/84 1113/1069/84 1119/654/84
f 1113/1069/84 1108/1077/84 1110/654/84
f 1121/1074/84 1116/1075/84 1118/1070/84
f 1119/654/84 1110/654/84 1116/1075/84
f 1126/1078/84 1123/1079/84 1125/1080/84
f 1130/1081/84 1127/821/84 1129/1082/84
f 1134/1083/84 1131/1084/84 1133/1085/84
f 1138/1086/84 1135/1087/84 1137/842/84
f 1132/1088/84 1125/1080/84 1131/1084/84
f 1136/1089/84 1129/1082/84 1135/1087/84
f 1129/1082/84 1124/842/84 1126/1078/84
f 1137/842/84 1132/1088/84 1134/1083/84
f 1135/1087/84 1126/1078/84 1132/1088/84
f 1142/1090/84 1139/1091/84 1141/1092/84
f 1146/1093/84 1143/1094/84 1145/1095/84
f 1150/1096/84 1147/1097/84 1149/1098/84
f 1154/1099/84 1151/1100/84 1153/1101/84
f 1148/1102/84 1141/1092/84 1147/1097/84
f 1152/1092/84 1145/1095/84 1151/1100/84
f 1145/1095/84 1140/1103/84 1142/1090/84
f 1153/1101/84 1148/1102/84 1150/1096/84
f 1151/1100/84 1142/1090/84 1148/1102/84
f 1158/1073/84 1155/1073/84 1157/1104/84
f 1162/1105/84 1159/1106/84 1161/1107/84
f 1166/1097/84 1163/1108/84 1165/1109/84
f 1170/1110/84 1167/1111/84 1169/1092/84
f 1164/1072/84 1157/1104/84 1163/1108/84
f 1168/1112/84 1161/1107/84 1167/1111/84
f 1161/1107/84 1156/1113/84 1158/1073/84
f 1169/1092/84 1164/1072/84 1166/1097/84
f 1167/1111/84 1158/1073/84 1164/1072/84
f 1140/1103/84 1117/1072/84 1139/1091/84
f 1144/1114/84 1121/1074/84 1143/1094/84
f 1143/1094/84 1118/1070/84 1140/1103/84
f 1156/1113/84 1133/1085/84 1155/1073/84
f 1160/1115/84 1137/842/84 1159/1106/84
f 1159/1106/84 1134/1083/84 1156/1113/84
f 1125/1080/84 1112/1116/84 1114/1067/84
f 1133/1085/84 1120/1076/84 1122/1073/84
f 1131/1084/84 1114/1067/84 1120/1076/84
f 1157/1104/84 1144/1114/84 1146/1093/84
f 1165/1109/84 1152/1092/84 1154/1099/84
f 1163/1108/84 1146/1093/84 1152/1092/84
f 1155/1073/84 1122/1073/84 1144/1114/84
f 942/941/82 607/587/18 606/575/18
f 944/942/82 613/615/18 612/579/18
f 943/943/82 612/579/18 607/587/18
f 946/944/82 635/611/18 634/599/18
f 948/945/82 641/1117/18 640/603/18
f 947/946/82 640/603/18 635/611/18
f 945/950/82 634/599/18 613/615/18
f 1027/1056/82 663/639/18 662/627/18
f 1029/1057/82 669/666/18 668/631/18
f 1028/1058/82 668/631/18 663/639/18
f 1031/1059/82 688/1118/133 687/650/18
f 1034/986/84 691/653/84 1033/987/84
f 1038/1119/84 695/655/84 1037/989/84
f 688/1118/133 1033/987/131 691/653/91
f 1037/989/84 692/651/84 1034/986/84
f 1030/1065/82 687/650/18 669/666/18
f 1108/1077/84 880/833/84 1107/654/84
f 1112/1116/84 884/836/84 1111/1068/84
f 1111/1068/84 881/831/84 1108/1077/84
f 1124/842/84 896/848/84 1123/1079/84
f 1128/1120/84 900/851/84 1127/821/84
f 1127/821/84 897/846/84 1124/842/84
f 1123/1079/84 885/834/84 1112/1116/84
f 593/584/17 777/739/50 592/565/17
f 599/612/17 779/740/50 598/569/17
f 598/569/17 778/741/50 593/584/17
f 621/608/17 781/742/50 620/589/17
f 627/1121/17 783/743/50 626/593/17
f 626/593/17 782/744/50 621/608/17
f 620/589/17 780/750/50 599/612/17
f 649/636/17 864/855/50 648/617/17
f 655/663/17 866/856/50 654/621/17
f 654/621/17 865/857/50 649/636/17
f 676/660/87 868/858/50 675/641/17
f 872/825/84 680/659/84 682/644/84
f 880/833/84 694/1122/84 696/654/84
f 676/660/87 870/827/110 869/1123/134
f 878/832/84 682/644/84 694/1122/84
f 675/641/17 867/866/50 655/663/17
f 1109/1066/84 1038/1119/84 1040/988/84
f 1117/1072/84 1046/998/84 1048/994/84
f 1115/1071/84 1040/988/84 1046/998/84
f 1141/1092/84 1096/1055/84 1098/1041/84
f 1149/1098/84 1104/1051/84 1106/1047/84
f 1147/1097/84 1098/1041/84 1104/1051/84
f 1139/1091/84 1048/994/84 1096/1055/84
f 646/618/2 627/1121/17 625/592/2
f 629/1124/5 646/618/2 625/592/2
f 658/626/6 639/1125/7 637/600/6
f 641/1117/18 658/626/6 637/600/6
f 642/633/10 629/1124/5 617/606/10
f 639/1125/7 642/633/10 617/606/10
f 787/753/19 728/1126/32 726/690/19
f 728/1126/32 785/755/22 724/693/22
f 797/763/24 736/746/33 734/698/24
f 785/755/22 734/698/24 724/693/22
f 822/788/34 764/736/41 762/724/34
f 830/794/37 772/1127/38 770/730/37
f 824/787/41 770/730/37 764/736/41
f 776/1128/47 822/788/34 762/724/34
f 799/762/33 776/1128/47 736/746/33
f 784/1129/50 787/753/19 726/690/19
f 992/953/51 933/1130/64 931/890/51
f 933/1130/64 990/955/54 929/893/54
f 941/940/65 1002/963/57 939/899/57
f 939/899/57 992/953/51 931/890/51
f 977/934/72 1049/1002/67 975/925/67
f 989/1131/69 1061/1008/70 987/931/70
f 1049/1002/67 981/1132/79 975/925/67
f 987/931/70 1051/1000/72 977/934/72
f 990/955/54 949/1133/82 929/893/54
f 981/1132/79 1004/961/65 941/940/65
f 648/617/17 784/1129/50 627/1121/17
f 949/1133/82 662/627/18 641/1117/18
f 1107/654/84 696/654/84 1038/1119/84
f 1174/1134/135 1175/1135/136 1173/1136/135
f 1180/1137/137 1181/1138/138 1179/1139/139
f 1184/1140/1 1185/1141/1 1183/1142/1
f 1187/1143/1 1190/1144/1 1189/1145/1
f 1172/1146/1 1183/1142/1 1171/1147/1
f 1178/1148/1 1187/1143/1 1177/1149/1
f 1192/1150/140 1181/1138/138 1182/1151/141
f 1187/1143/1 1186/1152/1 1184/1140/1
f 1176/1153/142 1179/1139/139 1175/1135/136
f 1171/1147/143 1175/1135/136 1172/1146/144
f 1179/1139/139 1178/1148/145 1177/1149/146
f 1172/1146/144 1179/1139/139 1177/1149/146
f 1181/1138/138 1188/1154/147 1178/1148/145
f 1177/1149/1 1184/1140/1 1172/1146/1
f 1194/1155/135 1195/1156/142 1193/1157/135
f 1198/1158/135 1199/1159/142 1197/1160/135
f 1202/1161/137 1203/1162/141 1201/1163/137
f 1206/1164/137 1207/1165/141 1205/1166/137
f 1210/1167/140 1203/1162/141 1204/1168/141
f 1212/1169/140 1207/1165/141 1208/1170/141
f 1196/1171/142 1201/1163/137 1195/1156/142
f 1200/1172/142 1205/1166/137 1199/1159/142
f 1197/1160/135 1196/1171/142 1194/1155/135
f 1205/1166/137 1204/1168/141 1202/1161/137
f 1199/1159/142 1202/1161/137 1196/1171/142
f 1211/1173/140 1204/1168/141 1207/1165/141
f 1214/1174/1 1215/1175/1 1213/1176/1
f 1218/1177/148 1219/1178/149 1217/1179/150
f 1227/1180/151 1228/1181/152 1226/1182/153
f 1227/1180/151 1224/1183/154 1225/1184/155
f 1221/1185/1 1216/1186/1 1214/1174/1
f 1220/1187/156 1224/1183/154 1219/1178/149
f 1213/1176/157 1219/1178/149 1214/1174/158
f 1226/1182/153 1223/1188/159 1222/1189/160
f 1224/1183/154 1222/1189/160 1221/1185/161
f 1214/1174/158 1224/1183/154 1221/1185/161
f 1231/1190/148 1232/1191/156 1230/1192/148
f 1235/1193/148 1236/1194/156 1234/1195/148
f 1241/1196/151 1242/1197/162 1240/1198/151
f 1241/1196/151 1238/1199/155 1239/1200/155
f 1247/1201/151 1248/1202/162 1246/1203/151
f 1247/1201/151 1244/1204/155 1245/1205/155
f 1233/1206/156 1238/1199/155 1232/1191/156
f 1237/1207/156 1244/1204/155 1236/1194/156
f 1234/1195/148 1233/1206/156 1231/1190/148
f 1246/1203/151 1243/1208/162 1241/1196/151
f 1246/1203/151 1239/1200/155 1244/1204/155
f 1236/1194/156 1239/1200/155 1233/1206/156
f 1251/1209/1 1252/1210/1 1250/1211/1
f 1255/1212/1 1256/1213/1 1254/1214/1
f 1259/1215/1 1260/1216/1 1258/1217/1
f 1263/1218/1 1264/1219/1 1262/1220/1
f 1253/1221/1 1258/1217/1 1252/1210/1
f 1257/1222/1 1262/1220/1 1256/1213/1
f 1254/1214/1 1253/1221/1 1251/1209/1
f 1262/1220/1 1261/1223/1 1259/1215/1
f 1256/1213/1 1259/1215/1 1253/1221/1
f 1267/1224/1 1268/1225/1 1266/1226/1
f 1270/1227/1 1273/1228/1 1272/1229/1
f 1277/1230/1 1278/1231/1 1276/1232/1
f 1281/1233/1 1282/1234/1 1280/1235/1
f 1269/1236/1 1276/1232/1 1268/1225/1
f 1273/1228/1 1280/1235/1 1272/1229/1
f 1270/1227/1 1269/1236/1 1267/1224/1
f 1280/1235/1 1279/1237/1 1277/1230/1
f 1272/1229/1 1277/1230/1 1269/1236/1
f 1186/1152/1 1250/1211/1 1185/1141/1
f 1190/1144/1 1254/1214/1 1189/1145/1
f 1189/1145/1 1251/1209/1 1186/1152/1
f 1216/1186/1 1266/1226/1 1215/1175/1
f 1223/1188/1 1270/1227/1 1222/1189/1
f 1275/1238/163 1228/1181/152 1229/1239/162
f 1228/1181/152 1271/1240/164 1223/1188/159
f 1216/1186/1 1270/1227/1 1267/1224/1
f 1285/1241/163 1242/1197/162 1243/1208/162
f 1287/1242/163 1248/1202/162 1249/1243/162
f 1286/1244/163 1243/1208/162 1248/1202/162
f 1213/1176/1 1190/1144/1 1188/1154/1
f 1192/1150/140 1217/1179/150 1191/1245/165
f 1191/1245/165 1213/1176/157 1188/1154/147
f 1266/1226/1 1257/1222/1 1255/1212/1
f 1276/1232/1 1265/1246/1 1263/1218/1
f 1268/1225/1 1263/1218/1 1257/1222/1
f 1210/1167/140 1230/1192/148 1209/1247/140
f 1212/1169/140 1234/1195/148 1211/1173/140
f 1211/1173/140 1231/1190/148 1210/1167/140
f 1193/1157/135 1176/1153/142 1174/1134/135
f 1201/1163/137 1182/1151/141 1180/1137/137
f 1195/1156/142 1180/1137/137 1176/1153/142
f 1209/1247/140 1182/1151/141 1203/1162/141
f 1230/1192/148 1220/1187/156 1218/1177/148
f 1240/1198/151 1229/1239/162 1227/1180/151
f 1240/1198/151 1225/1184/155 1238/1199/155
f 1232/1191/156 1225/1184/155 1220/1187/156
f 1209/1247/140 1218/1177/148 1192/1150/140
f 1284/1248/163 1229/1239/162 1242/1197/162
f 1215/1175/1 1255/1212/1 1190/1144/1
f 1289/1249/135 1290/1250/142 1288/1251/135
f 1293/1252/135 1294/1253/142 1292/1254/135
f 1297/1255/137 1298/1256/141 1296/1257/137
f 1301/1258/137 1302/1259/141 1300/1260/137
f 1305/1261/140 1298/1256/141 1299/1262/141
f 1307/1263/140 1302/1259/141 1303/1264/141
f 1291/1265/142 1296/1257/137 1290/1250/142
f 1295/1266/142 1300/1260/137 1294/1253/142
f 1292/1254/135 1291/1265/142 1289/1249/135
f 1300/1260/137 1299/1262/141 1297/1255/137
f 1294/1253/142 1297/1255/137 1291/1265/142
f 1306/1267/140 1299/1262/141 1302/1259/141
f 1309/1268/135 1310/1269/142 1308/1270/135
f 1313/1271/135 1314/1272/142 1312/1273/135
f 1317/1274/137 1318/1275/141 1316/1276/137
f 1321/1277/137 1322/1278/141 1320/1279/137
f 1325/1280/140 1318/1275/141 1319/1281/141
f 1327/1282/140 1322/1278/141 1323/1283/141
f 1311/1284/142 1316/1276/137 1310/1269/142
f 1315/1285/142 1320/1279/137 1314/1272/142
f 1312/1273/135 1311/1284/142 1309/1268/135
f 1320/1279/137 1319/1281/141 1317/1274/137
f 1314/1272/142 1317/1274/137 1311/1284/142
f 1326/1286/140 1319/1281/141 1322/1278/141
f 1329/1287/148 1330/1288/156 1328/1289/148
f 1333/1290/148 1334/1291/156 1332/1292/148
f 1339/1293/151 1340/1294/162 1338/1295/151
f 1339/1293/151 1336/1296/155 1337/1297/155
f 1345/1298/151 1346/1299/162 1344/1300/151
f 1345/1298/151 1342/1301/155 1343/1302/155
f 1331/1303/156 1336/1296/155 1330/1288/156
f 1335/1304/156 1342/1301/155 1334/1291/156
f 1332/1292/148 1331/1303/156 1329/1287/148
f 1344/1300/151 1341/1305/162 1339/1293/151
f 1344/1300/151 1337/1297/155 1342/1301/155
f 1334/1291/156 1337/1297/155 1331/1303/156
f 1349/1306/148 1350/1307/156 1348/1308/148
f 1353/1309/148 1354/1310/156 1352/1311/148
f 1359/1312/151 1360/1313/162 1358/1314/151
f 1359/1312/151 1356/1315/155 1357/1316/155
f 1365/1317/151 1366/1318/162 1364/1319/151
f 1365/1317/151 1362/1320/155 1363/1321/155
f 1351/1322/156 1356/1315/155 1350/1307/156
f 1355/1323/156 1362/1320/155 1354/1310/156
f 1352/1311/148 1351/1322/156 1349/1306/148
f 1364/1319/151 1361/1324/162 1359/1312/151
f 1364/1319/151 1357/1316/155 1362/1320/155
f 1354/1310/156 1357/1316/155 1351/1322/156
f 1369/1325/163 1340/1294/162 1341/1305/162
f 1371/1326/163 1346/1299/162 1347/1327/162
f 1370/1328/163 1341/1305/162 1346/1299/162
f 1373/1329/163 1360/1313/162 1361/1324/162
f 1375/1330/163 1366/1318/162 1367/1331/162
f 1374/1332/163 1361/1324/162 1366/1318/162
f 1305/1261/140 1328/1289/148 1304/1333/140
f 1307/1263/140 1332/1292/148 1306/1267/140
f 1306/1267/140 1329/1287/148 1305/1261/140
f 1325/1280/140 1348/1308/148 1324/1334/140
f 1327/1282/140 1352/1311/148 1326/1286/140
f 1326/1286/140 1349/1306/148 1325/1280/140
f 1308/1270/135 1295/1266/142 1293/1252/135
f 1316/1276/137 1303/1264/141 1301/1258/137
f 1310/1269/142 1301/1258/137 1295/1266/142
f 1324/1334/140 1303/1264/141 1318/1275/141
f 1348/1308/148 1335/1304/156 1333/1290/148
f 1358/1314/151 1347/1327/162 1345/1298/151
f 1358/1314/151 1343/1302/155 1356/1315/155
f 1350/1307/156 1343/1302/155 1335/1304/156
f 1324/1334/140 1333/1290/148 1307/1263/140
f 1372/1335/163 1347/1327/162 1360/1313/162
f 1377/1336/1 1378/1337/1 1376/1338/1
f 1381/1339/166 1382/1340/167 1380/1341/168
f 1385/1342/169 1382/1340/167 1383/1343/170
f 1390/1344/1 1391/1345/1 1389/1346/1
f 1394/1347/1 1395/1348/1 1393/1349/1
f 1398/1350/171 1399/1351/172 1397/1352/171
f 1402/1353/173 1399/1351/172 1400/1354/174
f 1378/1337/1 1390/1344/1 1389/1346/1
f 1398/1350/171 1387/1355/175 1388/1356/175
f 1390/1344/1 1395/1348/1 1392/1357/1
f 1385/1342/169 1387/1355/175 1384/1358/169
f 1376/1338/176 1382/1340/167 1377/1336/177
f 1382/1340/167 1379/1359/178 1377/1336/177
f 1393/1349/179 1399/1351/172 1394/1347/180
f 1399/1351/172 1396/1360/181 1394/1347/180
f 1379/1359/178 1387/1355/175 1386/1361/175
f 1387/1355/175 1393/1349/179 1386/1361/175
f 1386/1361/1 1390/1344/1 1379/1359/1
f 1404/1362/166 1405/1363/170 1403/1364/166
f 1408/1365/169 1405/1363/170 1406/1366/170
f 1410/1367/166 1411/1368/170 1409/1369/166
f 1414/1370/169 1411/1368/170 1412/1371/170
f 1420/1372/171 1421/1373/174 1419/1374/171
f 1424/1375/173 1421/1373/174 1422/1376/174
f 1426/1377/171 1427/1378/174 1425/1379/171
f 1430/1380/173 1427/1378/174 1428/1381/174
f 1420/1372/171 1415/1382/175 1416/1383/175
f 1426/1377/171 1417/1384/175 1418/1385/175
f 1408/1365/169 1415/1382/175 1407/1386/169
f 1414/1370/169 1417/1384/175 1413/1387/169
f 1409/1369/166 1406/1366/170 1404/1362/166
f 1413/1387/169 1406/1366/170 1411/1368/170
f 1425/1379/171 1422/1376/174 1420/1372/171
f 1429/1388/173 1422/1376/174 1427/1378/174
f 1413/1387/169 1416/1383/175 1408/1365/169
f 1425/1379/171 1416/1383/175 1417/1384/175
f 1403/1364/166 1383/1343/170 1381/1339/166
f 1407/1386/169 1383/1343/170 1405/1363/170
f 1419/1374/171 1400/1354/174 1398/1350/171
f 1423/1389/173 1400/1354/174 1421/1373/174
f 1407/1386/169 1388/1356/175 1385/1342/169
f 1419/1374/171 1388/1356/175 1415/1382/175
f 1432/1390/166 1433/1391/170 1431/1392/166
f 1436/1393/169 1433/1391/170 1434/1394/170
f 1438/1395/166 1439/1396/170 1437/1397/166
f 1442/1398/169 1439/1396/170 1440/1399/170
f 1448/1400/171 1449/1401/174 1447/1402/171
f 1452/1403/173 1449/1401/174 1450/1404/174
f 1454/1405/171 1455/1406/174 1453/1407/171
f 1458/1408/173 1455/1406/174 1456/1409/174
f 1448/1400/171 1443/1410/175 1444/1411/175
f 1454/1405/171 1445/1412/175 1446/1413/175
f 1436/1393/169 1443/1410/175 1435/1414/169
f 1442/1398/169 1445/1412/175 1441/1415/169
f 1437/1397/166 1434/1394/170 1432/1390/166
f 1441/1415/169 1434/1394/170 1439/1396/170
f 1453/1407/171 1450/1404/174 1448/1400/171
f 1457/1416/173 1450/1404/174 1455/1406/174
f 1441/1415/169 1444/1411/175 1436/1393/169
f 1453/1407/171 1444/1411/175 1445/1412/175
f 1460/1417/166 1461/1418/170 1459/1419/166
f 1464/1420/169 1461/1418/170 1462/1421/170
f 1466/1422/166 1467/1423/170 1465/1424/166
f 1470/1425/169 1467/1423/170 1468/1426/170
f 1476/1427/171 1477/1428/174 1475/1429/171
f 1480/1430/173 1477/1428/174 1478/1431/174
f 1482/1432/171 1483/1433/174 1481/1434/171
f 1486/1435/173 1483/1433/174 1484/1436/174
f 1476/1427/171 1471/1437/175 1472/1438/175
f 1482/1432/171 1473/1439/175 1474/1440/175
f 1464/1420/169 1471/1437/175 1463/1441/169
f 1470/1425/169 1473/1439/175 1469/1442/169
f 1465/1424/166 1462/1421/170 1460/1417/166
f 1469/1442/169 1462/1421/170 1467/1423/170
f 1481/1434/171 1478/1431/174 1476/1427/171
f 1485/1443/173 1478/1431/174 1483/1433/174
f 1469/1442/169 1472/1438/175 1464/1420/169
f 1481/1434/171 1472/1438/175 1473/1439/175
f 1459/1419/166 1440/1399/170 1438/1395/166
f 1463/1441/169 1440/1399/170 1461/1418/170
f 1475/1429/171 1456/1409/174 1454/1405/171
f 1479/1444/173 1456/1409/174 1477/1428/174
f 1463/1441/169 1446/1413/175 1442/1398/169
f 1475/1429/171 1446/1413/175 1471/1437/175
f 1488/1145/1 1489/1445/1 1487/1446/1
f 1492/1447/1 1493/1448/1 1491/1222/1
f 1496/1449/1 1497/1450/1 1495/1451/1
f 1500/1452/1 1501/1453/1 1499/1454/1
f 1490/1455/1 1495/1451/1 1489/1445/1
f 1494/1456/1 1499/1454/1 1493/1448/1
f 1491/1222/1 1490/1455/1 1488/1145/1
f 1499/1454/1 1498/1457/1 1496/1449/1
f 1493/1448/1 1496/1449/1 1490/1455/1
f 1504/1458/1 1505/1459/1 1503/1460/1
f 1508/1345/1 1509/1345/1 1507/1461/1
f 1512/1345/1 1513/1345/1 1511/1462/1
f 1516/1463/1 1517/1464/1 1515/1465/1
f 1506/1466/1 1511/1462/1 1505/1459/1
f 1510/1467/1 1515/1465/1 1509/1345/1
f 1507/1461/1 1506/1466/1 1504/1458/1
f 1515/1465/1 1514/1468/1 1512/1345/1
f 1509/1345/1 1512/1345/1 1506/1466/1
f 1520/1469/1 1521/1470/1 1519/1471/1
f 1524/1345/1 1525/1472/1 1523/1473/1
f 1528/1472/1 1529/1472/1 1527/1457/1
f 1532/1474/1 1533/1475/1 1531/1476/1
f 1522/1477/1 1527/1457/1 1521/1470/1
f 1526/1478/1 1531/1476/1 1525/1472/1
f 1523/1473/1 1522/1477/1 1520/1469/1
f 1531/1476/1 1530/1479/1 1528/1472/1
f 1525/1472/1 1528/1472/1 1522/1477/1
f 1536/1480/1 1537/1481/1 1535/1482/1
f 1540/1483/1 1541/1484/1 1539/1485/1
f 1544/1486/1 1545/1487/1 1543/1488/1
f 1548/1489/1 1549/1490/1 1547/1491/1
f 1538/1492/1 1543/1488/1 1537/1481/1
f 1542/1493/1 1547/1491/1 1541/1484/1
f 1539/1485/1 1538/1492/1 1536/1480/1
f 1547/1491/1 1546/1494/1 1544/1486/1
f 1541/1484/1 1544/1486/1 1538/1492/1
f 1498/1457/1 1519/1471/1 1497/1450/1
f 1502/1495/1 1523/1473/1 1501/1453/1
f 1501/1453/1 1520/1469/1 1498/1457/1
f 1514/1468/1 1535/1482/1 1513/1345/1
f 1518/1496/1 1539/1485/1 1517/1464/1
f 1517/1464/1 1536/1480/1 1514/1468/1
f 1503/1460/1 1494/1456/1 1492/1447/1
f 1511/1462/1 1502/1495/1 1500/1452/1
f 1505/1459/1 1500/1452/1 1494/1456/1
f 1535/1482/1 1526/1478/1 1524/1345/1
f 1543/1488/1 1534/1497/1 1532/1474/1
f 1537/1481/1 1532/1474/1 1526/1478/1
f 1513/1345/1 1524/1345/1 1502/1495/1
f 1552/1498/1 1553/1499/1 1551/1500/1
f 1555/1501/1 1558/1502/1 1557/1503/1
f 1562/1504/1 1563/1505/1 1561/1506/1
f 1566/1507/1 1567/1508/1 1565/1509/1
f 1554/1510/1 1561/1506/1 1553/1499/1
f 1558/1502/1 1565/1509/1 1557/1503/1
f 1555/1501/1 1554/1510/1 1552/1498/1
f 1565/1509/1 1564/1511/1 1562/1504/1
f 1557/1503/1 1562/1504/1 1554/1510/1
f 1579/1512/182 1580/1513/183 1578/1514/184
f 1579/1512/182 1576/1515/185 1577/1516/186
f 1583/1517/1 1584/1518/1 1582/1519/1
f 1589/1520/187 1586/1521/188 1587/1522/189
f 1575/1523/1 1582/1519/1 1574/1524/1
f 1587/1522/189 1580/1513/183 1581/1525/190
f 1574/1524/191 1580/1513/183 1575/1523/192
f 1578/1514/184 1573/1526/193 1576/1515/185
f 1586/1521/188 1585/1527/194 1583/1517/195
f 1580/1513/183 1583/1517/195 1575/1523/192
f 1593/1528/182 1594/1529/190 1592/1530/182
f 1593/1528/182 1590/1531/186 1591/1532/186
f 1599/1533/182 1600/1534/190 1598/1535/182
f 1599/1533/182 1596/1536/186 1597/1537/186
f 1605/1538/187 1602/1539/189 1603/1540/189
f 1609/1541/187 1606/1542/189 1607/1543/189
f 1603/1540/189 1594/1529/190 1595/1544/190
f 1607/1543/189 1600/1534/190 1601/1545/190
f 1598/1535/182 1595/1544/190 1593/1528/182
f 1598/1535/182 1591/1532/186 1596/1536/186
f 1608/1546/187 1603/1540/189 1606/1542/189
f 1606/1542/189 1595/1544/190 1600/1534/190
f 1611/1547/1 1612/1548/1 1610/1549/1
f 1615/1550/1 1616/1551/1 1614/1493/1
f 1619/1552/1 1620/1553/1 1618/1554/1
f 1623/1555/1 1624/1556/1 1622/1557/1
f 1613/1558/1 1618/1554/1 1612/1548/1
f 1617/1559/1 1622/1557/1 1616/1551/1
f 1614/1493/1 1613/1558/1 1611/1547/1
f 1622/1557/1 1621/1560/1 1619/1552/1
f 1616/1551/1 1619/1552/1 1613/1558/1
f 1626/1561/1 1629/1562/1 1628/1563/1
f 1637/1564/196 1634/1565/197 1635/1566/198
f 1639/1567/1 1640/1568/1 1638/1569/1
f 1647/1570/199 1644/1571/200 1645/1572/201
f 1629/1562/1 1638/1569/1 1628/1563/1
f 1645/1572/201 1636/1573/202 1637/1564/196
f 1632/1574/1 1629/1562/1 1627/1575/1
f 1642/1576/1 1641/1577/1 1639/1567/1
f 1631/1578/203 1634/1565/197 1630/1579/204
f 1636/1573/202 1632/1574/205 1634/1565/197
f 1644/1571/200 1643/1580/206 1642/1576/207
f 1627/1575/208 1634/1565/197 1632/1574/205
f 1636/1573/202 1642/1576/207 1633/1581/209
f 1633/1581/1 1639/1567/1 1629/1562/1
f 1655/1582/196 1652/1583/198 1653/1584/198
f 1659/1585/196 1656/1586/198 1657/1587/198
f 1663/1588/199 1660/1589/201 1661/1590/201
f 1667/1591/199 1664/1592/201 1665/1593/201
f 1661/1590/201 1654/1594/196 1655/1582/196
f 1665/1593/201 1658/1595/196 1659/1585/196
f 1649/1596/203 1652/1583/198 1648/1597/203
f 1651/1598/203 1656/1586/198 1650/1599/203
f 1658/1595/196 1653/1584/198 1656/1586/198
f 1666/1600/199 1661/1590/201 1664/1592/201
f 1650/1599/203 1653/1584/198 1649/1596/203
f 1664/1592/201 1655/1582/196 1658/1595/196
f 1564/1511/1 1610/1549/1 1563/1505/1
f 1568/1601/1 1614/1493/1 1567/1508/1
f 1567/1508/1 1611/1547/1 1564/1511/1
f 1585/1527/1 1626/1561/1 1584/1518/1
f 1631/1578/203 1588/1602/210 1589/1520/187
f 1630/1579/204 1585/1527/194 1588/1602/210
f 1649/1596/203 1604/1603/187 1605/1538/187
f 1651/1598/203 1608/1546/187 1609/1541/187
f 1650/1599/203 1605/1538/187 1608/1546/187
f 1573/1526/1 1558/1502/1 1556/1604/1
f 1582/1519/1 1568/1601/1 1566/1507/1
f 1560/1605/211 1576/1515/185 1559/1606/212
f 1556/1604/213 1576/1515/185 1573/1526/193
f 1558/1502/1 1582/1519/1 1566/1507/1
f 1626/1561/1 1617/1559/1 1615/1550/1
f 1638/1569/1 1625/1607/1 1623/1555/1
f 1628/1563/1 1623/1555/1 1617/1559/1
f 1570/1608/211 1590/1531/186 1569/1609/211
f 1572/1610/211 1596/1536/186 1571/1611/211
f 1571/1611/211 1591/1532/186 1570/1608/211
f 1592/1530/182 1581/1525/190 1579/1512/182
f 1592/1530/182 1577/1516/186 1590/1531/186
f 1604/1603/187 1587/1522/189 1602/1539/189
f 1602/1539/189 1581/1525/190 1594/1529/190
f 1654/1594/196 1635/1566/198 1652/1583/198
f 1662/1612/199 1645/1572/201 1660/1589/201
f 1648/1597/203 1635/1566/198 1631/1578/203
f 1660/1589/201 1637/1564/196 1654/1594/196
f 1569/1609/211 1577/1516/186 1560/1605/211
f 1648/1597/203 1589/1520/187 1604/1603/187
f 1584/1518/1 1615/1550/1 1568/1601/1
f 1679/1613/182 1680/1614/190 1678/1615/182
f 1679/1613/182 1676/1616/186 1677/1617/186
f 1685/1618/182 1686/1619/190 1684/1620/182
f 1685/1618/182 1682/1621/186 1683/1622/186
f 1691/1623/187 1688/1624/189 1689/1625/189
f 1695/1626/187 1692/1627/189 1693/1628/189
f 1689/1625/189 1680/1614/190 1681/1629/190
f 1693/1628/189 1686/1619/190 1687/1630/190
f 1684/1620/182 1681/1629/190 1679/1613/182
f 1684/1620/182 1677/1617/186 1682/1621/186
f 1694/1631/187 1689/1625/189 1692/1627/189
f 1692/1627/189 1681/1629/190 1686/1619/190
f 1699/1632/182 1700/1633/190 1698/1634/182
f 1699/1632/182 1696/1635/186 1697/1636/186
f 1705/1637/182 1706/1638/190 1704/1639/182
f 1705/1637/182 1702/1640/186 1703/1641/186
f 1711/1642/187 1708/1643/189 1709/1644/189
f 1715/1645/187 1712/1646/189 1713/1647/189
f 1709/1644/189 1700/1633/190 1701/1648/190
f 1713/1647/189 1706/1638/190 1707/1649/190
f 1704/1639/182 1701/1648/190 1699/1632/182
f 1704/1639/182 1697/1636/186 1702/1640/186
f 1714/1650/187 1709/1644/189 1712/1646/189
f 1712/1646/189 1701/1648/190 1706/1638/190
f 1723/1651/196 1720/1652/198 1721/1653/198
f 1727/1654/196 1724/1655/198 1725/1656/198
f 1731/1657/199 1728/1658/201 1729/1659/201
f 1735/1660/199 1732/1661/201 1733/1662/201
f 1729/1659/201 1722/1663/196 1723/1651/196
f 1733/1662/201 1726/1664/196 1727/1654/196
f 1717/1665/203 1720/1652/198 1716/1666/203
f 1719/1667/203 1724/1655/198 1718/1668/203
f 1726/1664/196 1721/1653/198 1724/1655/198
f 1734/1669/199 1729/1659/201 1732/1661/201
f 1718/1668/203 1721/1653/198 1717/1665/203
f 1732/1661/201 1723/1651/196 1726/1664/196
f 1743/1670/196 1740/1671/198 1741/1672/198
f 1747/1673/196 1744/1674/198 1745/1675/198
f 1751/1676/199 1748/1677/201 1749/1678/201
f 1755/1679/199 1752/1680/201 1753/1681/201
f 1749/1678/201 1742/1682/196 1743/1670/196
f 1753/1681/201 1746/1683/196 1747/1673/196
f 1737/1684/203 1740/1671/198 1736/1685/203
f 1739/1686/203 1744/1674/198 1738/1687/203
f 1746/1683/196 1741/1672/198 1744/1674/198
f 1754/1688/199 1749/1678/201 1752/1680/201
f 1738/1687/203 1741/1672/198 1737/1684/203
f 1752/1680/201 1743/1670/196 1746/1683/196
f 1717/1665/203 1690/1689/187 1691/1623/187
f 1719/1667/203 1694/1631/187 1695/1626/187
f 1718/1668/203 1691/1623/187 1694/1631/187
f 1737/1684/203 1710/1690/187 1711/1642/187
f 1739/1686/203 1714/1650/187 1715/1645/187
f 1738/1687/203 1711/1642/187 1714/1650/187
f 1669/1691/211 1676/1616/186 1668/1692/211
f 1671/1693/211 1682/1621/186 1670/1694/211
f 1670/1694/211 1677/1617/186 1669/1691/211
f 1673/1695/211 1696/1635/186 1672/1696/211
f 1675/1697/211 1702/1640/186 1674/1698/211
f 1674/1698/211 1697/1636/186 1673/1695/211
f 1698/1634/182 1687/1630/190 1685/1618/182
f 1698/1634/182 1683/1622/186 1696/1635/186
f 1710/1690/187 1693/1628/189 1708/1643/189
f 1708/1643/189 1687/1630/190 1700/1633/190
f 1742/1682/196 1725/1656/198 1740/1671/198
f 1750/1699/199 1733/1662/201 1748/1677/201
f 1736/1685/203 1725/1656/198 1719/1667/203
f 1748/1677/201 1727/1654/196 1742/1682/196
f 1672/1696/211 1683/1622/186 1671/1693/211
f 1736/1685/203 1695/1626/187 1710/1690/187
f 1261/1223/1 1487/1446/1 1260/1216/1
f 1265/1246/1 1491/1222/1 1264/1219/1
f 1264/1219/1 1488/1145/1 1261/1223/1
f 1279/1237/1 1503/1460/1 1278/1231/1
f 1283/1700/1 1507/1461/1 1282/1234/1
f 1282/1234/1 1504/1458/1 1279/1237/1
f 1278/1231/1 1492/1447/1 1265/1246/1
f 1392/1357/1 1551/1500/1 1391/1345/1
f 1396/1360/1 1555/1501/1 1395/1348/1
f 1560/1605/211 1401/1701/214 1402/1353/173
f 1401/1701/214 1556/1604/213 1396/1360/181
f 1395/1348/1 1552/1498/1 1392/1357/1
f 1570/1608/211 1423/1389/173 1424/1375/173
f 1572/1610/211 1429/1388/173 1430/1380/173
f 1571/1611/211 1424/1375/173 1429/1388/173
f 1569/1609/211 1402/1353/173 1423/1389/173
f 1669/1691/211 1451/1702/173 1452/1403/173
f 1671/1693/211 1457/1416/173 1458/1408/173
f 1670/1694/211 1452/1403/173 1457/1416/173
f 1673/1695/211 1479/1444/173 1480/1430/173
f 1675/1697/211 1485/1443/173 1486/1435/173
f 1674/1698/211 1480/1430/173 1485/1443/173
f 1672/1696/211 1458/1408/173 1479/1444/173
f 1376/1338/1 1273/1228/1 1271/1240/1
f 1389/1346/1 1283/1700/1 1281/1233/1
f 1275/1238/163 1380/1341/168 1274/1703/215
f 1271/1240/164 1380/1341/168 1376/1338/176
f 1378/1337/1 1281/1233/1 1273/1228/1
f 1285/1241/163 1403/1364/166 1284/1248/163
f 1287/1242/163 1409/1369/166 1286/1244/163
f 1286/1244/163 1404/1362/166 1285/1241/163
f 1284/1248/163 1381/1339/166 1275/1238/163
f 1551/1500/1 1510/1467/1 1508/1345/1
f 1561/1506/1 1518/1496/1 1516/1463/1
f 1553/1499/1 1516/1463/1 1510/1467/1
f 1610/1549/1 1542/1493/1 1540/1483/1
f 1618/1554/1 1550/1704/1 1548/1489/1
f 1612/1548/1 1548/1489/1 1542/1493/1
f 1563/1505/1 1540/1483/1 1518/1496/1
f 1369/1325/163 1431/1392/166 1368/1705/163
f 1371/1326/163 1437/1397/166 1370/1328/163
f 1370/1328/163 1432/1390/166 1369/1325/163
f 1373/1329/163 1459/1419/166 1372/1335/163
f 1375/1330/163 1465/1424/166 1374/1332/163
f 1374/1332/163 1460/1417/166 1373/1329/163
f 1372/1335/163 1438/1395/166 1371/1326/163
f 1288/1251/135 1200/1172/142 1198/1158/135
f 1296/1257/137 1208/1170/141 1206/1164/137
f 1290/1250/142 1206/1164/137 1200/1172/142
f 1304/1333/140 1208/1170/141 1298/1256/141
f 1328/1289/148 1237/1207/156 1235/1193/148
f 1338/1295/151 1249/1243/162 1247/1201/151
f 1338/1295/151 1245/1205/155 1336/1296/155
f 1330/1288/156 1245/1205/155 1237/1207/156
f 1304/1333/140 1235/1193/148 1212/1169/140
f 1368/1705/163 1249/1243/162 1340/1294/162
f 1431/1392/166 1412/1371/170 1410/1367/166
f 1435/1414/169 1412/1371/170 1433/1391/170
f 1447/1402/171 1428/1381/174 1426/1377/171
f 1451/1702/173 1428/1381/174 1449/1401/174
f 1435/1414/169 1418/1385/175 1414/1370/169
f 1447/1402/171 1418/1385/175 1443/1410/175
f 1678/1615/182 1601/1545/190 1599/1533/182
f 1678/1615/182 1597/1537/186 1676/1616/186
f 1690/1689/187 1607/1543/189 1688/1624/189
f 1688/1624/189 1601/1545/190 1680/1614/190
f 1722/1663/196 1657/1587/198 1720/1652/198
f 1730/1706/199 1665/1593/201 1728/1658/201
f 1716/1666/203 1657/1587/198 1651/1598/203
f 1728/1658/201 1659/1585/196 1722/1663/196
f 1668/1692/211 1597/1537/186 1572/1610/211
f 1716/1666/203 1609/1541/187 1690/1689/187
f 1368/1705/163 1410/1367/166 1287/1242/163
f 1668/1692/211 1430/1380/173 1451/1702/173
f 1391/1345/1 1508/1345/1 1283/1700/1
f 1757/1707/135 1758/1708/142 1756/1709/135
f 1761/1710/135 1762/1711/142 1760/1712/135
f 1765/1713/137 1766/1714/141 1764/1715/137
f 1769/1716/137 1770/1717/141 1768/1718/137
f 1773/1719/140 1766/1714/141 1767/1720/141
f 1775/1721/140 1770/1717/141 1771/1722/141
f 1759/1723/142 1764/1715/137 1758/1708/142
f 1763/1724/142 1768/1718/137 1762/1711/142
f 1760/1712/135 1759/1723/142 1757/1707/135
f 1768/1718/137 1767/1720/141 1765/1713/137
f 1762/1711/142 1765/1713/137 1759/1723/142
f 1774/1725/140 1767/1720/141 1770/1717/141
f 1777/1726/135 1778/1727/142 1776/1728/135
f 1781/1729/135 1782/1730/142 1780/1731/135
f 1785/1732/137 1786/1733/141 1784/1734/137
f 1789/1735/137 1790/1736/141 1788/1737/137
f 1793/1738/140 1786/1733/141 1787/1739/141
f 1795/1740/140 1790/1736/141 1791/1741/141
f 1779/1742/142 1784/1734/137 1778/1727/142
f 1783/1743/142 1788/1737/137 1782/1730/142
f 1780/1731/135 1779/1742/142 1777/1726/135
f 1788/1737/137 1787/1739/141 1785/1732/137
f 1782/1730/142 1785/1732/137 1779/1742/142
f 1794/1744/140 1787/1739/141 1790/1736/141
f 1797/1745/148 1798/1746/156 1796/1747/148
f 1801/1748/148 1802/1749/156 1800/1750/148
f 1807/1751/151 1808/1752/162 1806/1753/151
f 1807/1751/151 1804/1754/155 1805/1755/155
f 1813/1756/151 1814/1757/162 1812/1758/151
f 1813/1756/151 1810/1759/155 1811/1760/155
f 1799/1761/156 1804/1754/155 1798/1746/156
f 1803/1762/156 1810/1759/155 1802/1749/156
f 1800/1750/148 1799/1761/156 1797/1745/148
f 1812/1758/151 1809/1763/162 1807/1751/151
f 1812/1758/151 1805/1755/155 1810/1759/155
f 1802/1749/156 1805/1755/155 1799/1761/156
f 1817/1764/148 1818/1765/156 1816/1766/148
f 1821/1767/148 1822/1768/156 1820/1769/148
f 1827/1770/151 1828/1771/162 1826/1772/151
f 1827/1770/151 1824/1773/155 1825/1774/155
f 1833/1775/151 1834/1776/162 1832/1777/151
f 1833/1775/151 1830/1778/155 1831/1779/155
f 1819/1780/156 1824/1773/155 1818/1765/156
f 1823/1781/156 1830/1778/155 1822/1768/156
f 1820/1769/148 1819/1780/156 1817/1764/148
f 1832/1777/151 1829/1782/162 1827/1770/151
f 1832/1777/151 1825/1774/155 1830/1778/155
f 1822/1768/156 1825/1774/155 1819/1780/156
f 1837/1783/163 1808/1752/162 1809/1763/162
f 1839/1784/163 1814/1757/162 1815/1785/162
f 1838/1786/163 1809/1763/162 1814/1757/162
f 1841/1787/163 1828/1771/162 1829/1782/162
f 1843/1788/163 1834/1776/162 1835/1789/162
f 1842/1790/163 1829/1782/162 1834/1776/162
f 1773/1719/140 1796/1747/148 1772/1791/140
f 1775/1721/140 1800/1750/148 1774/1725/140
f 1774/1725/140 1797/1745/148 1773/1719/140
f 1793/1738/140 1816/1766/148 1792/1792/140
f 1795/1740/140 1820/1769/148 1794/1744/140
f 1794/1744/140 1817/1764/148 1793/1738/140
f 1776/1728/135 1763/1724/142 1761/1710/135
f 1784/1734/137 1771/1722/141 1769/1716/137
f 1778/1727/142 1769/1716/137 1763/1724/142
f 1792/1792/140 1771/1722/141 1786/1733/141
f 1816/1766/148 1803/1762/156 1801/1748/148
f 1826/1772/151 1815/1785/162 1813/1756/151
f 1826/1772/151 1811/1760/155 1824/1773/155
f 1818/1765/156 1811/1760/155 1803/1762/156
f 1792/1792/140 1801/1748/148 1775/1721/140
f 1840/1793/163 1815/1785/162 1828/1771/162
f 1845/1794/135 1846/1795/142 1844/1796/135
f 1849/1797/135 1850/1798/142 1848/1799/135
f 1853/1800/137 1854/1801/141 1852/1802/137
f 1857/1803/137 1858/1804/141 1856/1805/137
f 1861/1806/140 1854/1801/141 1855/1807/141
f 1863/1808/140 1858/1804/141 1859/1809/141
f 1847/1810/142 1852/1802/137 1846/1795/142
f 1851/1811/142 1856/1805/137 1850/1798/142
f 1848/1799/135 1847/1810/142 1845/1794/135
f 1856/1805/137 1855/1807/141 1853/1800/137
f 1850/1798/142 1853/1800/137 1847/1810/142
f 1862/1812/140 1855/1807/141 1858/1804/141
f 1865/1813/135 1866/1814/142 1864/1815/135
f 1871/1816/216 1872/1817/141 1870/1818/137
f 1879/1819/84 1876/1820/84 1878/1821/84
f 1885/1822/84 1882/1823/84 1884/1824/84
f 1876/1820/84 1869/1825/84 1868/1826/84
f 1881/1827/217 1872/1817/141 1873/1828/218
f 1882/1823/84 1875/1829/84 1874/1830/84
f 1867/1831/219 1870/1818/137 1866/1814/142
f 1884/1824/84 1877/1832/84 1879/1819/84
f 1868/1826/220 1867/1831/219 1865/1813/135
f 1871/1816/216 1875/1829/221 1873/1828/218
f 1869/1825/222 1871/1816/216 1867/1831/219
f 1883/1833/223 1873/1828/218 1875/1829/221
f 1877/1832/84 1874/1830/84 1869/1825/84
f 1887/1834/148 1888/1835/156 1886/1836/148
f 1891/1837/148 1892/1838/156 1890/1839/148
f 1897/1840/151 1898/1841/162 1896/1842/151
f 1897/1840/151 1894/1843/155 1895/1844/155
f 1903/1845/151 1904/1846/162 1902/1847/151
f 1903/1845/151 1900/1848/155 1901/1849/155
f 1889/1850/156 1894/1843/155 1888/1835/156
f 1893/1851/156 1900/1848/155 1892/1838/156
f 1890/1839/148 1889/1850/156 1887/1834/148
f 1902/1847/151 1899/1852/162 1897/1840/151
f 1902/1847/151 1895/1844/155 1900/1848/155
f 1892/1838/156 1895/1844/155 1889/1850/156
f 1907/1853/224 1908/1854/156 1906/1855/148
f 1912/1856/84 1911/1857/84 1910/1858/84
f 1917/1859/225 1918/1860/162 1916/1861/151
f 1917/1859/225 1914/1862/155 1915/1863/226
f 1909/1864/227 1914/1862/155 1908/1854/156
f 1913/1865/84 1920/1866/84 1911/1857/84
f 1910/1858/228 1909/1864/227 1907/1853/224
f 1917/1859/225 1922/1867/229 1919/1868/230
f 1921/1869/231 1915/1863/226 1920/1866/232
f 1911/1857/233 1915/1863/226 1909/1864/227
f 1926/1870/84 1923/1871/84 1925/1872/84
f 1930/1873/84 1927/1874/84 1929/1875/84
f 1934/1876/84 1931/1877/84 1933/1878/84
f 1938/1879/84 1935/1880/84 1937/1881/84
f 1932/1882/84 1925/1872/84 1931/1877/84
f 1936/1883/84 1929/1875/84 1935/1880/84
f 1929/1875/84 1924/1884/84 1926/1870/84
f 1937/1881/84 1932/1882/84 1934/1876/84
f 1935/1880/84 1926/1870/84 1932/1882/84
f 1946/1885/84 1943/1886/84 1945/1887/84
f 1952/1888/84 1949/1889/84 1951/1890/84
f 1956/1891/84 1953/1892/84 1955/1893/84
f 1960/1894/84 1957/1895/84 1959/1896/84
f 1954/1897/84 1945/1887/84 1953/1892/84
f 1958/1898/84 1951/1890/84 1957/1895/84
f 1951/1890/84 1944/1899/84 1946/1885/84
f 1959/1896/84 1954/1897/84 1956/1891/84
f 1957/1895/84 1946/1885/84 1954/1897/84
f 1924/1884/84 1878/1821/84 1923/1871/84
f 1928/1900/84 1884/1824/84 1927/1874/84
f 1927/1874/84 1879/1819/84 1924/1884/84
f 1940/1901/163 1898/1841/162 1899/1852/162
f 1942/1902/163 1904/1846/162 1905/1903/162
f 1941/1904/163 1899/1852/162 1904/1846/162
f 1944/1899/84 1912/1856/84 1943/1886/84
f 1948/1905/234 1918/1860/162 1919/1868/230
f 1949/1889/84 1922/1867/84 1921/1869/84
f 1950/1906/235 1919/1868/230 1922/1867/229
f 1949/1889/84 1913/1865/84 1944/1899/84
f 1861/1806/140 1886/1836/148 1860/1907/140
f 1863/1808/140 1890/1839/148 1862/1812/140
f 1862/1812/140 1887/1834/148 1861/1806/140
f 1881/1827/217 1906/1855/148 1880/1908/140
f 1885/1822/84 1910/1858/84 1883/1833/84
f 1881/1827/217 1910/1858/228 1907/1853/224
f 1945/1887/84 1928/1900/84 1930/1873/84
f 1955/1893/84 1936/1883/84 1938/1879/84
f 1953/1892/84 1930/1873/84 1936/1883/84
f 1864/1815/135 1851/1811/142 1849/1797/135
f 1870/1818/137 1859/1809/141 1857/1803/137
f 1866/1814/142 1857/1803/137 1851/1811/142
f 1880/1908/140 1859/1809/141 1872/1817/141
f 1906/1855/148 1893/1851/156 1891/1837/148
f 1916/1861/151 1905/1903/162 1903/1845/151
f 1916/1861/151 1901/1849/155 1914/1862/155
f 1908/1854/156 1901/1849/155 1893/1851/156
f 1880/1908/140 1891/1837/148 1863/1808/140
f 1947/1909/163 1905/1903/162 1918/1860/162
f 1943/1886/84 1885/1822/84 1928/1900/84
f 1962/1910/166 1963/1911/170 1961/1912/166
f 1966/1913/169 1963/1911/170 1964/1914/170
f 1968/1915/166 1969/1916/170 1967/1917/166
f 1972/1918/169 1969/1916/170 1970/1919/170
f 1978/1920/171 1979/1921/174 1977/1922/171
f 1982/1923/173 1979/1921/174 1980/1924/174
f 1984/1925/171 1985/1926/174 1983/1927/171
f 1988/1928/173 1985/1926/174 1986/1929/174
f 1978/1920/171 1973/1930/175 1974/1931/175
f 1984/1925/171 1975/1932/175 1976/1933/175
f 1966/1913/169 1973/1930/175 1965/1934/169
f 1972/1918/169 1975/1932/175 1971/1935/169
f 1967/1917/166 1964/1914/170 1962/1910/166
f 1971/1935/169 1964/1914/170 1969/1916/170
f 1983/1927/171 1980/1924/174 1978/1920/171
f 1987/1936/173 1980/1924/174 1985/1926/174
f 1971/1935/169 1974/1931/175 1966/1913/169
f 1983/1927/171 1974/1931/175 1975/1932/175
f 1990/1937/166 1991/1938/170 1989/1939/166
f 1994/1940/169 1991/1938/170 1992/1941/170
f 1996/1942/166 1997/1943/170 1995/1944/166
f 2000/1945/169 1997/1943/170 1998/1946/170
f 2006/1947/171 2007/1948/174 2005/1949/171
f 2010/1950/173 2007/1948/174 2008/1951/174
f 2012/1952/171 2013/1953/174 2011/1954/171
f 2016/1955/173 2013/1953/174 2014/1956/174
f 2006/1947/171 2001/1957/175 2002/1958/175
f 2012/1952/171 2003/1959/175 2004/1960/175
f 1994/1940/169 2001/1957/175 1993/1961/169
f 2000/1945/169 2003/1959/175 1999/1962/169
f 1995/1944/166 1992/1941/170 1990/1937/166
f 1999/1962/169 1992/1941/170 1997/1943/170
f 2011/1954/171 2008/1951/174 2006/1947/171
f 2015/1963/173 2008/1951/174 2013/1953/174
f 1999/1962/169 2002/1958/175 1994/1940/169
f 2011/1954/171 2002/1958/175 2003/1959/175
f 1989/1939/166 1970/1919/170 1968/1915/166
f 1993/1961/169 1970/1919/170 1991/1938/170
f 2005/1949/171 1986/1929/174 1984/1925/171
f 2009/1964/173 1986/1929/174 2007/1948/174
f 1993/1961/169 1976/1933/175 1972/1918/169
f 2005/1949/171 1976/1933/175 2001/1957/175
f 2018/1965/166 2019/1966/170 2017/1967/166
f 2022/1968/169 2019/1966/170 2020/1969/170
f 2024/1970/166 2025/1971/170 2023/1972/166
f 2028/1973/169 2025/1971/170 2026/1974/170
f 2034/1975/171 2035/1976/174 2033/1977/171
f 2038/1978/173 2035/1976/174 2036/1979/174
f 2040/1980/171 2041/1981/174 2039/1982/171
f 2044/1983/173 2041/1981/174 2042/1984/174
f 2034/1975/171 2029/1985/175 2030/1986/175
f 2040/1980/171 2031/1987/175 2032/1988/175
f 2022/1968/169 2029/1985/175 2021/1989/169
f 2028/1973/169 2031/1987/175 2027/1990/169
f 2023/1972/166 2020/1969/170 2018/1965/166
f 2027/1990/169 2020/1969/170 2025/1971/170
f 2039/1982/171 2036/1979/174 2034/1975/171
f 2043/1991/173 2036/1979/174 2041/1981/174
f 2027/1990/169 2030/1986/175 2022/1968/169
f 2039/1982/171 2030/1986/175 2031/1987/175
f 2046/1992/236 2047/1993/170 2045/1994/166
f 2050/1995/169 2047/1993/170 2048/1996/237
f 2053/1997/84 2052/1998/84 2051/1999/84
f 2061/2000/84 2058/2001/84 2060/2002/84
f 2063/2003/171 2064/2004/174 2062/2005/171
f 2067/2006/238 2064/2004/174 2065/2007/239
f 2070/2008/84 2069/2009/84 2068/2010/84
f 2059/2002/84 2053/1997/84 2058/2001/84
f 2063/2003/171 2055/2011/175 2056/2012/175
f 2050/1995/169 2055/2011/175 2049/2013/169
f 2070/2008/84 2059/2002/84 2061/2000/84
f 2051/1999/240 2048/1996/237 2046/1992/236
f 2054/2014/241 2048/1996/237 2052/1998/242
f 2068/2010/243 2065/2007/239 2063/2003/171
f 2071/2015/244 2065/2007/239 2069/2009/245
f 2054/2014/241 2056/2012/175 2050/1995/169
f 2068/2010/243 2056/2012/175 2057/2002/175
f 2059/2002/84 2057/2002/84 2054/2014/84
f 2045/1994/166 2026/1974/170 2024/1970/166
f 2049/2013/169 2026/1974/170 2047/1993/170
f 2062/2005/171 2042/1984/174 2040/1980/171
f 2066/2016/173 2042/1984/174 2064/2004/174
f 2049/2013/169 2032/1988/175 2028/1973/169
f 2062/2005/171 2032/1988/175 2055/2011/175
f 2075/2017/84 2072/2018/84 2074/2019/84
f 2079/2020/84 2076/2021/84 2078/2022/84
f 2083/2023/84 2080/2024/84 2082/2025/84
f 2087/2026/84 2084/2027/84 2086/2028/84
f 2081/2029/84 2074/2019/84 2080/2024/84
f 2085/2030/84 2078/2022/84 2084/2027/84
f 2078/2022/84 2073/2031/84 2075/2017/84
f 2086/2028/84 2081/2029/84 2083/2023/84
f 2084/2027/84 2075/2017/84 2081/2029/84
f 2091/2032/84 2088/2033/84 2090/2034/84
f 2095/2035/84 2092/2036/84 2094/2037/84
f 2099/2038/84 2096/2039/84 2098/2040/84
f 2103/2041/84 2100/2042/84 2102/2043/84
f 2097/2037/84 2090/2034/84 2096/2039/84
f 2101/2044/84 2094/2037/84 2100/2042/84
f 2094/2037/84 2089/2045/84 2091/2032/84
f 2102/2043/84 2097/2037/84 2099/2038/84
f 2100/2042/84 2091/2032/84 2097/2037/84
f 2107/2046/84 2104/2047/84 2106/2048/84
f 2111/2049/84 2108/2050/84 2110/2040/84
f 2115/2051/84 2112/2052/84 2114/2053/84
f 2119/2054/84 2116/2055/84 2118/2056/84
f 2113/2057/84 2106/2048/84 2112/2052/84
f 2117/2058/84 2110/2040/84 2116/2055/84
f 2110/2040/84 2105/2059/84 2107/2046/84
f 2118/2056/84 2113/2057/84 2115/2051/84
f 2116/2055/84 2107/2046/84 2113/2057/84
f 2123/2060/84 2120/2061/84 2122/2062/84
f 2127/2063/84 2124/2064/84 2126/2065/84
f 2131/2066/84 2128/2067/84 2130/2068/84
f 2135/2069/84 2132/2070/84 2134/2071/84
f 2129/2072/84 2122/2062/84 2128/2067/84
f 2133/2073/84 2126/2065/84 2132/2070/84
f 2126/2065/84 2121/2074/84 2123/2060/84
f 2134/2071/84 2129/2072/84 2131/2066/84
f 2132/2070/84 2123/2060/84 2129/2072/84
f 2105/2059/84 2082/2025/84 2104/2047/84
f 2109/2040/84 2086/2028/84 2108/2050/84
f 2108/2050/84 2083/2023/84 2105/2059/84
f 2121/2074/84 2098/2040/84 2120/2061/84
f 2125/2075/84 2102/2043/84 2124/2064/84
f 2124/2064/84 2099/2038/84 2121/2074/84
f 2090/2034/84 2077/2076/84 2079/2020/84
f 2098/2040/84 2085/2030/84 2087/2026/84
f 2096/2039/84 2079/2020/84 2085/2030/84
f 2122/2062/84 2109/2040/84 2111/2049/84
f 2130/2068/84 2117/2058/84 2119/2054/84
f 2128/2067/84 2111/2049/84 2117/2058/84
f 2120/2061/84 2087/2026/84 2109/2040/84
f 2147/2077/182 2148/2078/190 2146/2079/182
f 2147/2077/182 2144/2080/186 2145/2081/186
f 2153/2082/182 2154/2083/190 2152/2084/182
f 2153/2082/182 2150/2085/186 2151/2086/186
f 2159/2087/187 2156/2088/189 2157/2089/189
f 2163/2090/187 2160/2091/189 2161/2092/189
f 2157/2089/189 2148/2078/190 2149/2093/190
f 2161/2092/189 2154/2083/190 2155/2094/190
f 2152/2084/182 2149/2093/190 2147/2077/182
f 2152/2084/182 2145/2081/186 2150/2085/186
f 2162/2095/187 2157/2089/189 2160/2091/189
f 2160/2091/189 2149/2093/190 2154/2083/190
f 2167/2096/182 2168/2097/190 2166/2098/182
f 2167/2096/182 2164/2099/186 2165/2100/186
f 2173/2101/182 2174/2102/190 2172/2103/182
f 2173/2101/182 2170/2104/186 2171/2105/186
f 2179/2106/187 2176/2107/189 2177/2108/189
f 2183/2109/187 2180/2110/189 2181/2111/189
f 2177/2108/189 2168/2097/190 2169/2112/190
f 2181/2111/189 2174/2102/190 2175/2113/190
f 2172/2103/182 2169/2112/190 2167/2096/182
f 2172/2103/182 2165/2100/186 2170/2104/186
f 2182/2114/187 2177/2108/189 2180/2110/189
f 2180/2110/189 2169/2112/190 2174/2102/190
f 2191/2115/196 2188/2116/198 2189/2117/198
f 2195/2118/196 2192/2119/198 2193/2120/198
f 2199/2121/199 2196/2122/201 2197/2123/201
f 2203/2124/199 2200/2125/201 2201/2126/201
f 2197/2123/201 2190/2127/196 2191/2115/196
f 2201/2126/201 2194/2128/196 2195/2118/196
f 2185/2129/203 2188/2116/198 2184/2130/203
f 2187/2131/203 2192/2119/198 2186/2132/203
f 2194/2128/196 2189/2117/198 2192/2119/198
f 2202/2133/199 2197/2123/201 2200/2125/201
f 2186/2132/203 2189/2117/198 2185/2129/203
f 2200/2125/201 2191/2115/196 2194/2128/196
f 2211/2134/196 2208/2135/198 2209/2136/198
f 2215/2137/196 2212/2138/198 2213/2139/198
f 2219/2140/199 2216/2141/201 2217/2142/201
f 2223/2143/199 2220/2144/201 2221/2145/201
f 2217/2142/201 2210/2146/196 2211/2134/196
f 2221/2145/201 2214/2147/196 2215/2137/196
f 2205/2148/203 2208/2135/198 2204/2149/203
f 2207/2150/203 2212/2138/198 2206/2151/203
f 2214/2147/196 2209/2136/198 2212/2138/198
f 2222/2152/199 2217/2142/201 2220/2144/201
f 2206/2151/203 2209/2136/198 2205/2148/203
f 2220/2144/201 2211/2134/196 2214/2147/196
f 2185/2129/203 2158/2153/187 2159/2087/187
f 2187/2131/203 2162/2095/187 2163/2090/187
f 2186/2132/203 2159/2087/187 2162/2095/187
f 2205/2148/203 2178/2154/187 2179/2106/187
f 2207/2150/203 2182/2114/187 2183/2109/187
f 2206/2151/203 2179/2106/187 2182/2114/187
f 2137/2155/211 2144/2080/186 2136/2156/211
f 2139/2157/211 2150/2085/186 2138/2158/211
f 2138/2158/211 2145/2081/186 2137/2155/211
f 2141/2159/211 2164/2099/186 2140/2160/211
f 2143/2161/211 2170/2104/186 2142/2162/211
f 2142/2162/211 2165/2100/186 2141/2159/211
f 2166/2098/182 2155/2094/190 2153/2082/182
f 2166/2098/182 2151/2086/186 2164/2099/186
f 2178/2154/187 2161/2092/189 2176/2107/189
f 2176/2107/189 2155/2094/190 2168/2097/190
f 2210/2146/196 2193/2120/198 2208/2135/198
f 2218/2163/199 2201/2126/201 2216/2141/201
f 2204/2149/203 2193/2120/198 2187/2131/203
f 2216/2141/201 2195/2118/196 2210/2146/196
f 2140/2160/211 2151/2086/186 2139/2157/211
f 2204/2149/203 2163/2090/187 2178/2154/187
f 2231/2164/84 2228/2165/84 2230/2166/84
f 2237/2167/84 2234/2168/84 2236/2169/84
f 2241/2170/84 2238/2171/84 2240/2172/84
f 2245/2173/84 2242/2174/84 2244/2175/84
f 2239/2176/84 2230/2166/84 2238/2171/84
f 2243/2177/84 2236/2169/84 2242/2174/84
f 2236/2169/84 2229/2178/84 2231/2164/84
f 2244/2175/84 2239/2176/84 2241/2170/84
f 2242/2174/84 2231/2164/84 2239/2176/84
f 2249/2179/182 2250/2180/190 2248/2181/182
f 2249/2179/182 2246/2182/186 2247/2183/186
f 2255/2184/182 2256/2185/190 2254/2186/182
f 2255/2184/182 2252/2187/186 2253/2188/186
f 2261/2189/187 2258/2190/189 2259/2191/189
f 2265/2192/187 2262/2193/189 2263/2194/189
f 2259/2191/189 2250/2180/190 2251/2195/190
f 2263/2194/189 2256/2185/190 2257/2196/190
f 2254/2186/182 2251/2195/190 2249/2179/182
f 2254/2186/182 2247/2183/186 2252/2187/186
f 2264/2197/187 2259/2191/189 2262/2193/189
f 2262/2193/189 2251/2195/190 2256/2185/190
f 2269/2198/246 2270/2199/190 2268/2200/182
f 2269/2198/246 2266/2201/186 2267/2202/247
f 2278/2203/248 2275/2204/189 2276/2205/249
f 2281/2206/84 2280/2207/84 2279/2208/84
f 2276/2205/249 2270/2199/190 2271/2209/250
f 2279/2208/84 2274/2210/84 2273/2211/84
f 2273/2211/251 2271/2209/250 2269/2198/246
f 2272/2212/252 2269/2198/246 2267/2202/247
f 2282/2213/253 2276/2205/249 2280/2207/254
f 2280/2207/254 2271/2209/250 2274/2210/255
f 2286/2214/84 2283/2215/84 2285/2216/84
f 2290/2217/84 2287/2218/84 2289/2219/84
f 2294/2220/84 2291/2221/84 2293/2222/84
f 2298/2223/84 2295/2224/84 2297/2225/84
f 2292/2226/84 2285/2216/84 2291/2221/84
f 2296/2227/84 2289/2219/84 2295/2224/84
f 2289/2219/84 2284/2228/84 2286/2214/84
f 2297/2225/84 2292/2226/84 2294/2220/84
f 2295/2224/84 2286/2214/84 2292/2226/84
f 2306/2229/196 2303/2230/198 2304/2231/198
f 2310/2232/196 2307/2233/198 2308/2234/198
f 2314/2235/199 2311/2236/201 2312/2237/201
f 2318/2238/199 2315/2239/201 2316/2240/201
f 2312/2237/201 2305/2241/196 2306/2229/196
f 2316/2240/201 2309/2242/196 2310/2232/196
f 2300/2243/203 2303/2230/198 2299/2244/203
f 2302/2245/203 2307/2233/198 2301/2246/203
f 2309/2242/196 2304/2231/198 2307/2233/198
f 2317/2247/199 2312/2237/201 2315/2239/201
f 2301/2246/203 2304/2231/198 2300/2243/203
f 2315/2239/201 2306/2229/196 2309/2242/196
f 2324/2248/84 2321/2249/84 2323/2250/84
f 2328/2251/256 2325/2252/198 2326/2253/257
f 2334/2254/84 2331/2255/84 2333/2256/84
f 2338/2257/199 2335/2258/201 2336/2259/258
f 2332/2260/84 2323/2250/84 2331/2255/84
f 2336/2259/258 2327/2261/196 2328/2251/256
f 2320/2262/259 2325/2252/198 2319/2263/203
f 2324/2248/84 2329/2264/84 2322/2265/84
f 2334/2254/84 2339/2266/84 2332/2260/84
f 2329/2264/260 2328/2251/256 2326/2253/257
f 2340/2267/261 2336/2259/258 2339/2266/262
f 2322/2265/263 2326/2253/257 2320/2262/259
f 2339/2266/262 2328/2251/256 2330/2268/264
f 2332/2260/84 2330/2268/84 2324/2248/84
f 2284/2228/84 2240/2172/84 2283/2215/84
f 2288/2269/84 2244/2175/84 2287/2218/84
f 2287/2218/84 2241/2170/84 2284/2228/84
f 2300/2243/203 2260/2270/187 2261/2189/187
f 2302/2245/203 2264/2197/187 2265/2192/187
f 2301/2246/203 2261/2189/187 2264/2197/187
f 2320/2262/259 2277/2271/187 2278/2203/248
f 2321/2249/84 2282/2213/84 2281/2206/84
f 2282/2213/253 2320/2262/259 2278/2203/248
f 2225/2272/211 2246/2182/186 2224/2273/211
f 2227/2274/211 2252/2187/186 2226/2275/211
f 2226/2275/211 2247/2183/186 2225/2272/211
f 2233/2276/265 2266/2201/186 2232/2277/211
f 2237/2167/84 2272/2212/84 2235/2278/84
f 2281/2206/84 2243/2177/84 2245/2173/84
f 2235/2278/266 2267/2202/247 2233/2276/265
f 2279/2208/84 2237/2167/84 2243/2177/84
f 2323/2250/84 2288/2269/84 2290/2217/84
f 2333/2256/84 2296/2227/84 2298/2223/84
f 2331/2255/84 2290/2217/84 2296/2227/84
f 2268/2200/182 2257/2196/190 2255/2184/182
f 2268/2200/182 2253/2188/186 2266/2201/186
f 2277/2271/187 2263/2194/189 2275/2204/189
f 2275/2204/189 2257/2196/190 2270/2199/190
f 2327/2261/196 2308/2234/198 2325/2252/198
f 2337/2279/199 2316/2240/201 2335/2258/201
f 2319/2263/203 2308/2234/198 2302/2245/203
f 2335/2258/201 2310/2232/196 2327/2261/196
f 2232/2277/211 2253/2188/186 2227/2274/211
f 2319/2263/203 2265/2192/187 2277/2271/187
f 2321/2249/84 2245/2173/84 2288/2269/84
f 2073/2031/84 1933/1878/84 2072/2018/84
f 2077/2076/84 1937/1881/84 2076/2021/84
f 2076/2021/84 1934/1876/84 2073/2031/84
f 2089/2045/84 1955/1893/84 2088/2033/84
f 2093/2037/84 1959/1896/84 2092/2036/84
f 2092/2036/84 1956/1891/84 2089/2045/84
f 2088/2033/84 1938/1879/84 2077/2076/84
f 2137/2155/211 1981/2280/173 1982/1923/173
f 2139/2157/211 1987/1936/173 1988/1928/173
f 2138/2158/211 1982/1923/173 1987/1936/173
f 2141/2159/211 2009/1964/173 2010/1950/173
f 2143/2161/211 2015/1963/173 2016/1955/173
f 2142/2162/211 2010/1950/173 2015/1963/173
f 2140/2160/211 1988/1928/173 2009/1964/173
f 2225/2272/211 2037/2281/173 2038/1978/173
f 2227/2274/211 2043/1991/173 2044/1983/173
f 2226/2275/211 2038/1978/173 2043/1991/173
f 2229/2178/84 2060/2002/84 2228/2165/84
f 2233/2276/265 2066/2016/173 2067/2006/238
f 2234/2168/84 2071/2015/84 2070/2008/84
f 2235/2278/266 2067/2006/238 2071/2015/244
f 2234/2168/84 2061/2000/84 2229/2178/84
f 2232/2277/211 2044/1983/173 2066/2016/173
f 1837/1783/163 1961/1912/166 1836/2282/163
f 1839/1784/163 1967/1917/166 1838/1786/163
f 1838/1786/163 1962/1910/166 1837/1783/163
f 1841/1787/163 1989/1939/166 1840/1793/163
f 1843/1788/163 1995/1944/166 1842/1790/163
f 1842/1790/163 1990/1937/166 1841/1787/163
f 1840/1793/163 1968/1915/166 1839/1784/163
f 1940/1901/163 2017/1967/166 1939/2283/163
f 1942/1902/163 2023/1972/166 1941/1904/163
f 1941/1904/163 2018/1965/166 1940/1901/163
f 1948/1905/234 2045/1994/166 1947/1909/163
f 1952/1888/84 2051/1999/84 1950/1906/84
f 2060/2002/84 1958/1898/84 1960/1894/84
f 1950/1906/235 2046/1992/236 1948/1905/234
f 2058/2001/84 1952/1888/84 1958/1898/84
f 1947/1909/163 2024/1970/166 1942/1902/163
f 2230/2166/84 2093/2037/84 2095/2035/84
f 2240/2172/84 2101/2044/84 2103/2041/84
f 2238/2171/84 2095/2035/84 2101/2044/84
f 2285/2216/84 2125/2075/84 2127/2063/84
f 2293/2222/84 2133/2073/84 2135/2069/84
f 2291/2221/84 2127/2063/84 2133/2073/84
f 2283/2215/84 2103/2041/84 2125/2075/84
f 1844/1796/135 1783/1743/142 1781/1729/135
f 1852/1802/137 1791/1741/141 1789/1735/137
f 1846/1795/142 1789/1735/137 1783/1743/142
f 1860/1907/140 1791/1741/141 1854/1801/141
f 1886/1836/148 1823/1781/156 1821/1767/148
f 1896/1842/151 1835/1789/162 1833/1775/151
f 1896/1842/151 1831/1779/155 1894/1843/155
f 1888/1835/156 1831/1779/155 1823/1781/156
f 1860/1907/140 1821/1767/148 1795/1740/140
f 1939/2283/163 1835/1789/162 1898/1841/162
f 2017/1967/166 1998/1946/170 1996/1942/166
f 2021/1989/169 1998/1946/170 2019/1966/170
f 2033/1977/171 2014/1956/174 2012/1952/171
f 2037/2281/173 2014/1956/174 2035/1976/174
f 2021/1989/169 2004/1960/175 2000/1945/169
f 2033/1977/171 2004/1960/175 2029/1985/175
f 2248/2181/182 2175/2113/190 2173/2101/182
f 2248/2181/182 2171/2105/186 2246/2182/186
f 2260/2270/187 2181/2111/189 2258/2190/189
f 2258/2190/189 2175/2113/190 2250/2180/190
f 2305/2241/196 2213/2139/198 2303/2230/198
f 2313/2284/199 2221/2145/201 2311/2236/201
f 2299/2244/203 2213/2139/198 2207/2150/203
f 2311/2236/201 2215/2137/196 2305/2241/196
f 2224/2273/211 2171/2105/186 2143/2161/211
f 2299/2244/203 2183/2109/187 2260/2270/187
f 1939/2283/163 1996/1942/166 1843/1788/163
f 2224/2273/211 2016/1955/173 2037/2281/173
f 2228/2165/84 1960/1894/84 2093/2037/84
f 2345/2285/267 2344/2286/268 2343/2287/268
f 2348/2288/1 2349/2289/1 2347/2290/1
f 2355/2291/269 2354/2292/270 2353/2293/271
f 2357/2294/1 2360/2295/1 2359/2296/1
f 2353/2293/271 2346/2297/272 2345/2285/267
f 2350/2298/1 2357/2294/1 2349/2289/1
f 2347/2290/1 2342/2299/1 2341/2300/1
f 2357/2294/1 2352/2301/1 2351/2302/1
f 2362/2303/273 2355/2291/269 2361/2304/274
f 2341/2300/275 2345/2285/267 2343/2287/268
f 2352/2301/276 2353/2293/271 2351/2302/277
f 2359/2296/278 2355/2291/269 2352/2301/276
f 2342/2299/279 2353/2293/271 2345/2285/267
f 2349/2289/1 2351/2302/1 2342/2299/1
f 2365/2305/272 2364/2306/268 2363/2307/268
f 2369/2308/272 2368/2309/268 2367/2310/268
f 2373/2311/280 2372/2312/270 2371/2313/270
f 2377/2314/280 2376/2315/270 2375/2316/270
f 2371/2313/270 2366/2317/272 2365/2305/272
f 2375/2316/270 2370/2318/272 2369/2308/272
f 2380/2319/273 2373/2311/280 2379/2320/273
f 2382/2321/273 2377/2314/280 2381/2322/273
f 2366/2317/272 2367/2310/268 2364/2306/268
f 2374/2323/280 2375/2316/270 2372/2312/270
f 2381/2322/273 2374/2323/280 2380/2319/273
f 2372/2312/270 2369/2308/272 2366/2317/272
f 2384/2324/1 2385/2325/1 2383/2326/1
f 2388/2327/1 2389/2328/1 2387/2329/1
f 2392/2330/1 2393/2331/1 2391/2332/1
f 2396/2333/1 2397/2334/1 2395/2335/1
f 2386/2336/1 2391/2332/1 2385/2325/1
f 2390/2337/1 2395/2335/1 2389/2328/1
f 2387/2329/1 2386/2336/1 2384/2324/1
f 2395/2335/1 2394/2338/1 2392/2330/1
f 2389/2328/1 2392/2330/1 2386/2336/1
f 2400/2339/1 2401/2340/1 2399/2341/1
f 2405/2342/281 2404/2343/282 2403/2344/283
f 2413/2345/284 2410/2346/285 2412/2347/286
f 2414/2348/287 2413/2345/284 2412/2347/286
f 2402/2349/1 2407/2350/1 2401/2340/1
f 2410/2346/285 2406/2351/288 2405/2342/281
f 2399/2341/289 2405/2342/281 2403/2344/283
f 2408/2352/290 2410/2346/285 2407/2350/291
f 2409/2353/292 2412/2347/286 2408/2352/290
f 2401/2340/293 2410/2346/285 2405/2342/281
f 2418/2354/288 2417/2355/282 2416/2356/282
f 2422/2357/288 2421/2358/282 2420/2359/282
f 2427/2360/284 2424/2361/294 2426/2362/284
f 2428/2363/295 2427/2360/284 2426/2362/284
f 2433/2364/284 2430/2365/294 2432/2366/284
f 2434/2367/295 2433/2364/284 2432/2366/284
f 2424/2361/294 2419/2368/288 2418/2354/288
f 2430/2365/294 2423/2369/288 2422/2357/288
f 2419/2368/288 2420/2359/282 2417/2355/282
f 2432/2366/284 2425/2370/294 2427/2360/284
f 2429/2371/295 2432/2366/284 2427/2360/284
f 2425/2370/294 2422/2357/288 2419/2368/288
f 2437/2372/1 2438/2373/1 2436/2374/1
f 2441/2375/1 2442/2376/1 2440/2377/1
f 2444/2378/1 2447/2379/1 2446/2380/1
f 2451/2381/1 2452/2382/1 2450/2383/1
f 2439/2384/1 2444/2378/1 2438/2373/1
f 2443/2385/1 2450/2383/1 2442/2376/1
f 2440/2377/1 2439/2384/1 2437/2372/1
f 2450/2383/1 2447/2379/1 2445/2386/1
f 2442/2376/1 2445/2386/1 2439/2384/1
f 2360/2295/1 2399/2341/1 2359/2296/1
f 2403/2344/283 2362/2303/273 2361/2304/274
f 2399/2341/289 2361/2304/274 2359/2296/278
f 2416/2356/282 2380/2319/273 2379/2320/273
f 2420/2359/282 2382/2321/273 2381/2322/273
f 2417/2355/282 2381/2322/273 2380/2319/273
f 2394/2338/1 2436/2374/1 2393/2331/1
f 2398/2387/1 2440/2377/1 2397/2334/1
f 2397/2334/1 2437/2372/1 2394/2338/1
f 2383/2326/1 2350/2298/1 2348/2288/1
f 2391/2332/1 2360/2295/1 2358/2388/1
f 2385/2325/1 2358/2388/1 2350/2298/1
f 2436/2374/1 2402/2349/1 2400/2339/1
f 2444/2378/1 2409/2353/1 2408/2352/1
f 2449/2389/296 2414/2348/287 2448/2390/297
f 2446/2380/298 2414/2348/287 2409/2353/292
f 2402/2349/1 2444/2378/1 2408/2352/1
f 2455/2391/296 2428/2363/295 2454/2392/296
f 2457/2393/296 2434/2367/295 2456/2394/296
f 2456/2394/296 2429/2371/295 2455/2391/296
f 2346/2297/272 2363/2307/268 2344/2286/268
f 2356/2395/280 2371/2313/270 2354/2292/270
f 2379/2320/273 2356/2395/280 2362/2303/273
f 2354/2292/270 2365/2305/272 2346/2297/272
f 2406/2351/288 2416/2356/282 2404/2343/282
f 2426/2362/284 2411/2396/294 2413/2345/284
f 2415/2397/295 2426/2362/284 2413/2345/284
f 2411/2396/294 2418/2354/288 2406/2351/288
f 2454/2392/296 2415/2397/295 2449/2389/296
f 2404/2343/282 2379/2320/273 2362/2303/273
f 2393/2331/1 2400/2339/1 2360/2295/1
f 2460/2398/272 2459/2399/268 2458/2400/268
f 2464/2401/272 2463/2402/268 2462/2403/268
f 2468/2404/280 2467/2405/270 2466/2406/270
f 2472/2407/280 2471/2408/270 2470/2409/270
f 2466/2406/270 2461/2410/272 2460/2398/272
f 2470/2409/270 2465/2411/272 2464/2401/272
f 2475/2412/273 2468/2404/280 2474/2413/273
f 2477/2414/273 2472/2407/280 2476/2415/273
f 2461/2410/272 2462/2403/268 2459/2399/268
f 2469/2416/280 2470/2409/270 2467/2405/270
f 2476/2415/273 2469/2416/280 2475/2412/273
f 2467/2405/270 2464/2401/272 2461/2410/272
f 2480/2417/272 2479/2418/268 2478/2419/268
f 2484/2420/272 2483/2421/268 2482/2422/268
f 2488/2423/280 2487/2424/270 2486/2425/270
f 2492/2426/280 2491/2427/270 2490/2428/270
f 2486/2425/270 2481/2429/272 2480/2417/272
f 2490/2428/270 2485/2430/272 2484/2420/272
f 2495/2431/273 2488/2423/280 2494/2432/273
f 2497/2433/273 2492/2426/280 2496/2434/273
f 2481/2429/272 2482/2422/268 2479/2418/268
f 2489/2435/280 2490/2428/270 2487/2424/270
f 2496/2434/273 2489/2435/280 2495/2431/273
f 2487/2424/270 2484/2420/272 2481/2429/272
f 2500/2436/288 2499/2437/282 2498/2438/282
f 2504/2439/288 2503/2440/282 2502/2441/282
f 2509/2442/284 2506/2443/294 2508/2444/284
f 2510/2445/295 2509/2442/284 2508/2444/284
f 2515/2446/284 2512/2447/294 2514/2448/284
f 2516/2449/295 2515/2446/284 2514/2448/284
f 2506/2443/294 2501/2450/288 2500/2436/288
f 2512/2447/294 2505/2451/288 2504/2439/288
f 2501/2450/288 2502/2441/282 2499/2437/282
f 2514/2448/284 2507/2452/294 2509/2442/284
f 2511/2453/295 2514/2448/284 2509/2442/284
f 2507/2452/294 2504/2439/288 2501/2450/288
f 2520/2454/288 2519/2455/282 2518/2456/282
f 2524/2457/288 2523/2458/282 2522/2459/282
f 2529/2460/284 2526/2461/294 2528/2462/284
f 2530/2463/295 2529/2460/284 2528/2462/284
f 2535/2464/284 2532/2465/294 2534/2466/284
f 2536/2467/295 2535/2464/284 2534/2466/284
f 2526/2461/294 2521/2468/288 2520/2454/288
f 2532/2465/294 2525/2469/288 2524/2457/288
f 2521/2468/288 2522/2459/282 2519/2455/282
f 2534/2466/284 2527/2470/294 2529/2460/284
f 2531/2471/295 2534/2466/284 2529/2460/284
f 2527/2470/294 2524/2457/288 2521/2468/288
f 2498/2438/282 2475/2412/273 2474/2413/273
f 2502/2441/282 2477/2414/273 2476/2415/273
f 2499/2437/282 2476/2415/273 2475/2412/273
f 2518/2456/282 2495/2431/273 2494/2432/273
f 2522/2459/282 2497/2433/273 2496/2434/273
f 2519/2455/282 2496/2434/273 2495/2431/273
f 2539/2472/296 2510/2445/295 2538/2473/296
f 2541/2474/296 2516/2449/295 2540/2475/296
f 2540/2475/296 2511/2453/295 2539/2472/296
f 2543/2476/296 2530/2463/295 2542/2477/296
f 2545/2478/296 2536/2467/295 2544/2479/296
f 2544/2479/296 2531/2471/295 2543/2476/296
f 2465/2411/272 2478/2419/268 2463/2402/268
f 2473/2480/280 2486/2425/270 2471/2408/270
f 2494/2432/273 2473/2480/280 2477/2414/273
f 2471/2408/270 2480/2417/272 2465/2411/272
f 2505/2451/288 2518/2456/282 2503/2440/282
f 2528/2462/284 2513/2481/294 2515/2446/284
f 2517/2482/295 2528/2462/284 2515/2446/284
f 2513/2481/294 2520/2454/288 2505/2451/288
f 2542/2477/296 2517/2482/295 2541/2474/296
f 2503/2440/282 2494/2432/273 2477/2414/273
f 2547/2483/1 2548/2484/1 2546/2485/1
f 2551/2486/1 2552/2487/1 2550/2488/1
f 2555/2489/1 2556/2490/1 2554/2491/1
f 2559/2492/1 2560/2493/1 2558/2494/1
f 2549/2495/1 2554/2491/1 2548/2484/1
f 2553/2496/1 2558/2494/1 2552/2487/1
f 2550/2488/1 2549/2495/1 2547/2483/1
f 2558/2494/1 2557/2497/1 2555/2489/1
f 2552/2487/1 2555/2489/1 2549/2495/1
f 2563/2498/1 2564/2499/1 2562/2500/1
f 2567/2501/1 2568/2502/1 2566/2503/1
f 2571/2501/1 2572/2504/1 2570/2505/1
f 2575/2506/1 2576/2507/1 2574/2508/1
f 2565/2509/1 2570/2505/1 2564/2499/1
f 2569/2510/1 2574/2508/1 2568/2502/1
f 2566/2503/1 2565/2509/1 2563/2498/1
f 2574/2508/1 2573/2511/1 2571/2501/1
f 2568/2502/1 2571/2501/1 2565/2509/1
f 2579/2512/1 2580/2513/1 2578/2514/1
f 2583/2504/1 2584/2515/1 2582/2516/1
f 2587/2504/1 2588/2504/1 2586/2517/1
f 2591/2518/1 2592/2519/1 2590/2520/1
f 2581/2521/1 2586/2517/1 2580/2513/1
f 2585/2522/1 2590/2520/1 2584/2515/1
f 2582/2516/1 2581/2521/1 2579/2512/1
f 2590/2520/1 2589/2523/1 2587/2504/1
f 2584/2515/1 2587/2504/1 2581/2521/1
f 2595/2524/1 2596/2525/1 2594/2526/1
f 2599/2527/1 2600/2528/1 2598/2529/1
f 2603/2530/1 2604/2531/1 2602/2532/1
f 2607/2533/1 2608/2534/1 2606/2535/1
f 2597/2536/1 2602/2532/1 2596/2525/1
f 2601/2537/1 2606/2535/1 2600/2528/1
f 2598/2529/1 2597/2536/1 2595/2524/1
f 2606/2535/1 2605/2538/1 2603/2530/1
f 2600/2528/1 2603/2530/1 2597/2536/1
f 2557/2497/1 2578/2514/1 2556/2490/1
f 2561/2539/1 2582/2516/1 2560/2493/1
f 2560/2493/1 2579/2512/1 2557/2497/1
f 2573/2511/1 2594/2526/1 2572/2504/1
f 2577/2540/1 2598/2529/1 2576/2507/1
f 2576/2507/1 2595/2524/1 2573/2511/1
f 2562/2500/1 2553/2496/1 2551/2486/1
f 2570/2505/1 2561/2539/1 2559/2492/1
f 2564/2499/1 2559/2492/1 2553/2496/1
f 2594/2526/1 2585/2522/1 2583/2504/1
f 2602/2532/1 2593/2541/1 2591/2518/1
f 2596/2525/1 2591/2518/1 2585/2522/1
f 2572/2504/1 2583/2504/1 2561/2539/1
f 2611/2542/1 2612/2543/1 2610/2544/1
f 2619/2545/299 2616/2546/300 2618/2547/299
f 2616/2546/300 2615/2548/301 2614/2549/302
f 2621/2515/1 2622/2515/1 2620/2550/1
f 2628/2551/1 2629/2552/1 2627/2553/1
f 2636/2554/303 2633/2555/304 2635/2556/305
f 2633/2555/304 2632/2557/306 2631/2558/306
f 2625/2559/307 2619/2545/299 2618/2547/299
f 2622/2515/1 2628/2551/1 2627/2553/1
f 2611/2542/1 2622/2515/1 2613/2560/1
f 2632/2557/306 2625/2559/307 2631/2558/306
f 2613/2560/308 2616/2546/300 2612/2543/309
f 2610/2544/310 2616/2546/300 2614/2549/302
f 2630/2561/311 2633/2555/304 2629/2552/312
f 2627/2553/313 2633/2555/304 2631/2558/306
f 2627/2553/313 2625/2559/307 2624/2562/307
f 2613/2560/308 2625/2559/307 2618/2547/299
f 2622/2515/1 2624/2562/1 2613/2560/1
f 2642/2563/299 2639/2564/314 2641/2565/299
f 2639/2564/314 2638/2566/301 2637/2567/301
f 2648/2568/299 2645/2569/314 2647/2570/299
f 2645/2569/314 2644/2571/301 2643/2572/301
f 2658/2573/303 2655/2574/315 2657/2575/303
f 2655/2574/315 2654/2576/306 2653/2577/306
f 2664/2578/303 2661/2579/315 2663/2580/303
f 2661/2579/315 2660/2581/306 2659/2582/306
f 2649/2583/307 2642/2563/299 2641/2565/299
f 2651/2584/307 2648/2568/299 2647/2570/299
f 2654/2576/306 2649/2583/307 2653/2577/306
f 2660/2581/306 2651/2584/307 2659/2582/306
f 2647/2570/299 2640/2585/314 2642/2563/299
f 2640/2585/314 2643/2572/301 2638/2566/301
f 2663/2580/303 2656/2586/315 2658/2573/303
f 2656/2586/315 2659/2582/306 2654/2576/306
f 2659/2582/306 2650/2587/307 2654/2576/306
f 2650/2587/307 2647/2570/299 2642/2563/299
f 2641/2565/299 2617/2588/314 2619/2545/299
f 2617/2588/314 2637/2567/301 2615/2548/301
f 2657/2575/303 2634/2589/315 2636/2554/303
f 2634/2589/315 2653/2577/306 2632/2557/306
f 2653/2577/306 2626/2590/307 2632/2557/306
f 2626/2590/307 2641/2565/299 2619/2545/299
f 2670/2591/299 2667/2592/314 2669/2593/299
f 2667/2592/314 2666/2594/301 2665/2595/301
f 2676/2596/299 2673/2597/314 2675/2598/299
f 2673/2597/314 2672/2599/301 2671/2600/301
f 2686/2601/303 2683/2602/315 2685/2603/303
f 2683/2602/315 2682/2604/306 2681/2605/306
f 2692/2606/303 2689/2607/315 2691/2608/303
f 2689/2607/315 2688/2609/306 2687/2610/306
f 2677/2611/307 2670/2591/299 2669/2593/299
f 2679/2612/307 2676/2596/299 2675/2598/299
f 2682/2604/306 2677/2611/307 2681/2605/306
f 2688/2609/306 2679/2612/307 2687/2610/306
f 2675/2598/299 2668/2613/314 2670/2591/299
f 2668/2613/314 2671/2600/301 2666/2594/301
f 2691/2608/303 2684/2614/315 2686/2601/303
f 2684/2614/315 2687/2610/306 2682/2604/306
f 2687/2610/306 2678/2615/307 2682/2604/306
f 2678/2615/307 2675/2598/299 2670/2591/299
f 2698/2616/299 2695/2617/314 2697/2618/299
f 2695/2617/314 2694/2619/301 2693/2620/301
f 2704/2621/299 2701/2622/314 2703/2623/299
f 2701/2622/314 2700/2624/301 2699/2625/301
f 2714/2626/303 2711/2627/315 2713/2628/303
f 2711/2627/315 2710/2629/306 2709/2630/306
f 2720/2631/303 2717/2632/315 2719/2633/303
f 2717/2632/315 2716/2634/306 2715/2635/306
f 2705/2636/307 2698/2616/299 2697/2618/299
f 2707/2637/307 2704/2621/299 2703/2623/299
f 2710/2629/306 2705/2636/307 2709/2630/306
f 2716/2634/306 2707/2637/307 2715/2635/306
f 2703/2623/299 2696/2638/314 2698/2616/299
f 2696/2638/314 2699/2625/301 2694/2619/301
f 2719/2633/303 2712/2639/315 2714/2626/303
f 2712/2639/315 2715/2635/306 2710/2629/306
f 2715/2635/306 2706/2640/307 2710/2629/306
f 2706/2640/307 2703/2623/299 2698/2616/299
f 2697/2618/299 2674/2641/314 2676/2596/299
f 2674/2641/314 2693/2620/301 2672/2599/301
f 2713/2628/303 2690/2642/315 2692/2606/303
f 2690/2642/315 2709/2630/306 2688/2609/306
f 2709/2630/306 2680/2643/307 2688/2609/306
f 2680/2643/307 2697/2618/299 2676/2596/299
f 2722/2644/1 2723/2645/1 2721/2646/1
f 2726/2647/1 2727/2648/1 2725/2649/1
f 2729/2650/1 2732/2651/1 2731/2652/1
f 2736/2653/1 2737/2654/1 2735/2655/1
f 2724/2656/1 2729/2650/1 2723/2645/1
f 2728/2657/1 2735/2655/1 2727/2648/1
f 2725/2649/1 2724/2656/1 2722/2644/1
f 2735/2655/1 2732/2651/1 2730/2658/1
f 2727/2648/1 2730/2658/1 2724/2656/1
f 2744/2659/1 2745/2660/1 2743/2661/1
f 2748/2662/1 2749/2663/1 2747/2664/1
f 2752/2665/1 2753/2666/1 2751/2538/1
f 2756/2667/1 2757/2668/1 2755/2669/1
f 2746/2670/1 2751/2538/1 2745/2660/1
f 2750/2671/1 2755/2669/1 2749/2663/1
f 2747/2664/1 2746/2670/1 2744/2659/1
f 2755/2669/1 2754/2672/1 2752/2665/1
f 2749/2663/1 2752/2665/1 2746/2670/1
f 2765/2673/316 2762/2674/317 2764/2675/318
f 2766/2676/319 2765/2673/316 2764/2675/318
f 2769/2677/1 2770/2678/1 2768/2679/1
f 2775/2680/320 2772/2681/321 2774/2682/322
f 2768/2679/1 2761/2683/1 2760/2684/1
f 2773/2685/323 2766/2676/319 2772/2681/321
f 2764/2675/318 2759/2686/324 2760/2684/325
f 2760/2684/325 2766/2676/319 2764/2675/318
f 2771/2687/326 2772/2681/321 2770/2678/327
f 2770/2678/327 2766/2676/319 2761/2683/328
f 2779/2688/316 2776/2689/329 2778/2690/316
f 2780/2691/330 2779/2688/316 2778/2690/316
f 2785/2692/316 2782/2693/329 2784/2694/316
f 2786/2695/330 2785/2692/316 2784/2694/316
f 2791/2696/320 2788/2697/323 2790/2698/320
f 2795/2699/320 2792/2700/323 2794/2701/320
f 2789/2702/323 2780/2691/330 2788/2697/323
f 2793/2703/323 2786/2695/330 2792/2700/323
f 2784/2694/316 2777/2704/329 2779/2688/316
f 2781/2705/330 2784/2694/316 2779/2688/316
f 2794/2701/320 2789/2702/323 2791/2696/320
f 2792/2700/323 2781/2705/330 2789/2702/323
f 2796/2706/1 2799/2707/1 2798/2708/1
f 2803/2709/1 2804/2710/1 2802/2711/1
f 2811/2712/331 2808/2713/332 2810/2714/333
f 2817/2715/334 2814/2716/335 2816/2717/334
f 2799/2707/1 2806/2718/1 2798/2708/1
f 2808/2713/332 2801/2719/336 2800/2720/337
f 2805/2721/1 2812/2722/1 2804/2710/1
f 2802/2711/1 2799/2707/1 2797/2723/1
f 2815/2724/338 2810/2714/333 2814/2716/335
f 2810/2714/333 2806/2718/339 2807/2725/340
f 2813/2726/341 2814/2716/335 2812/2722/342
f 2812/2722/342 2810/2714/333 2807/2725/340
f 2798/2708/343 2808/2713/332 2800/2720/337
f 2804/2710/1 2807/2725/1 2799/2707/1
f 2825/2727/331 2822/2728/344 2824/2729/331
f 2829/2730/331 2826/2731/344 2828/2732/331
f 2833/2733/334 2830/2734/338 2832/2735/334
f 2837/2736/334 2834/2737/338 2836/2738/334
f 2822/2728/344 2819/2739/336 2818/2740/336
f 2826/2731/344 2821/2741/336 2820/2742/336
f 2831/2743/338 2824/2729/331 2830/2734/338
f 2835/2744/338 2828/2732/331 2834/2737/338
f 2828/2732/331 2823/2745/344 2825/2727/331
f 2836/2738/334 2831/2743/338 2833/2733/334
f 2834/2737/338 2825/2727/331 2831/2743/338
f 2823/2745/344 2820/2742/336 2819/2739/336
f 2732/2651/1 2759/2686/1 2731/2652/1
f 2762/2674/317 2734/2746/345 2733/2747/346
f 2738/2748/1 2768/2679/1 2737/2654/1
f 2731/2652/347 2762/2674/317 2733/2747/346
f 2732/2651/1 2768/2679/1 2760/2684/1
f 2776/2689/329 2740/2749/345 2739/2750/345
f 2782/2693/329 2742/2751/345 2741/2752/345
f 2777/2704/329 2741/2752/345 2740/2749/345
f 2754/2672/1 2796/2706/1 2753/2666/1
f 2758/2753/1 2802/2711/1 2757/2668/1
f 2757/2668/1 2797/2723/1 2754/2672/1
f 2743/2661/1 2728/2657/1 2726/2647/1
f 2751/2538/1 2738/2748/1 2736/2653/1
f 2745/2660/1 2736/2653/1 2728/2657/1
f 2796/2706/1 2771/2687/1 2769/2677/1
f 2801/2719/336 2774/2682/322 2800/2720/337
f 2800/2720/337 2771/2687/326 2798/2708/343
f 2819/2739/336 2790/2698/320 2818/2740/336
f 2821/2741/336 2794/2701/320 2820/2742/336
f 2820/2742/336 2791/2696/320 2819/2739/336
f 2778/2690/316 2763/2754/329 2765/2673/316
f 2767/2755/330 2778/2690/316 2765/2673/316
f 2790/2698/320 2773/2685/323 2775/2680/320
f 2788/2697/323 2767/2755/330 2773/2685/323
f 2824/2729/331 2809/2756/344 2811/2712/331
f 2832/2735/334 2815/2724/338 2817/2715/334
f 2830/2734/338 2811/2712/331 2815/2724/338
f 2809/2756/344 2818/2740/336 2801/2719/336
f 2818/2740/336 2775/2680/320 2801/2719/336
f 2763/2754/329 2739/2750/345 2734/2746/345
f 2753/2666/1 2769/2677/1 2738/2748/1
f 2849/2757/316 2846/2758/329 2848/2759/316
f 2850/2760/330 2849/2757/316 2848/2759/316
f 2855/2761/316 2852/2762/329 2854/2763/316
f 2856/2764/330 2855/2761/316 2854/2763/316
f 2861/2765/320 2858/2766/323 2860/2767/320
f 2865/2768/320 2862/2769/323 2864/2770/320
f 2859/2771/323 2850/2760/330 2858/2766/323
f 2863/2772/323 2856/2764/330 2862/2769/323
f 2854/2763/316 2847/2773/329 2849/2757/316
f 2851/2774/330 2854/2763/316 2849/2757/316
f 2864/2770/320 2859/2771/323 2861/2765/320
f 2862/2769/323 2851/2774/330 2859/2771/323
f 2869/2775/316 2866/2776/329 2868/2777/316
f 2870/2778/330 2869/2775/316 2868/2777/316
f 2875/2779/316 2872/2780/329 2874/2781/316
f 2876/2782/330 2875/2779/316 2874/2781/316
f 2881/2783/320 2878/2784/323 2880/2785/320
f 2885/2786/320 2882/2787/323 2884/2788/320
f 2879/2789/323 2870/2778/330 2878/2784/323
f 2883/2790/323 2876/2782/330 2882/2787/323
f 2874/2781/316 2867/2791/329 2869/2775/316
f 2871/2792/330 2874/2781/316 2869/2775/316
f 2884/2788/320 2879/2789/323 2881/2783/320
f 2882/2787/323 2871/2792/330 2879/2789/323
f 2893/2793/331 2890/2794/344 2892/2795/331
f 2897/2796/331 2894/2797/344 2896/2798/331
f 2901/2799/334 2898/2800/338 2900/2801/334
f 2905/2802/334 2902/2803/338 2904/2804/334
f 2890/2794/344 2887/2805/336 2886/2806/336
f 2894/2797/344 2889/2807/336 2888/2808/336
f 2899/2809/338 2892/2795/331 2898/2800/338
f 2903/2810/338 2896/2798/331 2902/2803/338
f 2896/2798/331 2891/2811/344 2893/2793/331
f 2904/2804/334 2899/2809/338 2901/2799/334
f 2902/2803/338 2893/2793/331 2899/2809/338
f 2891/2811/344 2888/2808/336 2887/2805/336
f 2913/2812/331 2910/2813/344 2912/2814/331
f 2917/2815/331 2914/2816/344 2916/2817/331
f 2921/2818/334 2918/2819/338 2920/2820/334
f 2925/2821/334 2922/2822/338 2924/2823/334
f 2910/2813/344 2907/2824/336 2906/2825/336
f 2914/2816/344 2909/2826/336 2908/2827/336
f 2919/2828/338 2912/2814/331 2918/2819/338
f 2923/2829/338 2916/2817/331 2922/2822/338
f 2916/2817/331 2911/2830/344 2913/2812/331
f 2924/2823/334 2919/2828/338 2921/2818/334
f 2922/2822/338 2913/2812/331 2919/2828/338
f 2911/2830/344 2908/2827/336 2907/2824/336
f 2846/2758/329 2839/2831/345 2838/2832/345
f 2852/2762/329 2841/2833/345 2840/2834/345
f 2847/2773/329 2840/2834/345 2839/2831/345
f 2866/2776/329 2843/2835/345 2842/2836/345
f 2872/2780/329 2845/2837/345 2844/2838/345
f 2867/2791/329 2844/2838/345 2843/2835/345
f 2887/2805/336 2860/2767/320 2886/2806/336
f 2889/2807/336 2864/2770/320 2888/2808/336
f 2888/2808/336 2861/2765/320 2887/2805/336
f 2907/2824/336 2880/2785/320 2906/2825/336
f 2909/2826/336 2884/2788/320 2908/2827/336
f 2908/2827/336 2881/2783/320 2907/2824/336
f 2868/2777/316 2853/2839/329 2855/2761/316
f 2857/2840/330 2868/2777/316 2855/2761/316
f 2880/2785/320 2863/2772/323 2865/2768/320
f 2878/2784/323 2857/2840/330 2863/2772/323
f 2912/2814/331 2895/2841/344 2897/2796/331
f 2920/2820/334 2903/2810/338 2905/2802/334
f 2918/2819/338 2897/2796/331 2903/2810/338
f 2895/2841/344 2906/2825/336 2889/2807/336
f 2906/2825/336 2865/2768/320 2889/2807/336
f 2853/2839/329 2842/2836/345 2841/2833/345
f 2447/2379/1 2610/2544/1 2446/2380/1
f 2614/2549/302 2449/2389/296 2448/2390/297
f 2453/2842/1 2620/2550/1 2452/2382/1
f 2446/2380/298 2614/2549/302 2448/2390/297
f 2452/2382/1 2611/2542/1 2447/2379/1
f 2637/2567/301 2455/2391/296 2454/2392/296
f 2643/2572/301 2457/2393/296 2456/2394/296
f 2638/2566/301 2456/2394/296 2455/2391/296
f 2615/2548/301 2454/2392/296 2449/2389/296
f 2665/2595/301 2539/2472/296 2538/2473/296
f 2671/2600/301 2541/2474/296 2540/2475/296
f 2666/2594/301 2540/2475/296 2539/2472/296
f 2693/2620/301 2543/2476/296 2542/2477/296
f 2699/2625/301 2545/2478/296 2544/2479/296
f 2694/2619/301 2544/2479/296 2543/2476/296
f 2672/2599/301 2542/2477/296 2541/2474/296
f 2589/2523/1 2721/2646/1 2588/2504/1
f 2593/2541/1 2725/2649/1 2592/2519/1
f 2592/2519/1 2722/2644/1 2589/2523/1
f 2605/2538/1 2743/2661/1 2604/2531/1
f 2609/2843/1 2747/2664/1 2608/2534/1
f 2608/2534/1 2744/2659/1 2605/2538/1
f 2604/2531/1 2726/2647/1 2593/2541/1
f 2546/2485/1 2390/2337/1 2388/2327/1
f 2554/2491/1 2398/2387/1 2396/2333/1
f 2548/2484/1 2396/2333/1 2390/2337/1
f 2578/2514/1 2443/2385/1 2441/2375/1
f 2586/2517/1 2453/2842/1 2451/2381/1
f 2580/2513/1 2451/2381/1 2443/2385/1
f 2556/2490/1 2441/2375/1 2398/2387/1
f 2721/2646/1 2623/2844/1 2621/2515/1
f 2729/2650/1 2630/2561/1 2628/2551/1
f 2734/2746/345 2635/2556/305 2733/2747/346
f 2731/2652/347 2635/2556/305 2630/2561/311
f 2723/2645/1 2628/2551/1 2623/2844/1
f 2740/2749/345 2657/2575/303 2739/2750/345
f 2742/2751/345 2663/2580/303 2741/2752/345
f 2741/2752/345 2658/2573/303 2740/2749/345
f 2739/2750/345 2636/2554/303 2734/2746/345
f 2839/2831/345 2685/2603/303 2838/2832/345
f 2841/2833/345 2691/2608/303 2840/2834/345
f 2840/2834/345 2686/2601/303 2839/2831/345
f 2843/2835/345 2713/2628/303 2842/2836/345
f 2845/2837/345 2719/2633/303 2844/2838/345
f 2844/2838/345 2714/2626/303 2843/2835/345
f 2842/2836/345 2692/2606/303 2841/2833/345
f 2370/2318/272 2458/2400/268 2368/2309/268
f 2378/2845/280 2466/2406/270 2376/2315/270
f 2474/2413/273 2378/2845/280 2382/2321/273
f 2376/2315/270 2460/2398/272 2370/2318/272
f 2423/2369/288 2498/2438/282 2421/2358/282
f 2508/2444/284 2431/2846/294 2433/2364/284
f 2435/2847/295 2508/2444/284 2433/2364/284
f 2431/2846/294 2500/2436/288 2423/2369/288
f 2538/2473/296 2435/2847/295 2457/2393/296
f 2421/2358/282 2474/2413/273 2382/2321/273
f 2669/2593/299 2646/2848/314 2648/2568/299
f 2646/2848/314 2665/2595/301 2644/2571/301
f 2685/2603/303 2662/2849/315 2664/2578/303
f 2662/2849/315 2681/2605/306 2660/2581/306
f 2681/2605/306 2652/2850/307 2660/2581/306
f 2652/2850/307 2669/2593/299 2648/2568/299
f 2848/2759/316 2783/2851/329 2785/2692/316
f 2787/2852/330 2848/2759/316 2785/2692/316
f 2860/2767/320 2793/2703/323 2795/2699/320
f 2858/2766/323 2787/2852/330 2793/2703/323
f 2892/2795/331 2827/2853/344 2829/2730/331
f 2900/2801/334 2835/2744/338 2837/2736/334
f 2898/2800/338 2829/2730/331 2835/2744/338
f 2827/2853/344 2886/2806/336 2821/2741/336
f 2886/2806/336 2795/2699/320 2821/2741/336
f 2783/2851/329 2838/2832/345 2742/2751/345
f 2838/2832/345 2664/2578/303 2742/2751/345
f 2644/2571/301 2538/2473/296 2457/2393/296
f 2588/2504/1 2621/2515/1 2453/2842/1
f 2928/2854/272 2927/2855/268 2926/2856/268
f 2932/2857/272 2931/2858/268 2930/2859/268
f 2936/2860/280 2935/2861/270 2934/2862/270
f 2940/2863/280 2939/2864/270 2938/2865/270
f 2934/2862/270 2929/2866/272 2928/2854/272
f 2938/2865/270 2933/2867/272 2932/2857/272
f 2943/2868/273 2936/2860/280 2942/2869/273
f 2945/2870/273 2940/2863/280 2944/2871/273
f 2929/2866/272 2930/2859/268 2927/2855/268
f 2937/2872/280 2938/2865/270 2935/2861/270
f 2944/2871/273 2937/2872/280 2943/2868/273
f 2935/2861/270 2932/2857/272 2929/2866/272
f 2948/2873/272 2947/2874/268 2946/2875/268
f 2952/2876/272 2951/2877/268 2950/2878/268
f 2956/2879/280 2955/2880/270 2954/2881/270
f 2960/2882/280 2959/2883/270 2958/2884/270
f 2954/2881/270 2949/2885/272 2948/2873/272
f 2958/2884/270 2953/2886/272 2952/2876/272
f 2963/2887/273 2956/2879/280 2962/2888/273
f 2965/2889/273 2960/2882/280 2964/2890/273
f 2949/2885/272 2950/2878/268 2947/2874/268
f 2957/2891/280 2958/2884/270 2955/2880/270
f 2964/2890/273 2957/2891/280 2963/2887/273
f 2955/2880/270 2952/2876/272 2949/2885/272
f 2968/2892/288 2967/2893/282 2966/2894/282
f 2972/2895/288 2971/2896/282 2970/2897/282
f 2977/2898/284 2974/2899/294 2976/2900/284
f 2978/2901/295 2977/2898/284 2976/2900/284
f 2983/2902/284 2980/2903/294 2982/2904/284
f 2984/2905/295 2983/2902/284 2982/2904/284
f 2974/2899/294 2969/2906/288 2968/2892/288
f 2980/2903/294 2973/2907/288 2972/2895/288
f 2969/2906/288 2970/2897/282 2967/2893/282
f 2982/2904/284 2975/2908/294 2977/2898/284
f 2979/2909/295 2982/2904/284 2977/2898/284
f 2975/2908/294 2972/2895/288 2969/2906/288
f 2988/2910/288 2987/2911/282 2986/2912/282
f 2992/2913/288 2991/2914/282 2990/2915/282
f 2997/2916/284 2994/2917/294 2996/2918/284
f 2998/2919/295 2997/2916/284 2996/2918/284
f 3003/2920/284 3000/2921/294 3002/2922/284
f 3004/2923/295 3003/2920/284 3002/2922/284
f 2994/2917/294 2989/2924/288 2988/2910/288
f 3000/2921/294 2993/2925/288 2992/2913/288
f 2989/2924/288 2990/2915/282 2987/2911/282
f 3002/2922/284 2995/2926/294 2997/2916/284
f 2999/2927/295 3002/2922/284 2997/2916/284
f 2995/2926/294 2992/2913/288 2989/2924/288
f 2966/2894/282 2943/2868/273 2942/2869/273
f 2970/2897/282 2945/2870/273 2944/2871/273
f 2967/2893/282 2944/2871/273 2943/2868/273
f 2986/2912/282 2963/2887/273 2962/2888/273
f 2990/2915/282 2965/2889/273 2964/2890/273
f 2987/2911/282 2964/2890/273 2963/2887/273
f 3007/2928/296 2978/2901/295 3006/2929/296
f 3009/2930/296 2984/2905/295 3008/2931/296
f 3008/2931/296 2979/2909/295 3007/2928/296
f 3011/2932/296 2998/2919/295 3010/2933/296
f 3013/2934/296 3004/2923/295 3012/2935/296
f 3012/2935/296 2999/2927/295 3011/2932/296
f 2933/2867/272 2946/2875/268 2931/2858/268
f 2941/2936/280 2954/2881/270 2939/2864/270
f 2962/2888/273 2941/2936/280 2945/2870/273
f 2939/2864/270 2948/2873/272 2933/2867/272
f 2973/2907/288 2986/2912/282 2971/2896/282
f 2996/2918/284 2981/2937/294 2983/2902/284
f 2985/2938/295 2996/2918/284 2983/2902/284
f 2981/2937/294 2988/2910/288 2973/2907/288
f 3010/2933/296 2985/2938/295 3009/2930/296
f 2971/2896/282 2962/2888/273 2945/2870/273
f 3016/2939/272 3015/2940/268 3014/2941/268
f 3020/2942/272 3019/2943/268 3018/2944/268
f 3024/2945/280 3023/2946/270 3022/2947/270
f 3028/2948/280 3027/2949/270 3026/2950/270
f 3022/2947/270 3017/2951/272 3016/2939/272
f 3026/2950/270 3021/2952/272 3020/2942/272
f 3031/2953/273 3024/2945/280 3030/2954/273
f 3033/2955/273 3028/2948/280 3032/2956/273
f 3017/2951/272 3018/2944/268 3015/2940/268
f 3025/2957/280 3026/2950/270 3023/2946/270
f 3032/2956/273 3025/2957/280 3031/2953/273
f 3023/2946/270 3020/2942/272 3017/2951/272
f 3036/2958/272 3035/2959/268 3034/2960/268
f 3043/2961/84 3040/2962/84 3042/2963/84
f 3046/2964/280 3045/2965/348 3044/2966/270
f 3055/2967/84 3052/2968/84 3054/2969/84
f 3044/2966/270 3037/2970/349 3036/2958/272
f 3053/2971/84 3042/2963/84 3052/2968/84
f 3051/2972/350 3046/2964/280 3050/2973/273
f 3039/2974/84 3040/2962/84 3038/2975/84
f 3049/2976/84 3052/2968/84 3048/2977/84
f 3037/2970/349 3038/2975/351 3035/2959/268
f 3045/2965/348 3049/2976/352 3048/2977/353
f 3054/2969/354 3047/2978/355 3051/2972/350
f 3045/2965/348 3039/2974/356 3037/2970/349
f 3048/2977/84 3042/2963/84 3039/2974/84
f 3059/2979/84 3056/2980/84 3058/2981/84
f 3063/2982/84 3060/2983/84 3062/2984/84
f 3067/2985/84 3064/2986/84 3066/2987/84
f 3071/2988/84 3068/2989/84 3070/2990/84
f 3065/2991/84 3058/2981/84 3064/2986/84
f 3069/2992/84 3062/2984/84 3068/2989/84
f 3062/2984/84 3057/2993/84 3059/2979/84
f 3070/2990/84 3065/2991/84 3067/2985/84
f 3068/2989/84 3059/2979/84 3065/2991/84
f 3074/2994/288 3073/2995/282 3072/2996/282
f 3078/2997/288 3077/2998/282 3076/2999/282
f 3083/3000/284 3080/3001/294 3082/3002/284
f 3084/3003/295 3083/3000/284 3082/3002/284
f 3089/3004/284 3086/3005/294 3088/3006/284
f 3090/3007/295 3089/3004/284 3088/3006/284
f 3080/3001/294 3075/3008/288 3074/2994/288
f 3086/3005/294 3079/3009/288 3078/2997/288
f 3075/3008/288 3076/2999/282 3073/2995/282
f 3088/3006/284 3081/3010/294 3083/3000/284
f 3085/3011/295 3088/3006/284 3083/3000/284
f 3081/3010/294 3078/2997/288 3075/3008/288
f 3094/3012/288 3093/3013/357 3092/3014/282
f 3098/3015/84 3097/3016/84 3096/3017/84
f 3103/3018/358 3100/3019/294 3102/3020/284
f 3104/3021/295 3103/3018/358 3102/3020/284
f 3100/3019/294 3095/3022/359 3094/3012/288
f 3106/3023/84 3099/3024/84 3098/3015/84
f 3095/3022/359 3096/3017/360 3093/3013/357
f 3107/3025/361 3101/3026/362 3103/3018/358
f 3103/3018/358 3108/3027/363 3107/3025/361
f 3101/3026/362 3098/3015/364 3095/3022/359
f 3116/3028/84 3113/3029/84 3115/3030/84
f 3120/3031/84 3117/3032/84 3119/3033/84
f 3126/3034/84 3123/3035/84 3125/3036/84
f 3130/3037/84 3127/3038/84 3129/3039/84
f 3124/3040/84 3115/3030/84 3123/3035/84
f 3128/3041/84 3119/3033/84 3127/3038/84
f 3119/3033/84 3114/3042/84 3116/3028/84
f 3129/3039/84 3124/3040/84 3126/3034/84
f 3127/3038/84 3116/3028/84 3124/3040/84
f 3072/2996/282 3031/2953/273 3030/2954/273
f 3076/2999/282 3033/2955/273 3032/2956/273
f 3073/2995/282 3032/2956/273 3031/2953/273
f 3092/3014/282 3051/2972/350 3050/2973/273
f 3096/3017/84 3055/2967/84 3054/2969/84
f 3051/2972/350 3096/3017/360 3054/2969/354
f 3114/3042/84 3066/2987/84 3113/3029/84
f 3118/3043/84 3070/2990/84 3117/3032/84
f 3117/3032/84 3067/2985/84 3114/3042/84
f 3110/3044/296 3084/3003/295 3109/3045/296
f 3112/3046/296 3090/3007/295 3111/3047/296
f 3111/3047/296 3085/3011/295 3110/3044/296
f 3058/2981/84 3041/3048/84 3043/2961/84
f 3066/2987/84 3053/2971/84 3055/2967/84
f 3064/2986/84 3043/2961/84 3053/2971/84
f 3122/3049/365 3104/3021/295 3121/3050/296
f 3115/3030/84 3097/3016/84 3099/3024/84
f 3108/3027/84 3123/3035/84 3107/3025/84
f 3125/3036/366 3105/3051/367 3122/3049/365
f 3123/3035/84 3099/3024/84 3107/3025/84
f 3021/2952/272 3034/2960/268 3019/2943/268
f 3029/3052/280 3044/2966/270 3027/2949/270
f 3050/2973/273 3029/3052/280 3033/2955/273
f 3027/2949/270 3036/2958/272 3021/2952/272
f 3079/3009/288 3092/3014/282 3077/2998/282
f 3102/3020/284 3087/3053/294 3089/3004/284
f 3091/3054/295 3102/3020/284 3089/3004/284
f 3087/3053/294 3094/3012/288 3079/3009/288
f 3121/3050/296 3091/3054/295 3112/3046/296
f 3077/2998/282 3050/2973/273 3033/2955/273
f 3113/3029/84 3055/2967/84 3097/3016/84
f 3134/3055/84 3131/3056/84 3133/3057/84
f 3138/3058/84 3135/3059/84 3137/3060/84
f 3142/3061/84 3139/3062/84 3141/3063/84
f 3146/3064/84 3143/3065/84 3145/3066/84
f 3140/3067/84 3133/3057/84 3139/3062/84
f 3144/3068/84 3137/3060/84 3143/3065/84
f 3137/3060/84 3132/3069/84 3134/3055/84
f 3145/3066/84 3140/3067/84 3142/3061/84
f 3143/3065/84 3134/3055/84 3140/3067/84
f 3150/3070/84 3147/3071/84 3149/3072/84
f 3154/3073/84 3151/3074/84 3153/3075/84
f 3158/3076/84 3155/3077/84 3157/3078/84
f 3162/3079/84 3159/3080/84 3161/3081/84
f 3156/3082/84 3149/3072/84 3155/3077/84
f 3160/3083/84 3153/3075/84 3159/3080/84
f 3153/3075/84 3148/3084/84 3150/3070/84
f 3161/3081/84 3156/3082/84 3158/3076/84
f 3159/3080/84 3150/3070/84 3156/3082/84
f 3166/3085/84 3163/3086/84 3165/3087/84
f 3170/3088/84 3167/3089/84 3169/3090/84
f 3174/3091/84 3171/3092/84 3173/3093/84
f 3178/3094/84 3175/3095/84 3177/3096/84
f 3172/3097/84 3165/3087/84 3171/3092/84
f 3176/3098/84 3169/3090/84 3175/3095/84
f 3169/3090/84 3164/3099/84 3166/3085/84
f 3177/3096/84 3172/3097/84 3174/3091/84
f 3175/3095/84 3166/3085/84 3172/3097/84
f 3182/3100/84 3179/3101/84 3181/3102/84
f 3186/3103/84 3183/3104/84 3185/3105/84
f 3190/3106/84 3187/3107/84 3189/3108/84
f 3194/3109/84 3191/3110/84 3193/3111/84
f 3188/3112/84 3181/3102/84 3187/3107/84
f 3192/3113/84 3185/3105/84 3191/3110/84
f 3185/3105/84 3180/3114/84 3182/3100/84
f 3193/3111/84 3188/3112/84 3190/3106/84
f 3191/3110/84 3182/3100/84 3188/3112/84
f 3164/3099/84 3141/3063/84 3163/3086/84
f 3168/3115/84 3145/3066/84 3167/3089/84
f 3167/3089/84 3142/3061/84 3164/3099/84
f 3180/3114/84 3157/3078/84 3179/3101/84
f 3184/3116/84 3161/3081/84 3183/3104/84
f 3183/3104/84 3158/3076/84 3180/3114/84
f 3149/3072/84 3136/3117/84 3138/3058/84
f 3157/3078/84 3144/3068/84 3146/3064/84
f 3155/3077/84 3138/3058/84 3144/3068/84
f 3181/3102/84 3168/3115/84 3170/3088/84
f 3189/3108/84 3176/3098/84 3178/3094/84
f 3187/3107/84 3170/3088/84 3176/3098/84
f 3179/3101/84 3146/3064/84 3168/3115/84
f 3200/3118/299 3197/3119/314 3199/3120/299
f 3197/3119/314 3196/3121/301 3195/3122/301
f 3206/3123/299 3203/3124/314 3205/3125/299
f 3203/3124/314 3202/3126/301 3201/3127/301
f 3216/3128/303 3213/3129/315 3215/3130/303
f 3213/3129/315 3212/3131/306 3211/3132/306
f 3222/3133/303 3219/3134/315 3221/3135/303
f 3219/3134/315 3218/3136/306 3217/3137/306
f 3207/3138/307 3200/3118/299 3199/3120/299
f 3209/3139/307 3206/3123/299 3205/3125/299
f 3212/3131/306 3207/3138/307 3211/3132/306
f 3218/3136/306 3209/3139/307 3217/3137/306
f 3205/3125/299 3198/3140/314 3200/3118/299
f 3198/3140/314 3201/3127/301 3196/3121/301
f 3221/3135/303 3214/3141/315 3216/3128/303
f 3214/3141/315 3217/3137/306 3212/3131/306
f 3217/3137/306 3208/3142/307 3212/3131/306
f 3208/3142/307 3205/3125/299 3200/3118/299
f 3228/3143/299 3225/3144/314 3227/3145/299
f 3225/3144/314 3224/3146/301 3223/3147/301
f 3234/3148/299 3231/3149/314 3233/3150/299
f 3231/3149/314 3230/3151/301 3229/3152/301
f 3244/3153/303 3241/3154/315 3243/3155/303
f 3241/3154/315 3240/3156/306 3239/3157/306
f 3250/3158/303 3247/3159/315 3249/3160/303
f 3247/3159/315 3246/3161/306 3245/3162/306
f 3235/3163/307 3228/3143/299 3227/3145/299
f 3237/3164/307 3234/3148/299 3233/3150/299
f 3240/3156/306 3235/3163/307 3239/3157/306
f 3246/3161/306 3237/3164/307 3245/3162/306
f 3233/3150/299 3226/3165/314 3228/3143/299
f 3226/3165/314 3229/3152/301 3224/3146/301
f 3249/3160/303 3242/3166/315 3244/3153/303
f 3242/3166/315 3245/3162/306 3240/3156/306
f 3245/3162/306 3236/3167/307 3240/3156/306
f 3236/3167/307 3233/3150/299 3228/3143/299
f 3227/3145/299 3204/3168/314 3206/3123/299
f 3204/3168/314 3223/3147/301 3202/3126/301
f 3243/3155/303 3220/3169/315 3222/3133/303
f 3220/3169/315 3239/3157/306 3218/3136/306
f 3239/3157/306 3210/3170/307 3218/3136/306
f 3210/3170/307 3227/3145/299 3206/3123/299
f 3256/3171/299 3253/3172/314 3255/3173/299
f 3253/3172/314 3252/3174/301 3251/3175/301
f 3262/3176/299 3259/3177/314 3261/3178/299
f 3259/3177/314 3258/3179/301 3257/3180/301
f 3272/3181/303 3269/3182/315 3271/3183/303
f 3269/3182/315 3268/3184/306 3267/3185/306
f 3278/3186/303 3275/3187/315 3277/3188/303
f 3275/3187/315 3274/3189/306 3273/3190/306
f 3263/3191/307 3256/3171/299 3255/3173/299
f 3265/3192/307 3262/3176/299 3261/3178/299
f 3268/3184/306 3263/3191/307 3267/3185/306
f 3274/3189/306 3265/3192/307 3273/3190/306
f 3261/3178/299 3254/3193/314 3256/3171/299
f 3254/3193/314 3257/3180/301 3252/3174/301
f 3277/3188/303 3270/3194/315 3272/3181/303
f 3270/3194/315 3273/3190/306 3268/3184/306
f 3273/3190/306 3264/3195/307 3268/3184/306
f 3264/3195/307 3261/3178/299 3256/3171/299
f 3284/3196/299 3281/3197/314 3283/3198/299
f 3281/3197/314 3280/3199/368 3279/3200/301
f 3287/3201/84 3286/3202/84 3285/3203/84
f 3292/3204/84 3289/3205/84 3291/3206/84
f 3301/3207/369 3298/3208/315 3300/3209/303
f 3298/3208/315 3297/3210/306 3296/3211/306
f 3304/3212/84 3303/3213/84 3302/3214/84
f 3293/3215/307 3284/3196/299 3283/3198/299
f 3303/3213/84 3291/3206/84 3302/3214/84
f 3297/3210/306 3293/3215/307 3296/3211/306
f 3291/3206/84 3286/3202/84 3288/3216/84
f 3288/3216/370 3282/3217/371 3284/3196/299
f 3282/3217/371 3285/3203/372 3280/3199/368
f 3305/3218/373 3299/3219/374 3301/3207/369
f 3299/3219/374 3302/3214/375 3297/3210/306
f 3302/3214/375 3294/3220/307 3297/3210/306
f 3294/3220/307 3288/3216/370 3284/3196/299
f 3295/3221/84 3291/3206/84 3288/3216/84
f 3283/3198/299 3260/3222/314 3262/3176/299
f 3260/3222/314 3279/3200/301 3258/3179/301
f 3300/3209/303 3276/3223/315 3278/3186/303
f 3276/3223/315 3296/3211/306 3274/3189/306
f 3296/3211/306 3266/3224/307 3274/3189/306
f 3266/3224/307 3283/3198/299 3262/3176/299
f 3317/3225/316 3314/3226/329 3316/3227/316
f 3318/3228/330 3317/3225/316 3316/3227/316
f 3323/3229/316 3320/3230/329 3322/3231/316
f 3324/3232/330 3323/3229/316 3322/3231/316
f 3329/3233/320 3326/3234/323 3328/3235/320
f 3333/3236/320 3330/3237/323 3332/3238/320
f 3327/3239/323 3318/3228/330 3326/3234/323
f 3331/3240/323 3324/3232/330 3330/3237/323
f 3322/3231/316 3315/3241/329 3317/3225/316
f 3319/3242/330 3322/3231/316 3317/3225/316
f 3332/3238/320 3327/3239/323 3329/3233/320
f 3330/3237/323 3319/3242/330 3327/3239/323
f 3337/3243/316 3334/3244/329 3336/3245/316
f 3338/3246/330 3337/3243/316 3336/3245/316
f 3343/3247/316 3340/3248/329 3342/3249/316
f 3344/3250/330 3343/3247/316 3342/3249/316
f 3349/3251/320 3346/3252/323 3348/3253/320
f 3353/3254/320 3350/3255/323 3352/3256/320
f 3347/3257/323 3338/3246/330 3346/3252/323
f 3351/3258/323 3344/3250/330 3350/3255/323
f 3342/3249/316 3335/3259/329 3337/3243/316
f 3339/3260/330 3342/3249/316 3337/3243/316
f 3352/3256/320 3347/3257/323 3349/3251/320
f 3350/3255/323 3339/3260/330 3347/3257/323
f 3361/3261/331 3358/3262/344 3360/3263/331
f 3365/3264/331 3362/3265/344 3364/3266/331
f 3369/3267/334 3366/3268/338 3368/3269/334
f 3373/3270/334 3370/3271/338 3372/3272/334
f 3358/3262/344 3355/3273/336 3354/3274/336
f 3362/3265/344 3357/3275/336 3356/3276/336
f 3367/3277/338 3360/3263/331 3366/3268/338
f 3371/3278/338 3364/3266/331 3370/3271/338
f 3364/3266/331 3359/3279/344 3361/3261/331
f 3372/3272/334 3367/3277/338 3369/3267/334
f 3370/3271/338 3361/3261/331 3367/3277/338
f 3359/3279/344 3356/3276/336 3355/3273/336
f 3381/3280/331 3378/3281/344 3380/3282/331
f 3385/3283/331 3382/3284/344 3384/3285/331
f 3389/3286/334 3386/3287/338 3388/3288/334
f 3393/3289/334 3390/3290/338 3392/3291/334
f 3378/3281/344 3375/3292/336 3374/3293/336
f 3382/3284/344 3377/3294/336 3376/3295/336
f 3387/3296/338 3380/3282/331 3386/3287/338
f 3391/3297/338 3384/3285/331 3390/3290/338
f 3384/3285/331 3379/3298/344 3381/3280/331
f 3392/3291/334 3387/3296/338 3389/3286/334
f 3390/3290/338 3381/3280/331 3387/3296/338
f 3379/3298/344 3376/3295/336 3375/3292/336
f 3314/3226/329 3307/3299/345 3306/3300/345
f 3320/3230/329 3309/3301/345 3308/3302/345
f 3315/3241/329 3308/3302/345 3307/3299/345
f 3334/3244/329 3311/3303/345 3310/3304/345
f 3340/3248/329 3313/3305/345 3312/3306/345
f 3335/3259/329 3312/3306/345 3311/3303/345
f 3355/3273/336 3328/3235/320 3354/3274/336
f 3357/3275/336 3332/3238/320 3356/3276/336
f 3356/3276/336 3329/3233/320 3355/3273/336
f 3375/3292/336 3348/3253/320 3374/3293/336
f 3377/3294/336 3352/3256/320 3376/3295/336
f 3376/3295/336 3349/3251/320 3375/3292/336
f 3336/3245/316 3321/3307/329 3323/3229/316
f 3325/3308/330 3336/3245/316 3323/3229/316
f 3348/3253/320 3331/3240/323 3333/3236/320
f 3346/3252/323 3325/3308/330 3331/3240/323
f 3380/3282/331 3363/3309/344 3365/3264/331
f 3388/3288/334 3371/3278/338 3373/3270/334
f 3386/3287/338 3365/3264/331 3371/3278/338
f 3363/3309/344 3374/3293/336 3357/3275/336
f 3374/3293/336 3333/3236/320 3357/3275/336
f 3321/3307/329 3310/3304/345 3309/3301/345
f 3401/3310/84 3398/3311/84 3400/3312/84
f 3405/3313/84 3402/3314/84 3404/3315/84
f 3411/3316/84 3408/3317/84 3410/3318/84
f 3415/3319/84 3412/3320/84 3414/3321/84
f 3409/3322/84 3400/3312/84 3408/3317/84
f 3413/3323/84 3404/3315/84 3412/3320/84
f 3404/3315/84 3399/3324/84 3401/3310/84
f 3414/3321/84 3409/3322/84 3411/3316/84
f 3412/3320/84 3401/3310/84 3409/3322/84
f 3419/3325/84 3416/3326/84 3418/3327/84
f 3423/3328/84 3420/3329/84 3422/3330/84
f 3427/3331/84 3424/3332/84 3426/3333/84
f 3431/3334/84 3428/3335/84 3430/3336/84
f 3425/3337/84 3418/3327/84 3424/3332/84
f 3429/3338/84 3422/3330/84 3428/3335/84
f 3422/3330/84 3417/3339/84 3419/3325/84
f 3430/3336/84 3425/3337/84 3427/3331/84
f 3428/3335/84 3419/3325/84 3425/3337/84
f 3435/3340/316 3432/3341/329 3434/3342/316
f 3436/3343/330 3435/3340/316 3434/3342/316
f 3441/3344/316 3438/3345/329 3440/3346/316
f 3442/3347/330 3441/3344/316 3440/3346/316
f 3447/3348/320 3444/3349/323 3446/3350/320
f 3451/3351/320 3448/3352/323 3450/3353/320
f 3445/3354/323 3436/3343/330 3444/3349/323
f 3449/3355/323 3442/3347/330 3448/3352/323
f 3440/3346/316 3433/3356/329 3435/3340/316
f 3437/3357/330 3440/3346/316 3435/3340/316
f 3450/3353/320 3445/3354/323 3447/3348/320
f 3448/3352/323 3437/3357/330 3445/3354/323
f 3455/3358/376 3452/3359/329 3454/3360/316
f 3456/3361/330 3455/3358/376 3454/3360/316
f 3464/3362/377 3461/3363/323 3463/3364/320
f 3467/3365/84 3466/3366/84 3465/3367/84
f 3462/3368/378 3456/3361/330 3461/3363/323
f 3460/3369/84 3465/3367/84 3459/3370/84
f 3455/3358/376 3458/3371/379 3453/3372/380
f 3457/3373/381 3459/3370/382 3455/3358/376
f 3468/3374/383 3462/3368/378 3464/3362/377
f 3467/3365/384 3457/3373/381 3462/3368/378
f 3476/3375/331 3473/3376/344 3475/3377/331
f 3480/3378/331 3477/3379/344 3479/3380/331
f 3484/3381/334 3481/3382/338 3483/3383/334
f 3488/3384/334 3485/3385/338 3487/3386/334
f 3473/3376/344 3470/3387/336 3469/3388/336
f 3477/3379/344 3472/3389/336 3471/3390/336
f 3482/3391/338 3475/3377/331 3481/3382/338
f 3486/3392/338 3479/3380/331 3485/3385/338
f 3479/3380/331 3474/3393/344 3476/3375/331
f 3487/3386/334 3482/3391/338 3484/3381/334
f 3485/3385/338 3476/3375/331 3482/3391/338
f 3474/3393/344 3471/3390/336 3470/3387/336
f 3494/3394/84 3491/3395/84 3493/3396/84
f 3498/3397/84 3495/3398/84 3497/3399/84
f 3502/3400/385 3499/3401/344 3501/3402/331
f 3508/3403/334 3505/3404/338 3507/3405/334
f 3499/3401/344 3490/3406/386 3489/3407/336
f 3503/3408/84 3494/3394/84 3493/3396/84
f 3509/3409/84 3498/3397/84 3497/3399/84
f 3506/3410/387 3501/3402/331 3505/3404/338
f 3497/3399/84 3492/3411/84 3494/3394/84
f 3502/3400/385 3503/3408/388 3500/3412/389
f 3510/3413/390 3506/3410/387 3508/3403/334
f 3509/3409/391 3502/3400/385 3506/3410/387
f 3500/3412/389 3493/3396/392 3490/3406/386
f 3504/3414/84 3497/3399/84 3494/3394/84
f 3432/3341/329 3395/3415/345 3394/3416/345
f 3438/3345/329 3397/3417/345 3396/3418/345
f 3433/3356/329 3396/3418/345 3395/3415/345
f 3452/3359/329 3407/3419/393 3406/3420/345
f 3458/3371/84 3411/3316/84 3410/3318/84
f 3466/3366/84 3414/3321/84 3465/3367/84
f 3453/3372/380 3410/3318/394 3407/3419/393
f 3465/3367/84 3411/3316/84 3459/3370/84
f 3492/3411/84 3426/3333/84 3491/3395/84
f 3496/3421/84 3430/3336/84 3495/3398/84
f 3495/3398/84 3427/3331/84 3492/3411/84
f 3470/3387/336 3446/3350/320 3469/3388/336
f 3472/3389/336 3450/3353/320 3471/3390/336
f 3471/3390/336 3447/3348/320 3470/3387/336
f 3418/3327/84 3403/3422/84 3405/3313/84
f 3426/3333/84 3413/3323/84 3415/3319/84
f 3424/3332/84 3405/3313/84 3413/3323/84
f 3490/3406/386 3463/3364/320 3489/3407/336
f 3468/3374/84 3491/3395/84 3466/3366/84
f 3490/3406/386 3468/3374/383 3464/3362/377
f 3454/3360/316 3439/3423/329 3441/3344/316
f 3443/3424/330 3454/3360/316 3441/3344/316
f 3463/3364/320 3449/3355/323 3451/3351/320
f 3461/3363/323 3443/3424/330 3449/3355/323
f 3501/3402/331 3478/3425/344 3480/3378/331
f 3507/3405/334 3486/3392/338 3488/3384/334
f 3505/3404/338 3480/3378/331 3486/3392/338
f 3478/3425/344 3489/3407/336 3472/3389/336
f 3489/3407/336 3451/3351/320 3472/3389/336
f 3439/3423/329 3406/3420/345 3397/3417/345
f 3491/3395/84 3415/3319/84 3466/3366/84
f 3195/3122/301 3007/2928/296 3006/2929/296
f 3201/3127/301 3009/2930/296 3008/2931/296
f 3196/3121/301 3008/2931/296 3007/2928/296
f 3223/3147/301 3011/2932/296 3010/2933/296
f 3229/3152/301 3013/2934/296 3012/2935/296
f 3224/3146/301 3012/2935/296 3011/2932/296
f 3202/3126/301 3010/2933/296 3009/2930/296
f 3251/3175/301 3110/3044/296 3109/3045/296
f 3257/3180/301 3112/3046/296 3111/3047/296
f 3252/3174/301 3111/3047/296 3110/3044/296
f 3279/3200/301 3122/3049/365 3121/3050/296
f 3285/3203/84 3126/3034/84 3125/3036/84
f 3290/3221/84 3129/3039/84 3289/3205/84
f 3280/3199/368 3125/3036/366 3122/3049/365
f 3289/3205/84 3126/3034/84 3286/3202/84
f 3258/3179/301 3121/3050/296 3112/3046/296
f 3399/3324/84 3173/3093/84 3398/3311/84
f 3403/3422/84 3177/3096/84 3402/3314/84
f 3402/3314/84 3174/3091/84 3399/3324/84
f 3417/3339/84 3189/3108/84 3416/3326/84
f 3421/3426/84 3193/3111/84 3420/3329/84
f 3420/3329/84 3190/3106/84 3417/3339/84
f 3416/3326/84 3178/3094/84 3403/3422/84
f 3307/3299/345 3215/3130/303 3306/3300/345
f 3309/3301/345 3221/3135/303 3308/3302/345
f 3308/3302/345 3216/3128/303 3307/3299/345
f 3311/3303/345 3243/3155/303 3310/3304/345
f 3313/3305/345 3249/3160/303 3312/3306/345
f 3312/3306/345 3244/3153/303 3311/3303/345
f 3310/3304/345 3222/3133/303 3309/3301/345
f 3133/3057/84 3061/3427/84 3063/2982/84
f 3141/3063/84 3069/2992/84 3071/2988/84
f 3139/3062/84 3063/2982/84 3069/2992/84
f 3165/3087/84 3118/3043/84 3120/3031/84
f 3173/3093/84 3128/3041/84 3130/3037/84
f 3171/3092/84 3120/3031/84 3128/3041/84
f 3163/3086/84 3071/2988/84 3118/3043/84
f 3395/3415/345 3271/3183/303 3394/3416/345
f 3397/3417/345 3277/3188/303 3396/3418/345
f 3396/3418/345 3272/3181/303 3395/3415/345
f 3407/3419/393 3300/3209/303 3406/3420/345
f 3400/3312/84 3290/3221/84 3292/3204/84
f 3305/3218/84 3408/3317/84 3303/3213/84
f 3410/3318/394 3301/3207/369 3407/3419/393
f 3408/3317/84 3292/3204/84 3303/3213/84
f 3406/3420/345 3278/3186/303 3397/3417/345
f 2953/2886/272 3014/2941/268 2951/2877/268
f 2961/3428/280 3022/2947/270 2959/2883/270
f 3030/2954/273 2961/3428/280 2965/2889/273
f 2959/2883/270 3016/2939/272 2953/2886/272
f 2993/2925/288 3072/2996/282 2991/2914/282
f 3082/3002/284 3001/3429/294 3003/2920/284
f 3005/3430/295 3082/3002/284 3003/2920/284
f 3001/3429/294 3074/2994/288 2993/2925/288
f 3109/3045/296 3005/3430/295 3013/2934/296
f 2991/2914/282 3030/2954/273 2965/2889/273
f 3255/3173/299 3232/3431/314 3234/3148/299
f 3232/3431/314 3251/3175/301 3230/3151/301
f 3271/3183/303 3248/3432/315 3250/3158/303
f 3248/3432/315 3267/3185/306 3246/3161/306
f 3267/3185/306 3238/3433/307 3246/3161/306
f 3238/3433/307 3255/3173/299 3234/3148/299
f 3434/3342/316 3341/3434/329 3343/3247/316
f 3345/3435/330 3434/3342/316 3343/3247/316
f 3446/3350/320 3351/3258/323 3353/3254/320
f 3444/3349/323 3345/3435/330 3351/3258/323
f 3475/3377/331 3383/3436/344 3385/3283/331
f 3483/3383/334 3391/3297/338 3393/3289/334
f 3481/3382/338 3385/3283/331 3391/3297/338
f 3383/3436/344 3469/3388/336 3377/3294/336
f 3469/3388/336 3353/3254/320 3377/3294/336
f 3341/3434/329 3394/3416/345 3313/3305/345
f 3394/3416/345 3250/3158/303 3313/3305/345
f 3230/3151/301 3109/3045/296 3013/2934/296
f 3398/3311/84 3130/3037/84 3290/3221/84
f 3512/3437/1 3513/3438/1 3511/3439/1
f 3516/3440/1 3517/3441/1 3515/3442/1
f 3520/3443/1 3521/3444/1 3519/3445/1
f 3524/3446/1 3525/3447/1 3523/3448/1
f 3514/3449/1 3519/3445/1 3513/3438/1
f 3518/3450/1 3523/3448/1 3517/3441/1
f 3515/3442/1 3514/3449/1 3512/3437/1
f 3523/3448/1 3522/3451/1 3520/3443/1
f 3517/3441/1 3520/3443/1 3514/3449/1
f 3528/3452/1 3529/3453/1 3527/3454/1
f 3532/3455/1 3533/3456/1 3531/3457/1
f 3536/3458/1 3537/3459/1 3535/3460/1
f 3540/3461/1 3541/3462/1 3539/3463/1
f 3530/3464/1 3535/3460/1 3529/3453/1
f 3534/3465/1 3539/3463/1 3533/3456/1
f 3531/3457/1 3530/3464/1 3528/3452/1
f 3539/3463/1 3538/3466/1 3536/3458/1
f 3533/3456/1 3536/3458/1 3530/3464/1
f 3544/3467/1 3545/3468/1 3543/3469/1
f 3548/3470/1 3549/3471/1 3547/3472/1
f 3552/3473/1 3553/3474/1 3551/3475/1
f 3556/3476/1 3557/3477/1 3555/3478/1
f 3546/3479/1 3551/3475/1 3545/3468/1
f 3550/3480/1 3555/3478/1 3549/3471/1
f 3547/3472/1 3546/3479/1 3544/3467/1
f 3555/3478/1 3554/3481/1 3552/3473/1
f 3549/3471/1 3552/3473/1 3546/3479/1
f 3560/3482/1 3561/3483/1 3559/3484/1
f 3564/3485/1 3565/3486/1 3563/3487/1
f 3568/3488/1 3569/3489/1 3567/3490/1
f 3572/3491/1 3573/3492/1 3571/3484/1
f 3562/3484/1 3567/3490/1 3561/3483/1
f 3566/3493/1 3571/3484/1 3565/3486/1
f 3563/3487/1 3562/3484/1 3560/3482/1
f 3571/3484/1 3570/3494/1 3568/3488/1
f 3565/3486/1 3568/3488/1 3562/3484/1
f 3522/3451/1 3543/3469/1 3521/3444/1
f 3526/3448/1 3547/3472/1 3525/3447/1
f 3525/3447/1 3544/3467/1 3522/3451/1
f 3538/3466/1 3559/3484/1 3537/3459/1
f 3542/3495/1 3563/3487/1 3541/3462/1
f 3541/3462/1 3560/3482/1 3538/3466/1
f 3527/3454/1 3518/3450/1 3516/3440/1
f 3535/3460/1 3526/3448/1 3524/3446/1
f 3529/3453/1 3524/3446/1 3518/3450/1
f 3559/3484/1 3550/3480/1 3548/3470/1
f 3567/3490/1 3558/3496/1 3556/3476/1
f 3561/3483/1 3556/3476/1 3550/3480/1
f 3537/3459/1 3548/3470/1 3526/3448/1
f 3576/3497/1 3577/3498/1 3575/3499/1
f 3580/3500/1 3581/3501/1 3579/3502/1
f 3584/3503/1 3585/3504/1 3583/3505/1
f 3588/3506/1 3589/3461/1 3587/3507/1
f 3578/3508/1 3583/3505/1 3577/3498/1
f 3582/3509/1 3587/3507/1 3581/3501/1
f 3579/3502/1 3578/3508/1 3576/3497/1
f 3587/3507/1 3586/3510/1 3584/3503/1
f 3581/3501/1 3584/3503/1 3578/3508/1
f 3592/3511/1 3593/3512/1 3591/3513/1
f 3600/3514/395 3597/3515/396 3598/3516/396
f 3602/3517/1 3603/3518/1 3601/3465/1
f 3612/3519/397 3609/3520/398 3610/3521/399
f 3594/3522/1 3601/3465/1 3593/3512/1
f 3610/3521/399 3599/3523/400 3600/3514/395
f 3592/3511/1 3596/3524/1 3594/3522/1
f 3602/3517/1 3608/3525/1 3604/3526/1
f 3612/3519/397 3605/3527/401 3611/3528/402
f 3599/3523/400 3595/3529/403 3597/3515/396
f 3609/3520/398 3608/3525/404 3607/3530/405
f 3611/3528/402 3604/3526/406 3608/3525/404
f 3609/3520/398 3596/3524/407 3599/3523/400
f 3594/3522/1 3607/3530/1 3602/3517/1
f 3616/3531/395 3613/3532/396 3614/3533/396
f 3620/3534/395 3617/3535/396 3618/3536/396
f 3628/3537/397 3625/3538/399 3626/3539/399
f 3632/3540/397 3629/3541/399 3630/3542/399
f 3626/3539/399 3615/3543/395 3616/3531/395
f 3630/3542/399 3619/3544/395 3620/3534/395
f 3628/3537/397 3621/3545/408 3627/3546/397
f 3632/3540/397 3623/3547/408 3631/3548/397
f 3619/3544/395 3614/3533/396 3617/3535/396
f 3631/3548/397 3626/3539/399 3629/3541/399
f 3631/3548/397 3622/3549/408 3628/3537/397
f 3629/3541/399 3616/3531/395 3619/3544/395
f 3634/3550/1 3635/3551/1 3633/3552/1
f 3638/3553/1 3639/3554/1 3637/3555/1
f 3642/3556/1 3643/3557/1 3641/3558/1
f 3646/3559/1 3647/3560/1 3645/3561/1
f 3636/3562/1 3641/3558/1 3635/3551/1
f 3640/3563/1 3645/3561/1 3639/3554/1
f 3637/3555/1 3636/3562/1 3634/3550/1
f 3645/3561/1 3644/3564/1 3642/3556/1
f 3639/3554/1 3642/3556/1 3636/3562/1
f 3655/3565/1 3658/3566/1 3657/3567/1
f 3662/3568/409 3659/3569/410 3660/3570/411
f 3669/3571/412 3666/3572/413 3668/3573/414
f 3671/3574/415 3666/3572/413 3667/3575/416
f 3657/3567/1 3664/3576/1 3663/3577/1
f 3669/3571/412 3661/3578/417 3662/3568/409
f 3661/3578/417 3656/3579/418 3659/3569/410
f 3668/3573/414 3663/3577/419 3664/3576/420
f 3666/3572/413 3665/3580/421 3663/3577/419
f 3668/3573/414 3658/3566/422 3661/3578/417
f 3675/3581/409 3672/3582/411 3673/3583/411
f 3679/3584/409 3676/3585/411 3677/3586/411
f 3683/3587/412 3680/3588/416 3682/3589/412
f 3685/3590/415 3680/3588/416 3681/3591/416
f 3689/3592/412 3686/3593/416 3688/3594/412
f 3691/3595/415 3686/3593/416 3687/3596/416
f 3683/3587/412 3674/3597/409 3675/3581/409
f 3689/3592/412 3678/3598/409 3679/3584/409
f 3678/3598/409 3673/3583/411 3676/3585/411
f 3688/3594/412 3681/3591/416 3683/3587/412
f 3690/3599/415 3681/3591/416 3686/3593/416
f 3688/3594/412 3675/3581/409 3678/3598/409
f 3586/3510/1 3633/3552/1 3585/3504/1
f 3590/3600/1 3637/3555/1 3589/3461/1
f 3589/3461/1 3634/3550/1 3586/3510/1
f 3603/3518/1 3656/3579/1 3655/3565/1
f 3660/3570/411 3605/3527/401 3606/3601/408
f 3605/3527/401 3656/3579/418 3604/3526/406
f 3673/3583/411 3621/3545/408 3622/3549/408
f 3677/3586/411 3623/3547/408 3624/3602/408
f 3676/3585/411 3622/3549/408 3623/3547/408
f 3591/3513/1 3582/3509/1 3580/3500/1
f 3601/3465/1 3590/3600/1 3588/3506/1
f 3593/3512/1 3588/3506/1 3582/3509/1
f 3655/3565/1 3640/3563/1 3638/3553/1
f 3646/3559/1 3665/3580/1 3648/3603/1
f 3671/3574/415 3649/3604/423 3670/3605/424
f 3670/3605/424 3648/3603/425 3665/3580/421
f 3657/3567/1 3646/3559/1 3640/3563/1
f 3685/3590/415 3651/3606/426 3684/3607/415
f 3691/3595/415 3653/3608/426 3690/3599/415
f 3690/3599/415 3652/3609/426 3685/3590/415
f 3615/3543/395 3598/3516/396 3613/3532/396
f 3627/3546/397 3610/3521/399 3625/3538/399
f 3627/3546/397 3606/3601/408 3612/3519/397
f 3625/3538/399 3600/3514/395 3615/3543/395
f 3674/3597/409 3660/3570/411 3672/3582/411
f 3682/3589/412 3667/3575/416 3669/3571/412
f 3684/3607/415 3667/3575/416 3680/3588/416
f 3682/3589/412 3662/3568/409 3674/3597/409
f 3684/3607/415 3650/3610/426 3671/3574/415
f 3672/3582/411 3606/3601/408 3621/3545/408
f 3603/3518/1 3638/3553/1 3590/3600/1
f 3695/3611/395 3692/3612/396 3693/3613/396
f 3699/3614/395 3696/3615/396 3697/3616/396
f 3707/3617/397 3704/3618/399 3705/3619/399
f 3711/3620/397 3708/3621/399 3709/3622/399
f 3705/3619/399 3694/3623/395 3695/3611/395
f 3709/3622/399 3698/3624/395 3699/3614/395
f 3707/3617/397 3700/3625/408 3706/3626/397
f 3711/3620/397 3702/3627/408 3710/3628/397
f 3698/3624/395 3693/3613/396 3696/3615/396
f 3710/3628/397 3705/3619/399 3708/3621/399
f 3710/3628/397 3701/3629/408 3707/3617/397
f 3708/3621/399 3695/3611/395 3698/3624/395
f 3715/3630/395 3712/3631/396 3713/3632/396
f 3719/3633/395 3716/3634/396 3717/3635/396
f 3727/3636/397 3724/3637/399 3725/3638/399
f 3731/3639/397 3728/3640/399 3729/3641/399
f 3725/3638/399 3714/3642/395 3715/3630/395
f 3729/3641/399 3718/3643/395 3719/3633/395
f 3727/3636/397 3720/3644/408 3726/3645/397
f 3731/3639/397 3722/3646/408 3730/3647/397
f 3718/3643/395 3713/3632/396 3716/3634/396
f 3730/3647/397 3725/3638/399 3728/3640/399
f 3730/3647/397 3721/3648/408 3727/3636/397
f 3728/3640/399 3715/3630/395 3718/3643/395
f 3743/3649/409 3740/3650/411 3741/3651/411
f 3747/3652/409 3744/3653/411 3745/3654/411
f 3751/3655/412 3748/3656/416 3750/3657/412
f 3753/3658/415 3748/3656/416 3749/3659/416
f 3757/3660/412 3754/3661/416 3756/3662/412
f 3759/3663/415 3754/3661/416 3755/3664/416
f 3751/3655/412 3742/3665/409 3743/3649/409
f 3757/3660/412 3746/3666/409 3747/3652/409
f 3746/3666/409 3741/3651/411 3744/3653/411
f 3756/3662/412 3749/3659/416 3751/3655/412
f 3758/3667/415 3749/3659/416 3754/3661/416
f 3756/3662/412 3743/3649/409 3746/3666/409
f 3763/3668/409 3760/3669/411 3761/3670/411
f 3767/3671/409 3764/3672/411 3765/3673/411
f 3771/3674/412 3768/3675/416 3770/3676/412
f 3773/3677/415 3768/3675/416 3769/3678/416
f 3777/3679/412 3774/3680/416 3776/3681/412
f 3779/3682/415 3774/3680/416 3775/3683/416
f 3771/3674/412 3762/3684/409 3763/3668/409
f 3777/3679/412 3766/3685/409 3767/3671/409
f 3766/3685/409 3761/3670/411 3764/3672/411
f 3776/3681/412 3769/3678/416 3771/3674/412
f 3778/3686/415 3769/3678/416 3774/3680/416
f 3776/3681/412 3763/3668/409 3766/3685/409
f 3741/3651/411 3700/3625/408 3701/3629/408
f 3745/3654/411 3702/3627/408 3703/3687/408
f 3744/3653/411 3701/3629/408 3702/3627/408
f 3761/3670/411 3720/3644/408 3721/3648/408
f 3765/3673/411 3722/3646/408 3723/3688/408
f 3764/3672/411 3721/3648/408 3722/3646/408
f 3753/3658/415 3732/3689/426 3752/3690/415
f 3759/3663/415 3734/3691/426 3758/3667/415
f 3758/3667/415 3733/3692/426 3753/3658/415
f 3773/3677/415 3736/3693/426 3772/3694/415
f 3779/3682/415 3738/3695/426 3778/3686/415
f 3778/3686/415 3737/3696/426 3773/3677/415
f 3714/3642/395 3697/3616/396 3712/3631/396
f 3726/3645/397 3709/3622/399 3724/3637/399
f 3726/3645/397 3703/3687/408 3711/3620/397
f 3724/3637/399 3699/3614/395 3714/3642/395
f 3762/3684/409 3745/3654/411 3760/3669/411
f 3770/3676/412 3755/3664/416 3757/3660/412
f 3772/3694/415 3755/3664/416 3768/3675/416
f 3770/3676/412 3747/3652/409 3762/3684/409
f 3772/3694/415 3735/3697/426 3759/3663/415
f 3760/3669/411 3703/3687/408 3720/3644/408
f 3781/3698/1 3782/3699/1 3780/3700/1
f 3785/3701/1 3786/3702/1 3784/3703/1
f 3789/3704/1 3790/3705/1 3788/3706/1
f 3793/3477/1 3794/3707/1 3792/3708/1
f 3783/3709/1 3788/3706/1 3782/3699/1
f 3787/3710/1 3792/3708/1 3786/3702/1
f 3784/3703/1 3783/3709/1 3781/3698/1
f 3792/3708/1 3791/3711/1 3789/3704/1
f 3786/3702/1 3789/3704/1 3783/3709/1
f 3797/3712/1 3798/3713/1 3796/3714/1
f 3801/3715/1 3802/3716/1 3800/3717/1
f 3805/3718/1 3806/3719/1 3804/3720/1
f 3809/3721/1 3810/3722/1 3808/3723/1
f 3799/3724/1 3804/3720/1 3798/3713/1
f 3803/3725/1 3808/3723/1 3802/3716/1
f 3800/3717/1 3799/3724/1 3797/3712/1
f 3808/3723/1 3807/3726/1 3805/3718/1
f 3802/3716/1 3805/3718/1 3799/3724/1
f 3819/3727/1 3820/3728/1 3818/3729/1
f 3823/3730/1 3824/3731/1 3822/3481/1
f 3833/3732/427 3830/3733/428 3832/3734/429
f 3839/3735/430 3836/3736/431 3838/3737/432
f 3820/3728/1 3829/3738/1 3828/3739/1
f 3824/3731/1 3835/3740/1 3834/3741/1
f 3839/3735/430 3826/3742/433 3827/3743/434
f 3822/3481/1 3821/3744/1 3819/3727/1
f 3837/3745/435 3832/3734/429 3836/3736/431
f 3832/3734/429 3828/3739/436 3829/3738/437
f 3835/3740/438 3836/3736/431 3834/3741/439
f 3836/3736/431 3829/3738/437 3834/3741/439
f 3838/3737/432 3825/3746/440 3826/3742/433
f 3821/3744/1 3834/3741/1 3829/3738/1
f 3847/3747/427 3844/3748/428 3846/3749/427
f 3851/3750/427 3848/3751/428 3850/3752/427
f 3855/3753/430 3852/3754/435 3854/3755/430
f 3859/3756/430 3856/3757/435 3858/3758/430
f 3855/3753/430 3840/3759/434 3841/3760/434
f 3859/3756/430 3842/3761/434 3843/3762/434
f 3853/3763/435 3846/3749/427 3852/3754/435
f 3857/3764/435 3850/3752/427 3856/3757/435
f 3850/3752/427 3845/3765/428 3847/3747/427
f 3858/3758/430 3853/3763/435 3855/3753/430
f 3856/3757/435 3847/3747/427 3853/3763/435
f 3858/3758/430 3841/3760/434 3842/3761/434
f 3860/3766/1 3863/3767/1 3862/3768/1
f 3867/3769/441 3864/3770/442 3866/3771/443
f 3874/3772/444 3871/3773/445 3873/3774/446
f 3876/3775/447 3871/3773/445 3872/3776/448
f 3861/3777/1 3870/3778/1 3863/3767/1
f 3876/3775/447 3866/3771/443 3875/3779/449
f 3866/3771/443 3862/3768/450 3863/3767/451
f 3869/3780/452 3871/3773/445 3868/3781/453
f 3875/3779/449 3868/3781/453 3871/3773/445
f 3875/3779/449 3863/3767/451 3870/3778/454
f 3880/3782/441 3877/3783/455 3879/3784/441
f 3884/3785/441 3881/3786/455 3883/3787/441
f 3888/3788/444 3885/3789/448 3887/3790/444
f 3890/3791/447 3885/3789/448 3886/3792/448
f 3894/3793/444 3891/3794/448 3893/3795/444
f 3896/3796/447 3891/3794/448 3892/3797/448
f 3890/3791/447 3879/3784/441 3889/3798/447
f 3896/3796/447 3883/3787/441 3895/3799/447
f 3883/3787/441 3878/3800/455 3880/3782/441
f 3893/3795/444 3886/3792/448 3888/3788/444
f 3895/3799/447 3886/3792/448 3891/3794/448
f 3895/3799/447 3880/3782/441 3890/3791/447
f 3791/3711/1 3818/3729/1 3790/3705/1
f 3795/3801/1 3822/3481/1 3794/3707/1
f 3794/3707/1 3819/3727/1 3791/3711/1
f 3807/3726/1 3860/3766/1 3806/3719/1
f 3810/3722/1 3869/3780/1 3868/3781/1
f 3874/3772/444 3812/3802/456 3813/3803/457
f 3873/3774/446 3811/3804/458 3812/3802/456
f 3810/3722/1 3861/3777/1 3807/3726/1
f 3888/3788/444 3814/3805/457 3815/3806/457
f 3894/3793/444 3816/3807/457 3817/3808/457
f 3893/3795/444 3815/3806/457 3816/3807/457
f 3796/3714/1 3787/3710/1 3785/3701/1
f 3804/3720/1 3795/3801/1 3793/3477/1
f 3798/3713/1 3793/3477/1 3787/3710/1
f 3823/3730/1 3862/3768/1 3825/3746/1
f 3865/3809/455 3826/3742/433 3864/3770/442
f 3862/3768/450 3826/3742/433 3825/3746/440
f 3878/3800/455 3840/3759/434 3877/3783/455
f 3882/3810/455 3842/3761/434 3881/3786/455
f 3881/3786/455 3841/3760/434 3878/3800/455
f 3846/3749/427 3831/3811/428 3833/3732/427
f 3854/3755/430 3837/3745/435 3839/3735/430
f 3852/3754/435 3833/3732/427 3837/3745/435
f 3854/3755/430 3827/3743/434 3840/3759/434
f 3879/3784/441 3865/3809/455 3867/3769/441
f 3887/3790/444 3872/3776/448 3874/3772/444
f 3889/3798/447 3872/3776/448 3885/3789/448
f 3889/3798/447 3867/3769/441 3876/3775/447
f 3877/3783/455 3827/3743/434 3865/3809/455
f 3887/3790/444 3813/3803/457 3814/3805/457
f 3806/3719/1 3823/3730/1 3795/3801/1
f 3912/3812/427 3909/3813/428 3911/3814/427
f 3916/3815/427 3913/3816/428 3915/3817/427
f 3920/3818/430 3917/3819/435 3919/3820/430
f 3924/3821/430 3921/3822/435 3923/3823/430
f 3920/3818/430 3905/3824/434 3906/3825/434
f 3924/3821/430 3907/3826/434 3908/3827/434
f 3918/3828/435 3911/3814/427 3917/3819/435
f 3922/3829/435 3915/3817/427 3921/3822/435
f 3915/3817/427 3910/3830/428 3912/3812/427
f 3923/3823/430 3918/3828/435 3920/3818/430
f 3921/3822/435 3912/3812/427 3918/3828/435
f 3923/3823/430 3906/3825/434 3907/3826/434
f 3932/3831/427 3929/3832/428 3931/3833/427
f 3936/3834/427 3933/3835/428 3935/3836/427
f 3940/3837/430 3937/3838/435 3939/3839/430
f 3944/3840/430 3941/3841/435 3943/3842/430
f 3940/3837/430 3925/3843/434 3926/3844/434
f 3944/3840/430 3927/3845/434 3928/3846/434
f 3938/3847/435 3931/3833/427 3937/3838/435
f 3942/3848/435 3935/3836/427 3941/3841/435
f 3935/3836/427 3930/3849/428 3932/3831/427
f 3943/3842/430 3938/3847/435 3940/3837/430
f 3941/3841/435 3932/3831/427 3938/3847/435
f 3943/3842/430 3926/3844/434 3927/3845/434
f 3948/3850/441 3945/3851/455 3947/3852/441
f 3952/3853/441 3949/3854/455 3951/3855/441
f 3956/3856/444 3953/3857/448 3955/3858/444
f 3958/3859/447 3953/3857/448 3954/3860/448
f 3962/3861/444 3959/3862/448 3961/3863/444
f 3964/3864/447 3959/3862/448 3960/3865/448
f 3958/3859/447 3947/3852/441 3957/3866/447
f 3964/3864/447 3951/3855/441 3963/3867/447
f 3951/3855/441 3946/3868/455 3948/3850/441
f 3961/3863/444 3954/3860/448 3956/3856/444
f 3963/3867/447 3954/3860/448 3959/3862/448
f 3963/3867/447 3948/3850/441 3958/3859/447
f 3968/3869/441 3965/3870/455 3967/3871/441
f 3972/3872/441 3969/3873/455 3971/3874/441
f 3976/3875/444 3973/3876/448 3975/3877/444
f 3978/3878/447 3973/3876/448 3974/3879/448
f 3982/3880/444 3979/3881/448 3981/3882/444
f 3984/3883/447 3979/3881/448 3980/3884/448
f 3978/3878/447 3967/3871/441 3977/3885/447
f 3984/3883/447 3971/3874/441 3983/3886/447
f 3971/3874/441 3966/3887/455 3968/3869/441
f 3981/3882/444 3974/3879/448 3976/3875/444
f 3983/3886/447 3974/3879/448 3979/3881/448
f 3983/3886/447 3968/3869/441 3978/3878/447
f 3956/3856/444 3897/3888/457 3898/3889/457
f 3962/3861/444 3899/3890/457 3900/3891/457
f 3961/3863/444 3898/3889/457 3899/3890/457
f 3976/3875/444 3901/3892/457 3902/3893/457
f 3982/3880/444 3903/3894/457 3904/3895/457
f 3981/3882/444 3902/3893/457 3903/3894/457
f 3946/3868/455 3905/3824/434 3945/3851/455
f 3950/3896/455 3907/3826/434 3949/3854/455
f 3949/3854/455 3906/3825/434 3946/3868/455
f 3966/3887/455 3925/3843/434 3965/3870/455
f 3970/3897/455 3927/3845/434 3969/3873/455
f 3969/3873/455 3926/3844/434 3966/3887/455
f 3931/3833/427 3914/3898/428 3916/3815/427
f 3939/3839/430 3922/3829/435 3924/3821/430
f 3937/3838/435 3916/3815/427 3922/3829/435
f 3939/3839/430 3908/3827/434 3925/3843/434
f 3967/3871/441 3950/3896/455 3952/3853/441
f 3975/3877/444 3960/3865/448 3962/3861/444
f 3977/3885/447 3960/3865/448 3973/3876/448
f 3977/3885/447 3952/3853/441 3964/3864/447
f 3965/3870/455 3908/3827/434 3950/3896/455
f 3975/3877/444 3900/3891/457 3901/3892/457
f 3986/3899/1 3987/3900/1 3985/3484/1
f 3989/3901/1 3992/3902/1 3991/3903/1
f 3998/3904/459 3995/3905/460 3997/3906/461
f 3998/3904/459 3993/3907/462 3994/3908/463
f 3999/3909/1 4002/3910/1 4001/3911/1
f 4008/3912/464 4005/3913/465 4007/3914/466
f 4008/3912/464 4003/3915/467 4004/3916/467
f 3988/3917/1 3999/3909/1 3987/3900/1
f 4011/3918/468 3995/3905/460 3996/3919/460
f 3989/3901/1 3988/3917/1 3986/3899/1
f 4011/3918/468 4003/3915/467 4010/3920/468
f 3997/3906/461 3991/3903/469 3992/3902/470
f 3997/3906/461 3990/3921/471 3993/3907/462
f 4007/3914/466 4001/3911/472 4002/3910/473
f 4007/3914/466 4000/3922/474 4003/3915/467
f 4010/3920/468 4000/3922/474 4009/3917/468
f 4010/3920/468 3991/3903/469 3995/3905/460
f 3988/3917/1 4009/3917/1 4000/3922/1
f 4017/3923/459 4014/3924/460 4016/3925/459
f 4017/3923/459 4012/3926/463 4013/3927/463
f 4023/3928/459 4020/3929/460 4022/3930/459
f 4023/3928/459 4018/3931/463 4019/3932/463
f 4029/3933/464 4026/3934/475 4028/3935/464
f 4029/3933/464 4024/3936/467 4025/3937/467
f 4035/3938/464 4032/3939/475 4034/3940/464
f 4035/3938/464 4030/3941/467 4031/3942/467
f 4037/3943/468 4014/3924/460 4015/3944/460
f 4039/3945/468 4020/3929/460 4021/3946/460
f 4037/3943/468 4024/3936/467 4036/3947/468
f 4039/3945/468 4030/3941/467 4038/3948/468
f 4022/3930/459 4015/3944/460 4017/3923/459
f 4022/3930/459 4013/3927/463 4018/3931/463
f 4034/3940/464 4027/3949/475 4029/3933/464
f 4034/3940/464 4025/3937/467 4030/3941/467
f 4038/3948/468 4025/3937/467 4037/3943/468
f 4038/3948/468 4015/3944/460 4020/3929/460
f 4016/3925/459 3996/3919/460 3998/3904/459
f 4016/3925/459 3994/3908/463 4012/3926/463
f 4028/3935/464 4006/3950/475 4008/3912/464
f 4028/3935/464 4004/3916/467 4024/3936/467
f 4036/3947/468 4004/3916/467 4011/3918/468
f 4036/3947/468 3996/3919/460 4014/3924/460
f 4045/3951/459 4042/3952/460 4044/3953/459
f 4045/3951/459 4040/3954/463 4041/3955/463
f 4051/3956/459 4048/3957/460 4050/3958/459
f 4051/3956/459 4046/3959/463 4047/3960/463
f 4057/3961/464 4054/3962/475 4056/3963/464
f 4057/3961/464 4052/3964/467 4053/3965/467
f 4063/3966/464 4060/3967/475 4062/3968/464
f 4063/3966/464 4058/3969/467 4059/3970/467
f 4065/3971/468 4042/3952/460 4043/3972/460
f 4067/3973/468 4048/3957/460 4049/3974/460
f 4065/3971/468 4052/3964/467 4064/3975/468
f 4067/3973/468 4058/3969/467 4066/3976/468
f 4050/3958/459 4043/3972/460 4045/3951/459
f 4050/3958/459 4041/3955/463 4046/3959/463
f 4062/3968/464 4055/3977/475 4057/3961/464
f 4062/3968/464 4053/3965/467 4058/3969/467
f 4066/3976/468 4053/3965/467 4065/3971/468
f 4066/3976/468 4043/3972/460 4048/3957/460
f 4073/3978/459 4070/3979/460 4072/3980/459
f 4073/3978/459 4068/3981/463 4069/3982/463
f 4079/3983/459 4076/3984/460 4078/3985/459
f 4079/3983/459 4074/3986/463 4075/3987/463
f 4085/3988/464 4082/3989/475 4084/3990/464
f 4085/3988/464 4080/3991/467 4081/3992/467
f 4091/3993/464 4088/3994/475 4090/3995/464
f 4091/3993/464 4086/3996/467 4087/3997/467
f 4093/3998/468 4070/3979/460 4071/3999/460
f 4095/4000/468 4076/3984/460 4077/4001/460
f 4093/3998/468 4080/3991/467 4092/4002/468
f 4095/4000/468 4086/3996/467 4094/4003/468
f 4078/3985/459 4071/3999/460 4073/3978/459
f 4078/3985/459 4069/3982/463 4074/3986/463
f 4090/3995/464 4083/4004/475 4085/3988/464
f 4090/3995/464 4081/3992/467 4086/3996/467
f 4094/4003/468 4081/3992/467 4093/3998/468
f 4094/4003/468 4071/3999/460 4076/3984/460
f 4072/3980/459 4049/3974/460 4051/3956/459
f 4072/3980/459 4047/3960/463 4068/3981/463
f 4084/3990/464 4061/4005/475 4063/3966/464
f 4084/3990/464 4059/3970/467 4080/3991/467
f 4092/4002/468 4059/3970/467 4067/3973/468
f 4092/4002/468 4049/3974/460 4070/3979/460
f 3554/3481/1 3780/3700/1 3553/3474/1
f 3558/3496/1 3784/3703/1 3557/3477/1
f 3557/3477/1 3781/3698/1 3554/3481/1
f 3570/3494/1 3796/3714/1 3569/3489/1
f 3574/3484/1 3800/3717/1 3573/3492/1
f 3573/3492/1 3797/3712/1 3570/3494/1
f 3569/3489/1 3785/3701/1 3558/3496/1
f 3644/3564/1 3985/3484/1 3643/3557/1
f 3647/3560/1 3990/3921/1 3989/3901/1
f 3994/3908/463 3649/3604/423 3650/3610/426
f 3993/3907/462 3648/3603/425 3649/3604/423
f 3647/3560/1 3986/3899/1 3644/3564/1
f 4013/3927/463 3651/3606/426 3652/3609/426
f 4019/3932/463 3653/3608/426 3654/4006/426
f 4018/3931/463 3652/3609/426 3653/3608/426
f 4012/3926/463 3650/3610/426 3651/3606/426
f 4041/3955/463 3732/3689/426 3733/3692/426
f 4047/3960/463 3734/3691/426 3735/3697/426
f 4046/3959/463 3733/3692/426 3734/3691/426
f 4069/3982/463 3736/3693/426 3737/3696/426
f 4075/3987/463 3738/3695/426 3739/4007/426
f 4074/3986/463 3737/3696/426 3738/3695/426
f 4068/3981/463 3735/3697/426 3736/3693/426
f 3575/3499/1 3534/3465/1 3532/3455/1
f 3583/3505/1 3542/3495/1 3540/3461/1
f 3577/3498/1 3540/3461/1 3534/3465/1
f 3633/3552/1 3566/3493/1 3564/3485/1
f 3641/3558/1 3574/3484/1 3572/3491/1
f 3635/3551/1 3572/3491/1 3566/3493/1
f 3585/3504/1 3564/3485/1 3542/3495/1
f 3985/3484/1 3803/3725/1 3801/3715/1
f 3809/3721/1 4001/3911/1 3811/3804/1
f 4006/3950/475 3812/3802/456 4005/3913/465
f 4005/3913/465 3811/3804/458 4001/3911/472
f 3987/3900/1 3809/3721/1 3803/3725/1
f 4027/3949/475 3814/3805/457 4026/3934/475
f 4033/4008/475 3816/3807/457 4032/3939/475
f 4032/3939/475 3815/3806/457 4027/3949/475
f 4026/3934/475 3813/3803/457 4006/3950/475
f 4055/3977/475 3897/3888/457 4054/3962/475
f 4061/4005/475 3899/3890/457 4060/3967/475
f 4060/3967/475 3898/3889/457 4055/3977/475
f 4083/4004/475 3901/3892/457 4082/3989/475
f 4089/4009/475 3903/3894/457 4088/3994/475
f 4088/3994/475 3902/3893/457 4083/4004/475
f 4082/3989/475 3900/3891/457 4061/4005/475
f 3694/3623/395 3618/3536/396 3692/3612/396
f 3706/3626/397 3630/3542/399 3704/3618/399
f 3706/3626/397 3624/3602/408 3632/3540/397
f 3704/3618/399 3620/3534/395 3694/3623/395
f 3742/3665/409 3677/3586/411 3740/3650/411
f 3750/3657/412 3687/3596/416 3689/3592/412
f 3752/3690/415 3687/3596/416 3748/3656/416
f 3750/3657/412 3679/3584/409 3742/3665/409
f 3752/3690/415 3654/4006/426 3691/3595/415
f 3740/3650/411 3624/3602/408 3700/3625/408
f 3911/3814/427 3849/4010/428 3851/3750/427
f 3919/3820/430 3857/3764/435 3859/3756/430
f 3917/3819/435 3851/3750/427 3857/3764/435
f 3919/3820/430 3843/3762/434 3905/3824/434
f 3947/3852/441 3882/3810/455 3884/3785/441
f 3955/3858/444 3892/3797/448 3894/3793/444
f 3957/3866/447 3892/3797/448 3953/3857/448
f 3957/3866/447 3884/3785/441 3896/3796/447
f 3945/3851/455 3843/3762/434 3882/3810/455
f 3955/3858/444 3817/3808/457 3897/3888/457
f 4044/3953/459 4021/3946/460 4023/3928/459
f 4044/3953/459 4019/3932/463 4040/3954/463
f 4056/3963/464 4033/4008/475 4035/3938/464
f 4056/3963/464 4031/3942/467 4052/3964/467
f 4064/3975/468 4031/3942/467 4039/3945/468
f 4064/3975/468 4021/3946/460 4042/3952/460
f 4054/3962/475 3817/3808/457 4033/4008/475
f 4040/3954/463 3654/4006/426 3732/3689/426
f 3643/3557/1 3801/3715/1 3574/3484/1
f 4099/4011/84 4096/4012/84 4098/4013/84
f 4103/4014/84 4100/4015/84 4102/4016/84
f 4107/4017/84 4104/4018/84 4106/4019/84
f 4111/4020/84 4108/4020/84 4110/4021/84
f 4105/4022/84 4098/4013/84 4104/4018/84
f 4109/4023/84 4102/4016/84 4108/4020/84
f 4102/4016/84 4097/4024/84 4099/4011/84
f 4110/4021/84 4105/4022/84 4107/4017/84
f 4108/4020/84 4099/4011/84 4105/4022/84
f 4115/4025/84 4112/4026/84 4114/4024/84
f 4119/4027/84 4116/4028/84 4118/4029/84
f 4123/4030/84 4120/4031/84 4122/4032/84
f 4127/4033/84 4124/4034/84 4126/4035/84
f 4121/4036/84 4114/4024/84 4120/4031/84
f 4125/4037/84 4118/4029/84 4124/4034/84
f 4118/4029/84 4113/4038/84 4115/4025/84
f 4126/4035/84 4121/4036/84 4123/4030/84
f 4124/4034/84 4115/4025/84 4121/4036/84
f 4131/4039/84 4128/4040/84 4130/4041/84
f 4135/4042/84 4132/4043/84 4134/4044/84
f 4139/4045/84 4136/4046/84 4138/4047/84
f 4143/4048/84 4140/4049/84 4142/4050/84
f 4137/4051/84 4130/4041/84 4136/4046/84
f 4141/4052/84 4134/4044/84 4140/4049/84
f 4134/4044/84 4129/4053/84 4131/4039/84
f 4142/4050/84 4137/4051/84 4139/4045/84
f 4140/4049/84 4131/4039/84 4137/4051/84
f 4147/4054/84 4144/4054/84 4146/4055/84
f 4151/4056/84 4148/4057/84 4150/4058/84
f 4155/4059/84 4152/4060/84 4154/4061/84
f 4159/4054/84 4156/4054/84 4158/4062/84
f 4153/4063/84 4146/4055/84 4152/4060/84
f 4157/4064/84 4150/4058/84 4156/4054/84
f 4150/4058/84 4145/4065/84 4147/4054/84
f 4158/4062/84 4153/4063/84 4155/4059/84
f 4156/4054/84 4147/4054/84 4153/4063/84
f 4129/4053/84 4106/4019/84 4128/4040/84
f 4133/4066/84 4110/4021/84 4132/4043/84
f 4132/4043/84 4107/4017/84 4129/4053/84
f 4145/4065/84 4122/4032/84 4144/4054/84
f 4149/4067/84 4126/4035/84 4148/4057/84
f 4148/4057/84 4123/4030/84 4145/4065/84
f 4114/4024/84 4101/4068/84 4103/4014/84
f 4122/4032/84 4109/4023/84 4111/4020/84
f 4120/4031/84 4103/4014/84 4109/4023/84
f 4146/4055/84 4133/4066/84 4135/4042/84
f 4154/4061/84 4141/4052/84 4143/4048/84
f 4152/4060/84 4135/4042/84 4141/4052/84
f 4144/4054/84 4111/4020/84 4133/4066/84
f 4163/4069/395 4160/4070/396 4161/4071/396
f 4167/4072/395 4164/4073/396 4165/4074/396
f 4175/4075/397 4172/4076/399 4173/4077/399
f 4179/4078/397 4176/4079/399 4177/4080/399
f 4173/4077/399 4162/4081/395 4163/4069/395
f 4177/4080/399 4166/4082/395 4167/4072/395
f 4175/4075/397 4168/4083/408 4174/4084/397
f 4179/4078/397 4170/4085/408 4178/4086/397
f 4166/4082/395 4161/4071/396 4164/4073/396
f 4178/4086/397 4173/4077/399 4176/4079/399
f 4178/4086/397 4169/4087/408 4175/4075/397
f 4176/4079/399 4163/4069/395 4166/4082/395
f 4183/4088/395 4180/4089/396 4181/4090/396
f 4187/4091/395 4184/4092/396 4185/4093/396
f 4195/4094/397 4192/4095/399 4193/4096/399
f 4199/4097/397 4196/4098/399 4197/4099/399
f 4193/4096/399 4182/4100/395 4183/4088/395
f 4197/4099/399 4186/4101/395 4187/4091/395
f 4195/4094/397 4188/4102/408 4194/4103/397
f 4199/4097/397 4190/4104/408 4198/4105/397
f 4186/4101/395 4181/4090/396 4184/4092/396
f 4198/4105/397 4193/4096/399 4196/4098/399
f 4198/4105/397 4189/4106/408 4195/4094/397
f 4196/4098/399 4183/4088/395 4186/4101/395
f 4211/4107/409 4208/4108/411 4209/4109/411
f 4215/4110/409 4212/4111/411 4213/4112/411
f 4219/4113/412 4216/4114/416 4218/4115/412
f 4221/4116/415 4216/4114/416 4217/4117/416
f 4225/4118/412 4222/4119/416 4224/4120/412
f 4227/4121/415 4222/4119/416 4223/4122/416
f 4219/4113/412 4210/4123/409 4211/4107/409
f 4225/4118/412 4214/4124/409 4215/4110/409
f 4214/4124/409 4209/4109/411 4212/4111/411
f 4224/4120/412 4217/4117/416 4219/4113/412
f 4226/4125/415 4217/4117/416 4222/4119/416
f 4224/4120/412 4211/4107/409 4214/4124/409
f 4231/4126/409 4228/4127/411 4229/4128/411
f 4235/4129/409 4232/4130/411 4233/4131/411
f 4239/4132/412 4236/4133/416 4238/4134/412
f 4241/4135/415 4236/4133/416 4237/4136/416
f 4245/4137/412 4242/4138/416 4244/4139/412
f 4247/4140/415 4242/4138/416 4243/4141/416
f 4239/4132/412 4230/4142/409 4231/4126/409
f 4245/4137/412 4234/4143/409 4235/4129/409
f 4234/4143/409 4229/4128/411 4232/4130/411
f 4244/4139/412 4237/4136/416 4239/4132/412
f 4246/4144/415 4237/4136/416 4242/4138/416
f 4244/4139/412 4231/4126/409 4234/4143/409
f 4209/4109/411 4168/4083/408 4169/4087/408
f 4213/4112/411 4170/4085/408 4171/4145/408
f 4212/4111/411 4169/4087/408 4170/4085/408
f 4229/4128/411 4188/4102/408 4189/4106/408
f 4233/4131/411 4190/4104/408 4191/4146/408
f 4232/4130/411 4189/4106/408 4190/4104/408
f 4221/4116/415 4200/4147/426 4220/4148/415
f 4227/4121/415 4202/4149/426 4226/4125/415
f 4226/4125/415 4201/4150/426 4221/4116/415
f 4241/4135/415 4204/4151/426 4240/4152/415
f 4247/4140/415 4206/4153/426 4246/4144/415
f 4246/4144/415 4205/4154/426 4241/4135/415
f 4182/4100/395 4165/4074/396 4180/4089/396
f 4194/4103/397 4177/4080/399 4192/4095/399
f 4194/4103/397 4171/4145/408 4179/4078/397
f 4192/4095/399 4167/4072/395 4182/4100/395
f 4230/4142/409 4213/4112/411 4228/4127/411
f 4238/4134/412 4223/4122/416 4225/4118/412
f 4240/4152/415 4223/4122/416 4236/4133/416
f 4238/4134/412 4215/4110/409 4230/4142/409
f 4240/4152/415 4203/4155/426 4227/4121/415
f 4228/4127/411 4171/4145/408 4188/4102/408
f 4251/4156/84 4248/4157/84 4250/4158/84
f 4255/4159/84 4252/4160/84 4254/4161/84
f 4259/4162/84 4256/4163/84 4258/4164/84
f 4263/4165/84 4260/4166/84 4262/4167/84
f 4257/4168/84 4250/4158/84 4256/4163/84
f 4261/4169/84 4254/4161/84 4260/4166/84
f 4254/4161/84 4249/4170/84 4251/4156/84
f 4262/4167/84 4257/4168/84 4259/4162/84
f 4260/4166/84 4251/4156/84 4257/4168/84
f 4267/4171/395 4264/4172/396 4265/4173/396
f 4271/4174/395 4268/4175/396 4269/4176/396
f 4279/4177/397 4276/4178/399 4277/4179/399
f 4283/4180/397 4280/4181/399 4281/4182/399
f 4277/4179/399 4266/4183/395 4267/4171/395
f 4281/4182/399 4270/4184/395 4271/4174/395
f 4279/4177/397 4272/4185/408 4278/4186/397
f 4283/4180/397 4274/4187/408 4282/4188/397
f 4270/4184/395 4265/4173/396 4268/4175/396
f 4282/4188/397 4277/4179/399 4280/4181/399
f 4282/4188/397 4273/4189/408 4279/4177/397
f 4280/4181/399 4267/4171/395 4270/4184/395
f 4287/4190/84 4284/4191/84 4286/4192/84
f 4291/4193/476 4288/4194/396 4289/4195/396
f 4298/4196/84 4297/4197/84 4296/4198/84
f 4303/4199/477 4300/4200/399 4301/4201/478
f 4297/4197/84 4286/4192/84 4296/4198/84
f 4301/4201/478 4290/4202/395 4291/4193/476
f 4303/4199/477 4294/4203/408 4302/4204/397
f 4293/4205/84 4285/4206/84 4287/4190/84
f 4305/4207/84 4297/4197/84 4299/4208/84
f 4292/4209/479 4291/4193/476 4289/4195/396
f 4305/4207/480 4301/4201/478 4304/4210/481
f 4303/4199/477 4299/4208/482 4295/4211/483
f 4293/4205/484 4301/4201/478 4291/4193/476
f 4304/4210/84 4287/4190/84 4297/4197/84
f 4313/4212/84 4310/4213/84 4312/4214/84
f 4317/4215/84 4314/4216/84 4316/4217/84
f 4321/4218/84 4318/4219/84 4320/4220/84
f 4326/4221/84 4325/4222/84 4324/4223/84
f 4319/4224/84 4312/4214/84 4318/4219/84
f 4325/4222/84 4316/4217/84 4324/4223/84
f 4316/4217/84 4311/4225/84 4313/4212/84
f 4326/4221/84 4319/4224/84 4321/4218/84
f 4324/4223/84 4313/4212/84 4319/4224/84
f 4331/4226/409 4328/4227/411 4329/4228/411
f 4335/4229/409 4332/4230/411 4333/4231/411
f 4339/4232/412 4336/4233/416 4338/4234/412
f 4341/4235/415 4336/4233/416 4337/4236/416
f 4345/4237/412 4342/4238/416 4344/4239/412
f 4347/4240/415 4342/4238/416 4343/4241/416
f 4339/4232/412 4330/4242/409 4331/4226/409
f 4345/4237/412 4334/4243/409 4335/4229/409
f 4334/4243/409 4329/4228/411 4332/4230/411
f 4344/4239/412 4337/4236/416 4339/4232/412
f 4346/4244/415 4337/4236/416 4342/4238/416
f 4344/4239/412 4331/4226/409 4334/4243/409
f 4351/4245/485 4348/4246/411 4349/4247/486
f 4355/4248/84 4352/4249/84 4354/4250/84
f 4359/4251/487 4356/4252/416 4358/4253/412
f 4361/4254/488 4356/4252/416 4357/4255/489
f 4359/4251/487 4350/4256/409 4351/4245/485
f 4363/4257/84 4354/4250/84 4362/4258/84
f 4353/4259/490 4351/4245/485 4349/4247/486
f 4359/4251/487 4362/4258/491 4357/4255/489
f 4364/4260/492 4357/4255/489 4362/4258/491
f 4355/4248/493 4359/4251/487 4351/4245/485
f 4311/4225/84 4258/4164/84 4310/4213/84
f 4315/4261/84 4262/4167/84 4314/4216/84
f 4314/4216/84 4259/4162/84 4311/4225/84
f 4329/4228/411 4272/4185/408 4273/4189/408
f 4333/4231/411 4274/4187/408 4275/4262/408
f 4332/4230/411 4273/4189/408 4274/4187/408
f 4349/4247/486 4294/4203/408 4295/4211/483
f 4353/4259/84 4298/4196/84 4352/4249/84
f 4353/4259/490 4295/4211/483 4299/4208/482
f 4341/4235/415 4306/4263/426 4340/4264/415
f 4347/4240/415 4308/4265/426 4346/4244/415
f 4346/4244/415 4307/4266/426 4341/4235/415
f 4286/4192/84 4253/4267/84 4255/4159/84
f 4298/4196/84 4261/4169/84 4263/4165/84
f 4296/4198/84 4255/4159/84 4261/4169/84
f 4361/4254/488 4322/4268/426 4360/4269/415
f 4354/4250/84 4315/4261/84 4317/4215/84
f 4364/4260/84 4325/4222/84 4327/4270/84
f 4361/4254/488 4327/4270/494 4323/4271/495
f 4325/4222/84 4354/4250/84 4317/4215/84
f 4290/4202/395 4269/4176/396 4288/4194/396
f 4302/4204/397 4281/4182/399 4300/4200/399
f 4302/4204/397 4275/4262/408 4283/4180/397
f 4300/4200/399 4271/4174/395 4290/4202/395
f 4350/4256/409 4333/4231/411 4348/4246/411
f 4358/4253/412 4343/4241/416 4345/4237/412
f 4360/4269/415 4343/4241/416 4356/4252/416
f 4358/4253/412 4335/4229/409 4350/4256/409
f 4360/4269/415 4309/4272/426 4347/4240/415
f 4348/4246/411 4275/4262/408 4294/4203/408
f 4352/4249/84 4263/4165/84 4315/4261/84
f 4380/4273/427 4377/4274/428 4379/4275/427
f 4384/4276/427 4381/4277/428 4383/4278/427
f 4388/4279/430 4385/4280/435 4387/4281/430
f 4392/4282/430 4389/4283/435 4391/4284/430
f 4388/4279/430 4373/4285/434 4374/4286/434
f 4392/4282/430 4375/4287/434 4376/4288/434
f 4386/4289/435 4379/4275/427 4385/4280/435
f 4390/4290/435 4383/4278/427 4389/4283/435
f 4383/4278/427 4378/4291/428 4380/4273/427
f 4391/4284/430 4386/4289/435 4388/4279/430
f 4389/4283/435 4380/4273/427 4386/4289/435
f 4391/4284/430 4374/4286/434 4375/4287/434
f 4400/4292/427 4397/4293/428 4399/4294/427
f 4404/4295/427 4401/4296/428 4403/4297/427
f 4408/4298/430 4405/4299/435 4407/4300/430
f 4412/4301/430 4409/4302/435 4411/4303/430
f 4408/4298/430 4393/4304/434 4394/4305/434
f 4412/4301/430 4395/4306/434 4396/4307/434
f 4406/4308/435 4399/4294/427 4405/4299/435
f 4410/4309/435 4403/4297/427 4409/4302/435
f 4403/4297/427 4398/4310/428 4400/4292/427
f 4411/4303/430 4406/4308/435 4408/4298/430
f 4409/4302/435 4400/4292/427 4406/4308/435
f 4411/4303/430 4394/4305/434 4395/4306/434
f 4416/4311/441 4413/4312/455 4415/4313/441
f 4420/4314/441 4417/4315/455 4419/4316/441
f 4424/4317/444 4421/4318/448 4423/4319/444
f 4426/4320/447 4421/4318/448 4422/4321/448
f 4430/4322/444 4427/4323/448 4429/4324/444
f 4432/4325/447 4427/4323/448 4428/4326/448
f 4426/4320/447 4415/4313/441 4425/4327/447
f 4432/4325/447 4419/4316/441 4431/4328/447
f 4419/4316/441 4414/4329/455 4416/4311/441
f 4429/4324/444 4422/4321/448 4424/4317/444
f 4431/4328/447 4422/4321/448 4427/4323/448
f 4431/4328/447 4416/4311/441 4426/4320/447
f 4436/4330/441 4433/4331/455 4435/4332/441
f 4440/4333/441 4437/4334/455 4439/4335/441
f 4444/4336/444 4441/4337/448 4443/4338/444
f 4446/4339/447 4441/4337/448 4442/4340/448
f 4450/4341/444 4447/4342/448 4449/4343/444
f 4452/4344/447 4447/4342/448 4448/4345/448
f 4446/4339/447 4435/4332/441 4445/4346/447
f 4452/4344/447 4439/4335/441 4451/4347/447
f 4439/4335/441 4434/4348/455 4436/4330/441
f 4449/4343/444 4442/4340/448 4444/4336/444
f 4451/4347/447 4442/4340/448 4447/4342/448
f 4451/4347/447 4436/4330/441 4446/4339/447
f 4424/4317/444 4365/4349/457 4366/4350/457
f 4430/4322/444 4367/4351/457 4368/4352/457
f 4429/4324/444 4366/4350/457 4367/4351/457
f 4444/4336/444 4369/4353/457 4370/4354/457
f 4450/4341/444 4371/4355/457 4372/4356/457
f 4449/4343/444 4370/4354/457 4371/4355/457
f 4414/4329/455 4373/4285/434 4413/4312/455
f 4418/4357/455 4375/4287/434 4417/4315/455
f 4417/4315/455 4374/4286/434 4414/4329/455
f 4434/4348/455 4393/4304/434 4433/4331/455
f 4438/4358/455 4395/4306/434 4437/4334/455
f 4437/4334/455 4394/4305/434 4434/4348/455
f 4399/4294/427 4382/4359/428 4384/4276/427
f 4407/4300/430 4390/4290/435 4392/4282/430
f 4405/4299/435 4384/4276/427 4390/4290/435
f 4407/4300/430 4376/4288/434 4393/4304/434
f 4435/4332/441 4418/4357/455 4420/4314/441
f 4443/4338/444 4428/4326/448 4430/4322/444
f 4445/4346/447 4428/4326/448 4441/4337/448
f 4445/4346/447 4420/4314/441 4432/4325/447
f 4433/4331/455 4376/4288/434 4418/4357/455
f 4443/4338/444 4368/4352/457 4369/4353/457
f 4456/4360/84 4453/4361/84 4455/4362/84
f 4460/4363/84 4457/4364/84 4459/4365/84
f 4464/4366/84 4461/4367/84 4463/4368/84
f 4468/4369/84 4465/4370/84 4467/4371/84
f 4462/4372/84 4455/4362/84 4461/4367/84
f 4466/4050/84 4459/4365/84 4465/4370/84
f 4459/4365/84 4454/4373/84 4456/4360/84
f 4467/4371/84 4462/4372/84 4464/4366/84
f 4465/4370/84 4456/4360/84 4462/4372/84
f 4476/4374/84 4473/4375/84 4475/4376/84
f 4480/4377/84 4477/4378/84 4479/4379/84
f 4484/4380/84 4481/4381/84 4483/4382/84
f 4489/4383/84 4488/4384/84 4487/4385/84
f 4482/4386/84 4475/4376/84 4481/4381/84
f 4488/4384/84 4479/4379/84 4487/4385/84
f 4479/4379/84 4474/4387/84 4476/4374/84
f 4489/4383/84 4482/4386/84 4484/4380/84
f 4487/4385/84 4476/4374/84 4482/4386/84
f 4498/4388/427 4495/4389/428 4497/4390/427
f 4502/4391/427 4499/4392/428 4501/4393/427
f 4506/4394/430 4503/4395/435 4505/4396/430
f 4510/4397/430 4507/4398/435 4509/4399/430
f 4506/4394/430 4491/4400/434 4492/4401/434
f 4510/4397/430 4493/4402/434 4494/4403/434
f 4504/4404/435 4497/4390/427 4503/4395/435
f 4508/4405/435 4501/4393/427 4507/4398/435
f 4501/4393/427 4496/4406/428 4498/4388/427
f 4509/4399/430 4504/4404/435 4506/4394/430
f 4507/4398/435 4498/4388/427 4504/4404/435
f 4509/4399/430 4492/4401/434 4493/4402/434
f 4514/4407/84 4511/4408/84 4513/4409/84
f 4519/4410/84 4518/4411/84 4517/4412/84
f 4524/4413/496 4521/4414/428 4523/4415/427
f 4530/4416/497 4527/4417/435 4529/4418/430
f 4526/4419/84 4513/4409/84 4525/4420/84
f 4530/4416/497 4515/4421/434 4516/4422/498
f 4532/4423/84 4519/4410/84 4531/4424/84
f 4528/4425/499 4523/4415/427 4527/4417/435
f 4519/4410/84 4512/4426/84 4514/4407/84
f 4524/4413/496 4525/4420/500 4522/4427/428
f 4532/4423/501 4528/4425/499 4530/4416/497
f 4528/4425/499 4526/4419/502 4524/4413/496
f 4520/4428/503 4530/4416/497 4516/4422/498
f 4531/4424/84 4514/4407/84 4526/4419/84
f 4536/4429/441 4533/4430/455 4535/4431/441
f 4540/4432/441 4537/4433/455 4539/4434/441
f 4544/4435/444 4541/4436/448 4543/4437/444
f 4546/4438/447 4541/4436/448 4542/4439/448
f 4550/4440/444 4547/4441/448 4549/4442/444
f 4552/4443/447 4547/4441/448 4548/4444/448
f 4546/4438/447 4535/4431/441 4545/4445/447
f 4552/4443/447 4539/4434/441 4551/4446/447
f 4539/4434/441 4534/4447/455 4536/4429/441
f 4549/4442/444 4542/4439/448 4544/4435/444
f 4551/4446/447 4542/4439/448 4547/4441/448
f 4551/4446/447 4536/4429/441 4546/4438/447
f 4556/4448/504 4553/4449/455 4555/4450/441
f 4560/4451/84 4557/4452/84 4559/4453/84
f 4564/4454/505 4561/4455/448 4563/4456/444
f 4566/4457/506 4561/4455/448 4562/4458/507
f 4566/4457/506 4555/4450/441 4565/4459/447
f 4569/4460/84 4558/4461/84 4560/4451/84
f 4556/4448/504 4559/4453/508 4554/4462/509
f 4568/4463/510 4562/4458/507 4564/4454/505
f 4567/4464/511 4566/4457/506 4562/4458/507
f 4566/4457/506 4560/4451/512 4556/4448/504
f 4512/4426/84 4463/4368/84 4511/4408/84
f 4518/4411/84 4467/4371/84 4517/4412/84
f 4517/4412/84 4464/4366/84 4512/4426/84
f 4544/4435/444 4469/4465/457 4470/4466/457
f 4550/4440/444 4471/4467/457 4472/4468/457
f 4549/4442/444 4470/4466/457 4471/4467/457
f 4558/4461/84 4483/4382/84 4557/4452/84
f 4564/4454/505 4485/4469/457 4486/4470/513
f 4568/4463/84 4489/4383/84 4567/4464/84
f 4490/4471/514 4564/4454/505 4486/4470/513
f 4558/4461/84 4489/4383/84 4484/4380/84
f 4534/4447/455 4491/4400/434 4533/4430/455
f 4538/4472/455 4493/4402/434 4537/4433/455
f 4537/4433/455 4492/4401/434 4534/4447/455
f 4475/4376/84 4458/4473/84 4460/4363/84
f 4483/4382/84 4466/4050/84 4468/4369/84
f 4481/4381/84 4460/4363/84 4466/4050/84
f 4554/4462/509 4515/4421/434 4553/4449/455
f 4559/4453/84 4518/4411/84 4520/4428/84
f 4559/4453/508 4516/4422/498 4554/4462/509
f 4523/4415/427 4500/4474/428 4502/4391/427
f 4529/4418/430 4508/4405/435 4510/4397/430
f 4527/4417/435 4502/4391/427 4508/4405/435
f 4529/4418/430 4494/4403/434 4515/4421/434
f 4555/4450/441 4538/4472/455 4540/4432/441
f 4563/4456/444 4548/4444/448 4550/4440/444
f 4565/4459/447 4548/4444/448 4561/4455/448
f 4565/4459/447 4540/4432/441 4552/4443/447
f 4553/4449/455 4494/4403/434 4538/4472/455
f 4563/4456/444 4472/4468/457 4485/4469/457
f 4557/4452/84 4468/4369/84 4518/4411/84
f 4575/4475/459 4572/4476/460 4574/4477/459
f 4575/4475/459 4570/4478/463 4571/4479/463
f 4581/4480/459 4578/4481/460 4580/4482/459
f 4581/4480/459 4576/4483/463 4577/4484/463
f 4587/4485/464 4584/4486/475 4586/4487/464
f 4587/4485/464 4582/4488/467 4583/4489/467
f 4593/4490/464 4590/4491/475 4592/4492/464
f 4593/4490/464 4588/4493/467 4589/4494/467
f 4595/4495/468 4572/4476/460 4573/4496/460
f 4597/4497/468 4578/4481/460 4579/4498/460
f 4595/4495/468 4582/4488/467 4594/4499/468
f 4597/4497/468 4588/4493/467 4596/4500/468
f 4580/4482/459 4573/4496/460 4575/4475/459
f 4580/4482/459 4571/4479/463 4576/4483/463
f 4592/4492/464 4585/4501/475 4587/4485/464
f 4592/4492/464 4583/4489/467 4588/4493/467
f 4596/4500/468 4583/4489/467 4595/4495/468
f 4596/4500/468 4573/4496/460 4578/4481/460
f 4603/4502/459 4600/4503/460 4602/4504/459
f 4603/4502/459 4598/4505/463 4599/4506/463
f 4609/4507/459 4606/4508/460 4608/4509/459
f 4609/4507/459 4604/4510/463 4605/4511/463
f 4615/4512/464 4612/4513/475 4614/4514/464
f 4615/4512/464 4610/4515/467 4611/4516/467
f 4621/4517/464 4618/4518/475 4620/4519/464
f 4621/4517/464 4616/4520/467 4617/4521/467
f 4623/4522/468 4600/4503/460 4601/4523/460
f 4625/4524/468 4606/4508/460 4607/4525/460
f 4623/4522/468 4610/4515/467 4622/4526/468
f 4625/4524/468 4616/4520/467 4624/4527/468
f 4608/4509/459 4601/4523/460 4603/4502/459
f 4608/4509/459 4599/4506/463 4604/4510/463
f 4620/4519/464 4613/4528/475 4615/4512/464
f 4620/4519/464 4611/4516/467 4616/4520/467
f 4624/4527/468 4611/4516/467 4623/4522/468
f 4624/4527/468 4601/4523/460 4606/4508/460
f 4602/4504/459 4579/4498/460 4581/4480/459
f 4602/4504/459 4577/4484/463 4598/4505/463
f 4614/4514/464 4591/4529/475 4593/4490/464
f 4614/4514/464 4589/4494/467 4610/4515/467
f 4622/4526/468 4589/4494/467 4597/4497/468
f 4622/4526/468 4579/4498/460 4600/4503/460
f 4631/4530/459 4628/4531/460 4630/4532/459
f 4631/4530/459 4626/4533/463 4627/4534/463
f 4637/4535/459 4634/4536/460 4636/4537/459
f 4637/4535/459 4632/4538/463 4633/4539/463
f 4643/4540/464 4640/4541/475 4642/4542/464
f 4643/4540/464 4638/4543/467 4639/4544/467
f 4649/4545/464 4646/4546/475 4648/4547/464
f 4649/4545/464 4644/4548/467 4645/4549/467
f 4651/4550/468 4628/4531/460 4629/4551/460
f 4653/4552/468 4634/4536/460 4635/4553/460
f 4651/4550/468 4638/4543/467 4650/4554/468
f 4653/4552/468 4644/4548/467 4652/4555/468
f 4636/4537/459 4629/4551/460 4631/4530/459
f 4636/4537/459 4627/4534/463 4632/4538/463
f 4648/4547/464 4641/4556/475 4643/4540/464
f 4648/4547/464 4639/4544/467 4644/4548/467
f 4652/4555/468 4639/4544/467 4651/4550/468
f 4652/4555/468 4629/4551/460 4634/4536/460
f 4657/4054/84 4654/4054/84 4656/4557/84
f 4663/4558/515 4660/4559/460 4662/4560/459
f 4663/4558/515 4658/4561/463 4659/4562/516
f 4667/4563/84 4664/4564/84 4666/4565/84
f 4673/4566/517 4670/4567/475 4672/4568/464
f 4673/4566/517 4668/4569/467 4669/4570/467
f 4677/4571/84 4674/4572/84 4676/4573/84
f 4674/4572/84 4657/4054/84 4656/4557/84
f 4679/4574/468 4660/4559/460 4661/4575/460
f 4679/4574/468 4668/4569/467 4678/4576/468
f 4657/4054/84 4664/4564/84 4655/4577/84
f 4663/4558/515 4666/4565/518 4661/4575/460
f 4665/4578/519 4663/4558/515 4659/4562/516
f 4673/4566/517 4676/4573/520 4671/4579/521
f 4675/4580/522 4673/4566/517 4669/4570/467
f 4679/4574/468 4675/4580/522 4669/4570/467
f 4666/4565/518 4679/4574/468 4661/4575/460
f 4680/4054/84 4657/4054/84 4675/4580/84
f 4662/4560/459 4635/4553/460 4637/4535/459
f 4662/4560/459 4633/4539/463 4658/4561/463
f 4672/4568/464 4647/4581/475 4649/4545/464
f 4672/4568/464 4645/4549/467 4668/4569/467
f 4678/4576/468 4645/4549/467 4653/4552/468
f 4678/4576/468 4635/4553/460 4660/4559/460
f 4454/4373/84 4138/4047/84 4453/4361/84
f 4458/4473/84 4142/4050/84 4457/4364/84
f 4457/4364/84 4139/4045/84 4454/4373/84
f 4474/4387/84 4154/4061/84 4473/4375/84
f 4478/4582/84 4158/4062/84 4477/4378/84
f 4477/4378/84 4155/4059/84 4474/4387/84
f 4473/4375/84 4143/4048/84 4458/4473/84
f 4571/4479/463 4200/4147/426 4201/4150/426
f 4577/4484/463 4202/4149/426 4203/4155/426
f 4576/4483/463 4201/4150/426 4202/4149/426
f 4599/4506/463 4204/4151/426 4205/4154/426
f 4605/4511/463 4206/4153/426 4207/4583/426
f 4604/4510/463 4205/4154/426 4206/4153/426
f 4598/4505/463 4203/4155/426 4204/4151/426
f 4627/4534/463 4306/4263/426 4307/4266/426
f 4633/4539/463 4308/4265/426 4309/4272/426
f 4632/4538/463 4307/4266/426 4308/4265/426
f 4655/4577/84 4320/4220/84 4654/4054/84
f 4659/4562/516 4322/4268/426 4323/4271/495
f 4665/4578/84 4326/4221/84 4664/4564/84
f 4327/4270/494 4659/4562/516 4323/4271/495
f 4664/4564/84 4321/4218/84 4655/4577/84
f 4658/4561/463 4309/4272/426 4322/4268/426
f 4585/4501/475 4365/4349/457 4584/4486/475
f 4591/4529/475 4367/4351/457 4590/4491/475
f 4590/4491/475 4366/4350/457 4585/4501/475
f 4613/4528/475 4369/4353/457 4612/4513/475
f 4619/4584/475 4371/4355/457 4618/4518/475
f 4618/4518/475 4370/4354/457 4613/4528/475
f 4612/4513/475 4368/4352/457 4591/4529/475
f 4250/4158/84 4117/4585/84 4119/4027/84
f 4258/4164/84 4125/4037/84 4127/4033/84
f 4256/4163/84 4119/4027/84 4125/4037/84
f 4312/4214/84 4149/4067/84 4151/4056/84
f 4320/4220/84 4157/4064/84 4159/4054/84
f 4318/4219/84 4151/4056/84 4157/4064/84
f 4310/4213/84 4127/4033/84 4149/4067/84
f 4641/4556/475 4469/4465/457 4640/4541/475
f 4647/4581/475 4471/4467/457 4646/4546/475
f 4646/4546/475 4470/4466/457 4641/4556/475
f 4671/4579/521 4485/4469/457 4670/4567/475
f 4656/4557/84 4478/4582/84 4480/4377/84
f 4676/4573/84 4488/4384/84 4490/4471/84
f 4671/4579/521 4490/4471/514 4486/4470/513
f 4674/4572/84 4480/4377/84 4488/4384/84
f 4670/4567/475 4472/4468/457 4647/4581/475
f 4266/4183/395 4185/4093/396 4264/4172/396
f 4278/4186/397 4197/4099/399 4276/4178/399
f 4278/4186/397 4191/4146/408 4199/4097/397
f 4276/4178/399 4187/4091/395 4266/4183/395
f 4330/4242/409 4233/4131/411 4328/4227/411
f 4338/4234/412 4243/4141/416 4245/4137/412
f 4340/4264/415 4243/4141/416 4336/4233/416
f 4338/4234/412 4235/4129/409 4330/4242/409
f 4340/4264/415 4207/4583/426 4247/4140/415
f 4328/4227/411 4191/4146/408 4272/4185/408
f 4497/4390/427 4402/4586/428 4404/4295/427
f 4505/4396/430 4410/4309/435 4412/4301/430
f 4503/4395/435 4404/4295/427 4410/4309/435
f 4505/4396/430 4396/4307/434 4491/4400/434
f 4535/4431/441 4438/4358/455 4440/4333/441
f 4543/4437/444 4448/4345/448 4450/4341/444
f 4545/4445/447 4448/4345/448 4541/4436/448
f 4545/4445/447 4440/4333/441 4452/4344/447
f 4533/4430/455 4396/4307/434 4438/4358/455
f 4543/4437/444 4372/4356/457 4469/4465/457
f 4630/4532/459 4607/4525/460 4609/4507/459
f 4630/4532/459 4605/4511/463 4626/4533/463
f 4642/4542/464 4619/4584/475 4621/4517/464
f 4642/4542/464 4617/4521/467 4638/4543/467
f 4650/4554/468 4617/4521/467 4625/4524/468
f 4650/4554/468 4607/4525/460 4628/4531/460
f 4640/4541/475 4372/4356/457 4619/4584/475
f 4626/4533/463 4207/4583/426 4306/4263/426
f 4654/4054/84 4159/4054/84 4478/4582/84
f 2343/4587/268 393/407/69 392/352/69
f 397/402/1 2347/4588/1 396/356/1
f 389/363/75 2343/4587/268 392/352/69
f 396/356/1 2341/4589/1 389/363/1
f 2363/4590/268 413/381/69 412/371/69
f 2367/4591/268 417/561/69 416/374/69
f 2364/4592/268 416/374/69 413/381/69
f 429/397/1 2383/4593/1 428/390/1
f 433/552/1 2387/4594/1 432/393/1
f 432/393/1 2384/4595/1 429/397/1
f 2344/4596/268 412/371/69 393/407/69
f 428/390/1 2348/4597/1 397/402/1
f 2458/4598/268 497/462/69 496/452/69
f 2462/4599/268 501/491/69 500/455/69
f 2459/4600/268 500/455/69 497/462/69
f 2478/4601/268 517/480/69 516/470/69
f 2482/4602/268 521/4603/69 520/473/69
f 2479/4604/268 520/473/69 517/480/69
f 2463/4605/268 516/470/69 501/491/69
f 565/534/1 2546/4606/1 564/527/1
f 569/547/1 2550/4607/1 568/530/1
f 568/530/1 2547/4608/1 565/534/1
f 581/545/1 2562/4609/1 580/539/1
f 585/4610/1 2566/4611/1 584/542/1
f 584/542/1 2563/4612/1 581/545/1
f 580/539/1 2551/4613/1 569/547/1
f 2368/4614/268 496/452/69 417/561/69
f 564/527/1 2388/4615/1 433/552/1
f 2926/4616/268 965/919/69 964/909/69
f 2930/4617/268 969/948/69 968/912/69
f 2927/4618/268 968/912/69 965/919/69
f 2946/4619/268 985/937/69 984/927/69
f 2950/4620/268 989/1131/69 988/930/69
f 2947/4621/268 988/930/69 985/937/69
f 2931/4622/268 984/927/69 969/948/69
f 3014/4623/268 1064/1016/69 1063/1006/69
f 3018/4624/268 1068/1063/69 1067/1009/69
f 3015/4625/268 1067/1009/69 1064/1016/69
f 3034/4626/268 1084/4627/69 1083/1024/69
f 3041/4628/84 1089/1029/84 3040/4629/84
f 3035/4630/268 1086/1036/125 1084/4627/69
f 3038/4631/84 1089/1029/84 1086/1036/84
f 3057/4632/84 1101/1046/84 3056/4633/84
f 3061/4634/84 1105/1049/84 3060/4635/84
f 3060/4635/84 1102/1044/84 3057/4632/84
f 3019/4636/268 1083/1024/69 1068/1063/69
f 3056/4633/84 1090/1027/84 3041/4628/84
f 3132/4637/84 1149/1098/84 3131/4638/84
f 3136/4639/84 1153/1101/84 3135/4640/84
f 3135/4640/84 1150/1096/84 3132/4637/84
f 3148/4641/84 1165/1109/84 3147/4642/84
f 3152/4643/84 1169/1092/84 3151/4644/84
f 3151/4644/84 1166/1097/84 3148/4641/84
f 3147/4642/84 1154/1099/84 3136/4639/84
f 2951/4645/268 1063/1006/69 989/1131/69
f 3131/4638/84 1106/1047/84 3061/4634/84
f 1530/1479/1 3511/3439/1 1529/1472/1
f 1534/1497/1 3515/3442/1 1533/1475/1
f 1533/1475/1 3512/3437/1 1530/1479/1
f 1546/1494/1 3527/3454/1 1545/1487/1
f 1550/1704/1 3531/3457/1 1549/1490/1
f 1549/1490/1 3528/3452/1 1546/1494/1
f 1545/1487/1 3516/3440/1 1534/1497/1
f 1621/1560/1 3575/3499/1 1620/1553/1
f 1625/1607/1 3579/3502/1 1624/1556/1
f 1624/1556/1 3576/3497/1 1621/1560/1
f 1641/1577/1 3591/3513/1 1640/1568/1
f 3598/3516/396 1646/4646/199 1647/1570/199
f 3597/3515/396 1643/1580/206 1646/4646/199
f 1641/1577/1 3595/3529/1 3592/3511/1
f 3614/3533/396 1662/1612/199 1663/1588/199
f 3618/3536/396 1666/1600/199 1667/1591/199
f 3617/3535/396 1663/1588/199 1666/1600/199
f 3613/3532/396 1647/1570/199 1662/1612/199
f 1640/1568/1 3580/3500/1 1625/1607/1
f 3693/3613/396 1730/1706/199 1731/1657/199
f 3697/3616/396 1734/1669/199 1735/1660/199
f 3696/3615/396 1731/1657/199 1734/1669/199
f 3713/3632/396 1750/1699/199 1751/1676/199
f 3717/3635/396 1754/1688/199 1755/1679/199
f 3716/3634/396 1751/1676/199 1754/1688/199
f 3712/3631/396 1735/1660/199 1750/1699/199
f 3692/3612/396 1667/1591/199 1730/1706/199
f 1620/1553/1 3532/3455/1 1550/1704/1
f 4097/4024/84 2114/2053/84 4096/4012/84
f 4101/4068/84 2118/2056/84 4100/4015/84
f 4100/4015/84 2115/2051/84 4097/4024/84
f 4113/4038/84 2130/2068/84 4112/4026/84
f 4117/4585/84 2134/2071/84 4116/4028/84
f 4116/4028/84 2131/2066/84 4113/4038/84
f 4112/4026/84 2119/2054/84 4101/4068/84
f 4161/4071/396 2198/4647/199 2199/2121/199
f 4165/4074/396 2202/2133/199 2203/2124/199
f 4164/4073/396 2199/2121/199 2202/2133/199
f 4181/4090/396 2218/2163/199 2219/2140/199
f 4185/4093/396 2222/2152/199 2223/2143/199
f 4184/4092/396 2219/2140/199 2222/2152/199
f 4180/4089/396 2203/2124/199 2218/2163/199
f 4249/4170/84 2293/2222/84 4248/4157/84
f 4253/4267/84 2297/2225/84 4252/4160/84
f 4252/4160/84 2294/2220/84 4249/4170/84
f 4265/4173/396 2313/2284/199 2314/2235/199
f 4269/4176/396 2317/2247/199 2318/2238/199
f 4268/4175/396 2314/2235/199 2317/2247/199
f 4285/4206/84 2333/2256/84 4284/4191/84
f 4289/4195/396 2337/2279/199 2338/2257/199
f 2340/2267/261 4289/4195/396 2338/2257/199
f 4292/4209/84 2334/2254/84 4285/4206/84
f 4288/4194/396 2318/2238/199 2337/2279/199
f 4284/4191/84 2298/2223/84 4253/4267/84
f 4264/4172/396 2223/2143/199 2313/2284/199
f 4248/4157/84 2135/2069/84 4117/4585/84
f 1183/1142/1 170/206/1 168/144/1
f 160/211/38 1173/1136/135 159/139/38
f 156/153/44 1173/1136/135 1171/1147/143
f 1171/1147/1 168/144/1 156/153/1
f 1250/1211/1 220/200/1 218/190/1
f 1258/1217/1 228/550/1 226/196/1
f 1252/1210/1 226/196/1 220/200/1
f 182/170/38 1193/1157/135 181/161/38
f 186/557/38 1197/1160/135 185/164/38
f 185/164/38 1194/1155/135 182/170/38
f 181/161/38 1174/1134/135 160/211/38
f 1185/1141/1 218/190/1 170/206/1
f 1487/1446/1 545/518/1 543/510/1
f 1495/1451/1 553/546/1 551/515/1
f 1489/1445/1 551/515/1 545/518/1
f 1519/1471/1 577/544/1 575/537/1
f 1527/1457/1 585/4610/1 583/541/1
f 1521/1470/1 583/541/1 577/544/1
f 1497/1450/1 575/537/1 553/546/1
f 280/266/38 1288/1251/135 279/257/38
f 284/295/38 1292/1254/135 283/260/38
f 283/260/38 1289/1249/135 280/266/38
f 300/284/38 1308/1270/135 299/275/38
f 304/4648/38 1312/1273/135 303/278/38
f 303/278/38 1309/1268/135 300/284/38
f 299/275/38 1293/1252/135 284/295/38
f 279/257/38 1198/1158/135 186/557/38
f 1260/1216/1 543/510/1 228/550/1
f 3511/3439/1 2569/2510/1 2567/2501/1
f 3519/3445/1 2577/2540/1 2575/2506/1
f 3513/3438/1 2575/2506/1 2569/2510/1
f 3543/3469/1 2601/2537/1 2599/2527/1
f 3551/3475/1 2609/2843/1 2607/2533/1
f 3545/3468/1 2607/2533/1 2601/2537/1
f 3521/3444/1 2599/2527/1 2577/2540/1
f 3780/3700/1 2750/2671/1 2748/2662/1
f 3788/3706/1 2758/2753/1 2756/2667/1
f 3782/3699/1 2756/2667/1 2750/2671/1
f 3818/3729/1 2805/2721/1 2803/2709/1
f 3831/3811/428 2816/2717/334 3830/3733/428
f 3830/3733/428 2813/2726/341 3828/3739/436
f 2805/2721/1 3828/3739/1 2813/2726/1
f 3845/3765/428 2832/2735/334 3844/3748/428
f 3849/4010/428 2836/2738/334 3848/3751/428
f 3848/3751/428 2833/2733/334 3845/3765/428
f 3844/3748/428 2817/2715/334 3831/3811/428
f 3790/3705/1 2803/2709/1 2758/2753/1
f 3910/3830/428 2900/2801/334 3909/3813/428
f 3914/3898/428 2904/2804/334 3913/3816/428
f 3913/3816/428 2901/2799/334 3910/3830/428
f 3930/3849/428 2920/2820/334 3929/3832/428
f 3934/4649/428 2924/2823/334 3933/3835/428
f 3933/3835/428 2921/2818/334 3930/3849/428
f 3929/3832/428 2905/2802/334 3914/3898/428
f 3909/3813/428 2837/2736/334 3849/4010/428
f 3553/3474/1 2748/2662/1 2609/2843/1
f 748/719/38 1756/1709/135 747/710/38
f 752/748/38 1760/1712/135 751/713/38
f 751/713/38 1757/1707/135 748/719/38
f 768/737/38 1776/1728/135 767/728/38
f 772/1127/38 1780/1731/135 771/731/38
f 771/731/38 1777/1726/135 768/737/38
f 767/728/38 1761/1710/135 752/748/38
f 833/802/38 1844/1796/135 832/793/38
f 837/864/38 1848/1799/135 836/796/38
f 836/796/38 1845/1794/135 833/802/38
f 851/823/38 1864/1815/135 850/808/38
f 1878/1821/84 861/818/84 863/813/84
f 853/822/107 1865/1813/135 851/823/38
f 861/818/84 1868/1826/84 853/822/84
f 1925/1872/84 891/860/84 893/843/84
f 1933/1878/84 899/853/84 901/849/84
f 1931/1877/84 893/843/84 899/853/84
f 850/808/38 1849/1797/135 837/864/38
f 1923/1871/84 863/813/84 891/860/84
f 2074/2019/84 1128/1120/84 1130/1081/84
f 2082/2025/84 1136/1089/84 1138/1086/84
f 2080/2024/84 1130/1081/84 1136/1089/84
f 2106/2048/84 1160/1115/84 1162/1105/84
f 2114/2053/84 1168/1112/84 1170/1110/84
f 2112/2052/84 1162/1105/84 1168/1112/84
f 2104/2047/84 1138/1086/84 1160/1115/84
f 832/793/38 1781/1729/135 772/1127/38
f 2072/2018/84 901/849/84 1128/1120/84
f 4378/4291/428 3368/3269/334 4377/4274/428
f 4382/4359/428 3372/3272/334 4381/4277/428
f 4381/4277/428 3369/3267/334 4378/4291/428
f 4398/4310/428 3388/3288/334 4397/4293/428
f 4402/4586/428 3392/3291/334 4401/4296/428
f 4401/4296/428 3389/3286/334 4398/4310/428
f 4397/4293/428 3373/3270/334 4382/4359/428
f 4098/4013/84 3152/4650/84 3154/3073/84
f 4106/4019/84 3160/3083/84 3162/3079/84
f 4104/4018/84 3154/3073/84 3160/3083/84
f 4130/4041/84 3184/3116/84 3186/3103/84
f 4138/4047/84 3192/3113/84 3194/3109/84
f 4136/4046/84 3186/3103/84 3192/3113/84
f 4128/4040/84 3162/3079/84 3184/3116/84
f 4496/4406/428 3483/3383/334 4495/4389/428
f 4500/4474/428 3487/3386/334 4499/4392/428
f 4499/4392/428 3484/3381/334 4496/4406/428
f 4455/4362/84 3421/3426/84 3423/3328/84
f 4463/4368/84 3429/3338/84 3431/3334/84
f 4461/4367/84 3423/3328/84 3429/3338/84
f 4522/4427/428 3507/3405/334 4521/4414/428
f 4513/4409/84 3496/3421/84 3498/3397/84
f 4522/4427/428 3510/3413/390 3508/3403/334
f 4525/4420/84 3498/3397/84 3510/3413/84
f 4521/4414/428 3488/3384/334 4500/4474/428
f 4511/4408/84 3431/3334/84 3496/3421/84
f 4495/4389/428 3393/3289/334 4402/4586/428
f 4453/4361/84 3194/3109/84 3421/3426/84
f 590/566/2 97/553/17 95/78/2
f 99/4651/5 590/566/2 95/78/2
f 602/574/6 109/4652/7 107/86/6
f 111/549/18 602/574/6 107/86/6
f 586/581/10 99/4651/5 87/92/10
f 109/4652/7 586/581/10 87/92/10
f 699/669/19 260/4653/32 258/237/19
f 260/4653/32 697/671/22 256/240/22
f 709/679/24 268/293/33 266/245/24
f 697/671/22 266/245/24 256/240/22
f 737/705/34 296/283/41 294/271/34
f 745/711/37 304/4648/38 302/277/37
f 739/704/41 302/277/37 296/283/41
f 308/4654/47 737/705/34 294/271/34
f 711/678/33 308/4654/47 268/293/33
f 316/4655/50 699/669/19 258/237/19
f 904/869/51 465/4656/64 463/433/51
f 465/4656/64 902/871/54 461/436/54
f 473/483/65 914/879/57 471/442/57
f 471/442/57 904/869/51 463/433/51
f 509/477/72 950/905/67 507/468/67
f 521/4603/69 962/911/70 519/474/70
f 950/905/67 513/4657/79 507/468/67
f 519/474/70 952/903/72 509/477/72
f 902/871/54 481/4658/82 461/436/54
f 513/4657/79 916/877/65 473/483/65
f 592/565/17 316/4655/50 97/553/17
f 481/4658/82 606/575/18 111/549/18
f 1756/1709/135 1315/1285/142 1313/1271/135
f 1764/1715/137 1323/1283/141 1321/1277/137
f 1758/1708/142 1321/1277/137 1315/1285/142
f 1772/1791/140 1323/1283/141 1766/1714/141
f 1796/1747/148 1355/1323/156 1353/1309/148
f 1806/1753/151 1367/1331/162 1365/1317/151
f 1806/1753/151 1363/1321/155 1804/1754/155
f 1798/1746/156 1363/1321/155 1355/1323/156
f 1772/1791/140 1353/1309/148 1327/1282/140
f 1836/2282/163 1367/1331/162 1808/1752/162
f 1961/1912/166 1468/1426/170 1466/1422/166
f 1965/1934/169 1468/1426/170 1963/1911/170
f 1977/1922/171 1484/1436/174 1482/1432/171
f 1981/2280/173 1484/1436/174 1979/1921/174
f 1965/1934/169 1474/1440/175 1470/1425/169
f 1977/1922/171 1474/1440/175 1973/1930/175
f 2146/2079/182 1707/1649/190 1705/1637/182
f 2146/2079/182 1703/1641/186 2144/2080/186
f 2158/2153/187 1713/1647/189 2156/2088/189
f 2156/2088/189 1707/1649/190 2148/2078/190
f 2190/2127/196 1745/1675/198 2188/2116/198
f 2198/4647/199 1753/1681/201 2196/2122/201
f 2184/2130/203 1745/1675/198 1739/1686/203
f 2196/2122/201 1747/1673/196 2190/2127/196
f 2136/2156/211 1703/1641/186 1675/1697/211
f 2184/2130/203 1715/1645/187 2158/2153/187
f 1836/2282/163 1466/1422/166 1375/1330/163
f 2136/2156/211 1486/1435/173 1981/2280/173
f 2485/2430/272 2926/2856/268 2483/2421/268
f 2493/4659/280 2934/2862/270 2491/2427/270
f 2942/2869/273 2493/4659/280 2497/2433/273
f 2491/2427/270 2928/2854/272 2485/2430/272
f 2525/2469/288 2966/2894/282 2523/2458/282
f 2976/2900/284 2533/4660/294 2535/2464/284
f 2537/4661/295 2976/2900/284 2535/2464/284
f 2533/4660/294 2968/2892/288 2525/2469/288
f 3006/2929/296 2537/4661/295 2545/2478/296
f 2523/2458/282 2942/2869/273 2497/2433/273
f 3199/3120/299 2702/4662/314 2704/2621/299
f 2702/4662/314 3195/3122/301 2700/2624/301
f 3215/3130/303 2718/4663/315 2720/2631/303
f 2718/4663/315 3211/3132/306 2716/2634/306
f 3211/3132/306 2708/4664/307 2716/2634/306
f 2708/4664/307 3199/3120/299 2704/2621/299
f 3316/3227/316 2873/4665/329 2875/2779/316
f 2877/4666/330 3316/3227/316 2875/2779/316
f 3328/3235/320 2883/2790/323 2885/2786/320
f 3326/3234/323 2877/4666/330 2883/2790/323
f 3360/3263/331 2915/4667/344 2917/2815/331
f 3368/3269/334 2923/2829/338 2925/2821/334
f 3366/3268/338 2917/2815/331 2923/2829/338
f 2915/4667/344 3354/3274/336 2909/2826/336
f 3354/3274/336 2885/2786/320 2909/2826/336
f 2873/4665/329 3306/3300/345 2845/2837/345
f 3306/3300/345 2720/2631/303 2845/2837/345
f 2700/2624/301 3006/2929/296 2545/2478/296
f 4162/4081/395 3717/3635/396 4160/4070/396
f 4174/4084/397 3729/3641/399 4172/4076/399
f 4174/4084/397 3723/3688/408 3731/3639/397
f 4172/4076/399 3719/3633/395 4162/4081/395
f 4210/4123/409 3765/3673/411 4208/4108/411
f 4218/4115/412 3775/3683/416 3777/3679/412
f 4220/4148/415 3775/3683/416 4216/4114/416
f 4218/4115/412 3767/3671/409 4210/4123/409
f 4220/4148/415 3739/4007/426 3779/3682/415
f 4208/4108/411 3723/3688/408 4168/4083/408
f 4379/4275/427 3934/4649/428 3936/3834/427
f 4387/4281/430 3942/3848/435 3944/3840/430
f 4385/4280/435 3936/3834/427 3942/3848/435
f 4387/4281/430 3928/3846/434 4373/4285/434
f 4415/4313/441 3970/3897/455 3972/3872/441
f 4423/4319/444 3980/3884/448 3982/3880/444
f 4425/4327/447 3980/3884/448 4421/4318/448
f 4425/4327/447 3972/3872/441 3984/3883/447
f 4413/4312/455 3928/3846/434 3970/3897/455
f 4423/4319/444 3904/3895/457 4365/4349/457
f 4574/4477/459 4077/4001/460 4079/3983/459
f 4574/4477/459 4075/3987/463 4570/4478/463
f 4586/4487/464 4089/4009/475 4091/3993/464
f 4586/4487/464 4087/3997/467 4582/4488/467
f 4594/4499/468 4087/3997/467 4095/4000/468
f 4594/4499/468 4077/4001/460 4572/4476/460
f 4584/4486/475 3904/3895/457 4089/4009/475
f 4570/4478/463 3739/4007/426 4200/4147/426
f 747/710/38 1313/1271/135 304/4648/38
f 4377/4274/428 2925/2821/334 3934/4649/428
f 2483/4668/268 964/909/69 521/4603/69
f 4160/4070/396 1755/1679/199 2198/4647/199
f 1529/1472/1 2567/4669/1 585/4610/1
f 4096/4670/84 1170/1110/84 3152/4643/84
f 4/1/1 5/21/1 7/2/1
f 9/4/2 11/46/17 10/5/3
f 12/7/5 13/47/5 9/4/2
f 14/8/1 15/20/1 17/9/1
f 19/11/6 21/48/7 20/12/7
f 22/14/9 23/49/18 19/11/6
f 25/15/1 27/496/1 26/16/1
f 20/12/7 21/48/7 3/18/10
f 7/2/1 25/15/1 24/17/1
f 24/17/1 26/16/1 17/9/1
f 3/18/10 13/47/5 12/7/5
f 8/6/4 10/5/3 5/21/11
f 6/3/13 12/7/5 8/6/4
f 18/13/8 20/12/7 15/20/14
f 16/10/16 22/14/9 18/13/8
f 2/19/10 12/7/5 6/3/13
f 15/20/14 20/12/7 2/19/10
f 1/17/1 6/3/1 24/17/1
f 33/22/2 35/42/17 34/23/17
f 36/25/5 37/43/5 33/22/2
f 39/26/2 41/551/17 40/27/17
f 42/29/5 43/554/5 39/26/2
f 45/30/6 47/44/7 46/31/7
f 48/33/18 49/45/18 45/30/6
f 51/34/6 53/555/7 52/35/7
f 54/37/18 55/548/18 51/34/6
f 46/31/7 47/44/7 29/38/10
f 52/35/7 53/555/7 31/40/10
f 29/38/10 37/43/5 36/25/5
f 31/40/10 43/554/5 42/29/5
f 38/28/2 40/27/17 35/42/17
f 37/43/5 42/29/5 38/28/2
f 50/36/6 52/35/7 47/44/7
f 49/45/18 54/37/18 50/36/6
f 30/41/10 42/29/5 37/43/5
f 47/44/7 52/35/7 30/41/10
f 32/24/2 34/23/17 11/46/17
f 13/47/5 36/25/5 32/24/2
f 44/32/6 46/31/7 21/48/7
f 23/49/18 48/33/18 44/32/6
f 28/39/10 36/25/5 13/47/5
f 21/48/7 46/31/7 28/39/10
f 61/50/2 63/70/17 62/51/17
f 64/53/5 65/71/5 61/50/2
f 67/54/2 69/98/17 68/55/17
f 70/57/5 71/99/5 67/54/2
f 73/58/6 75/72/7 74/59/7
f 76/61/18 77/73/18 73/58/6
f 79/62/6 81/100/7 80/63/7
f 82/65/18 83/101/18 79/62/6
f 74/59/7 75/72/7 57/66/10
f 80/63/7 81/100/7 59/68/10
f 57/66/10 65/71/5 64/53/5
f 59/68/10 71/99/5 70/57/5
f 66/56/2 68/55/17 63/70/17
f 65/71/5 70/57/5 66/56/2
f 78/64/6 80/63/7 75/72/7
f 77/73/18 82/65/18 78/64/6
f 58/69/10 70/57/5 65/71/5
f 75/72/7 80/63/7 58/69/10
f 89/74/2 91/94/17 90/75/17
f 92/77/5 93/95/5 89/74/2
f 95/78/2 97/553/17 96/79/17
f 98/81/5 99/4651/5 95/78/2
f 101/82/6 103/96/7 102/83/7
f 104/85/18 105/97/18 101/82/6
f 107/86/6 109/4652/7 108/87/7
f 110/89/18 111/549/18 107/86/6
f 102/83/7 103/96/7 85/90/10
f 108/87/7 109/4652/7 87/92/10
f 85/90/10 93/95/5 92/77/5
f 87/92/10 99/4651/5 98/81/5
f 94/80/2 96/79/17 91/94/17
f 93/95/5 98/81/5 94/80/2
f 106/88/6 108/87/7 103/96/7
f 105/97/18 110/89/18 106/88/6
f 86/93/10 98/81/5 93/95/5
f 103/96/7 108/87/7 86/93/10
f 88/76/2 90/75/17 69/98/17
f 71/99/5 92/77/5 88/76/2
f 100/84/6 102/83/7 81/100/7
f 83/101/18 104/85/18 100/84/6
f 84/91/10 92/77/5 71/99/5
f 81/100/7 102/83/7 84/91/10
f 118/102/19 120/210/32 119/103/20
f 119/103/20 120/210/32 116/105/22
f 121/107/1 122/116/1 124/108/1
f 126/110/24 128/207/33 127/111/25
f 112/113/1 121/107/1 123/109/1
f 116/105/22 126/110/24 125/112/26
f 113/115/27 117/104/21 119/103/20
f 114/114/28 119/103/20 115/106/23
f 125/112/26 127/111/25 122/116/30
f 115/106/23 125/112/26 121/107/31
f 132/117/19 134/133/32 133/118/32
f 133/118/32 134/133/32 130/120/22
f 138/122/19 140/556/32 139/123/32
f 139/123/32 140/556/32 136/125/22
f 142/127/24 144/134/33 143/128/33
f 146/130/24 148/209/33 147/131/33
f 130/120/22 142/127/24 141/129/24
f 136/125/22 146/130/24 145/132/24
f 137/124/19 139/123/32 134/133/32
f 134/133/32 139/123/32 135/126/22
f 145/132/24 147/131/33 144/134/33
f 135/126/22 145/132/24 142/127/24
f 152/135/34 154/151/41 153/136/35
f 158/138/37 160/211/38 159/139/38
f 162/141/1 164/150/1 163/142/1
f 168/144/1 170/206/1 169/145/1
f 149/147/1 150/152/1 162/141/1
f 165/148/40 166/212/47 152/135/34
f 155/149/1 156/153/1 168/144/1
f 167/146/1 169/145/1 164/150/1
f 154/151/41 158/138/37 157/140/39
f 149/147/42 151/137/36 153/136/35
f 157/140/39 159/139/38 156/153/44
f 153/136/35 157/140/39 155/149/45
f 161/143/46 165/148/40 151/137/36
f 150/152/1 155/149/1 167/146/1
f 172/154/34 174/168/41 173/155/41
f 176/157/34 178/169/41 177/158/41
f 180/160/37 182/170/38 181/161/38
f 184/163/37 186/557/38 185/164/38
f 187/166/47 188/171/47 172/154/34
f 189/167/47 190/558/47 176/157/34
f 174/168/41 180/160/37 179/162/37
f 178/169/41 184/163/37 183/165/37
f 175/159/34 177/158/41 174/168/41
f 183/165/37 185/164/38 182/170/38
f 177/158/41 183/165/37 180/160/37
f 188/171/47 189/167/47 175/159/34
f 192/172/1 194/184/1 193/173/1
f 198/175/1 200/185/1 199/176/1
f 202/178/1 204/186/1 203/179/1
f 206/181/1 208/208/1 207/182/1
f 194/184/1 202/178/1 201/180/1
f 200/185/1 206/181/1 205/183/1
f 197/177/1 199/176/1 194/184/1
f 205/183/1 207/182/1 204/186/1
f 199/176/1 205/183/1 202/178/1
f 214/187/1 216/199/1 215/188/1
f 218/190/1 220/200/1 219/191/1
f 222/193/1 224/201/1 223/194/1
f 226/196/1 228/550/1 227/197/1
f 216/199/1 222/193/1 221/195/1
f 220/200/1 226/196/1 225/198/1
f 217/192/1 219/191/1 216/199/1
f 225/198/1 227/197/1 224/201/1
f 219/191/1 225/198/1 222/193/1
f 113/115/1 114/114/1 192/172/1
f 195/202/48 196/213/50 118/102/19
f 124/108/1 198/175/1 197/177/1
f 191/174/49 195/202/48 117/104/21
f 123/109/1 197/177/1 192/172/1
f 209/203/50 210/205/50 132/117/19
f 211/204/50 212/559/50 138/122/19
f 210/205/50 211/204/50 137/124/19
f 164/150/1 214/187/1 213/189/1
f 170/206/1 218/190/1 217/192/1
f 169/145/1 217/192/1 214/187/1
f 122/116/1 161/143/1 163/142/1
f 128/207/33 166/212/47 165/148/40
f 122/116/30 127/111/25 165/148/40
f 213/189/1 215/188/1 200/185/1
f 221/195/1 223/194/1 208/208/1
f 215/188/1 221/195/1 206/181/1
f 144/134/33 188/171/47 187/166/47
f 148/209/33 190/558/47 189/167/47
f 147/131/33 189/167/47 188/171/47
f 131/119/19 133/118/32 120/210/32
f 120/210/32 133/118/32 129/121/22
f 141/129/24 143/128/33 128/207/33
f 129/121/22 141/129/24 126/110/24
f 171/156/34 173/155/41 154/151/41
f 179/162/37 181/161/38 160/211/38
f 173/155/41 179/162/37 158/138/37
f 166/212/47 187/166/47 171/156/34
f 143/128/33 187/166/47 166/212/47
f 196/213/50 209/203/50 131/119/19
f 163/142/1 213/189/1 198/175/1
f 232/214/19 234/230/32 233/215/32
f 233/215/32 234/230/32 230/217/22
f 238/219/19 240/294/32 239/220/32
f 239/220/32 240/294/32 236/222/22
f 242/224/24 244/231/33 243/225/33
f 246/227/24 248/292/33 247/228/33
f 230/217/22 242/224/24 241/226/24
f 236/222/22 246/227/24 245/229/24
f 237/221/19 239/220/32 234/230/32
f 234/230/32 239/220/32 235/223/22
f 245/229/24 247/228/33 244/231/33
f 235/223/22 245/229/24 242/224/24
f 252/232/19 254/248/32 253/233/32
f 253/233/32 254/248/32 250/235/22
f 258/237/19 260/4653/32 259/238/32
f 259/238/32 260/4653/32 256/240/22
f 262/242/24 264/249/33 263/243/33
f 266/245/24 268/293/33 267/246/33
f 250/235/22 262/242/24 261/244/24
f 256/240/22 266/245/24 265/247/24
f 257/239/19 259/238/32 254/248/32
f 254/248/32 259/238/32 255/241/22
f 265/247/24 267/246/33 264/249/33
f 255/241/22 265/247/24 262/242/24
f 270/250/34 272/264/41 271/251/41
f 274/253/34 276/265/41 275/254/41
f 278/256/37 280/266/38 279/257/38
f 282/259/37 284/295/38 283/260/38
f 285/262/47 286/267/47 270/250/34
f 287/263/47 288/296/47 274/253/34
f 272/264/41 278/256/37 277/258/37
f 276/265/41 282/259/37 281/261/37
f 273/255/34 275/254/41 272/264/41
f 281/261/37 283/260/38 280/266/38
f 275/254/41 281/261/37 278/256/37
f 286/267/47 287/263/47 273/255/34
f 290/268/34 292/282/41 291/269/41
f 294/271/34 296/283/41 295/272/41
f 298/274/37 300/284/38 299/275/38
f 302/277/37 304/4648/38 303/278/38
f 305/280/47 306/285/47 290/268/34
f 307/281/47 308/4654/47 294/271/34
f 292/282/41 298/274/37 297/276/37
f 296/283/41 302/277/37 301/279/37
f 293/273/34 295/272/41 292/282/41
f 301/279/37 303/278/38 300/284/38
f 295/272/41 301/279/37 298/274/37
f 306/285/47 307/281/47 293/273/34
f 309/286/50 310/288/50 232/214/19
f 311/287/50 312/297/50 238/219/19
f 310/288/50 311/287/50 237/221/19
f 313/289/50 314/291/50 252/232/19
f 315/290/50 316/4655/50 258/237/19
f 314/291/50 315/290/50 257/239/19
f 244/231/33 286/267/47 285/262/47
f 248/292/33 288/296/47 287/263/47
f 247/228/33 287/263/47 286/267/47
f 264/249/33 306/285/47 305/280/47
f 268/293/33 308/4654/47 307/281/47
f 267/246/33 307/281/47 306/285/47
f 251/234/19 253/233/32 240/294/32
f 240/294/32 253/233/32 249/236/22
f 261/244/24 263/243/33 248/292/33
f 249/236/22 261/244/24 246/227/24
f 289/270/34 291/269/41 276/265/41
f 297/276/37 299/275/38 284/295/38
f 291/269/41 297/276/37 282/259/37
f 288/296/47 305/280/47 289/270/34
f 263/243/33 305/280/47 288/296/47
f 312/297/50 313/289/50 251/234/19
f 323/298/51 325/406/64 324/299/52
f 324/299/52 325/406/64 321/301/54
f 326/303/1 327/310/1 329/304/1
f 332/306/56 333/398/65 331/307/57
f 318/309/1 319/311/1 327/310/1
f 330/308/58 331/307/57 323/298/51
f 322/300/53 324/299/52 319/311/59
f 317/312/61 319/311/59 324/299/52
f 328/305/62 332/306/56 330/308/58
f 326/303/63 330/308/58 322/300/53
f 337/313/51 339/329/64 338/314/64
f 338/314/64 339/329/64 335/316/54
f 343/318/51 345/560/64 344/319/64
f 344/319/64 345/560/64 341/321/54
f 348/323/65 349/330/65 347/324/57
f 352/326/65 353/399/65 351/327/57
f 346/325/57 347/324/57 337/313/51
f 350/328/57 351/327/57 343/318/51
f 342/320/51 344/319/64 339/329/64
f 339/329/64 344/319/64 340/322/54
f 349/330/65 352/326/65 350/328/57
f 347/324/57 350/328/57 342/320/51
f 355/331/1 357/343/1 356/332/1
f 361/334/1 363/344/1 362/335/1
f 365/337/1 367/345/1 366/338/1
f 369/340/1 371/400/1 370/341/1
f 357/343/1 365/337/1 364/339/1
f 363/344/1 369/340/1 368/342/1
f 360/336/1 362/335/1 357/343/1
f 368/342/1 370/341/1 367/345/1
f 362/335/1 368/342/1 365/337/1
f 380/346/66 381/358/72 379/347/67
f 383/349/1 385/359/1 384/350/1
f 392/352/69 393/407/69 391/353/70
f 395/355/1 397/402/1 396/356/1
f 390/354/71 391/353/70 381/358/72
f 385/359/1 395/355/1 394/357/1
f 376/360/1 382/351/1 384/350/1
f 388/362/1 394/357/1 396/356/1
f 379/347/67 387/408/79 386/364/73
f 376/360/74 377/361/78 380/346/66
f 389/363/75 392/352/69 390/354/71
f 378/348/68 386/364/73 382/351/77
f 388/362/76 390/354/71 380/346/66
f 377/361/1 384/350/1 394/357/1
f 400/365/72 401/377/72 399/366/67
f 404/368/72 405/378/72 403/369/67
f 412/371/69 413/381/69 411/372/70
f 416/374/69 417/561/69 415/375/70
f 410/373/70 411/372/70 401/377/72
f 414/376/70 415/375/70 405/378/72
f 399/366/67 407/382/79 406/379/79
f 403/369/67 409/562/79 408/380/79
f 401/377/72 404/368/72 402/370/67
f 413/381/69 416/374/69 414/376/70
f 402/370/67 408/380/79 407/382/79
f 411/372/70 414/376/70 404/368/72
f 419/383/1 421/395/1 420/384/1
f 423/386/1 425/396/1 424/387/1
f 427/389/1 429/397/1 428/390/1
f 431/392/1 433/552/1 432/393/1
f 421/395/1 427/389/1 426/391/1
f 425/396/1 431/392/1 430/394/1
f 422/388/1 424/387/1 421/395/1
f 430/394/1 432/393/1 429/397/1
f 424/387/1 430/394/1 427/389/1
f 328/305/1 329/304/1 383/349/1
f 386/364/73 387/408/79 333/398/65
f 328/305/62 382/351/77 386/364/73
f 406/379/79 407/382/79 349/330/65
f 408/380/79 409/562/79 353/399/65
f 407/382/79 408/380/79 352/326/65
f 367/345/1 419/383/1 418/385/1
f 371/400/1 423/386/1 422/388/1
f 370/341/1 422/388/1 419/383/1
f 317/312/1 354/333/1 356/332/1
f 364/339/1 366/338/1 329/304/1
f 321/301/54 359/409/82 358/401/80
f 320/302/55 358/401/80 354/333/81
f 356/332/1 364/339/1 327/310/1
f 418/385/1 420/384/1 385/359/1
f 426/391/1 428/390/1 397/402/1
f 420/384/1 426/391/1 395/355/1
f 335/316/54 373/405/82 372/403/82
f 341/321/54 375/563/82 374/404/82
f 340/322/54 374/404/82 373/405/82
f 336/315/51 338/314/64 325/406/64
f 325/406/64 338/314/64 334/317/54
f 333/398/65 348/323/65 346/325/57
f 331/307/57 346/325/57 336/315/51
f 381/358/72 400/365/72 398/367/67
f 393/407/69 412/371/69 410/373/70
f 398/367/67 406/379/79 387/408/79
f 391/353/70 410/373/70 400/365/72
f 334/317/54 372/403/82 359/409/82
f 387/408/79 406/379/79 348/323/65
f 366/338/1 418/385/1 383/349/1
f 437/410/51 439/426/64 438/411/64
f 438/411/64 439/426/64 435/413/54
f 443/415/51 445/490/64 444/416/64
f 444/416/64 445/490/64 441/418/54
f 448/420/65 449/427/65 447/421/57
f 452/423/65 453/482/65 451/424/57
f 446/422/57 447/421/57 437/410/51
f 450/425/57 451/424/57 443/415/51
f 442/417/51 444/416/64 439/426/64
f 439/426/64 444/416/64 440/419/54
f 449/427/65 452/423/65 450/425/57
f 447/421/57 450/425/57 442/417/51
f 457/428/51 459/444/64 458/429/64
f 458/429/64 459/444/64 455/431/54
f 463/433/51 465/4656/64 464/434/64
f 464/434/64 465/4656/64 461/436/54
f 468/438/65 469/445/65 467/439/57
f 472/441/65 473/483/65 471/442/57
f 466/440/57 467/439/57 457/428/51
f 470/443/57 471/442/57 463/433/51
f 462/435/51 464/434/64 459/444/64
f 459/444/64 464/434/64 460/437/54
f 469/445/65 472/441/65 470/443/57
f 467/439/57 470/443/57 462/435/51
f 484/446/72 485/458/72 483/447/67
f 488/449/72 489/459/72 487/450/67
f 496/452/69 497/462/69 495/453/70
f 500/455/69 501/491/69 499/456/70
f 494/454/70 495/453/70 485/458/72
f 498/457/70 499/456/70 489/459/72
f 483/447/67 491/463/79 490/460/79
f 487/450/67 493/492/79 492/461/79
f 485/458/72 488/449/72 486/451/67
f 497/462/69 500/455/69 498/457/70
f 486/451/67 492/461/79 491/463/79
f 495/453/70 498/457/70 488/449/72
f 504/464/72 505/476/72 503/465/67
f 508/467/72 509/477/72 507/468/67
f 516/470/69 517/480/69 515/471/70
f 520/473/69 521/4603/69 519/474/70
f 514/472/70 515/471/70 505/476/72
f 518/475/70 519/474/70 509/477/72
f 503/465/67 511/481/79 510/478/79
f 507/468/67 513/4657/79 512/479/79
f 505/476/72 508/467/72 506/469/67
f 517/480/69 520/473/69 518/475/70
f 506/469/67 512/479/79 511/481/79
f 515/471/70 518/475/70 508/467/72
f 490/460/79 491/463/79 449/427/65
f 492/461/79 493/492/79 453/482/65
f 491/463/79 492/461/79 452/423/65
f 510/478/79 511/481/79 469/445/65
f 512/479/79 513/4657/79 473/483/65
f 511/481/79 512/479/79 472/441/65
f 435/413/54 475/486/82 474/484/82
f 441/418/54 477/493/82 476/485/82
f 440/419/54 476/485/82 475/486/82
f 455/431/54 479/489/82 478/487/82
f 461/436/54 481/4658/82 480/488/82
f 460/437/54 480/488/82 479/489/82
f 456/430/51 458/429/64 445/490/64
f 445/490/64 458/429/64 454/432/54
f 453/482/65 468/438/65 466/440/57
f 451/424/57 466/440/57 456/430/51
f 489/459/72 504/464/72 502/466/67
f 501/491/69 516/470/69 514/472/70
f 502/466/67 510/478/79 493/492/79
f 499/456/70 514/472/70 504/464/72
f 454/432/54 478/487/82 477/493/82
f 493/492/79 510/478/79 468/438/65
f 523/494/1 525/496/1 524/495/1
f 527/497/1 529/505/1 528/498/1
f 531/500/1 533/506/1 532/501/1
f 535/503/1 537/536/1 536/504/1
f 525/496/1 531/500/1 530/502/1
f 529/505/1 535/503/1 534/496/1
f 526/499/1 528/498/1 525/496/1
f 534/496/1 536/504/1 533/506/1
f 528/498/1 534/496/1 531/500/1
f 539/507/1 541/517/1 540/508/1
f 543/510/1 545/518/1 544/511/1
f 547/512/1 549/519/1 548/513/1
f 551/515/1 553/546/1 552/188/1
f 541/517/1 547/512/1 546/514/1
f 545/518/1 551/515/1 550/516/1
f 542/150/1 544/511/1 541/517/1
f 550/516/1 552/188/1 549/519/1
f 544/511/1 550/516/1 547/512/1
f 555/520/1 557/532/1 556/521/1
f 559/523/1 561/533/1 560/524/1
f 563/526/1 565/534/1 564/527/1
f 567/529/1 569/547/1 568/530/1
f 557/532/1 563/526/1 562/528/1
f 561/533/1 567/529/1 566/531/1
f 558/525/1 560/524/1 557/532/1
f 566/531/1 568/530/1 565/534/1
f 560/524/1 566/531/1 563/526/1
f 571/173/1 573/536/1 572/535/1
f 575/537/1 577/544/1 576/497/1
f 579/538/1 581/545/1 580/539/1
f 583/541/1 585/4610/1 584/542/1
f 573/536/1 579/538/1 578/540/1
f 577/544/1 583/541/1 582/543/1
f 574/185/1 576/497/1 573/536/1
f 582/543/1 584/542/1 581/545/1
f 576/497/1 582/543/1 579/538/1
f 533/506/1 555/520/1 554/522/1
f 537/536/1 559/523/1 558/525/1
f 536/504/1 558/525/1 555/520/1
f 549/519/1 571/173/1 570/536/1
f 553/546/1 575/537/1 574/185/1
f 552/188/1 574/185/1 571/173/1
f 538/509/1 540/508/1 529/505/1
f 546/514/1 548/513/1 537/536/1
f 540/508/1 546/514/1 535/503/1
f 570/536/1 572/535/1 561/533/1
f 578/540/1 580/539/1 569/547/1
f 572/535/1 578/540/1 567/529/1
f 548/513/1 570/536/1 559/523/1
f 16/10/1 17/9/1 355/331/1
f 358/401/80 359/409/82 23/49/18
f 27/496/1 361/334/1 360/336/1
f 354/333/81 358/401/80 22/14/9
f 26/16/1 360/336/1 355/331/1
f 372/403/82 373/405/82 49/45/18
f 374/404/82 375/563/82 55/548/18
f 373/405/82 374/404/82 54/37/18
f 359/409/82 372/403/82 48/33/18
f 474/484/82 475/486/82 77/73/18
f 476/485/82 477/493/82 83/101/18
f 475/486/82 476/485/82 82/65/18
f 478/487/82 479/489/82 105/97/18
f 480/488/82 481/4658/82 111/549/18
f 479/489/82 480/488/82 110/89/18
f 477/493/82 478/487/82 104/85/18
f 204/186/1 523/494/1 522/496/1
f 208/208/1 527/497/1 526/499/1
f 207/182/1 526/499/1 523/494/1
f 224/201/1 539/507/1 538/509/1
f 228/550/1 543/510/1 542/150/1
f 227/197/1 542/150/1 539/507/1
f 223/194/1 538/509/1 527/497/1
f 5/21/1 191/174/1 193/173/1
f 201/180/1 203/179/1 27/496/1
f 11/46/17 196/213/50 195/202/48
f 10/5/3 195/202/48 191/174/49
f 193/173/1 201/180/1 25/15/1
f 35/42/17 210/205/50 209/203/50
f 41/551/17 212/559/50 211/204/50
f 40/27/17 211/204/50 210/205/50
f 34/23/17 209/203/50 196/213/50
f 522/496/1 524/495/1 363/344/1
f 530/502/1 532/501/1 371/400/1
f 524/495/1 530/502/1 369/340/1
f 554/522/1 556/521/1 425/396/1
f 562/528/1 564/527/1 433/552/1
f 556/521/1 562/528/1 431/392/1
f 532/501/1 554/522/1 423/386/1
f 63/70/17 310/288/50 309/286/50
f 69/98/17 312/297/50 311/287/50
f 68/55/17 311/287/50 310/288/50
f 91/94/17 314/291/50 313/289/50
f 97/553/17 316/4655/50 315/290/50
f 96/79/17 315/290/50 314/291/50
f 90/75/17 313/289/50 312/297/50
f 60/52/2 62/51/17 41/551/17
f 43/554/5 64/53/5 60/52/2
f 72/60/6 74/59/7 53/555/7
f 55/548/18 76/61/18 72/60/6
f 56/67/10 64/53/5 43/554/5
f 53/555/7 74/59/7 56/67/10
f 231/216/19 233/215/32 140/556/32
f 140/556/32 233/215/32 229/218/22
f 241/226/24 243/225/33 148/209/33
f 229/218/22 241/226/24 146/130/24
f 269/252/34 271/251/41 178/169/41
f 277/258/37 279/257/38 186/557/38
f 271/251/41 277/258/37 184/163/37
f 190/558/47 285/262/47 269/252/34
f 243/225/33 285/262/47 190/558/47
f 212/559/50 309/286/50 231/216/19
f 436/412/51 438/411/64 345/560/64
f 345/560/64 438/411/64 434/414/54
f 353/399/65 448/420/65 446/422/57
f 351/327/57 446/422/57 436/412/51
f 405/378/72 484/446/72 482/448/67
f 417/561/69 496/452/69 494/454/70
f 482/448/67 490/460/79 409/562/79
f 415/375/70 494/454/70 484/446/72
f 434/414/54 474/484/82 375/563/82
f 409/562/79 490/460/79 448/420/65
f 62/51/17 309/286/50 212/559/50
f 375/563/82 474/484/82 76/61/18
f 203/179/1 522/496/1 361/334/1
f 591/564/2 593/584/17 592/565/17
f 594/567/5 595/585/5 591/564/2
f 597/568/2 599/612/17 598/569/17
f 600/571/5 601/613/5 597/568/2
f 603/572/6 605/586/7 604/573/7
f 606/575/18 607/587/18 603/572/6
f 609/576/6 611/614/7 610/577/7
f 612/579/18 613/615/18 609/576/6
f 604/573/7 605/586/7 587/580/10
f 610/577/7 611/614/7 589/582/10
f 587/580/10 595/585/5 594/567/5
f 589/582/10 601/613/5 600/571/5
f 596/570/2 598/569/17 593/584/17
f 595/585/5 600/571/5 596/570/2
f 608/578/6 610/577/7 605/586/7
f 607/587/18 612/579/18 608/578/6
f 588/583/10 600/571/5 595/585/5
f 605/586/7 610/577/7 588/583/10
f 619/588/2 621/608/17 620/589/17
f 622/591/5 623/609/5 619/588/2
f 625/592/2 627/1121/17 626/593/17
f 628/595/5 629/1124/5 625/592/2
f 631/596/6 633/610/7 632/597/7
f 634/599/18 635/611/18 631/596/6
f 637/600/6 639/1125/7 638/601/7
f 640/603/18 641/1117/18 637/600/6
f 632/597/7 633/610/7 615/604/10
f 638/601/7 639/1125/7 617/606/10
f 615/604/10 623/609/5 622/591/5
f 617/606/10 629/1124/5 628/595/5
f 624/594/2 626/593/17 621/608/17
f 623/609/5 628/595/5 624/594/2
f 636/602/6 638/601/7 633/610/7
f 635/611/18 640/603/18 636/602/6
f 616/607/10 628/595/5 623/609/5
f 633/610/7 638/601/7 616/607/10
f 618/590/2 620/589/17 599/612/17
f 601/613/5 622/591/5 618/590/2
f 630/598/6 632/597/7 611/614/7
f 613/615/18 634/599/18 630/598/6
f 614/605/10 622/591/5 601/613/5
f 611/614/7 632/597/7 614/605/10
f 647/616/2 649/636/17 648/617/17
f 650/619/5 651/637/5 647/616/2
f 653/620/2 655/663/17 654/621/17
f 656/623/5 657/664/5 653/620/2
f 659/624/6 661/638/7 660/625/7
f 662/627/18 663/639/18 659/624/6
f 665/628/6 667/665/7 666/629/7
f 668/631/18 669/666/18 665/628/6
f 660/625/7 661/638/7 643/632/10
f 666/629/7 667/665/7 645/634/10
f 643/632/10 651/637/5 650/619/5
f 645/634/10 657/664/5 656/623/5
f 652/622/2 654/621/17 649/636/17
f 651/637/5 656/623/5 652/622/2
f 664/630/6 666/629/7 661/638/7
f 663/639/18 668/631/18 664/630/6
f 644/635/10 656/623/5 651/637/5
f 661/638/7 666/629/7 644/635/10
f 674/640/83 676/660/87 675/641/17
f 677/643/5 678/662/5 674/640/83
f 682/644/84 680/659/84 679/645/84
f 684/647/85 686/661/7 685/648/7
f 687/650/18 688/1118/133 684/647/85
f 692/651/84 690/658/84 689/652/84
f 696/654/84 694/1122/84 693/654/84
f 685/648/7 686/661/7 671/656/10
f 693/654/84 694/1122/84 682/644/84
f 671/656/10 678/662/5 677/643/5
f 692/651/84 695/655/84 693/654/84
f 674/640/83 679/645/89 680/659/86
f 674/640/83 678/662/5 681/646/88
f 684/647/85 689/652/92 690/658/90
f 684/647/85 688/1118/133 691/653/91
f 671/656/10 672/654/10 681/646/88
f 671/656/10 686/661/7 690/658/90
f 693/654/84 681/646/84 672/654/84
f 673/642/2 675/641/17 655/663/17
f 657/664/5 677/643/5 673/642/2
f 683/649/6 685/648/7 667/665/7
f 669/666/18 687/650/18 683/649/6
f 670/657/10 677/643/5 657/664/5
f 667/665/7 685/648/7 670/657/10
f 700/667/19 702/683/32 701/668/32
f 701/668/32 702/683/32 698/670/22
f 706/672/19 708/747/32 707/673/32
f 707/673/32 708/747/32 704/675/22
f 710/677/24 712/684/33 711/678/33
f 714/680/24 716/745/33 715/681/33
f 698/670/22 710/677/24 709/679/24
f 704/675/22 714/680/24 713/682/24
f 705/674/19 707/673/32 702/683/32
f 702/683/32 707/673/32 703/676/22
f 713/682/24 715/681/33 712/684/33
f 703/676/22 713/682/24 710/677/24
f 720/685/19 722/701/32 721/686/32
f 721/686/32 722/701/32 718/688/22
f 726/690/19 728/1126/32 727/691/32
f 727/691/32 728/1126/32 724/693/22
f 730/695/24 732/702/33 731/696/33
f 734/698/24 736/746/33 735/699/33
f 718/688/22 730/695/24 729/697/24
f 724/693/22 734/698/24 733/700/24
f 725/692/19 727/691/32 722/701/32
f 722/701/32 727/691/32 723/694/22
f 733/700/24 735/699/33 732/702/33
f 723/694/22 733/700/24 730/695/24
f 738/703/34 740/717/41 739/704/41
f 742/706/34 744/718/41 743/707/41
f 746/709/37 748/719/38 747/710/38
f 750/712/37 752/748/38 751/713/38
f 753/715/47 754/720/47 738/703/34
f 755/716/47 756/749/47 742/706/34
f 740/717/41 746/709/37 745/711/37
f 744/718/41 750/712/37 749/714/37
f 741/708/34 743/707/41 740/717/41
f 749/714/37 751/713/38 748/719/38
f 743/707/41 749/714/37 746/709/37
f 754/720/47 755/716/47 741/708/34
f 758/721/34 760/735/41 759/722/41
f 762/724/34 764/736/41 763/725/41
f 766/727/37 768/737/38 767/728/38
f 770/730/37 772/1127/38 771/731/38
f 773/733/47 774/738/47 758/721/34
f 775/734/47 776/1128/47 762/724/34
f 760/735/41 766/727/37 765/729/37
f 764/736/41 770/730/37 769/732/37
f 761/726/34 763/725/41 760/735/41
f 769/732/37 771/731/38 768/737/38
f 763/725/41 769/732/37 766/727/37
f 774/738/47 775/734/47 761/726/34
f 777/739/50 778/741/50 700/667/19
f 779/740/50 780/750/50 706/672/19
f 778/741/50 779/740/50 705/674/19
f 781/742/50 782/744/50 720/685/19
f 783/743/50 784/1129/50 726/690/19
f 782/744/50 783/743/50 725/692/19
f 712/684/33 754/720/47 753/715/47
f 716/745/33 756/749/47 755/716/47
f 715/681/33 755/716/47 754/720/47
f 732/702/33 774/738/47 773/733/47
f 736/746/33 776/1128/47 775/734/47
f 735/699/33 775/734/47 774/738/47
f 719/687/19 721/686/32 708/747/32
f 708/747/32 721/686/32 717/689/22
f 729/697/24 731/696/33 716/745/33
f 717/689/22 729/697/24 714/680/24
f 757/723/34 759/722/41 744/718/41
f 765/729/37 767/728/38 752/748/38
f 759/722/41 765/729/37 750/712/37
f 756/749/47 773/733/47 757/723/34
f 731/696/33 773/733/47 756/749/47
f 780/750/50 781/742/50 719/687/19
f 788/751/19 790/767/32 789/752/32
f 789/752/32 790/767/32 786/754/22
f 794/756/19 796/863/32 795/757/32
f 795/757/32 796/863/32 792/759/22
f 798/761/24 800/768/33 799/762/33
f 802/764/24 804/861/33 803/765/33
f 786/754/22 798/761/24 797/763/24
f 792/759/22 802/764/24 801/766/24
f 793/758/19 795/757/32 790/767/32
f 790/767/32 795/757/32 791/760/22
f 801/766/24 803/765/33 800/768/33
f 791/760/22 801/766/24 798/761/24
f 808/769/93 810/783/97 809/770/32
f 809/770/32 810/783/97 806/772/94
f 815/774/95 817/785/101 816/775/33
f 821/777/84 819/784/84 818/778/84
f 806/772/94 815/774/95 814/776/24
f 820/779/84 818/778/84 811/780/84
f 812/782/96 813/781/98 810/783/97
f 806/772/94 810/783/97 813/781/98
f 815/774/95 818/778/102 819/784/100
f 806/772/94 811/780/99 818/778/102
f 823/786/34 825/800/41 824/787/41
f 827/789/34 829/801/41 828/790/41
f 831/792/37 833/802/38 832/793/38
f 835/795/37 837/864/38 836/796/38
f 838/798/47 839/803/47 823/786/34
f 840/799/47 841/865/47 827/789/34
f 825/800/41 831/792/37 830/794/37
f 829/801/41 835/795/37 834/797/37
f 826/791/34 828/790/41 825/800/41
f 834/797/37 836/796/38 833/802/38
f 828/790/41 834/797/37 831/792/37
f 839/803/47 840/799/47 826/791/34
f 843/804/103 845/820/105 844/805/41
f 849/807/104 851/823/38 850/808/38
f 858/810/84 859/821/84 857/811/84
f 863/813/84 861/818/84 860/814/84
f 854/816/47 855/862/111 843/804/103
f 857/811/84 847/824/84 846/817/84
f 861/818/84 853/822/84 852/819/84
f 845/820/105 849/807/104 848/809/37
f 862/815/84 860/814/84 857/811/84
f 846/817/106 847/824/523 845/820/105
f 849/807/104 852/819/108 853/822/107
f 845/820/105 847/824/523 852/819/108
f 843/804/103 855/862/111 856/812/109
f 860/814/84 852/819/84 847/824/84
f 872/825/84 873/839/84 871/826/84
f 877/828/84 875/859/84 874/829/84
f 881/831/84 879/837/84 878/832/84
f 885/834/84 883/838/84 882/835/84
f 879/837/84 873/839/84 872/825/84
f 883/838/84 877/828/84 876/830/84
f 876/830/84 874/829/84 871/826/84
f 884/836/84 882/835/84 879/837/84
f 882/835/84 876/830/84 873/839/84
f 889/840/84 887/854/84 886/841/84
f 893/843/84 891/860/84 890/844/84
f 897/846/84 895/852/84 894/847/84
f 901/849/84 899/853/84 898/850/84
f 895/852/84 889/840/84 888/842/84
f 899/853/84 893/843/84 892/845/84
f 892/845/84 890/844/84 887/854/84
f 900/851/84 898/850/84 895/852/84
f 898/850/84 892/845/84 889/840/84
f 864/855/50 865/857/50 788/751/19
f 866/856/50 867/866/50 794/756/19
f 865/857/50 866/856/50 793/758/19
f 868/858/50 869/1123/134 808/769/93
f 871/826/84 813/781/84 812/782/84
f 875/859/84 821/777/84 820/779/84
f 808/769/93 869/1123/134 870/827/110
f 871/826/84 874/829/84 820/779/84
f 887/854/84 859/821/84 858/810/84
f 891/860/84 863/813/84 862/815/84
f 890/844/84 862/815/84 859/821/84
f 800/768/33 839/803/47 838/798/47
f 804/861/33 841/865/47 840/799/47
f 803/765/33 840/799/47 839/803/47
f 817/785/101 855/862/111 854/816/47
f 858/810/84 856/812/84 819/784/84
f 819/784/100 856/812/109 855/862/111
f 888/842/84 886/841/84 875/859/84
f 896/848/84 894/847/84 883/838/84
f 894/847/84 888/842/84 877/828/84
f 807/771/19 809/770/32 796/863/32
f 796/863/32 809/770/32 805/773/22
f 814/776/24 816/775/33 804/861/33
f 805/773/22 814/776/24 802/764/24
f 842/806/34 844/805/41 829/801/41
f 848/809/37 850/808/38 837/864/38
f 844/805/41 848/809/37 835/795/37
f 841/865/47 854/816/47 842/806/34
f 816/775/33 854/816/47 841/865/47
f 867/866/50 868/858/50 807/771/19
f 886/841/84 858/810/84 821/777/84
f 905/867/51 907/883/64 906/868/64
f 906/868/64 907/883/64 903/870/54
f 911/872/51 913/947/64 912/873/64
f 912/873/64 913/947/64 909/875/54
f 916/877/65 917/884/65 915/878/57
f 920/880/65 921/939/65 919/881/57
f 914/879/57 915/878/57 905/867/51
f 918/882/57 919/881/57 911/872/51
f 910/874/51 912/873/64 907/883/64
f 907/883/64 912/873/64 908/876/54
f 917/884/65 920/880/65 918/882/57
f 915/878/57 918/882/57 910/874/51
f 925/885/51 927/901/64 926/886/64
f 926/886/64 927/901/64 923/888/54
f 931/890/51 933/1130/64 932/891/64
f 932/891/64 933/1130/64 929/893/54
f 936/895/65 937/902/65 935/896/57
f 940/898/65 941/940/65 939/899/57
f 934/897/57 935/896/57 925/885/51
f 938/900/57 939/899/57 931/890/51
f 930/892/51 932/891/64 927/901/64
f 927/901/64 932/891/64 928/894/54
f 937/902/65 940/898/65 938/900/57
f 935/896/57 938/900/57 930/892/51
f 952/903/72 953/915/72 951/904/67
f 956/906/72 957/916/72 955/907/67
f 964/909/69 965/919/69 963/910/70
f 968/912/69 969/948/69 967/913/70
f 962/911/70 963/910/70 953/915/72
f 966/914/70 967/913/70 957/916/72
f 951/904/67 959/920/79 958/917/79
f 955/907/67 961/949/79 960/918/79
f 953/915/72 956/906/72 954/908/67
f 965/919/69 968/912/69 966/914/70
f 954/908/67 960/918/79 959/920/79
f 963/910/70 966/914/70 956/906/72
f 972/921/72 973/933/72 971/922/67
f 976/924/72 977/934/72 975/925/67
f 984/927/69 985/937/69 983/928/70
f 988/930/69 989/1131/69 987/931/70
f 982/929/70 983/928/70 973/933/72
f 986/932/70 987/931/70 977/934/72
f 971/922/67 979/938/79 978/935/79
f 975/925/67 981/1132/79 980/936/79
f 973/933/72 976/924/72 974/926/67
f 985/937/69 988/930/69 986/932/70
f 974/926/67 980/936/79 979/938/79
f 983/928/70 986/932/70 976/924/72
f 958/917/79 959/920/79 917/884/65
f 960/918/79 961/949/79 921/939/65
f 959/920/79 960/918/79 920/880/65
f 978/935/79 979/938/79 937/902/65
f 980/936/79 981/1132/79 941/940/65
f 979/938/79 980/936/79 940/898/65
f 903/870/54 943/943/82 942/941/82
f 909/875/54 945/950/82 944/942/82
f 908/876/54 944/942/82 943/943/82
f 923/888/54 947/946/82 946/944/82
f 929/893/54 949/1133/82 948/945/82
f 928/894/54 948/945/82 947/946/82
f 924/887/51 926/886/64 913/947/64
f 913/947/64 926/886/64 922/889/54
f 921/939/65 936/895/65 934/897/57
f 919/881/57 934/897/57 924/887/51
f 957/916/72 972/921/72 970/923/67
f 969/948/69 984/927/69 982/929/70
f 970/923/67 978/935/79 961/949/79
f 967/913/70 982/929/70 972/921/72
f 922/889/54 946/944/82 945/950/82
f 961/949/79 978/935/79 936/895/65
f 993/951/51 995/967/64 994/952/64
f 994/952/64 995/967/64 991/954/54
f 999/956/51 1001/1062/64 1000/957/64
f 1000/957/64 1001/1062/64 997/959/54
f 1004/961/65 1005/968/65 1003/962/57
f 1008/964/65 1009/1053/65 1007/965/57
f 1002/963/57 1003/962/57 993/951/51
f 1006/966/57 1007/965/57 999/956/51
f 998/958/51 1000/957/64 995/967/64
f 995/967/64 1000/957/64 996/960/54
f 1005/968/65 1008/964/65 1006/966/57
f 1003/962/57 1006/966/57 998/958/51
f 1013/969/112 1015/983/116 1014/970/64
f 1014/970/64 1015/983/116 1011/972/113
f 1021/974/65 1022/1054/130 1020/975/114
f 1026/977/84 1024/980/84 1023/978/84
f 1019/976/57 1020/975/114 1013/969/112
f 1024/980/84 1018/982/84 1017/981/84
f 1013/969/112 1017/981/120 1018/982/115
f 1015/983/116 1018/982/115 1016/984/117
f 1020/975/114 1022/1054/130 1025/979/118
f 1013/969/112 1020/975/114 1023/978/119
f 1035/985/84 1036/999/84 1034/986/84
f 1040/988/84 1038/1119/84 1037/989/84
f 1044/991/84 1042/997/84 1041/992/84
f 1048/994/84 1046/998/84 1045/995/84
f 1042/997/84 1036/999/84 1035/985/84
f 1046/998/84 1040/988/84 1039/990/84
f 1039/990/84 1037/989/84 1034/986/84
f 1047/996/84 1045/995/84 1042/997/84
f 1045/995/84 1039/990/84 1036/999/84
f 1051/1000/72 1052/1012/72 1050/1001/67
f 1055/1003/72 1056/1013/72 1054/1004/67
f 1063/1006/69 1064/1016/69 1062/1007/70
f 1067/1009/69 1068/1063/69 1066/1010/70
f 1061/1008/70 1062/1007/70 1052/1012/72
f 1065/1011/70 1066/1010/70 1056/1013/72
f 1050/1001/67 1058/1017/79 1057/1014/79
f 1054/1004/67 1060/1064/79 1059/1015/79
f 1052/1012/72 1055/1003/72 1053/1005/67
f 1064/1016/69 1067/1009/69 1065/1011/70
f 1053/1005/67 1059/1015/79 1058/1017/79
f 1062/1007/70 1065/1011/70 1055/1003/72
f 1071/1018/72 1072/1030/123 1070/1019/121
f 1079/1021/84 1080/1061/84 1078/1022/84
f 1083/1024/69 1084/4627/69 1082/1025/122
f 1090/1027/84 1088/1031/84 1087/1028/84
f 1081/1026/70 1082/1025/122 1072/1030/123
f 1088/1031/84 1080/1061/84 1079/1021/84
f 1070/1019/121 1076/1037/128 1075/1032/79
f 1079/1021/84 1077/1023/84 1073/1033/84
f 1089/1029/84 1087/1028/84 1085/1035/84
f 1072/1030/123 1074/1034/129 1073/1033/124
f 1082/1025/122 1084/4627/69 1086/1036/125
f 1070/1019/121 1073/1033/124 1077/1023/127
f 1072/1030/123 1082/1025/122 1085/1035/126
f 1087/1028/84 1079/1021/84 1074/1034/84
f 1094/1038/84 1092/1052/84 1091/1039/84
f 1098/1041/84 1096/1055/84 1095/1042/84
f 1102/1044/84 1100/1050/84 1099/1045/84
f 1106/1047/84 1104/1051/84 1103/1048/84
f 1100/1050/84 1094/1038/84 1093/1040/84
f 1104/1051/84 1098/1041/84 1097/1043/84
f 1097/1043/84 1095/1042/84 1092/1052/84
f 1105/1049/84 1103/1048/84 1100/1050/84
f 1103/1048/84 1097/1043/84 1094/1038/84
f 1057/1014/79 1058/1017/79 1005/968/65
f 1059/1015/79 1060/1064/79 1009/1053/65
f 1058/1017/79 1059/1015/79 1008/964/65
f 1075/1032/79 1076/1037/128 1022/1054/130
f 1078/1022/84 1026/977/84 1025/979/84
f 1076/1037/128 1077/1023/127 1025/979/118
f 1092/1052/84 1044/991/84 1043/993/84
f 1096/1055/84 1048/994/84 1047/996/84
f 1095/1042/84 1047/996/84 1044/991/84
f 991/954/54 1028/1058/82 1027/1056/82
f 997/959/54 1030/1065/82 1029/1057/82
f 996/960/54 1029/1057/82 1028/1058/82
f 1011/972/113 1032/1060/132 1031/1059/82
f 1035/985/84 1033/987/84 1016/984/84
f 1043/993/84 1041/992/84 1024/980/84
f 1011/972/113 1016/984/117 1033/987/131
f 1024/980/84 1041/992/84 1035/985/84
f 1093/1040/84 1091/1039/84 1078/1022/84
f 1101/1046/84 1099/1045/84 1088/1031/84
f 1099/1045/84 1093/1040/84 1080/1061/84
f 1012/971/51 1014/970/64 1001/1062/64
f 1001/1062/64 1014/970/64 1010/973/54
f 1009/1053/65 1021/974/65 1019/976/57
f 1007/965/57 1019/976/57 1012/971/51
f 1056/1013/72 1071/1018/72 1069/1020/67
f 1068/1063/69 1083/1024/69 1081/1026/70
f 1069/1020/67 1075/1032/79 1060/1064/79
f 1066/1010/70 1081/1026/70 1071/1018/72
f 1010/973/54 1031/1059/82 1030/1065/82
f 1060/1064/79 1075/1032/79 1021/974/65
f 1091/1039/84 1043/993/84 1026/977/84
f 1110/654/84 1108/1077/84 1107/654/84
f 1114/1067/84 1112/1116/84 1111/1068/84
f 1118/1070/84 1116/1075/84 1115/1071/84
f 1122/1073/84 1120/1076/84 1119/654/84
f 1116/1075/84 1110/654/84 1109/1066/84
f 1120/1076/84 1114/1067/84 1113/1069/84
f 1113/1069/84 1111/1068/84 1108/1077/84
f 1121/1074/84 1119/654/84 1116/1075/84
f 1119/654/84 1113/1069/84 1110/654/84
f 1126/1078/84 1124/842/84 1123/1079/84
f 1130/1081/84 1128/1120/84 1127/821/84
f 1134/1083/84 1132/1088/84 1131/1084/84
f 1138/1086/84 1136/1089/84 1135/1087/84
f 1132/1088/84 1126/1078/84 1125/1080/84
f 1136/1089/84 1130/1081/84 1129/1082/84
f 1129/1082/84 1127/821/84 1124/842/84
f 1137/842/84 1135/1087/84 1132/1088/84
f 1135/1087/84 1129/1082/84 1126/1078/84
f 1142/1090/84 1140/1103/84 1139/1091/84
f 1146/1093/84 1144/1114/84 1143/1094/84
f 1150/1096/84 1148/1102/84 1147/1097/84
f 1154/1099/84 1152/1092/84 1151/1100/84
f 1148/1102/84 1142/1090/84 1141/1092/84
f 1152/1092/84 1146/1093/84 1145/1095/84
f 1145/1095/84 1143/1094/84 1140/1103/84
f 1153/1101/84 1151/1100/84 1148/1102/84
f 1151/1100/84 1145/1095/84 1142/1090/84
f 1158/1073/84 1156/1113/84 1155/1073/84
f 1162/1105/84 1160/1115/84 1159/1106/84
f 1166/1097/84 1164/1072/84 1163/1108/84
f 1170/1110/84 1168/1112/84 1167/1111/84
f 1164/1072/84 1158/1073/84 1157/1104/84
f 1168/1112/84 1162/1105/84 1161/1107/84
f 1161/1107/84 1159/1106/84 1156/1113/84
f 1169/1092/84 1167/1111/84 1164/1072/84
f 1167/1111/84 1161/1107/84 1158/1073/84
f 1140/1103/84 1118/1070/84 1117/1072/84
f 1144/1114/84 1122/1073/84 1121/1074/84
f 1143/1094/84 1121/1074/84 1118/1070/84
f 1156/1113/84 1134/1083/84 1133/1085/84
f 1160/1115/84 1138/1086/84 1137/842/84
f 1159/1106/84 1137/842/84 1134/1083/84
f 1125/1080/84 1123/1079/84 1112/1116/84
f 1133/1085/84 1131/1084/84 1120/1076/84
f 1131/1084/84 1125/1080/84 1114/1067/84
f 1157/1104/84 1155/1073/84 1144/1114/84
f 1165/1109/84 1163/1108/84 1152/1092/84
f 1163/1108/84 1157/1104/84 1146/1093/84
f 1155/1073/84 1133/1085/84 1122/1073/84
f 942/941/82 943/943/82 607/587/18
f 944/942/82 945/950/82 613/615/18
f 943/943/82 944/942/82 612/579/18
f 946/944/82 947/946/82 635/611/18
f 948/945/82 949/1133/82 641/1117/18
f 947/946/82 948/945/82 640/603/18
f 945/950/82 946/944/82 634/599/18
f 1027/1056/82 1028/1058/82 663/639/18
f 1029/1057/82 1030/1065/82 669/666/18
f 1028/1058/82 1029/1057/82 668/631/18
f 1031/1059/82 1032/1060/132 688/1118/133
f 1034/986/84 692/651/84 691/653/84
f 1038/1119/84 696/654/84 695/655/84
f 688/1118/133 1032/1060/132 1033/987/131
f 1037/989/84 695/655/84 692/651/84
f 1030/1065/82 1031/1059/82 687/650/18
f 1108/1077/84 881/831/84 880/833/84
f 1112/1116/84 885/834/84 884/836/84
f 1111/1068/84 884/836/84 881/831/84
f 1124/842/84 897/846/84 896/848/84
f 1128/1120/84 901/849/84 900/851/84
f 1127/821/84 900/851/84 897/846/84
f 1123/1079/84 896/848/84 885/834/84
f 593/584/17 778/741/50 777/739/50
f 599/612/17 780/750/50 779/740/50
f 598/569/17 779/740/50 778/741/50
f 621/608/17 782/744/50 781/742/50
f 627/1121/17 784/1129/50 783/743/50
f 626/593/17 783/743/50 782/744/50
f 620/589/17 781/742/50 780/750/50
f 649/636/17 865/857/50 864/855/50
f 655/663/17 867/866/50 866/856/50
f 654/621/17 866/856/50 865/857/50
f 676/660/87 869/1123/134 868/858/50
f 872/825/84 870/827/84 680/659/84
f 880/833/84 878/832/84 694/1122/84
f 676/660/87 680/659/86 870/827/110
f 878/832/84 872/825/84 682/644/84
f 675/641/17 868/858/50 867/866/50
f 1109/1066/84 1107/654/84 1038/1119/84
f 1117/1072/84 1115/1071/84 1046/998/84
f 1115/1071/84 1109/1066/84 1040/988/84
f 1141/1092/84 1139/1091/84 1096/1055/84
f 1149/1098/84 1147/1097/84 1104/1051/84
f 1147/1097/84 1141/1092/84 1098/1041/84
f 1139/1091/84 1117/1072/84 1048/994/84
f 646/618/2 648/617/17 627/1121/17
f 629/1124/5 650/619/5 646/618/2
f 658/626/6 660/625/7 639/1125/7
f 641/1117/18 662/627/18 658/626/6
f 642/633/10 650/619/5 629/1124/5
f 639/1125/7 660/625/7 642/633/10
f 787/753/19 789/752/32 728/1126/32
f 728/1126/32 789/752/32 785/755/22
f 797/763/24 799/762/33 736/746/33
f 785/755/22 797/763/24 734/698/24
f 822/788/34 824/787/41 764/736/41
f 830/794/37 832/793/38 772/1127/38
f 824/787/41 830/794/37 770/730/37
f 776/1128/47 838/798/47 822/788/34
f 799/762/33 838/798/47 776/1128/47
f 784/1129/50 864/855/50 787/753/19
f 992/953/51 994/952/64 933/1130/64
f 933/1130/64 994/952/64 990/955/54
f 941/940/65 1004/961/65 1002/963/57
f 939/899/57 1002/963/57 992/953/51
f 977/934/72 1051/1000/72 1049/1002/67
f 989/1131/69 1063/1006/69 1061/1008/70
f 1049/1002/67 1057/1014/79 981/1132/79
f 987/931/70 1061/1008/70 1051/1000/72
f 990/955/54 1027/1056/82 949/1133/82
f 981/1132/79 1057/1014/79 1004/961/65
f 648/617/17 864/855/50 784/1129/50
f 949/1133/82 1027/1056/82 662/627/18
f 1107/654/84 880/833/84 696/654/84
f 1174/1134/135 1176/1153/142 1175/1135/136
f 1180/1137/137 1182/1151/141 1181/1138/138
f 1184/1140/1 1186/1152/1 1185/1141/1
f 1187/1143/1 1188/1154/1 1190/1144/1
f 1172/1146/1 1184/1140/1 1183/1142/1
f 1178/1148/1 1188/1154/1 1187/1143/1
f 1192/1150/140 1191/1245/165 1181/1138/138
f 1187/1143/1 1189/1145/1 1186/1152/1
f 1176/1153/142 1180/1137/137 1179/1139/139
f 1171/1147/143 1173/1136/135 1175/1135/136
f 1179/1139/139 1181/1138/138 1178/1148/145
f 1172/1146/144 1175/1135/136 1179/1139/139
f 1181/1138/138 1191/1245/165 1188/1154/147
f 1177/1149/1 1187/1143/1 1184/1140/1
f 1194/1155/135 1196/1171/142 1195/1156/142
f 1198/1158/135 1200/1172/142 1199/1159/142
f 1202/1161/137 1204/1168/141 1203/1162/141
f 1206/1164/137 1208/1170/141 1207/1165/141
f 1210/1167/140 1209/1247/140 1203/1162/141
f 1212/1169/140 1211/1173/140 1207/1165/141
f 1196/1171/142 1202/1161/137 1201/1163/137
f 1200/1172/142 1206/1164/137 1205/1166/137
f 1197/1160/135 1199/1159/142 1196/1171/142
f 1205/1166/137 1207/1165/141 1204/1168/141
f 1199/1159/142 1205/1166/137 1202/1161/137
f 1211/1173/140 1210/1167/140 1204/1168/141
f 1214/1174/1 1216/1186/1 1215/1175/1
f 1218/1177/148 1220/1187/156 1219/1178/149
f 1227/1180/151 1229/1239/162 1228/1181/152
f 1227/1180/151 1226/1182/153 1224/1183/154
f 1221/1185/1 1222/1189/1 1216/1186/1
f 1220/1187/156 1225/1184/155 1224/1183/154
f 1213/1176/157 1217/1179/150 1219/1178/149
f 1226/1182/153 1228/1181/152 1223/1188/159
f 1224/1183/154 1226/1182/153 1222/1189/160
f 1214/1174/158 1219/1178/149 1224/1183/154
f 1231/1190/148 1233/1206/156 1232/1191/156
f 1235/1193/148 1237/1207/156 1236/1194/156
f 1241/1196/151 1243/1208/162 1242/1197/162
f 1241/1196/151 1240/1198/151 1238/1199/155
f 1247/1201/151 1249/1243/162 1248/1202/162
f 1247/1201/151 1246/1203/151 1244/1204/155
f 1233/1206/156 1239/1200/155 1238/1199/155
f 1237/1207/156 1245/1205/155 1244/1204/155
f 1234/1195/148 1236/1194/156 1233/1206/156
f 1246/1203/151 1248/1202/162 1243/1208/162
f 1246/1203/151 1241/1196/151 1239/1200/155
f 1236/1194/156 1244/1204/155 1239/1200/155
f 1251/1209/1 1253/1221/1 1252/1210/1
f 1255/1212/1 1257/1222/1 1256/1213/1
f 1259/1215/1 1261/1223/1 1260/1216/1
f 1263/1218/1 1265/1246/1 1264/1219/1
f 1253/1221/1 1259/1215/1 1258/1217/1
f 1257/1222/1 1263/1218/1 1262/1220/1
f 1254/1214/1 1256/1213/1 1253/1221/1
f 1262/1220/1 1264/1219/1 1261/1223/1
f 1256/1213/1 1262/1220/1 1259/1215/1
f 1267/1224/1 1269/1236/1 1268/1225/1
f 1270/1227/1 1271/1240/1 1273/1228/1
f 1277/1230/1 1279/1237/1 1278/1231/1
f 1281/1233/1 1283/1700/1 1282/1234/1
f 1269/1236/1 1277/1230/1 1276/1232/1
f 1273/1228/1 1281/1233/1 1280/1235/1
f 1270/1227/1 1272/1229/1 1269/1236/1
f 1280/1235/1 1282/1234/1 1279/1237/1
f 1272/1229/1 1280/1235/1 1277/1230/1
f 1186/1152/1 1251/1209/1 1250/1211/1
f 1190/1144/1 1255/1212/1 1254/1214/1
f 1189/1145/1 1254/1214/1 1251/1209/1
f 1216/1186/1 1267/1224/1 1266/1226/1
f 1223/1188/1 1271/1240/1 1270/1227/1
f 1275/1238/163 1274/1703/215 1228/1181/152
f 1228/1181/152 1274/1703/215 1271/1240/164
f 1216/1186/1 1222/1189/1 1270/1227/1
f 1285/1241/163 1284/1248/163 1242/1197/162
f 1287/1242/163 1286/1244/163 1248/1202/162
f 1286/1244/163 1285/1241/163 1243/1208/162
f 1213/1176/1 1215/1175/1 1190/1144/1
f 1192/1150/140 1218/1177/148 1217/1179/150
f 1191/1245/165 1217/1179/150 1213/1176/157
f 1266/1226/1 1268/1225/1 1257/1222/1
f 1276/1232/1 1278/1231/1 1265/1246/1
f 1268/1225/1 1276/1232/1 1263/1218/1
f 1210/1167/140 1231/1190/148 1230/1192/148
f 1212/1169/140 1235/1193/148 1234/1195/148
f 1211/1173/140 1234/1195/148 1231/1190/148
f 1193/1157/135 1195/1156/142 1176/1153/142
f 1201/1163/137 1203/1162/141 1182/1151/141
f 1195/1156/142 1201/1163/137 1180/1137/137
f 1209/1247/140 1192/1150/140 1182/1151/141
f 1230/1192/148 1232/1191/156 1220/1187/156
f 1240/1198/151 1242/1197/162 1229/1239/162
f 1240/1198/151 1227/1180/151 1225/1184/155
f 1232/1191/156 1238/1199/155 1225/1184/155
f 1209/1247/140 1230/1192/148 1218/1177/148
f 1284/1248/163 1275/1238/163 1229/1239/162
f 1215/1175/1 1266/1226/1 1255/1212/1
f 1289/1249/135 1291/1265/142 1290/1250/142
f 1293/1252/135 1295/1266/142 1294/1253/142
f 1297/1255/137 1299/1262/141 1298/1256/141
f 1301/1258/137 1303/1264/141 1302/1259/141
f 1305/1261/140 1304/1333/140 1298/1256/141
f 1307/1263/140 1306/1267/140 1302/1259/141
f 1291/1265/142 1297/1255/137 1296/1257/137
f 1295/1266/142 1301/1258/137 1300/1260/137
f 1292/1254/135 1294/1253/142 1291/1265/142
f 1300/1260/137 1302/1259/141 1299/1262/141
f 1294/1253/142 1300/1260/137 1297/1255/137
f 1306/1267/140 1305/1261/140 1299/1262/141
f 1309/1268/135 1311/1284/142 1310/1269/142
f 1313/1271/135 1315/1285/142 1314/1272/142
f 1317/1274/137 1319/1281/141 1318/1275/141
f 1321/1277/137 1323/1283/141 1322/1278/141
f 1325/1280/140 1324/1334/140 1318/1275/141
f 1327/1282/140 1326/1286/140 1322/1278/141
f 1311/1284/142 1317/1274/137 1316/1276/137
f 1315/1285/142 1321/1277/137 1320/1279/137
f 1312/1273/135 1314/1272/142 1311/1284/142
f 1320/1279/137 1322/1278/141 1319/1281/141
f 1314/1272/142 1320/1279/137 1317/1274/137
f 1326/1286/140 1325/1280/140 1319/1281/141
f 1329/1287/148 1331/1303/156 1330/1288/156
f 1333/1290/148 1335/1304/156 1334/1291/156
f 1339/1293/151 1341/1305/162 1340/1294/162
f 1339/1293/151 1338/1295/151 1336/1296/155
f 1345/1298/151 1347/1327/162 1346/1299/162
f 1345/1298/151 1344/1300/151 1342/1301/155
f 1331/1303/156 1337/1297/155 1336/1296/155
f 1335/1304/156 1343/1302/155 1342/1301/155
f 1332/1292/148 1334/1291/156 1331/1303/156
f 1344/1300/151 1346/1299/162 1341/1305/162
f 1344/1300/151 1339/1293/151 1337/1297/155
f 1334/1291/156 1342/1301/155 1337/1297/155
f 1349/1306/148 1351/1322/156 1350/1307/156
f 1353/1309/148 1355/1323/156 1354/1310/156
f 1359/1312/151 1361/1324/162 1360/1313/162
f 1359/1312/151 1358/1314/151 1356/1315/155
f 1365/1317/151 1367/1331/162 1366/1318/162
f 1365/1317/151 1364/1319/151 1362/1320/155
f 1351/1322/156 1357/1316/155 1356/1315/155
f 1355/1323/156 1363/1321/155 1362/1320/155
f 1352/1311/148 1354/1310/156 1351/1322/156
f 1364/1319/151 1366/1318/162 1361/1324/162
f 1364/1319/151 1359/1312/151 1357/1316/155
f 1354/1310/156 1362/1320/155 1357/1316/155
f 1369/1325/163 1368/1705/163 1340/1294/162
f 1371/1326/163 1370/1328/163 1346/1299/162
f 1370/1328/163 1369/1325/163 1341/1305/162
f 1373/1329/163 1372/1335/163 1360/1313/162
f 1375/1330/163 1374/1332/163 1366/1318/162
f 1374/1332/163 1373/1329/163 1361/1324/162
f 1305/1261/140 1329/1287/148 1328/1289/148
f 1307/1263/140 1333/1290/148 1332/1292/148
f 1306/1267/140 1332/1292/148 1329/1287/148
f 1325/1280/140 1349/1306/148 1348/1308/148
f 1327/1282/140 1353/1309/148 1352/1311/148
f 1326/1286/140 1352/1311/148 1349/1306/148
f 1308/1270/135 1310/1269/142 1295/1266/142
f 1316/1276/137 1318/1275/141 1303/1264/141
f 1310/1269/142 1316/1276/137 1301/1258/137
f 1324/1334/140 1307/1263/140 1303/1264/141
f 1348/1308/148 1350/1307/156 1335/1304/156
f 1358/1314/151 1360/1313/162 1347/1327/162
f 1358/1314/151 1345/1298/151 1343/1302/155
f 1350/1307/156 1356/1315/155 1343/1302/155
f 1324/1334/140 1348/1308/148 1333/1290/148
f 1372/1335/163 1371/1326/163 1347/1327/162
f 1377/1336/1 1379/1359/1 1378/1337/1
f 1381/1339/166 1383/1343/170 1382/1340/167
f 1385/1342/169 1384/1358/169 1382/1340/167
f 1390/1344/1 1392/1357/1 1391/1345/1
f 1394/1347/1 1396/1360/1 1395/1348/1
f 1398/1350/171 1400/1354/174 1399/1351/172
f 1402/1353/173 1401/1701/214 1399/1351/172
f 1378/1337/1 1379/1359/1 1390/1344/1
f 1398/1350/171 1397/1352/171 1387/1355/175
f 1390/1344/1 1393/1349/1 1395/1348/1
f 1385/1342/169 1388/1356/175 1387/1355/175
f 1376/1338/176 1380/1341/168 1382/1340/167
f 1382/1340/167 1384/1358/169 1379/1359/178
f 1393/1349/179 1397/1352/171 1399/1351/172
f 1399/1351/172 1401/1701/214 1396/1360/181
f 1379/1359/178 1384/1358/169 1387/1355/175
f 1387/1355/175 1397/1352/171 1393/1349/179
f 1386/1361/1 1393/1349/1 1390/1344/1
f 1404/1362/166 1406/1366/170 1405/1363/170
f 1408/1365/169 1407/1386/169 1405/1363/170
f 1410/1367/166 1412/1371/170 1411/1368/170
f 1414/1370/169 1413/1387/169 1411/1368/170
f 1420/1372/171 1422/1376/174 1421/1373/174
f 1424/1375/173 1423/1389/173 1421/1373/174
f 1426/1377/171 1428/1381/174 1427/1378/174
f 1430/1380/173 1429/1388/173 1427/1378/174
f 1420/1372/171 1419/1374/171 1415/1382/175
f 1426/1377/171 1425/1379/171 1417/1384/175
f 1408/1365/169 1416/1383/175 1415/1382/175
f 1414/1370/169 1418/1385/175 1417/1384/175
f 1409/1369/166 1411/1368/170 1406/1366/170
f 1413/1387/169 1408/1365/169 1406/1366/170
f 1425/1379/171 1427/1378/174 1422/1376/174
f 1429/1388/173 1424/1375/173 1422/1376/174
f 1413/1387/169 1417/1384/175 1416/1383/175
f 1425/1379/171 1420/1372/171 1416/1383/175
f 1403/1364/166 1405/1363/170 1383/1343/170
f 1407/1386/169 1385/1342/169 1383/1343/170
f 1419/1374/171 1421/1373/174 1400/1354/174
f 1423/1389/173 1402/1353/173 1400/1354/174
f 1407/1386/169 1415/1382/175 1388/1356/175
f 1419/1374/171 1398/1350/171 1388/1356/175
f 1432/1390/166 1434/1394/170 1433/1391/170
f 1436/1393/169 1435/1414/169 1433/1391/170
f 1438/1395/166 1440/1399/170 1439/1396/170
f 1442/1398/169 1441/1415/169 1439/1396/170
f 1448/1400/171 1450/1404/174 1449/1401/174
f 1452/1403/173 1451/1702/173 1449/1401/174
f 1454/1405/171 1456/1409/174 1455/1406/174
f 1458/1408/173 1457/1416/173 1455/1406/174
f 1448/1400/171 1447/1402/171 1443/1410/175
f 1454/1405/171 1453/1407/171 1445/1412/175
f 1436/1393/169 1444/1411/175 1443/1410/175
f 1442/1398/169 1446/1413/175 1445/1412/175
f 1437/1397/166 1439/1396/170 1434/1394/170
f 1441/1415/169 1436/1393/169 1434/1394/170
f 1453/1407/171 1455/1406/174 1450/1404/174
f 1457/1416/173 1452/1403/173 1450/1404/174
f 1441/1415/169 1445/1412/175 1444/1411/175
f 1453/1407/171 1448/1400/171 1444/1411/175
f 1460/1417/166 1462/1421/170 1461/1418/170
f 1464/1420/169 1463/1441/169 1461/1418/170
f 1466/1422/166 1468/1426/170 1467/1423/170
f 1470/1425/169 1469/1442/169 1467/1423/170
f 1476/1427/171 1478/1431/174 1477/1428/174
f 1480/1430/173 1479/1444/173 1477/1428/174
f 1482/1432/171 1484/1436/174 1483/1433/174
f 1486/1435/173 1485/1443/173 1483/1433/174
f 1476/1427/171 1475/1429/171 1471/1437/175
f 1482/1432/171 1481/1434/171 1473/1439/175
f 1464/1420/169 1472/1438/175 1471/1437/175
f 1470/1425/169 1474/1440/175 1473/1439/175
f 1465/1424/166 1467/1423/170 1462/1421/170
f 1469/1442/169 1464/1420/169 1462/1421/170
f 1481/1434/171 1483/1433/174 1478/1431/174
f 1485/1443/173 1480/1430/173 1478/1431/174
f 1469/1442/169 1473/1439/175 1472/1438/175
f 1481/1434/171 1476/1427/171 1472/1438/175
f 1459/1419/166 1461/1418/170 1440/1399/170
f 1463/1441/169 1442/1398/169 1440/1399/170
f 1475/1429/171 1477/1428/174 1456/1409/174
f 1479/1444/173 1458/1408/173 1456/1409/174
f 1463/1441/169 1471/1437/175 1446/1413/175
f 1475/1429/171 1454/1405/171 1446/1413/175
f 1488/1145/1 1490/1455/1 1489/1445/1
f 1492/1447/1 1494/1456/1 1493/1448/1
f 1496/1449/1 1498/1457/1 1497/1450/1
f 1500/1452/1 1502/1495/1 1501/1453/1
f 1490/1455/1 1496/1449/1 1495/1451/1
f 1494/1456/1 1500/1452/1 1499/1454/1
f 1491/1222/1 1493/1448/1 1490/1455/1
f 1499/1454/1 1501/1453/1 1498/1457/1
f 1493/1448/1 1499/1454/1 1496/1449/1
f 1504/1458/1 1506/1466/1 1505/1459/1
f 1508/1345/1 1510/1467/1 1509/1345/1
f 1512/1345/1 1514/1468/1 1513/1345/1
f 1516/1463/1 1518/1496/1 1517/1464/1
f 1506/1466/1 1512/1345/1 1511/1462/1
f 1510/1467/1 1516/1463/1 1515/1465/1
f 1507/1461/1 1509/1345/1 1506/1466/1
f 1515/1465/1 1517/1464/1 1514/1468/1
f 1509/1345/1 1515/1465/1 1512/1345/1
f 1520/1469/1 1522/1477/1 1521/1470/1
f 1524/1345/1 1526/1478/1 1525/1472/1
f 1528/1472/1 1530/1479/1 1529/1472/1
f 1532/1474/1 1534/1497/1 1533/1475/1
f 1522/1477/1 1528/1472/1 1527/1457/1
f 1526/1478/1 1532/1474/1 1531/1476/1
f 1523/1473/1 1525/1472/1 1522/1477/1
f 1531/1476/1 1533/1475/1 1530/1479/1
f 1525/1472/1 1531/1476/1 1528/1472/1
f 1536/1480/1 1538/1492/1 1537/1481/1
f 1540/1483/1 1542/1493/1 1541/1484/1
f 1544/1486/1 1546/1494/1 1545/1487/1
f 1548/1489/1 1550/1704/1 1549/1490/1
f 1538/1492/1 1544/1486/1 1543/1488/1
f 1542/1493/1 1548/1489/1 1547/1491/1
f 1539/1485/1 1541/1484/1 1538/1492/1
f 1547/1491/1 1549/1490/1 1546/1494/1
f 1541/1484/1 1547/1491/1 1544/1486/1
f 1498/1457/1 1520/1469/1 1519/1471/1
f 1502/1495/1 1524/1345/1 1523/1473/1
f 1501/1453/1 1523/1473/1 1520/1469/1
f 1514/1468/1 1536/1480/1 1535/1482/1
f 1518/1496/1 1540/1483/1 1539/1485/1
f 1517/1464/1 1539/1485/1 1536/1480/1
f 1503/1460/1 1505/1459/1 1494/1456/1
f 1511/1462/1 1513/1345/1 1502/1495/1
f 1505/1459/1 1511/1462/1 1500/1452/1
f 1535/1482/1 1537/1481/1 1526/1478/1
f 1543/1488/1 1545/1487/1 1534/1497/1
f 1537/1481/1 1543/1488/1 1532/1474/1
f 1513/1345/1 1535/1482/1 1524/1345/1
f 1552/1498/1 1554/1510/1 1553/1499/1
f 1555/1501/1 1556/1604/1 1558/1502/1
f 1562/1504/1 1564/1511/1 1563/1505/1
f 1566/1507/1 1568/1601/1 1567/1508/1
f 1554/1510/1 1562/1504/1 1561/1506/1
f 1558/1502/1 1566/1507/1 1565/1509/1
f 1555/1501/1 1557/1503/1 1554/1510/1
f 1565/1509/1 1567/1508/1 1564/1511/1
f 1557/1503/1 1565/1509/1 1562/1504/1
f 1579/1512/182 1581/1525/190 1580/1513/183
f 1579/1512/182 1578/1514/184 1576/1515/185
f 1583/1517/1 1585/1527/1 1584/1518/1
f 1589/1520/187 1588/1602/210 1586/1521/188
f 1575/1523/1 1583/1517/1 1582/1519/1
f 1587/1522/189 1586/1521/188 1580/1513/183
f 1574/1524/191 1578/1514/184 1580/1513/183
f 1578/1514/184 1574/1524/191 1573/1526/193
f 1586/1521/188 1588/1602/210 1585/1527/194
f 1580/1513/183 1586/1521/188 1583/1517/195
f 1593/1528/182 1595/1544/190 1594/1529/190
f 1593/1528/182 1592/1530/182 1590/1531/186
f 1599/1533/182 1601/1545/190 1600/1534/190
f 1599/1533/182 1598/1535/182 1596/1536/186
f 1605/1538/187 1604/1603/187 1602/1539/189
f 1609/1541/187 1608/1546/187 1606/1542/189
f 1603/1540/189 1602/1539/189 1594/1529/190
f 1607/1543/189 1606/1542/189 1600/1534/190
f 1598/1535/182 1600/1534/190 1595/1544/190
f 1598/1535/182 1593/1528/182 1591/1532/186
f 1608/1546/187 1605/1538/187 1603/1540/189
f 1606/1542/189 1603/1540/189 1595/1544/190
f 1611/1547/1 1613/1558/1 1612/1548/1
f 1615/1550/1 1617/1559/1 1616/1551/1
f 1619/1552/1 1621/1560/1 1620/1553/1
f 1623/1555/1 1625/1607/1 1624/1556/1
f 1613/1558/1 1619/1552/1 1618/1554/1
f 1617/1559/1 1623/1555/1 1622/1557/1
f 1614/1493/1 1616/1551/1 1613/1558/1
f 1622/1557/1 1624/1556/1 1621/1560/1
f 1616/1551/1 1622/1557/1 1619/1552/1
f 1626/1561/1 1627/1575/1 1629/1562/1
f 1637/1564/196 1636/1573/202 1634/1565/197
f 1639/1567/1 1641/1577/1 1640/1568/1
f 1647/1570/199 1646/4646/199 1644/1571/200
f 1629/1562/1 1639/1567/1 1638/1569/1
f 1645/1572/201 1644/1571/200 1636/1573/202
f 1632/1574/1 1633/1581/1 1629/1562/1
f 1642/1576/1 1643/1580/1 1641/1577/1
f 1631/1578/203 1635/1566/198 1634/1565/197
f 1636/1573/202 1633/1581/209 1632/1574/205
f 1644/1571/200 1646/4646/199 1643/1580/206
f 1627/1575/208 1630/1579/204 1634/1565/197
f 1636/1573/202 1644/1571/200 1642/1576/207
f 1633/1581/1 1642/1576/1 1639/1567/1
f 1655/1582/196 1654/1594/196 1652/1583/198
f 1659/1585/196 1658/1595/196 1656/1586/198
f 1663/1588/199 1662/1612/199 1660/1589/201
f 1667/1591/199 1666/1600/199 1664/1592/201
f 1661/1590/201 1660/1589/201 1654/1594/196
f 1665/1593/201 1664/1592/201 1658/1595/196
f 1649/1596/203 1653/1584/198 1652/1583/198
f 1651/1598/203 1657/1587/198 1656/1586/198
f 1658/1595/196 1655/1582/196 1653/1584/198
f 1666/1600/199 1663/1588/199 1661/1590/201
f 1650/1599/203 1656/1586/198 1653/1584/198
f 1664/1592/201 1661/1590/201 1655/1582/196
f 1564/1511/1 1611/1547/1 1610/1549/1
f 1568/1601/1 1615/1550/1 1614/1493/1
f 1567/1508/1 1614/1493/1 1611/1547/1
f 1585/1527/1 1627/1575/1 1626/1561/1
f 1631/1578/203 1630/1579/204 1588/1602/210
f 1630/1579/204 1627/1575/208 1585/1527/194
f 1649/1596/203 1648/1597/203 1604/1603/187
f 1651/1598/203 1650/1599/203 1608/1546/187
f 1650/1599/203 1649/1596/203 1605/1538/187
f 1573/1526/1 1574/1524/1 1558/1502/1
f 1582/1519/1 1584/1518/1 1568/1601/1
f 1560/1605/211 1577/1516/186 1576/1515/185
f 1556/1604/213 1559/1606/212 1576/1515/185
f 1558/1502/1 1574/1524/1 1582/1519/1
f 1626/1561/1 1628/1563/1 1617/1559/1
f 1638/1569/1 1640/1568/1 1625/1607/1
f 1628/1563/1 1638/1569/1 1623/1555/1
f 1570/1608/211 1591/1532/186 1590/1531/186
f 1572/1610/211 1597/1537/186 1596/1536/186
f 1571/1611/211 1596/1536/186 1591/1532/186
f 1592/1530/182 1594/1529/190 1581/1525/190
f 1592/1530/182 1579/1512/182 1577/1516/186
f 1604/1603/187 1589/1520/187 1587/1522/189
f 1602/1539/189 1587/1522/189 1581/1525/190
f 1654/1594/196 1637/1564/196 1635/1566/198
f 1662/1612/199 1647/1570/199 1645/1572/201
f 1648/1597/203 1652/1583/198 1635/1566/198
f 1660/1589/201 1645/1572/201 1637/1564/196
f 1569/1609/211 1590/1531/186 1577/1516/186
f 1648/1597/203 1631/1578/203 1589/1520/187
f 1584/1518/1 1626/1561/1 1615/1550/1
f 1679/1613/182 1681/1629/190 1680/1614/190
f 1679/1613/182 1678/1615/182 1676/1616/186
f 1685/1618/182 1687/1630/190 1686/1619/190
f 1685/1618/182 1684/1620/182 1682/1621/186
f 1691/1623/187 1690/1689/187 1688/1624/189
f 1695/1626/187 1694/1631/187 1692/1627/189
f 1689/1625/189 1688/1624/189 1680/1614/190
f 1693/1628/189 1692/1627/189 1686/1619/190
f 1684/1620/182 1686/1619/190 1681/1629/190
f 1684/1620/182 1679/1613/182 1677/1617/186
f 1694/1631/187 1691/1623/187 1689/1625/189
f 1692/1627/189 1689/1625/189 1681/1629/190
f 1699/1632/182 1701/1648/190 1700/1633/190
f 1699/1632/182 1698/1634/182 1696/1635/186
f 1705/1637/182 1707/1649/190 1706/1638/190
f 1705/1637/182 1704/1639/182 1702/1640/186
f 1711/1642/187 1710/1690/187 1708/1643/189
f 1715/1645/187 1714/1650/187 1712/1646/189
f 1709/1644/189 1708/1643/189 1700/1633/190
f 1713/1647/189 1712/1646/189 1706/1638/190
f 1704/1639/182 1706/1638/190 1701/1648/190
f 1704/1639/182 1699/1632/182 1697/1636/186
f 1714/1650/187 1711/1642/187 1709/1644/189
f 1712/1646/189 1709/1644/189 1701/1648/190
f 1723/1651/196 1722/1663/196 1720/1652/198
f 1727/1654/196 1726/1664/196 1724/1655/198
f 1731/1657/199 1730/1706/199 1728/1658/201
f 1735/1660/199 1734/1669/199 1732/1661/201
f 1729/1659/201 1728/1658/201 1722/1663/196
f 1733/1662/201 1732/1661/201 1726/1664/196
f 1717/1665/203 1721/1653/198 1720/1652/198
f 1719/1667/203 1725/1656/198 1724/1655/198
f 1726/1664/196 1723/1651/196 1721/1653/198
f 1734/1669/199 1731/1657/199 1729/1659/201
f 1718/1668/203 1724/1655/198 1721/1653/198
f 1732/1661/201 1729/1659/201 1723/1651/196
f 1743/1670/196 1742/1682/196 1740/1671/198
f 1747/1673/196 1746/1683/196 1744/1674/198
f 1751/1676/199 1750/1699/199 1748/1677/201
f 1755/1679/199 1754/1688/199 1752/1680/201
f 1749/1678/201 1748/1677/201 1742/1682/196
f 1753/1681/201 1752/1680/201 1746/1683/196
f 1737/1684/203 1741/1672/198 1740/1671/198
f 1739/1686/203 1745/1675/198 1744/1674/198
f 1746/1683/196 1743/1670/196 1741/1672/198
f 1754/1688/199 1751/1676/199 1749/1678/201
f 1738/1687/203 1744/1674/198 1741/1672/198
f 1752/1680/201 1749/1678/201 1743/1670/196
f 1717/1665/203 1716/1666/203 1690/1689/187
f 1719/1667/203 1718/1668/203 1694/1631/187
f 1718/1668/203 1717/1665/203 1691/1623/187
f 1737/1684/203 1736/1685/203 1710/1690/187
f 1739/1686/203 1738/1687/203 1714/1650/187
f 1738/1687/203 1737/1684/203 1711/1642/187
f 1669/1691/211 1677/1617/186 1676/1616/186
f 1671/1693/211 1683/1622/186 1682/1621/186
f 1670/1694/211 1682/1621/186 1677/1617/186
f 1673/1695/211 1697/1636/186 1696/1635/186
f 1675/1697/211 1703/1641/186 1702/1640/186
f 1674/1698/211 1702/1640/186 1697/1636/186
f 1698/1634/182 1700/1633/190 1687/1630/190
f 1698/1634/182 1685/1618/182 1683/1622/186
f 1710/1690/187 1695/1626/187 1693/1628/189
f 1708/1643/189 1693/1628/189 1687/1630/190
f 1742/1682/196 1727/1654/196 1725/1656/198
f 1750/1699/199 1735/1660/199 1733/1662/201
f 1736/1685/203 1740/1671/198 1725/1656/198
f 1748/1677/201 1733/1662/201 1727/1654/196
f 1672/1696/211 1696/1635/186 1683/1622/186
f 1736/1685/203 1719/1667/203 1695/1626/187
f 1261/1223/1 1488/1145/1 1487/1446/1
f 1265/1246/1 1492/1447/1 1491/1222/1
f 1264/1219/1 1491/1222/1 1488/1145/1
f 1279/1237/1 1504/1458/1 1503/1460/1
f 1283/1700/1 1508/1345/1 1507/1461/1
f 1282/1234/1 1507/1461/1 1504/1458/1
f 1278/1231/1 1503/1460/1 1492/1447/1
f 1392/1357/1 1552/1498/1 1551/1500/1
f 1396/1360/1 1556/1604/1 1555/1501/1
f 1560/1605/211 1559/1606/212 1401/1701/214
f 1401/1701/214 1559/1606/212 1556/1604/213
f 1395/1348/1 1555/1501/1 1552/1498/1
f 1570/1608/211 1569/1609/211 1423/1389/173
f 1572/1610/211 1571/1611/211 1429/1388/173
f 1571/1611/211 1570/1608/211 1424/1375/173
f 1569/1609/211 1560/1605/211 1402/1353/173
f 1669/1691/211 1668/1692/211 1451/1702/173
f 1671/1693/211 1670/1694/211 1457/1416/173
f 1670/1694/211 1669/1691/211 1452/1403/173
f 1673/1695/211 1672/1696/211 1479/1444/173
f 1675/1697/211 1674/1698/211 1485/1443/173
f 1674/1698/211 1673/1695/211 1480/1430/173
f 1672/1696/211 1671/1693/211 1458/1408/173
f 1376/1338/1 1378/1337/1 1273/1228/1
f 1389/1346/1 1391/1345/1 1283/1700/1
f 1275/1238/163 1381/1339/166 1380/1341/168
f 1271/1240/164 1274/1703/215 1380/1341/168
f 1378/1337/1 1389/1346/1 1281/1233/1
f 1285/1241/163 1404/1362/166 1403/1364/166
f 1287/1242/163 1410/1367/166 1409/1369/166
f 1286/1244/163 1409/1369/166 1404/1362/166
f 1284/1248/163 1403/1364/166 1381/1339/166
f 1551/1500/1 1553/1499/1 1510/1467/1
f 1561/1506/1 1563/1505/1 1518/1496/1
f 1553/1499/1 1561/1506/1 1516/1463/1
f 1610/1549/1 1612/1548/1 1542/1493/1
f 1618/1554/1 1620/1553/1 1550/1704/1
f 1612/1548/1 1618/1554/1 1548/1489/1
f 1563/1505/1 1610/1549/1 1540/1483/1
f 1369/1325/163 1432/1390/166 1431/1392/166
f 1371/1326/163 1438/1395/166 1437/1397/166
f 1370/1328/163 1437/1397/166 1432/1390/166
f 1373/1329/163 1460/1417/166 1459/1419/166
f 1375/1330/163 1466/1422/166 1465/1424/166
f 1374/1332/163 1465/1424/166 1460/1417/166
f 1372/1335/163 1459/1419/166 1438/1395/166
f 1288/1251/135 1290/1250/142 1200/1172/142
f 1296/1257/137 1298/1256/141 1208/1170/141
f 1290/1250/142 1296/1257/137 1206/1164/137
f 1304/1333/140 1212/1169/140 1208/1170/141
f 1328/1289/148 1330/1288/156 1237/1207/156
f 1338/1295/151 1340/1294/162 1249/1243/162
f 1338/1295/151 1247/1201/151 1245/1205/155
f 1330/1288/156 1336/1296/155 1245/1205/155
f 1304/1333/140 1328/1289/148 1235/1193/148
f 1368/1705/163 1287/1242/163 1249/1243/162
f 1431/1392/166 1433/1391/170 1412/1371/170
f 1435/1414/169 1414/1370/169 1412/1371/170
f 1447/1402/171 1449/1401/174 1428/1381/174
f 1451/1702/173 1430/1380/173 1428/1381/174
f 1435/1414/169 1443/1410/175 1418/1385/175
f 1447/1402/171 1426/1377/171 1418/1385/175
f 1678/1615/182 1680/1614/190 1601/1545/190
f 1678/1615/182 1599/1533/182 1597/1537/186
f 1690/1689/187 1609/1541/187 1607/1543/189
f 1688/1624/189 1607/1543/189 1601/1545/190
f 1722/1663/196 1659/1585/196 1657/1587/198
f 1730/1706/199 1667/1591/199 1665/1593/201
f 1716/1666/203 1720/1652/198 1657/1587/198
f 1728/1658/201 1665/1593/201 1659/1585/196
f 1668/1692/211 1676/1616/186 1597/1537/186
f 1716/1666/203 1651/1598/203 1609/1541/187
f 1368/1705/163 1431/1392/166 1410/1367/166
f 1668/1692/211 1572/1610/211 1430/1380/173
f 1391/1345/1 1551/1500/1 1508/1345/1
f 1757/1707/135 1759/1723/142 1758/1708/142
f 1761/1710/135 1763/1724/142 1762/1711/142
f 1765/1713/137 1767/1720/141 1766/1714/141
f 1769/1716/137 1771/1722/141 1770/1717/141
f 1773/1719/140 1772/1791/140 1766/1714/141
f 1775/1721/140 1774/1725/140 1770/1717/141
f 1759/1723/142 1765/1713/137 1764/1715/137
f 1763/1724/142 1769/1716/137 1768/1718/137
f 1760/1712/135 1762/1711/142 1759/1723/142
f 1768/1718/137 1770/1717/141 1767/1720/141
f 1762/1711/142 1768/1718/137 1765/1713/137
f 1774/1725/140 1773/1719/140 1767/1720/141
f 1777/1726/135 1779/1742/142 1778/1727/142
f 1781/1729/135 1783/1743/142 1782/1730/142
f 1785/1732/137 1787/1739/141 1786/1733/141
f 1789/1735/137 1791/1741/141 1790/1736/141
f 1793/1738/140 1792/1792/140 1786/1733/141
f 1795/1740/140 1794/1744/140 1790/1736/141
f 1779/1742/142 1785/1732/137 1784/1734/137
f 1783/1743/142 1789/1735/137 1788/1737/137
f 1780/1731/135 1782/1730/142 1779/1742/142
f 1788/1737/137 1790/1736/141 1787/1739/141
f 1782/1730/142 1788/1737/137 1785/1732/137
f 1794/1744/140 1793/1738/140 1787/1739/141
f 1797/1745/148 1799/1761/156 1798/1746/156
f 1801/1748/148 1803/1762/156 1802/1749/156
f 1807/1751/151 1809/1763/162 1808/1752/162
f 1807/1751/151 1806/1753/151 1804/1754/155
f 1813/1756/151 1815/1785/162 1814/1757/162
f 1813/1756/151 1812/1758/151 1810/1759/155
f 1799/1761/156 1805/1755/155 1804/1754/155
f 1803/1762/156 1811/1760/155 1810/1759/155
f 1800/1750/148 1802/1749/156 1799/1761/156
f 1812/1758/151 1814/1757/162 1809/1763/162
f 1812/1758/151 1807/1751/151 1805/1755/155
f 1802/1749/156 1810/1759/155 1805/1755/155
f 1817/1764/148 1819/1780/156 1818/1765/156
f 1821/1767/148 1823/1781/156 1822/1768/156
f 1827/1770/151 1829/1782/162 1828/1771/162
f 1827/1770/151 1826/1772/151 1824/1773/155
f 1833/1775/151 1835/1789/162 1834/1776/162
f 1833/1775/151 1832/1777/151 1830/1778/155
f 1819/1780/156 1825/1774/155 1824/1773/155
f 1823/1781/156 1831/1779/155 1830/1778/155
f 1820/1769/148 1822/1768/156 1819/1780/156
f 1832/1777/151 1834/1776/162 1829/1782/162
f 1832/1777/151 1827/1770/151 1825/1774/155
f 1822/1768/156 1830/1778/155 1825/1774/155
f 1837/1783/163 1836/2282/163 1808/1752/162
f 1839/1784/163 1838/1786/163 1814/1757/162
f 1838/1786/163 1837/1783/163 1809/1763/162
f 1841/1787/163 1840/1793/163 1828/1771/162
f 1843/1788/163 1842/1790/163 1834/1776/162
f 1842/1790/163 1841/1787/163 1829/1782/162
f 1773/1719/140 1797/1745/148 1796/1747/148
f 1775/1721/140 1801/1748/148 1800/1750/148
f 1774/1725/140 1800/1750/148 1797/1745/148
f 1793/1738/140 1817/1764/148 1816/1766/148
f 1795/1740/140 1821/1767/148 1820/1769/148
f 1794/1744/140 1820/1769/148 1817/1764/148
f 1776/1728/135 1778/1727/142 1763/1724/142
f 1784/1734/137 1786/1733/141 1771/1722/141
f 1778/1727/142 1784/1734/137 1769/1716/137
f 1792/1792/140 1775/1721/140 1771/1722/141
f 1816/1766/148 1818/1765/156 1803/1762/156
f 1826/1772/151 1828/1771/162 1815/1785/162
f 1826/1772/151 1813/1756/151 1811/1760/155
f 1818/1765/156 1824/1773/155 1811/1760/155
f 1792/1792/140 1816/1766/148 1801/1748/148
f 1840/1793/163 1839/1784/163 1815/1785/162
f 1845/1794/135 1847/1810/142 1846/1795/142
f 1849/1797/135 1851/1811/142 1850/1798/142
f 1853/1800/137 1855/1807/141 1854/1801/141
f 1857/1803/137 1859/1809/141 1858/1804/141
f 1861/1806/140 1860/1907/140 1854/1801/141
f 1863/1808/140 1862/1812/140 1858/1804/141
f 1847/1810/142 1853/1800/137 1852/1802/137
f 1851/1811/142 1857/1803/137 1856/1805/137
f 1848/1799/135 1850/1798/142 1847/1810/142
f 1856/1805/137 1858/1804/141 1855/1807/141
f 1850/1798/142 1856/1805/137 1853/1800/137
f 1862/1812/140 1861/1806/140 1855/1807/141
f 1865/1813/135 1867/1831/219 1866/1814/142
f 1871/1816/216 1873/1828/218 1872/1817/141
f 1879/1819/84 1877/1832/84 1876/1820/84
f 1885/1822/84 1883/1833/84 1882/1823/84
f 1876/1820/84 1877/1832/84 1869/1825/84
f 1881/1827/217 1880/1908/140 1872/1817/141
f 1882/1823/84 1883/1833/84 1875/1829/84
f 1867/1831/219 1871/1816/216 1870/1818/137
f 1884/1824/84 1882/1823/84 1877/1832/84
f 1868/1826/220 1869/1825/222 1867/1831/219
f 1871/1816/216 1874/1830/524 1875/1829/221
f 1869/1825/222 1874/1830/524 1871/1816/216
f 1883/1833/223 1881/1827/217 1873/1828/218
f 1877/1832/84 1882/1823/84 1874/1830/84
f 1887/1834/148 1889/1850/156 1888/1835/156
f 1891/1837/148 1893/1851/156 1892/1838/156
f 1897/1840/151 1899/1852/162 1898/1841/162
f 1897/1840/151 1896/1842/151 1894/1843/155
f 1903/1845/151 1905/1903/162 1904/1846/162
f 1903/1845/151 1902/1847/151 1900/1848/155
f 1889/1850/156 1895/1844/155 1894/1843/155
f 1893/1851/156 1901/1849/155 1900/1848/155
f 1890/1839/148 1892/1838/156 1889/1850/156
f 1902/1847/151 1904/1846/162 1899/1852/162
f 1902/1847/151 1897/1840/151 1895/1844/155
f 1892/1838/156 1900/1848/155 1895/1844/155
f 1907/1853/224 1909/1864/227 1908/1854/156
f 1912/1856/84 1913/1865/84 1911/1857/84
f 1917/1859/225 1919/1868/230 1918/1860/162
f 1917/1859/225 1916/1861/151 1914/1862/155
f 1909/1864/227 1915/1863/226 1914/1862/155
f 1913/1865/84 1921/1869/84 1920/1866/84
f 1910/1858/228 1911/1857/233 1909/1864/227
f 1917/1859/225 1921/1869/231 1922/1867/229
f 1921/1869/231 1917/1859/225 1915/1863/226
f 1911/1857/233 1920/1866/232 1915/1863/226
f 1926/1870/84 1924/1884/84 1923/1871/84
f 1930/1873/84 1928/1900/84 1927/1874/84
f 1934/1876/84 1932/1882/84 1931/1877/84
f 1938/1879/84 1936/1883/84 1935/1880/84
f 1932/1882/84 1926/1870/84 1925/1872/84
f 1936/1883/84 1930/1873/84 1929/1875/84
f 1929/1875/84 1927/1874/84 1924/1884/84
f 1937/1881/84 1935/1880/84 1932/1882/84
f 1935/1880/84 1929/1875/84 1926/1870/84
f 1946/1885/84 1944/1899/84 1943/1886/84
f 1952/1888/84 1950/1906/84 1949/1889/84
f 1956/1891/84 1954/1897/84 1953/1892/84
f 1960/1894/84 1958/1898/84 1957/1895/84
f 1954/1897/84 1946/1885/84 1945/1887/84
f 1958/1898/84 1952/1888/84 1951/1890/84
f 1951/1890/84 1949/1889/84 1944/1899/84
f 1959/1896/84 1957/1895/84 1954/1897/84
f 1957/1895/84 1951/1890/84 1946/1885/84
f 1924/1884/84 1879/1819/84 1878/1821/84
f 1928/1900/84 1885/1822/84 1884/1824/84
f 1927/1874/84 1884/1824/84 1879/1819/84
f 1940/1901/163 1939/2283/163 1898/1841/162
f 1942/1902/163 1941/1904/163 1904/1846/162
f 1941/1904/163 1940/1901/163 1899/1852/162
f 1944/1899/84 1913/1865/84 1912/1856/84
f 1948/1905/234 1947/1909/163 1918/1860/162
f 1949/1889/84 1950/1906/84 1922/1867/84
f 1950/1906/235 1948/1905/234 1919/1868/230
f 1949/1889/84 1921/1869/84 1913/1865/84
f 1861/1806/140 1887/1834/148 1886/1836/148
f 1863/1808/140 1891/1837/148 1890/1839/148
f 1862/1812/140 1890/1839/148 1887/1834/148
f 1881/1827/217 1907/1853/224 1906/1855/148
f 1885/1822/84 1912/1856/84 1910/1858/84
f 1881/1827/217 1883/1833/223 1910/1858/228
f 1945/1887/84 1943/1886/84 1928/1900/84
f 1955/1893/84 1953/1892/84 1936/1883/84
f 1953/1892/84 1945/1887/84 1930/1873/84
f 1864/1815/135 1866/1814/142 1851/1811/142
f 1870/1818/137 1872/1817/141 1859/1809/141
f 1866/1814/142 1870/1818/137 1857/1803/137
f 1880/1908/140 1863/1808/140 1859/1809/141
f 1906/1855/148 1908/1854/156 1893/1851/156
f 1916/1861/151 1918/1860/162 1905/1903/162
f 1916/1861/151 1903/1845/151 1901/1849/155
f 1908/1854/156 1914/1862/155 1901/1849/155
f 1880/1908/140 1906/1855/148 1891/1837/148
f 1947/1909/163 1942/1902/163 1905/1903/162
f 1943/1886/84 1912/1856/84 1885/1822/84
f 1962/1910/166 1964/1914/170 1963/1911/170
f 1966/1913/169 1965/1934/169 1963/1911/170
f 1968/1915/166 1970/1919/170 1969/1916/170
f 1972/1918/169 1971/1935/169 1969/1916/170
f 1978/1920/171 1980/1924/174 1979/1921/174
f 1982/1923/173 1981/2280/173 1979/1921/174
f 1984/1925/171 1986/1929/174 1985/1926/174
f 1988/1928/173 1987/1936/173 1985/1926/174
f 1978/1920/171 1977/1922/171 1973/1930/175
f 1984/1925/171 1983/1927/171 1975/1932/175
f 1966/1913/169 1974/1931/175 1973/1930/175
f 1972/1918/169 1976/1933/175 1975/1932/175
f 1967/1917/166 1969/1916/170 1964/1914/170
f 1971/1935/169 1966/1913/169 1964/1914/170
f 1983/1927/171 1985/1926/174 1980/1924/174
f 1987/1936/173 1982/1923/173 1980/1924/174
f 1971/1935/169 1975/1932/175 1974/1931/175
f 1983/1927/171 1978/1920/171 1974/1931/175
f 1990/1937/166 1992/1941/170 1991/1938/170
f 1994/1940/169 1993/1961/169 1991/1938/170
f 1996/1942/166 1998/1946/170 1997/1943/170
f 2000/1945/169 1999/1962/169 1997/1943/170
f 2006/1947/171 2008/1951/174 2007/1948/174
f 2010/1950/173 2009/1964/173 2007/1948/174
f 2012/1952/171 2014/1956/174 2013/1953/174
f 2016/1955/173 2015/1963/173 2013/1953/174
f 2006/1947/171 2005/1949/171 2001/1957/175
f 2012/1952/171 2011/1954/171 2003/1959/175
f 1994/1940/169 2002/1958/175 2001/1957/175
f 2000/1945/169 2004/1960/175 2003/1959/175
f 1995/1944/166 1997/1943/170 1992/1941/170
f 1999/1962/169 1994/1940/169 1992/1941/170
f 2011/1954/171 2013/1953/174 2008/1951/174
f 2015/1963/173 2010/1950/173 2008/1951/174
f 1999/1962/169 2003/1959/175 2002/1958/175
f 2011/1954/171 2006/1947/171 2002/1958/175
f 1989/1939/166 1991/1938/170 1970/1919/170
f 1993/1961/169 1972/1918/169 1970/1919/170
f 2005/1949/171 2007/1948/174 1986/1929/174
f 2009/1964/173 1988/1928/173 1986/1929/174
f 1993/1961/169 2001/1957/175 1976/1933/175
f 2005/1949/171 1984/1925/171 1976/1933/175
f 2018/1965/166 2020/1969/170 2019/1966/170
f 2022/1968/169 2021/1989/169 2019/1966/170
f 2024/1970/166 2026/1974/170 2025/1971/170
f 2028/1973/169 2027/1990/169 2025/1971/170
f 2034/1975/171 2036/1979/174 2035/1976/174
f 2038/1978/173 2037/2281/173 2035/1976/174
f 2040/1980/171 2042/1984/174 2041/1981/174
f 2044/1983/173 2043/1991/173 2041/1981/174
f 2034/1975/171 2033/1977/171 2029/1985/175
f 2040/1980/171 2039/1982/171 2031/1987/175
f 2022/1968/169 2030/1986/175 2029/1985/175
f 2028/1973/169 2032/1988/175 2031/1987/175
f 2023/1972/166 2025/1971/170 2020/1969/170
f 2027/1990/169 2022/1968/169 2020/1969/170
f 2039/1982/171 2041/1981/174 2036/1979/174
f 2043/1991/173 2038/1978/173 2036/1979/174
f 2027/1990/169 2031/1987/175 2030/1986/175
f 2039/1982/171 2034/1975/171 2030/1986/175
f 2046/1992/236 2048/1996/237 2047/1993/170
f 2050/1995/169 2049/2013/169 2047/1993/170
f 2053/1997/84 2054/2014/84 2052/1998/84
f 2061/2000/84 2059/2002/84 2058/2001/84
f 2063/2003/171 2065/2007/239 2064/2004/174
f 2067/2006/238 2066/2016/173 2064/2004/174
f 2070/2008/84 2071/2015/84 2069/2009/84
f 2059/2002/84 2054/2014/84 2053/1997/84
f 2063/2003/171 2062/2005/171 2055/2011/175
f 2050/1995/169 2056/2012/175 2055/2011/175
f 2070/2008/84 2068/2010/84 2059/2002/84
f 2051/1999/240 2052/1998/242 2048/1996/237
f 2054/2014/241 2050/1995/169 2048/1996/237
f 2068/2010/243 2069/2009/245 2065/2007/239
f 2071/2015/244 2067/2006/238 2065/2007/239
f 2054/2014/241 2057/2002/175 2056/2012/175
f 2068/2010/243 2063/2003/171 2056/2012/175
f 2059/2002/84 2068/2010/84 2057/2002/84
f 2045/1994/166 2047/1993/170 2026/1974/170
f 2049/2013/169 2028/1973/169 2026/1974/170
f 2062/2005/171 2064/2004/174 2042/1984/174
f 2066/2016/173 2044/1983/173 2042/1984/174
f 2049/2013/169 2055/2011/175 2032/1988/175
f 2062/2005/171 2040/1980/171 2032/1988/175
f 2075/2017/84 2073/2031/84 2072/2018/84
f 2079/2020/84 2077/2076/84 2076/2021/84
f 2083/2023/84 2081/2029/84 2080/2024/84
f 2087/2026/84 2085/2030/84 2084/2027/84
f 2081/2029/84 2075/2017/84 2074/2019/84
f 2085/2030/84 2079/2020/84 2078/2022/84
f 2078/2022/84 2076/2021/84 2073/2031/84
f 2086/2028/84 2084/2027/84 2081/2029/84
f 2084/2027/84 2078/2022/84 2075/2017/84
f 2091/2032/84 2089/2045/84 2088/2033/84
f 2095/2035/84 2093/2037/84 2092/2036/84
f 2099/2038/84 2097/2037/84 2096/2039/84
f 2103/2041/84 2101/2044/84 2100/2042/84
f 2097/2037/84 2091/2032/84 2090/2034/84
f 2101/2044/84 2095/2035/84 2094/2037/84
f 2094/2037/84 2092/2036/84 2089/2045/84
f 2102/2043/84 2100/2042/84 2097/2037/84
f 2100/2042/84 2094/2037/84 2091/2032/84
f 2107/2046/84 2105/2059/84 2104/2047/84
f 2111/2049/84 2109/2040/84 2108/2050/84
f 2115/2051/84 2113/2057/84 2112/2052/84
f 2119/2054/84 2117/2058/84 2116/2055/84
f 2113/2057/84 2107/2046/84 2106/2048/84
f 2117/2058/84 2111/2049/84 2110/2040/84
f 2110/2040/84 2108/2050/84 2105/2059/84
f 2118/2056/84 2116/2055/84 2113/2057/84
f 2116/2055/84 2110/2040/84 2107/2046/84
f 2123/2060/84 2121/2074/84 2120/2061/84
f 2127/2063/84 2125/2075/84 2124/2064/84
f 2131/2066/84 2129/2072/84 2128/2067/84
f 2135/2069/84 2133/2073/84 2132/2070/84
f 2129/2072/84 2123/2060/84 2122/2062/84
f 2133/2073/84 2127/2063/84 2126/2065/84
f 2126/2065/84 2124/2064/84 2121/2074/84
f 2134/2071/84 2132/2070/84 2129/2072/84
f 2132/2070/84 2126/2065/84 2123/2060/84
f 2105/2059/84 2083/2023/84 2082/2025/84
f 2109/2040/84 2087/2026/84 2086/2028/84
f 2108/2050/84 2086/2028/84 2083/2023/84
f 2121/2074/84 2099/2038/84 2098/2040/84
f 2125/2075/84 2103/2041/84 2102/2043/84
f 2124/2064/84 2102/2043/84 2099/2038/84
f 2090/2034/84 2088/2033/84 2077/2076/84
f 2098/2040/84 2096/2039/84 2085/2030/84
f 2096/2039/84 2090/2034/84 2079/2020/84
f 2122/2062/84 2120/2061/84 2109/2040/84
f 2130/2068/84 2128/2067/84 2117/2058/84
f 2128/2067/84 2122/2062/84 2111/2049/84
f 2120/2061/84 2098/2040/84 2087/2026/84
f 2147/2077/182 2149/2093/190 2148/2078/190
f 2147/2077/182 2146/2079/182 2144/2080/186
f 2153/2082/182 2155/2094/190 2154/2083/190
f 2153/2082/182 2152/2084/182 2150/2085/186
f 2159/2087/187 2158/2153/187 2156/2088/189
f 2163/2090/187 2162/2095/187 2160/2091/189
f 2157/2089/189 2156/2088/189 2148/2078/190
f 2161/2092/189 2160/2091/189 2154/2083/190
f 2152/2084/182 2154/2083/190 2149/2093/190
f 2152/2084/182 2147/2077/182 2145/2081/186
f 2162/2095/187 2159/2087/187 2157/2089/189
f 2160/2091/189 2157/2089/189 2149/2093/190
f 2167/2096/182 2169/2112/190 2168/2097/190
f 2167/2096/182 2166/2098/182 2164/2099/186
f 2173/2101/182 2175/2113/190 2174/2102/190
f 2173/2101/182 2172/2103/182 2170/2104/186
f 2179/2106/187 2178/2154/187 2176/2107/189
f 2183/2109/187 2182/2114/187 2180/2110/189
f 2177/2108/189 2176/2107/189 2168/2097/190
f 2181/2111/189 2180/2110/189 2174/2102/190
f 2172/2103/182 2174/2102/190 2169/2112/190
f 2172/2103/182 2167/2096/182 2165/2100/186
f 2182/2114/187 2179/2106/187 2177/2108/189
f 2180/2110/189 2177/2108/189 2169/2112/190
f 2191/2115/196 2190/2127/196 2188/2116/198
f 2195/2118/196 2194/2128/196 2192/2119/198
f 2199/2121/199 2198/4647/199 2196/2122/201
f 2203/2124/199 2202/2133/199 2200/2125/201
f 2197/2123/201 2196/2122/201 2190/2127/196
f 2201/2126/201 2200/2125/201 2194/2128/196
f 2185/2129/203 2189/2117/198 2188/2116/198
f 2187/2131/203 2193/2120/198 2192/2119/198
f 2194/2128/196 2191/2115/196 2189/2117/198
f 2202/2133/199 2199/2121/199 2197/2123/201
f 2186/2132/203 2192/2119/198 2189/2117/198
f 2200/2125/201 2197/2123/201 2191/2115/196
f 2211/2134/196 2210/2146/196 2208/2135/198
f 2215/2137/196 2214/2147/196 2212/2138/198
f 2219/2140/199 2218/2163/199 2216/2141/201
f 2223/2143/199 2222/2152/199 2220/2144/201
f 2217/2142/201 2216/2141/201 2210/2146/196
f 2221/2145/201 2220/2144/201 2214/2147/196
f 2205/2148/203 2209/2136/198 2208/2135/198
f 2207/2150/203 2213/2139/198 2212/2138/198
f 2214/2147/196 2211/2134/196 2209/2136/198
f 2222/2152/199 2219/2140/199 2217/2142/201
f 2206/2151/203 2212/2138/198 2209/2136/198
f 2220/2144/201 2217/2142/201 2211/2134/196
f 2185/2129/203 2184/2130/203 2158/2153/187
f 2187/2131/203 2186/2132/203 2162/2095/187
f 2186/2132/203 2185/2129/203 2159/2087/187
f 2205/2148/203 2204/2149/203 2178/2154/187
f 2207/2150/203 2206/2151/203 2182/2114/187
f 2206/2151/203 2205/2148/203 2179/2106/187
f 2137/2155/211 2145/2081/186 2144/2080/186
f 2139/2157/211 2151/2086/186 2150/2085/186
f 2138/2158/211 2150/2085/186 2145/2081/186
f 2141/2159/211 2165/2100/186 2164/2099/186
f 2143/2161/211 2171/2105/186 2170/2104/186
f 2142/2162/211 2170/2104/186 2165/2100/186
f 2166/2098/182 2168/2097/190 2155/2094/190
f 2166/2098/182 2153/2082/182 2151/2086/186
f 2178/2154/187 2163/2090/187 2161/2092/189
f 2176/2107/189 2161/2092/189 2155/2094/190
f 2210/2146/196 2195/2118/196 2193/2120/198
f 2218/2163/199 2203/2124/199 2201/2126/201
f 2204/2149/203 2208/2135/198 2193/2120/198
f 2216/2141/201 2201/2126/201 2195/2118/196
f 2140/2160/211 2164/2099/186 2151/2086/186
f 2204/2149/203 2187/2131/203 2163/2090/187
f 2231/2164/84 2229/2178/84 2228/2165/84
f 2237/2167/84 2235/2278/84 2234/2168/84
f 2241/2170/84 2239/2176/84 2238/2171/84
f 2245/2173/84 2243/2177/84 2242/2174/84
f 2239/2176/84 2231/2164/84 2230/2166/84
f 2243/2177/84 2237/2167/84 2236/2169/84
f 2236/2169/84 2234/2168/84 2229/2178/84
f 2244/2175/84 2242/2174/84 2239/2176/84
f 2242/2174/84 2236/2169/84 2231/2164/84
f 2249/2179/182 2251/2195/190 2250/2180/190
f 2249/2179/182 2248/2181/182 2246/2182/186
f 2255/2184/182 2257/2196/190 2256/2185/190
f 2255/2184/182 2254/2186/182 2252/2187/186
f 2261/2189/187 2260/2270/187 2258/2190/189
f 2265/2192/187 2264/2197/187 2262/2193/189
f 2259/2191/189 2258/2190/189 2250/2180/190
f 2263/2194/189 2262/2193/189 2256/2185/190
f 2254/2186/182 2256/2185/190 2251/2195/190
f 2254/2186/182 2249/2179/182 2247/2183/186
f 2264/2197/187 2261/2189/187 2259/2191/189
f 2262/2193/189 2259/2191/189 2251/2195/190
f 2269/2198/246 2271/2209/250 2270/2199/190
f 2269/2198/246 2268/2200/182 2266/2201/186
f 2278/2203/248 2277/2271/187 2275/2204/189
f 2281/2206/84 2282/2213/84 2280/2207/84
f 2276/2205/249 2275/2204/189 2270/2199/190
f 2279/2208/84 2280/2207/84 2274/2210/84
f 2273/2211/251 2274/2210/255 2271/2209/250
f 2272/2212/252 2273/2211/251 2269/2198/246
f 2282/2213/253 2278/2203/248 2276/2205/249
f 2280/2207/254 2276/2205/249 2271/2209/250
f 2286/2214/84 2284/2228/84 2283/2215/84
f 2290/2217/84 2288/2269/84 2287/2218/84
f 2294/2220/84 2292/2226/84 2291/2221/84
f 2298/2223/84 2296/2227/84 2295/2224/84
f 2292/2226/84 2286/2214/84 2285/2216/84
f 2296/2227/84 2290/2217/84 2289/2219/84
f 2289/2219/84 2287/2218/84 2284/2228/84
f 2297/2225/84 2295/2224/84 2292/2226/84
f 2295/2224/84 2289/2219/84 2286/2214/84
f 2306/2229/196 2305/2241/196 2303/2230/198
f 2310/2232/196 2309/2242/196 2307/2233/198
f 2314/2235/199 2313/2284/199 2311/2236/201
f 2318/2238/199 2317/2247/199 2315/2239/201
f 2312/2237/201 2311/2236/201 2305/2241/196
f 2316/2240/201 2315/2239/201 2309/2242/196
f 2300/2243/203 2304/2231/198 2303/2230/198
f 2302/2245/203 2308/2234/198 2307/2233/198
f 2309/2242/196 2306/2229/196 2304/2231/198
f 2317/2247/199 2314/2235/199 2312/2237/201
f 2301/2246/203 2307/2233/198 2304/2231/198
f 2315/2239/201 2312/2237/201 2306/2229/196
f 2324/2248/84 2322/2265/84 2321/2249/84
f 2328/2251/256 2327/2261/196 2325/2252/198
f 2334/2254/84 2332/2260/84 2331/2255/84
f 2338/2257/199 2337/2279/199 2335/2258/201
f 2332/2260/84 2324/2248/84 2323/2250/84
f 2336/2259/258 2335/2258/201 2327/2261/196
f 2320/2262/259 2326/2253/257 2325/2252/198
f 2324/2248/84 2330/2268/84 2329/2264/84
f 2334/2254/84 2340/2267/84 2339/2266/84
f 2329/2264/260 2330/2268/264 2328/2251/256
f 2340/2267/261 2338/2257/199 2336/2259/258
f 2322/2265/263 2329/2264/260 2326/2253/257
f 2339/2266/262 2336/2259/258 2328/2251/256
f 2332/2260/84 2339/2266/84 2330/2268/84
f 2284/2228/84 2241/2170/84 2240/2172/84
f 2288/2269/84 2245/2173/84 2244/2175/84
f 2287/2218/84 2244/2175/84 2241/2170/84
f 2300/2243/203 2299/2244/203 2260/2270/187
f 2302/2245/203 2301/2246/203 2264/2197/187
f 2301/2246/203 2300/2243/203 2261/2189/187
f 2320/2262/259 2319/2263/203 2277/2271/187
f 2321/2249/84 2322/2265/84 2282/2213/84
f 2282/2213/253 2322/2265/263 2320/2262/259
f 2225/2272/211 2247/2183/186 2246/2182/186
f 2227/2274/211 2253/2188/186 2252/2187/186
f 2226/2275/211 2252/2187/186 2247/2183/186
f 2233/2276/265 2267/2202/247 2266/2201/186
f 2237/2167/84 2273/2211/84 2272/2212/84
f 2281/2206/84 2279/2208/84 2243/2177/84
f 2235/2278/266 2272/2212/252 2267/2202/247
f 2279/2208/84 2273/2211/84 2237/2167/84
f 2323/2250/84 2321/2249/84 2288/2269/84
f 2333/2256/84 2331/2255/84 2296/2227/84
f 2331/2255/84 2323/2250/84 2290/2217/84
f 2268/2200/182 2270/2199/190 2257/2196/190
f 2268/2200/182 2255/2184/182 2253/2188/186
f 2277/2271/187 2265/2192/187 2263/2194/189
f 2275/2204/189 2263/2194/189 2257/2196/190
f 2327/2261/196 2310/2232/196 2308/2234/198
f 2337/2279/199 2318/2238/199 2316/2240/201
f 2319/2263/203 2325/2252/198 2308/2234/198
f 2335/2258/201 2316/2240/201 2310/2232/196
f 2232/2277/211 2266/2201/186 2253/2188/186
f 2319/2263/203 2302/2245/203 2265/2192/187
f 2321/2249/84 2281/2206/84 2245/2173/84
f 2073/2031/84 1934/1876/84 1933/1878/84
f 2077/2076/84 1938/1879/84 1937/1881/84
f 2076/2021/84 1937/1881/84 1934/1876/84
f 2089/2045/84 1956/1891/84 1955/1893/84
f 2093/2037/84 1960/1894/84 1959/1896/84
f 2092/2036/84 1959/1896/84 1956/1891/84
f 2088/2033/84 1955/1893/84 1938/1879/84
f 2137/2155/211 2136/2156/211 1981/2280/173
f 2139/2157/211 2138/2158/211 1987/1936/173
f 2138/2158/211 2137/2155/211 1982/1923/173
f 2141/2159/211 2140/2160/211 2009/1964/173
f 2143/2161/211 2142/2162/211 2015/1963/173
f 2142/2162/211 2141/2159/211 2010/1950/173
f 2140/2160/211 2139/2157/211 1988/1928/173
f 2225/2272/211 2224/2273/211 2037/2281/173
f 2227/2274/211 2226/2275/211 2043/1991/173
f 2226/2275/211 2225/2272/211 2038/1978/173
f 2229/2178/84 2061/2000/84 2060/2002/84
f 2233/2276/265 2232/2277/211 2066/2016/173
f 2234/2168/84 2235/2278/84 2071/2015/84
f 2235/2278/266 2233/2276/265 2067/2006/238
f 2234/2168/84 2070/2008/84 2061/2000/84
f 2232/2277/211 2227/2274/211 2044/1983/173
f 1837/1783/163 1962/1910/166 1961/1912/166
f 1839/1784/163 1968/1915/166 1967/1917/166
f 1838/1786/163 1967/1917/166 1962/1910/166
f 1841/1787/163 1990/1937/166 1989/1939/166
f 1843/1788/163 1996/1942/166 1995/1944/166
f 1842/1790/163 1995/1944/166 1990/1937/166
f 1840/1793/163 1989/1939/166 1968/1915/166
f 1940/1901/163 2018/1965/166 2017/1967/166
f 1942/1902/163 2024/1970/166 2023/1972/166
f 1941/1904/163 2023/1972/166 2018/1965/166
f 1948/1905/234 2046/1992/236 2045/1994/166
f 1952/1888/84 2053/1997/84 2051/1999/84
f 2060/2002/84 2058/2001/84 1958/1898/84
f 1950/1906/235 2051/1999/240 2046/1992/236
f 2058/2001/84 2053/1997/84 1952/1888/84
f 1947/1909/163 2045/1994/166 2024/1970/166
f 2230/2166/84 2228/2165/84 2093/2037/84
f 2240/2172/84 2238/2171/84 2101/2044/84
f 2238/2171/84 2230/2166/84 2095/2035/84
f 2285/2216/84 2283/2215/84 2125/2075/84
f 2293/2222/84 2291/2221/84 2133/2073/84
f 2291/2221/84 2285/2216/84 2127/2063/84
f 2283/2215/84 2240/2172/84 2103/2041/84
f 1844/1796/135 1846/1795/142 1783/1743/142
f 1852/1802/137 1854/1801/141 1791/1741/141
f 1846/1795/142 1852/1802/137 1789/1735/137
f 1860/1907/140 1795/1740/140 1791/1741/141
f 1886/1836/148 1888/1835/156 1823/1781/156
f 1896/1842/151 1898/1841/162 1835/1789/162
f 1896/1842/151 1833/1775/151 1831/1779/155
f 1888/1835/156 1894/1843/155 1831/1779/155
f 1860/1907/140 1886/1836/148 1821/1767/148
f 1939/2283/163 1843/1788/163 1835/1789/162
f 2017/1967/166 2019/1966/170 1998/1946/170
f 2021/1989/169 2000/1945/169 1998/1946/170
f 2033/1977/171 2035/1976/174 2014/1956/174
f 2037/2281/173 2016/1955/173 2014/1956/174
f 2021/1989/169 2029/1985/175 2004/1960/175
f 2033/1977/171 2012/1952/171 2004/1960/175
f 2248/2181/182 2250/2180/190 2175/2113/190
f 2248/2181/182 2173/2101/182 2171/2105/186
f 2260/2270/187 2183/2109/187 2181/2111/189
f 2258/2190/189 2181/2111/189 2175/2113/190
f 2305/2241/196 2215/2137/196 2213/2139/198
f 2313/2284/199 2223/2143/199 2221/2145/201
f 2299/2244/203 2303/2230/198 2213/2139/198
f 2311/2236/201 2221/2145/201 2215/2137/196
f 2224/2273/211 2246/2182/186 2171/2105/186
f 2299/2244/203 2207/2150/203 2183/2109/187
f 1939/2283/163 2017/1967/166 1996/1942/166
f 2224/2273/211 2143/2161/211 2016/1955/173
f 2228/2165/84 2060/2002/84 1960/1894/84
f 2345/2285/267 2346/2297/272 2344/2286/268
f 2348/2288/1 2350/2298/1 2349/2289/1
f 2355/2291/269 2356/2395/280 2354/2292/270
f 2357/2294/1 2358/2388/1 2360/2295/1
f 2353/2293/271 2354/2292/270 2346/2297/272
f 2350/2298/1 2358/2388/1 2357/2294/1
f 2347/2290/1 2349/2289/1 2342/2299/1
f 2357/2294/1 2359/2296/1 2352/2301/1
f 2362/2303/273 2356/2395/280 2355/2291/269
f 2341/2300/275 2342/2299/279 2345/2285/267
f 2352/2301/276 2355/2291/269 2353/2293/271
f 2359/2296/278 2361/2304/274 2355/2291/269
f 2342/2299/279 2351/2302/277 2353/2293/271
f 2349/2289/1 2357/2294/1 2351/2302/1
f 2365/2305/272 2366/2317/272 2364/2306/268
f 2369/2308/272 2370/2318/272 2368/2309/268
f 2373/2311/280 2374/2323/280 2372/2312/270
f 2377/2314/280 2378/2845/280 2376/2315/270
f 2371/2313/270 2372/2312/270 2366/2317/272
f 2375/2316/270 2376/2315/270 2370/2318/272
f 2380/2319/273 2374/2323/280 2373/2311/280
f 2382/2321/273 2378/2845/280 2377/2314/280
f 2366/2317/272 2369/2308/272 2367/2310/268
f 2374/2323/280 2377/2314/280 2375/2316/270
f 2381/2322/273 2377/2314/280 2374/2323/280
f 2372/2312/270 2375/2316/270 2369/2308/272
f 2384/2324/1 2386/2336/1 2385/2325/1
f 2388/2327/1 2390/2337/1 2389/2328/1
f 2392/2330/1 2394/2338/1 2393/2331/1
f 2396/2333/1 2398/2387/1 2397/2334/1
f 2386/2336/1 2392/2330/1 2391/2332/1
f 2390/2337/1 2396/2333/1 2395/2335/1
f 2387/2329/1 2389/2328/1 2386/2336/1
f 2395/2335/1 2397/2334/1 2394/2338/1
f 2389/2328/1 2395/2335/1 2392/2330/1
f 2400/2339/1 2402/2349/1 2401/2340/1
f 2405/2342/281 2406/2351/288 2404/2343/282
f 2413/2345/284 2411/2396/294 2410/2346/285
f 2414/2348/287 2415/2397/295 2413/2345/284
f 2402/2349/1 2408/2352/1 2407/2350/1
f 2410/2346/285 2411/2396/294 2406/2351/288
f 2399/2341/289 2401/2340/293 2405/2342/281
f 2408/2352/290 2412/2347/286 2410/2346/285
f 2409/2353/292 2414/2348/287 2412/2347/286
f 2401/2340/293 2407/2350/291 2410/2346/285
f 2418/2354/288 2419/2368/288 2417/2355/282
f 2422/2357/288 2423/2369/288 2421/2358/282
f 2427/2360/284 2425/2370/294 2424/2361/294
f 2428/2363/295 2429/2371/295 2427/2360/284
f 2433/2364/284 2431/2846/294 2430/2365/294
f 2434/2367/295 2435/2847/295 2433/2364/284
f 2424/2361/294 2425/2370/294 2419/2368/288
f 2430/2365/294 2431/2846/294 2423/2369/288
f 2419/2368/288 2422/2357/288 2420/2359/282
f 2432/2366/284 2430/2365/294 2425/2370/294
f 2429/2371/295 2434/2367/295 2432/2366/284
f 2425/2370/294 2430/2365/294 2422/2357/288
f 2437/2372/1 2439/2384/1 2438/2373/1
f 2441/2375/1 2443/2385/1 2442/2376/1
f 2444/2378/1 2445/2386/1 2447/2379/1
f 2451/2381/1 2453/2842/1 2452/2382/1
f 2439/2384/1 2445/2386/1 2444/2378/1
f 2443/2385/1 2451/2381/1 2450/2383/1
f 2440/2377/1 2442/2376/1 2439/2384/1
f 2450/2383/1 2452/2382/1 2447/2379/1
f 2442/2376/1 2450/2383/1 2445/2386/1
f 2360/2295/1 2400/2339/1 2399/2341/1
f 2403/2344/283 2404/2343/282 2362/2303/273
f 2399/2341/289 2403/2344/283 2361/2304/274
f 2416/2356/282 2417/2355/282 2380/2319/273
f 2420/2359/282 2421/2358/282 2382/2321/273
f 2417/2355/282 2420/2359/282 2381/2322/273
f 2394/2338/1 2437/2372/1 2436/2374/1
f 2398/2387/1 2441/2375/1 2440/2377/1
f 2397/2334/1 2440/2377/1 2437/2372/1
f 2383/2326/1 2385/2325/1 2350/2298/1
f 2391/2332/1 2393/2331/1 2360/2295/1
f 2385/2325/1 2391/2332/1 2358/2388/1
f 2436/2374/1 2438/2373/1 2402/2349/1
f 2444/2378/1 2446/2380/1 2409/2353/1
f 2449/2389/296 2415/2397/295 2414/2348/287
f 2446/2380/298 2448/2390/297 2414/2348/287
f 2402/2349/1 2438/2373/1 2444/2378/1
f 2455/2391/296 2429/2371/295 2428/2363/295
f 2457/2393/296 2435/2847/295 2434/2367/295
f 2456/2394/296 2434/2367/295 2429/2371/295
f 2346/2297/272 2365/2305/272 2363/2307/268
f 2356/2395/280 2373/2311/280 2371/2313/270
f 2379/2320/273 2373/2311/280 2356/2395/280
f 2354/2292/270 2371/2313/270 2365/2305/272
f 2406/2351/288 2418/2354/288 2416/2356/282
f 2426/2362/284 2424/2361/294 2411/2396/294
f 2415/2397/295 2428/2363/295 2426/2362/284
f 2411/2396/294 2424/2361/294 2418/2354/288
f 2454/2392/296 2428/2363/295 2415/2397/295
f 2404/2343/282 2416/2356/282 2379/2320/273
f 2393/2331/1 2436/2374/1 2400/2339/1
f 2460/2398/272 2461/2410/272 2459/2399/268
f 2464/2401/272 2465/2411/272 2463/2402/268
f 2468/2404/280 2469/2416/280 2467/2405/270
f 2472/2407/280 2473/2480/280 2471/2408/270
f 2466/2406/270 2467/2405/270 2461/2410/272
f 2470/2409/270 2471/2408/270 2465/2411/272
f 2475/2412/273 2469/2416/280 2468/2404/280
f 2477/2414/273 2473/2480/280 2472/2407/280
f 2461/2410/272 2464/2401/272 2462/2403/268
f 2469/2416/280 2472/2407/280 2470/2409/270
f 2476/2415/273 2472/2407/280 2469/2416/280
f 2467/2405/270 2470/2409/270 2464/2401/272
f 2480/2417/272 2481/2429/272 2479/2418/268
f 2484/2420/272 2485/2430/272 2483/2421/268
f 2488/2423/280 2489/2435/280 2487/2424/270
f 2492/2426/280 2493/4659/280 2491/2427/270
f 2486/2425/270 2487/2424/270 2481/2429/272
f 2490/2428/270 2491/2427/270 2485/2430/272
f 2495/2431/273 2489/2435/280 2488/2423/280
f 2497/2433/273 2493/4659/280 2492/2426/280
f 2481/2429/272 2484/2420/272 2482/2422/268
f 2489/2435/280 2492/2426/280 2490/2428/270
f 2496/2434/273 2492/2426/280 2489/2435/280
f 2487/2424/270 2490/2428/270 2484/2420/272
f 2500/2436/288 2501/2450/288 2499/2437/282
f 2504/2439/288 2505/2451/288 2503/2440/282
f 2509/2442/284 2507/2452/294 2506/2443/294
f 2510/2445/295 2511/2453/295 2509/2442/284
f 2515/2446/284 2513/2481/294 2512/2447/294
f 2516/2449/295 2517/2482/295 2515/2446/284
f 2506/2443/294 2507/2452/294 2501/2450/288
f 2512/2447/294 2513/2481/294 2505/2451/288
f 2501/2450/288 2504/2439/288 2502/2441/282
f 2514/2448/284 2512/2447/294 2507/2452/294
f 2511/2453/295 2516/2449/295 2514/2448/284
f 2507/2452/294 2512/2447/294 2504/2439/288
f 2520/2454/288 2521/2468/288 2519/2455/282
f 2524/2457/288 2525/2469/288 2523/2458/282
f 2529/2460/284 2527/2470/294 2526/2461/294
f 2530/2463/295 2531/2471/295 2529/2460/284
f 2535/2464/284 2533/4660/294 2532/2465/294
f 2536/2467/295 2537/4661/295 2535/2464/284
f 2526/2461/294 2527/2470/294 2521/2468/288
f 2532/2465/294 2533/4660/294 2525/2469/288
f 2521/2468/288 2524/2457/288 2522/2459/282
f 2534/2466/284 2532/2465/294 2527/2470/294
f 2531/2471/295 2536/2467/295 2534/2466/284
f 2527/2470/294 2532/2465/294 2524/2457/288
f 2498/2438/282 2499/2437/282 2475/2412/273
f 2502/2441/282 2503/2440/282 2477/2414/273
f 2499/2437/282 2502/2441/282 2476/2415/273
f 2518/2456/282 2519/2455/282 2495/2431/273
f 2522/2459/282 2523/2458/282 2497/2433/273
f 2519/2455/282 2522/2459/282 2496/2434/273
f 2539/2472/296 2511/2453/295 2510/2445/295
f 2541/2474/296 2517/2482/295 2516/2449/295
f 2540/2475/296 2516/2449/295 2511/2453/295
f 2543/2476/296 2531/2471/295 2530/2463/295
f 2545/2478/296 2537/4661/295 2536/2467/295
f 2544/2479/296 2536/2467/295 2531/2471/295
f 2465/2411/272 2480/2417/272 2478/2419/268
f 2473/2480/280 2488/2423/280 2486/2425/270
f 2494/2432/273 2488/2423/280 2473/2480/280
f 2471/2408/270 2486/2425/270 2480/2417/272
f 2505/2451/288 2520/2454/288 2518/2456/282
f 2528/2462/284 2526/2461/294 2513/2481/294
f 2517/2482/295 2530/2463/295 2528/2462/284
f 2513/2481/294 2526/2461/294 2520/2454/288
f 2542/2477/296 2530/2463/295 2517/2482/295
f 2503/2440/282 2518/2456/282 2494/2432/273
f 2547/2483/1 2549/2495/1 2548/2484/1
f 2551/2486/1 2553/2496/1 2552/2487/1
f 2555/2489/1 2557/2497/1 2556/2490/1
f 2559/2492/1 2561/2539/1 2560/2493/1
f 2549/2495/1 2555/2489/1 2554/2491/1
f 2553/2496/1 2559/2492/1 2558/2494/1
f 2550/2488/1 2552/2487/1 2549/2495/1
f 2558/2494/1 2560/2493/1 2557/2497/1
f 2552/2487/1 2558/2494/1 2555/2489/1
f 2563/2498/1 2565/2509/1 2564/2499/1
f 2567/2501/1 2569/2510/1 2568/2502/1
f 2571/2501/1 2573/2511/1 2572/2504/1
f 2575/2506/1 2577/2540/1 2576/2507/1
f 2565/2509/1 2571/2501/1 2570/2505/1
f 2569/2510/1 2575/2506/1 2574/2508/1
f 2566/2503/1 2568/2502/1 2565/2509/1
f 2574/2508/1 2576/2507/1 2573/2511/1
f 2568/2502/1 2574/2508/1 2571/2501/1
f 2579/2512/1 2581/2521/1 2580/2513/1
f 2583/2504/1 2585/2522/1 2584/2515/1
f 2587/2504/1 2589/2523/1 2588/2504/1
f 2591/2518/1 2593/2541/1 2592/2519/1
f 2581/2521/1 2587/2504/1 2586/2517/1
f 2585/2522/1 2591/2518/1 2590/2520/1
f 2582/2516/1 2584/2515/1 2581/2521/1
f 2590/2520/1 2592/2519/1 2589/2523/1
f 2584/2515/1 2590/2520/1 2587/2504/1
f 2595/2524/1 2597/2536/1 2596/2525/1
f 2599/2527/1 2601/2537/1 2600/2528/1
f 2603/2530/1 2605/2538/1 2604/2531/1
f 2607/2533/1 2609/2843/1 2608/2534/1
f 2597/2536/1 2603/2530/1 2602/2532/1
f 2601/2537/1 2607/2533/1 2606/2535/1
f 2598/2529/1 2600/2528/1 2597/2536/1
f 2606/2535/1 2608/2534/1 2605/2538/1
f 2600/2528/1 2606/2535/1 2603/2530/1
f 2557/2497/1 2579/2512/1 2578/2514/1
f 2561/2539/1 2583/2504/1 2582/2516/1
f 2560/2493/1 2582/2516/1 2579/2512/1
f 2573/2511/1 2595/2524/1 2594/2526/1
f 2577/2540/1 2599/2527/1 2598/2529/1
f 2576/2507/1 2598/2529/1 2595/2524/1
f 2562/2500/1 2564/2499/1 2553/2496/1
f 2570/2505/1 2572/2504/1 2561/2539/1
f 2564/2499/1 2570/2505/1 2559/2492/1
f 2594/2526/1 2596/2525/1 2585/2522/1
f 2602/2532/1 2604/2531/1 2593/2541/1
f 2596/2525/1 2602/2532/1 2591/2518/1
f 2572/2504/1 2594/2526/1 2583/2504/1
f 2611/2542/1 2613/2560/1 2612/2543/1
f 2619/2545/299 2617/2588/314 2616/2546/300
f 2616/2546/300 2617/2588/314 2615/2548/301
f 2621/2515/1 2623/2844/1 2622/2515/1
f 2628/2551/1 2630/2561/1 2629/2552/1
f 2636/2554/303 2634/2589/315 2633/2555/304
f 2633/2555/304 2634/2589/315 2632/2557/306
f 2625/2559/307 2626/2590/307 2619/2545/299
f 2622/2515/1 2623/2844/1 2628/2551/1
f 2611/2542/1 2620/2550/1 2622/2515/1
f 2632/2557/306 2626/2590/307 2625/2559/307
f 2613/2560/308 2618/2547/299 2616/2546/300
f 2610/2544/310 2612/2543/309 2616/2546/300
f 2630/2561/311 2635/2556/305 2633/2555/304
f 2627/2553/313 2629/2552/312 2633/2555/304
f 2627/2553/313 2631/2558/306 2625/2559/307
f 2613/2560/308 2624/2562/307 2625/2559/307
f 2622/2515/1 2627/2553/1 2624/2562/1
f 2642/2563/299 2640/2585/314 2639/2564/314
f 2639/2564/314 2640/2585/314 2638/2566/301
f 2648/2568/299 2646/2848/314 2645/2569/314
f 2645/2569/314 2646/2848/314 2644/2571/301
f 2658/2573/303 2656/2586/315 2655/2574/315
f 2655/2574/315 2656/2586/315 2654/2576/306
f 2664/2578/303 2662/2849/315 2661/2579/315
f 2661/2579/315 2662/2849/315 2660/2581/306
f 2649/2583/307 2650/2587/307 2642/2563/299
f 2651/2584/307 2652/2850/307 2648/2568/299
f 2654/2576/306 2650/2587/307 2649/2583/307
f 2660/2581/306 2652/2850/307 2651/2584/307
f 2647/2570/299 2645/2569/314 2640/2585/314
f 2640/2585/314 2645/2569/314 2643/2572/301
f 2663/2580/303 2661/2579/315 2656/2586/315
f 2656/2586/315 2661/2579/315 2659/2582/306
f 2659/2582/306 2651/2584/307 2650/2587/307
f 2650/2587/307 2651/2584/307 2647/2570/299
f 2641/2565/299 2639/2564/314 2617/2588/314
f 2617/2588/314 2639/2564/314 2637/2567/301
f 2657/2575/303 2655/2574/315 2634/2589/315
f 2634/2589/315 2655/2574/315 2653/2577/306
f 2653/2577/306 2649/2583/307 2626/2590/307
f 2626/2590/307 2649/2583/307 2641/2565/299
f 2670/2591/299 2668/2613/314 2667/2592/314
f 2667/2592/314 2668/2613/314 2666/2594/301
f 2676/2596/299 2674/2641/314 2673/2597/314
f 2673/2597/314 2674/2641/314 2672/2599/301
f 2686/2601/303 2684/2614/315 2683/2602/315
f 2683/2602/315 2684/2614/315 2682/2604/306
f 2692/2606/303 2690/2642/315 2689/2607/315
f 2689/2607/315 2690/2642/315 2688/2609/306
f 2677/2611/307 2678/2615/307 2670/2591/299
f 2679/2612/307 2680/2643/307 2676/2596/299
f 2682/2604/306 2678/2615/307 2677/2611/307
f 2688/2609/306 2680/2643/307 2679/2612/307
f 2675/2598/299 2673/2597/314 2668/2613/314
f 2668/2613/314 2673/2597/314 2671/2600/301
f 2691/2608/303 2689/2607/315 2684/2614/315
f 2684/2614/315 2689/2607/315 2687/2610/306
f 2687/2610/306 2679/2612/307 2678/2615/307
f 2678/2615/307 2679/2612/307 2675/2598/299
f 2698/2616/299 2696/2638/314 2695/2617/314
f 2695/2617/314 2696/2638/314 2694/2619/301
f 2704/2621/299 2702/4662/314 2701/2622/314
f 2701/2622/314 2702/4662/314 2700/2624/301
f 2714/2626/303 2712/2639/315 2711/2627/315
f 2711/2627/315 2712/2639/315 2710/2629/306
f 2720/2631/303 2718/4663/315 2717/2632/315
f 2717/2632/315 2718/4663/315 2716/2634/306
f 2705/2636/307 2706/2640/307 2698/2616/299
f 2707/2637/307 2708/4664/307 2704/2621/299
f 2710/2629/306 2706/2640/307 2705/2636/307
f 2716/2634/306 2708/4664/307 2707/2637/307
f 2703/2623/299 2701/2622/314 2696/2638/314
f 2696/2638/314 2701/2622/314 2699/2625/301
f 2719/2633/303 2717/2632/315 2712/2639/315
f 2712/2639/315 2717/2632/315 2715/2635/306
f 2715/2635/306 2707/2637/307 2706/2640/307
f 2706/2640/307 2707/2637/307 2703/2623/299
f 2697/2618/299 2695/2617/314 2674/2641/314
f 2674/2641/314 2695/2617/314 2693/2620/301
f 2713/2628/303 2711/2627/315 2690/2642/315
f 2690/2642/315 2711/2627/315 2709/2630/306
f 2709/2630/306 2705/2636/307 2680/2643/307
f 2680/2643/307 2705/2636/307 2697/2618/299
f 2722/2644/1 2724/2656/1 2723/2645/1
f 2726/2647/1 2728/2657/1 2727/2648/1
f 2729/2650/1 2730/2658/1 2732/2651/1
f 2736/2653/1 2738/2748/1 2737/2654/1
f 2724/2656/1 2730/2658/1 2729/2650/1
f 2728/2657/1 2736/2653/1 2735/2655/1
f 2725/2649/1 2727/2648/1 2724/2656/1
f 2735/2655/1 2737/2654/1 2732/2651/1
f 2727/2648/1 2735/2655/1 2730/2658/1
f 2744/2659/1 2746/2670/1 2745/2660/1
f 2748/2662/1 2750/2671/1 2749/2663/1
f 2752/2665/1 2754/2672/1 2753/2666/1
f 2756/2667/1 2758/2753/1 2757/2668/1
f 2746/2670/1 2752/2665/1 2751/2538/1
f 2750/2671/1 2756/2667/1 2755/2669/1
f 2747/2664/1 2749/2663/1 2746/2670/1
f 2755/2669/1 2757/2668/1 2754/2672/1
f 2749/2663/1 2755/2669/1 2752/2665/1
f 2765/2673/316 2763/2754/329 2762/2674/317
f 2766/2676/319 2767/2755/330 2765/2673/316
f 2769/2677/1 2771/2687/1 2770/2678/1
f 2775/2680/320 2773/2685/323 2772/2681/321
f 2768/2679/1 2770/2678/1 2761/2683/1
f 2773/2685/323 2767/2755/330 2766/2676/319
f 2764/2675/318 2762/2674/317 2759/2686/324
f 2760/2684/325 2761/2683/328 2766/2676/319
f 2771/2687/326 2774/2682/322 2772/2681/321
f 2770/2678/327 2772/2681/321 2766/2676/319
f 2779/2688/316 2777/2704/329 2776/2689/329
f 2780/2691/330 2781/2705/330 2779/2688/316
f 2785/2692/316 2783/2851/329 2782/2693/329
f 2786/2695/330 2787/2852/330 2785/2692/316
f 2791/2696/320 2789/2702/323 2788/2697/323
f 2795/2699/320 2793/2703/323 2792/2700/323
f 2789/2702/323 2781/2705/330 2780/2691/330
f 2793/2703/323 2787/2852/330 2786/2695/330
f 2784/2694/316 2782/2693/329 2777/2704/329
f 2781/2705/330 2786/2695/330 2784/2694/316
f 2794/2701/320 2792/2700/323 2789/2702/323
f 2792/2700/323 2786/2695/330 2781/2705/330
f 2796/2706/1 2797/2723/1 2799/2707/1
f 2803/2709/1 2805/2721/1 2804/2710/1
f 2811/2712/331 2809/2756/344 2808/2713/332
f 2817/2715/334 2815/2724/338 2814/2716/335
f 2799/2707/1 2807/2725/1 2806/2718/1
f 2808/2713/332 2809/2756/344 2801/2719/336
f 2805/2721/1 2813/2726/1 2812/2722/1
f 2802/2711/1 2804/2710/1 2799/2707/1
f 2815/2724/338 2811/2712/331 2810/2714/333
f 2810/2714/333 2808/2713/332 2806/2718/339
f 2813/2726/341 2816/2717/334 2814/2716/335
f 2812/2722/342 2814/2716/335 2810/2714/333
f 2798/2708/343 2806/2718/339 2808/2713/332
f 2804/2710/1 2812/2722/1 2807/2725/1
f 2825/2727/331 2823/2745/344 2822/2728/344
f 2829/2730/331 2827/2853/344 2826/2731/344
f 2833/2733/334 2831/2743/338 2830/2734/338
f 2837/2736/334 2835/2744/338 2834/2737/338
f 2822/2728/344 2823/2745/344 2819/2739/336
f 2826/2731/344 2827/2853/344 2821/2741/336
f 2831/2743/338 2825/2727/331 2824/2729/331
f 2835/2744/338 2829/2730/331 2828/2732/331
f 2828/2732/331 2826/2731/344 2823/2745/344
f 2836/2738/334 2834/2737/338 2831/2743/338
f 2834/2737/338 2828/2732/331 2825/2727/331
f 2823/2745/344 2826/2731/344 2820/2742/336
f 2732/2651/1 2760/2684/1 2759/2686/1
f 2762/2674/317 2763/2754/329 2734/2746/345
f 2738/2748/1 2769/2677/1 2768/2679/1
f 2731/2652/347 2759/2686/324 2762/2674/317
f 2732/2651/1 2737/2654/1 2768/2679/1
f 2776/2689/329 2777/2704/329 2740/2749/345
f 2782/2693/329 2783/2851/329 2742/2751/345
f 2777/2704/329 2782/2693/329 2741/2752/345
f 2754/2672/1 2797/2723/1 2796/2706/1
f 2758/2753/1 2803/2709/1 2802/2711/1
f 2757/2668/1 2802/2711/1 2797/2723/1
f 2743/2661/1 2745/2660/1 2728/2657/1
f 2751/2538/1 2753/2666/1 2738/2748/1
f 2745/2660/1 2751/2538/1 2736/2653/1
f 2796/2706/1 2798/2708/1 2771/2687/1
f 2801/2719/336 2775/2680/320 2774/2682/322
f 2800/2720/337 2774/2682/322 2771/2687/326
f 2819/2739/336 2791/2696/320 2790/2698/320
f 2821/2741/336 2795/2699/320 2794/2701/320
f 2820/2742/336 2794/2701/320 2791/2696/320
f 2778/2690/316 2776/2689/329 2763/2754/329
f 2767/2755/330 2780/2691/330 2778/2690/316
f 2790/2698/320 2788/2697/323 2773/2685/323
f 2788/2697/323 2780/2691/330 2767/2755/330
f 2824/2729/331 2822/2728/344 2809/2756/344
f 2832/2735/334 2830/2734/338 2815/2724/338
f 2830/2734/338 2824/2729/331 2811/2712/331
f 2809/2756/344 2822/2728/344 2818/2740/336
f 2818/2740/336 2790/2698/320 2775/2680/320
f 2763/2754/329 2776/2689/329 2739/2750/345
f 2753/2666/1 2796/2706/1 2769/2677/1
f 2849/2757/316 2847/2773/329 2846/2758/329
f 2850/2760/330 2851/2774/330 2849/2757/316
f 2855/2761/316 2853/2839/329 2852/2762/329
f 2856/2764/330 2857/2840/330 2855/2761/316
f 2861/2765/320 2859/2771/323 2858/2766/323
f 2865/2768/320 2863/2772/323 2862/2769/323
f 2859/2771/323 2851/2774/330 2850/2760/330
f 2863/2772/323 2857/2840/330 2856/2764/330
f 2854/2763/316 2852/2762/329 2847/2773/329
f 2851/2774/330 2856/2764/330 2854/2763/316
f 2864/2770/320 2862/2769/323 2859/2771/323
f 2862/2769/323 2856/2764/330 2851/2774/330
f 2869/2775/316 2867/2791/329 2866/2776/329
f 2870/2778/330 2871/2792/330 2869/2775/316
f 2875/2779/316 2873/4665/329 2872/2780/329
f 2876/2782/330 2877/4666/330 2875/2779/316
f 2881/2783/320 2879/2789/323 2878/2784/323
f 2885/2786/320 2883/2790/323 2882/2787/323
f 2879/2789/323 2871/2792/330 2870/2778/330
f 2883/2790/323 2877/4666/330 2876/2782/330
f 2874/2781/316 2872/2780/329 2867/2791/329
f 2871/2792/330 2876/2782/330 2874/2781/316
f 2884/2788/320 2882/2787/323 2879/2789/323
f 2882/2787/323 2876/2782/330 2871/2792/330
f 2893/2793/331 2891/2811/344 2890/2794/344
f 2897/2796/331 2895/2841/344 2894/2797/344
f 2901/2799/334 2899/2809/338 2898/2800/338
f 2905/2802/334 2903/2810/338 2902/2803/338
f 2890/2794/344 2891/2811/344 2887/2805/336
f 2894/2797/344 2895/2841/344 2889/2807/336
f 2899/2809/338 2893/2793/331 2892/2795/331
f 2903/2810/338 2897/2796/331 2896/2798/331
f 2896/2798/331 2894/2797/344 2891/2811/344
f 2904/2804/334 2902/2803/338 2899/2809/338
f 2902/2803/338 2896/2798/331 2893/2793/331
f 2891/2811/344 2894/2797/344 2888/2808/336
f 2913/2812/331 2911/2830/344 2910/2813/344
f 2917/2815/331 2915/4667/344 2914/2816/344
f 2921/2818/334 2919/2828/338 2918/2819/338
f 2925/2821/334 2923/2829/338 2922/2822/338
f 2910/2813/344 2911/2830/344 2907/2824/336
f 2914/2816/344 2915/4667/344 2909/2826/336
f 2919/2828/338 2913/2812/331 2912/2814/331
f 2923/2829/338 2917/2815/331 2916/2817/331
f 2916/2817/331 2914/2816/344 2911/2830/344
f 2924/2823/334 2922/2822/338 2919/2828/338
f 2922/2822/338 2916/2817/331 2913/2812/331
f 2911/2830/344 2914/2816/344 2908/2827/336
f 2846/2758/329 2847/2773/329 2839/2831/345
f 2852/2762/329 2853/2839/329 2841/2833/345
f 2847/2773/329 2852/2762/329 2840/2834/345
f 2866/2776/329 2867/2791/329 2843/2835/345
f 2872/2780/329 2873/4665/329 2845/2837/345
f 2867/2791/329 2872/2780/329 2844/2838/345
f 2887/2805/336 2861/2765/320 2860/2767/320
f 2889/2807/336 2865/2768/320 2864/2770/320
f 2888/2808/336 2864/2770/320 2861/2765/320
f 2907/2824/336 2881/2783/320 2880/2785/320
f 2909/2826/336 2885/2786/320 2884/2788/320
f 2908/2827/336 2884/2788/320 2881/2783/320
f 2868/2777/316 2866/2776/329 2853/2839/329
f 2857/2840/330 2870/2778/330 2868/2777/316
f 2880/2785/320 2878/2784/323 2863/2772/323
f 2878/2784/323 2870/2778/330 2857/2840/330
f 2912/2814/331 2910/2813/344 2895/2841/344
f 2920/2820/334 2918/2819/338 2903/2810/338
f 2918/2819/338 2912/2814/331 2897/2796/331
f 2895/2841/344 2910/2813/344 2906/2825/336
f 2906/2825/336 2880/2785/320 2865/2768/320
f 2853/2839/329 2866/2776/329 2842/2836/345
f 2447/2379/1 2611/2542/1 2610/2544/1
f 2614/2549/302 2615/2548/301 2449/2389/296
f 2453/2842/1 2621/2515/1 2620/2550/1
f 2446/2380/298 2610/2544/310 2614/2549/302
f 2452/2382/1 2620/2550/1 2611/2542/1
f 2637/2567/301 2638/2566/301 2455/2391/296
f 2643/2572/301 2644/2571/301 2457/2393/296
f 2638/2566/301 2643/2572/301 2456/2394/296
f 2615/2548/301 2637/2567/301 2454/2392/296
f 2665/2595/301 2666/2594/301 2539/2472/296
f 2671/2600/301 2672/2599/301 2541/2474/296
f 2666/2594/301 2671/2600/301 2540/2475/296
f 2693/2620/301 2694/2619/301 2543/2476/296
f 2699/2625/301 2700/2624/301 2545/2478/296
f 2694/2619/301 2699/2625/301 2544/2479/296
f 2672/2599/301 2693/2620/301 2542/2477/296
f 2589/2523/1 2722/2644/1 2721/2646/1
f 2593/2541/1 2726/2647/1 2725/2649/1
f 2592/2519/1 2725/2649/1 2722/2644/1
f 2605/2538/1 2744/2659/1 2743/2661/1
f 2609/2843/1 2748/2662/1 2747/2664/1
f 2608/2534/1 2747/2664/1 2744/2659/1
f 2604/2531/1 2743/2661/1 2726/2647/1
f 2546/2485/1 2548/2484/1 2390/2337/1
f 2554/2491/1 2556/2490/1 2398/2387/1
f 2548/2484/1 2554/2491/1 2396/2333/1
f 2578/2514/1 2580/2513/1 2443/2385/1
f 2586/2517/1 2588/2504/1 2453/2842/1
f 2580/2513/1 2586/2517/1 2451/2381/1
f 2556/2490/1 2578/2514/1 2441/2375/1
f 2721/2646/1 2723/2645/1 2623/2844/1
f 2729/2650/1 2731/2652/1 2630/2561/1
f 2734/2746/345 2636/2554/303 2635/2556/305
f 2731/2652/347 2733/2747/346 2635/2556/305
f 2723/2645/1 2729/2650/1 2628/2551/1
f 2740/2749/345 2658/2573/303 2657/2575/303
f 2742/2751/345 2664/2578/303 2663/2580/303
f 2741/2752/345 2663/2580/303 2658/2573/303
f 2739/2750/345 2657/2575/303 2636/2554/303
f 2839/2831/345 2686/2601/303 2685/2603/303
f 2841/2833/345 2692/2606/303 2691/2608/303
f 2840/2834/345 2691/2608/303 2686/2601/303
f 2843/2835/345 2714/2626/303 2713/2628/303
f 2845/2837/345 2720/2631/303 2719/2633/303
f 2844/2838/345 2719/2633/303 2714/2626/303
f 2842/2836/345 2713/2628/303 2692/2606/303
f 2370/2318/272 2460/2398/272 2458/2400/268
f 2378/2845/280 2468/2404/280 2466/2406/270
f 2474/2413/273 2468/2404/280 2378/2845/280
f 2376/2315/270 2466/2406/270 2460/2398/272
f 2423/2369/288 2500/2436/288 2498/2438/282
f 2508/2444/284 2506/2443/294 2431/2846/294
f 2435/2847/295 2510/2445/295 2508/2444/284
f 2431/2846/294 2506/2443/294 2500/2436/288
f 2538/2473/296 2510/2445/295 2435/2847/295
f 2421/2358/282 2498/2438/282 2474/2413/273
f 2669/2593/299 2667/2592/314 2646/2848/314
f 2646/2848/314 2667/2592/314 2665/2595/301
f 2685/2603/303 2683/2602/315 2662/2849/315
f 2662/2849/315 2683/2602/315 2681/2605/306
f 2681/2605/306 2677/2611/307 2652/2850/307
f 2652/2850/307 2677/2611/307 2669/2593/299
f 2848/2759/316 2846/2758/329 2783/2851/329
f 2787/2852/330 2850/2760/330 2848/2759/316
f 2860/2767/320 2858/2766/323 2793/2703/323
f 2858/2766/323 2850/2760/330 2787/2852/330
f 2892/2795/331 2890/2794/344 2827/2853/344
f 2900/2801/334 2898/2800/338 2835/2744/338
f 2898/2800/338 2892/2795/331 2829/2730/331
f 2827/2853/344 2890/2794/344 2886/2806/336
f 2886/2806/336 2860/2767/320 2795/2699/320
f 2783/2851/329 2846/2758/329 2838/2832/345
f 2838/2832/345 2685/2603/303 2664/2578/303
f 2644/2571/301 2665/2595/301 2538/2473/296
f 2588/2504/1 2721/2646/1 2621/2515/1
f 2928/2854/272 2929/2866/272 2927/2855/268
f 2932/2857/272 2933/2867/272 2931/2858/268
f 2936/2860/280 2937/2872/280 2935/2861/270
f 2940/2863/280 2941/2936/280 2939/2864/270
f 2934/2862/270 2935/2861/270 2929/2866/272
f 2938/2865/270 2939/2864/270 2933/2867/272
f 2943/2868/273 2937/2872/280 2936/2860/280
f 2945/2870/273 2941/2936/280 2940/2863/280
f 2929/2866/272 2932/2857/272 2930/2859/268
f 2937/2872/280 2940/2863/280 2938/2865/270
f 2944/2871/273 2940/2863/280 2937/2872/280
f 2935/2861/270 2938/2865/270 2932/2857/272
f 2948/2873/272 2949/2885/272 2947/2874/268
f 2952/2876/272 2953/2886/272 2951/2877/268
f 2956/2879/280 2957/2891/280 2955/2880/270
f 2960/2882/280 2961/3428/280 2959/2883/270
f 2954/2881/270 2955/2880/270 2949/2885/272
f 2958/2884/270 2959/2883/270 2953/2886/272
f 2963/2887/273 2957/2891/280 2956/2879/280
f 2965/2889/273 2961/3428/280 2960/2882/280
f 2949/2885/272 2952/2876/272 2950/2878/268
f 2957/2891/280 2960/2882/280 2958/2884/270
f 2964/2890/273 2960/2882/280 2957/2891/280
f 2955/2880/270 2958/2884/270 2952/2876/272
f 2968/2892/288 2969/2906/288 2967/2893/282
f 2972/2895/288 2973/2907/288 2971/2896/282
f 2977/2898/284 2975/2908/294 2974/2899/294
f 2978/2901/295 2979/2909/295 2977/2898/284
f 2983/2902/284 2981/2937/294 2980/2903/294
f 2984/2905/295 2985/2938/295 2983/2902/284
f 2974/2899/294 2975/2908/294 2969/2906/288
f 2980/2903/294 2981/2937/294 2973/2907/288
f 2969/2906/288 2972/2895/288 2970/2897/282
f 2982/2904/284 2980/2903/294 2975/2908/294
f 2979/2909/295 2984/2905/295 2982/2904/284
f 2975/2908/294 2980/2903/294 2972/2895/288
f 2988/2910/288 2989/2924/288 2987/2911/282
f 2992/2913/288 2993/2925/288 2991/2914/282
f 2997/2916/284 2995/2926/294 2994/2917/294
f 2998/2919/295 2999/2927/295 2997/2916/284
f 3003/2920/284 3001/3429/294 3000/2921/294
f 3004/2923/295 3005/3430/295 3003/2920/284
f 2994/2917/294 2995/2926/294 2989/2924/288
f 3000/2921/294 3001/3429/294 2993/2925/288
f 2989/2924/288 2992/2913/288 2990/2915/282
f 3002/2922/284 3000/2921/294 2995/2926/294
f 2999/2927/295 3004/2923/295 3002/2922/284
f 2995/2926/294 3000/2921/294 2992/2913/288
f 2966/2894/282 2967/2893/282 2943/2868/273
f 2970/2897/282 2971/2896/282 2945/2870/273
f 2967/2893/282 2970/2897/282 2944/2871/273
f 2986/2912/282 2987/2911/282 2963/2887/273
f 2990/2915/282 2991/2914/282 2965/2889/273
f 2987/2911/282 2990/2915/282 2964/2890/273
f 3007/2928/296 2979/2909/295 2978/2901/295
f 3009/2930/296 2985/2938/295 2984/2905/295
f 3008/2931/296 2984/2905/295 2979/2909/295
f 3011/2932/296 2999/2927/295 2998/2919/295
f 3013/2934/296 3005/3430/295 3004/2923/295
f 3012/2935/296 3004/2923/295 2999/2927/295
f 2933/2867/272 2948/2873/272 2946/2875/268
f 2941/2936/280 2956/2879/280 2954/2881/270
f 2962/2888/273 2956/2879/280 2941/2936/280
f 2939/2864/270 2954/2881/270 2948/2873/272
f 2973/2907/288 2988/2910/288 2986/2912/282
f 2996/2918/284 2994/2917/294 2981/2937/294
f 2985/2938/295 2998/2919/295 2996/2918/284
f 2981/2937/294 2994/2917/294 2988/2910/288
f 3010/2933/296 2998/2919/295 2985/2938/295
f 2971/2896/282 2986/2912/282 2962/2888/273
f 3016/2939/272 3017/2951/272 3015/2940/268
f 3020/2942/272 3021/2952/272 3019/2943/268
f 3024/2945/280 3025/2957/280 3023/2946/270
f 3028/2948/280 3029/3052/280 3027/2949/270
f 3022/2947/270 3023/2946/270 3017/2951/272
f 3026/2950/270 3027/2949/270 3021/2952/272
f 3031/2953/273 3025/2957/280 3024/2945/280
f 3033/2955/273 3029/3052/280 3028/2948/280
f 3017/2951/272 3020/2942/272 3018/2944/268
f 3025/2957/280 3028/2948/280 3026/2950/270
f 3032/2956/273 3028/2948/280 3025/2957/280
f 3023/2946/270 3026/2950/270 3020/2942/272
f 3036/2958/272 3037/2970/349 3035/2959/268
f 3043/2961/84 3041/3048/84 3040/2962/84
f 3046/2964/280 3047/2978/355 3045/2965/348
f 3055/2967/84 3053/2971/84 3052/2968/84
f 3044/2966/270 3045/2965/348 3037/2970/349
f 3053/2971/84 3043/2961/84 3042/2963/84
f 3051/2972/350 3047/2978/355 3046/2964/280
f 3039/2974/84 3042/2963/84 3040/2962/84
f 3049/2976/84 3054/2969/84 3052/2968/84
f 3037/2970/349 3039/2974/356 3038/2975/351
f 3045/2965/348 3047/2978/355 3049/2976/352
f 3054/2969/354 3049/2976/352 3047/2978/355
f 3045/2965/348 3048/2977/353 3039/2974/356
f 3048/2977/84 3052/2968/84 3042/2963/84
f 3059/2979/84 3057/2993/84 3056/2980/84
f 3063/2982/84 3061/3427/84 3060/2983/84
f 3067/2985/84 3065/2991/84 3064/2986/84
f 3071/2988/84 3069/2992/84 3068/2989/84
f 3065/2991/84 3059/2979/84 3058/2981/84
f 3069/2992/84 3063/2982/84 3062/2984/84
f 3062/2984/84 3060/2983/84 3057/2993/84
f 3070/2990/84 3068/2989/84 3065/2991/84
f 3068/2989/84 3062/2984/84 3059/2979/84
f 3074/2994/288 3075/3008/288 3073/2995/282
f 3078/2997/288 3079/3009/288 3077/2998/282
f 3083/3000/284 3081/3010/294 3080/3001/294
f 3084/3003/295 3085/3011/295 3083/3000/284
f 3089/3004/284 3087/3053/294 3086/3005/294
f 3090/3007/295 3091/3054/295 3089/3004/284
f 3080/3001/294 3081/3010/294 3075/3008/288
f 3086/3005/294 3087/3053/294 3079/3009/288
f 3075/3008/288 3078/2997/288 3076/2999/282
f 3088/3006/284 3086/3005/294 3081/3010/294
f 3085/3011/295 3090/3007/295 3088/3006/284
f 3081/3010/294 3086/3005/294 3078/2997/288
f 3094/3012/288 3095/3022/359 3093/3013/357
f 3098/3015/84 3099/3024/84 3097/3016/84
f 3103/3018/358 3101/3026/362 3100/3019/294
f 3104/3021/295 3105/3051/367 3103/3018/358
f 3100/3019/294 3101/3026/362 3095/3022/359
f 3106/3023/84 3107/3025/84 3099/3024/84
f 3095/3022/359 3098/3015/364 3096/3017/360
f 3107/3025/361 3106/3023/525 3101/3026/362
f 3103/3018/358 3105/3051/367 3108/3027/363
f 3101/3026/362 3106/3023/525 3098/3015/364
f 3116/3028/84 3114/3042/84 3113/3029/84
f 3120/3031/84 3118/3043/84 3117/3032/84
f 3126/3034/84 3124/3040/84 3123/3035/84
f 3130/3037/84 3128/3041/84 3127/3038/84
f 3124/3040/84 3116/3028/84 3115/3030/84
f 3128/3041/84 3120/3031/84 3119/3033/84
f 3119/3033/84 3117/3032/84 3114/3042/84
f 3129/3039/84 3127/3038/84 3124/3040/84
f 3127/3038/84 3119/3033/84 3116/3028/84
f 3072/2996/282 3073/2995/282 3031/2953/273
f 3076/2999/282 3077/2998/282 3033/2955/273
f 3073/2995/282 3076/2999/282 3032/2956/273
f 3092/3014/282 3093/3013/357 3051/2972/350
f 3096/3017/84 3097/3016/84 3055/2967/84
f 3051/2972/350 3093/3013/357 3096/3017/360
f 3114/3042/84 3067/2985/84 3066/2987/84
f 3118/3043/84 3071/2988/84 3070/2990/84
f 3117/3032/84 3070/2990/84 3067/2985/84
f 3110/3044/296 3085/3011/295 3084/3003/295
f 3112/3046/296 3091/3054/295 3090/3007/295
f 3111/3047/296 3090/3007/295 3085/3011/295
f 3058/2981/84 3056/2980/84 3041/3048/84
f 3066/2987/84 3064/2986/84 3053/2971/84
f 3064/2986/84 3058/2981/84 3043/2961/84
f 3122/3049/365 3105/3051/367 3104/3021/295
f 3115/3030/84 3113/3029/84 3097/3016/84
f 3108/3027/84 3125/3036/84 3123/3035/84
f 3125/3036/366 3108/3027/363 3105/3051/367
f 3123/3035/84 3115/3030/84 3099/3024/84
f 3021/2952/272 3036/2958/272 3034/2960/268
f 3029/3052/280 3046/2964/280 3044/2966/270
f 3050/2973/273 3046/2964/280 3029/3052/280
f 3027/2949/270 3044/2966/270 3036/2958/272
f 3079/3009/288 3094/3012/288 3092/3014/282
f 3102/3020/284 3100/3019/294 3087/3053/294
f 3091/3054/295 3104/3021/295 3102/3020/284
f 3087/3053/294 3100/3019/294 3094/3012/288
f 3121/3050/296 3104/3021/295 3091/3054/295
f 3077/2998/282 3092/3014/282 3050/2973/273
f 3113/3029/84 3066/2987/84 3055/2967/84
f 3134/3055/84 3132/3069/84 3131/3056/84
f 3138/3058/84 3136/3117/84 3135/3059/84
f 3142/3061/84 3140/3067/84 3139/3062/84
f 3146/3064/84 3144/3068/84 3143/3065/84
f 3140/3067/84 3134/3055/84 3133/3057/84
f 3144/3068/84 3138/3058/84 3137/3060/84
f 3137/3060/84 3135/3059/84 3132/3069/84
f 3145/3066/84 3143/3065/84 3140/3067/84
f 3143/3065/84 3137/3060/84 3134/3055/84
f 3150/3070/84 3148/3084/84 3147/3071/84
f 3154/3073/84 3152/4650/84 3151/3074/84
f 3158/3076/84 3156/3082/84 3155/3077/84
f 3162/3079/84 3160/3083/84 3159/3080/84
f 3156/3082/84 3150/3070/84 3149/3072/84
f 3160/3083/84 3154/3073/84 3153/3075/84
f 3153/3075/84 3151/3074/84 3148/3084/84
f 3161/3081/84 3159/3080/84 3156/3082/84
f 3159/3080/84 3153/3075/84 3150/3070/84
f 3166/3085/84 3164/3099/84 3163/3086/84
f 3170/3088/84 3168/3115/84 3167/3089/84
f 3174/3091/84 3172/3097/84 3171/3092/84
f 3178/3094/84 3176/3098/84 3175/3095/84
f 3172/3097/84 3166/3085/84 3165/3087/84
f 3176/3098/84 3170/3088/84 3169/3090/84
f 3169/3090/84 3167/3089/84 3164/3099/84
f 3177/3096/84 3175/3095/84 3172/3097/84
f 3175/3095/84 3169/3090/84 3166/3085/84
f 3182/3100/84 3180/3114/84 3179/3101/84
f 3186/3103/84 3184/3116/84 3183/3104/84
f 3190/3106/84 3188/3112/84 3187/3107/84
f 3194/3109/84 3192/3113/84 3191/3110/84
f 3188/3112/84 3182/3100/84 3181/3102/84
f 3192/3113/84 3186/3103/84 3185/3105/84
f 3185/3105/84 3183/3104/84 3180/3114/84
f 3193/3111/84 3191/3110/84 3188/3112/84
f 3191/3110/84 3185/3105/84 3182/3100/84
f 3164/3099/84 3142/3061/84 3141/3063/84
f 3168/3115/84 3146/3064/84 3145/3066/84
f 3167/3089/84 3145/3066/84 3142/3061/84
f 3180/3114/84 3158/3076/84 3157/3078/84
f 3184/3116/84 3162/3079/84 3161/3081/84
f 3183/3104/84 3161/3081/84 3158/3076/84
f 3149/3072/84 3147/3071/84 3136/3117/84
f 3157/3078/84 3155/3077/84 3144/3068/84
f 3155/3077/84 3149/3072/84 3138/3058/84
f 3181/3102/84 3179/3101/84 3168/3115/84
f 3189/3108/84 3187/3107/84 3176/3098/84
f 3187/3107/84 3181/3102/84 3170/3088/84
f 3179/3101/84 3157/3078/84 3146/3064/84
f 3200/3118/299 3198/3140/314 3197/3119/314
f 3197/3119/314 3198/3140/314 3196/3121/301
f 3206/3123/299 3204/3168/314 3203/3124/314
f 3203/3124/314 3204/3168/314 3202/3126/301
f 3216/3128/303 3214/3141/315 3213/3129/315
f 3213/3129/315 3214/3141/315 3212/3131/306
f 3222/3133/303 3220/3169/315 3219/3134/315
f 3219/3134/315 3220/3169/315 3218/3136/306
f 3207/3138/307 3208/3142/307 3200/3118/299
f 3209/3139/307 3210/3170/307 3206/3123/299
f 3212/3131/306 3208/3142/307 3207/3138/307
f 3218/3136/306 3210/3170/307 3209/3139/307
f 3205/3125/299 3203/3124/314 3198/3140/314
f 3198/3140/314 3203/3124/314 3201/3127/301
f 3221/3135/303 3219/3134/315 3214/3141/315
f 3214/3141/315 3219/3134/315 3217/3137/306
f 3217/3137/306 3209/3139/307 3208/3142/307
f 3208/3142/307 3209/3139/307 3205/3125/299
f 3228/3143/299 3226/3165/314 3225/3144/314
f 3225/3144/314 3226/3165/314 3224/3146/301
f 3234/3148/299 3232/3431/314 3231/3149/314
f 3231/3149/314 3232/3431/314 3230/3151/301
f 3244/3153/303 3242/3166/315 3241/3154/315
f 3241/3154/315 3242/3166/315 3240/3156/306
f 3250/3158/303 3248/3432/315 3247/3159/315
f 3247/3159/315 3248/3432/315 3246/3161/306
f 3235/3163/307 3236/3167/307 3228/3143/299
f 3237/3164/307 3238/3433/307 3234/3148/299
f 3240/3156/306 3236/3167/307 3235/3163/307
f 3246/3161/306 3238/3433/307 3237/3164/307
f 3233/3150/299 3231/3149/314 3226/3165/314
f 3226/3165/314 3231/3149/314 3229/3152/301
f 3249/3160/303 3247/3159/315 3242/3166/315
f 3242/3166/315 3247/3159/315 3245/3162/306
f 3245/3162/306 3237/3164/307 3236/3167/307
f 3236/3167/307 3237/3164/307 3233/3150/299
f 3227/3145/299 3225/3144/314 3204/3168/314
f 3204/3168/314 3225/3144/314 3223/3147/301
f 3243/3155/303 3241/3154/315 3220/3169/315
f 3220/3169/315 3241/3154/315 3239/3157/306
f 3239/3157/306 3235/3163/307 3210/3170/307
f 3210/3170/307 3235/3163/307 3227/3145/299
f 3256/3171/299 3254/3193/314 3253/3172/314
f 3253/3172/314 3254/3193/314 3252/3174/301
f 3262/3176/299 3260/3222/314 3259/3177/314
f 3259/3177/314 3260/3222/314 3258/3179/301
f 3272/3181/303 3270/3194/315 3269/3182/315
f 3269/3182/315 3270/3194/315 3268/3184/306
f 3278/3186/303 3276/3223/315 3275/3187/315
f 3275/3187/315 3276/3223/315 3274/3189/306
f 3263/3191/307 3264/3195/307 3256/3171/299
f 3265/3192/307 3266/3224/307 3262/3176/299
f 3268/3184/306 3264/3195/307 3263/3191/307
f 3274/3189/306 3266/3224/307 3265/3192/307
f 3261/3178/299 3259/3177/314 3254/3193/314
f 3254/3193/314 3259/3177/314 3257/3180/301
f 3277/3188/303 3275/3187/315 3270/3194/315
f 3270/3194/315 3275/3187/315 3273/3190/306
f 3273/3190/306 3265/3192/307 3264/3195/307
f 3264/3195/307 3265/3192/307 3261/3178/299
f 3284/3196/299 3282/3217/371 3281/3197/314
f 3281/3197/314 3282/3217/371 3280/3199/368
f 3287/3201/84 3288/3216/84 3286/3202/84
f 3292/3204/84 3290/3221/84 3289/3205/84
f 3301/3207/369 3299/3219/374 3298/3208/315
f 3298/3208/315 3299/3219/374 3297/3210/306
f 3304/3212/84 3305/3218/84 3303/3213/84
f 3293/3215/307 3294/3220/307 3284/3196/299
f 3303/3213/84 3292/3204/84 3291/3206/84
f 3297/3210/306 3294/3220/307 3293/3215/307
f 3291/3206/84 3289/3205/84 3286/3202/84
f 3288/3216/370 3287/3201/526 3282/3217/371
f 3282/3217/371 3287/3201/526 3285/3203/372
f 3305/3218/373 3304/3212/527 3299/3219/374
f 3299/3219/374 3304/3212/527 3302/3214/375
f 3302/3214/375 3295/3221/307 3294/3220/307
f 3294/3220/307 3295/3221/307 3288/3216/370
f 3295/3221/84 3302/3214/84 3291/3206/84
f 3283/3198/299 3281/3197/314 3260/3222/314
f 3260/3222/314 3281/3197/314 3279/3200/301
f 3300/3209/303 3298/3208/315 3276/3223/315
f 3276/3223/315 3298/3208/315 3296/3211/306
f 3296/3211/306 3293/3215/307 3266/3224/307
f 3266/3224/307 3293/3215/307 3283/3198/299
f 3317/3225/316 3315/3241/329 3314/3226/329
f 3318/3228/330 3319/3242/330 3317/3225/316
f 3323/3229/316 3321/3307/329 3320/3230/329
f 3324/3232/330 3325/3308/330 3323/3229/316
f 3329/3233/320 3327/3239/323 3326/3234/323
f 3333/3236/320 3331/3240/323 3330/3237/323
f 3327/3239/323 3319/3242/330 3318/3228/330
f 3331/3240/323 3325/3308/330 3324/3232/330
f 3322/3231/316 3320/3230/329 3315/3241/329
f 3319/3242/330 3324/3232/330 3322/3231/316
f 3332/3238/320 3330/3237/323 3327/3239/323
f 3330/3237/323 3324/3232/330 3319/3242/330
f 3337/3243/316 3335/3259/329 3334/3244/329
f 3338/3246/330 3339/3260/330 3337/3243/316
f 3343/3247/316 3341/3434/329 3340/3248/329
f 3344/3250/330 3345/3435/330 3343/3247/316
f 3349/3251/320 3347/3257/323 3346/3252/323
f 3353/3254/320 3351/3258/323 3350/3255/323
f 3347/3257/323 3339/3260/330 3338/3246/330
f 3351/3258/323 3345/3435/330 3344/3250/330
f 3342/3249/316 3340/3248/329 3335/3259/329
f 3339/3260/330 3344/3250/330 3342/3249/316
f 3352/3256/320 3350/3255/323 3347/3257/323
f 3350/3255/323 3344/3250/330 3339/3260/330
f 3361/3261/331 3359/3279/344 3358/3262/344
f 3365/3264/331 3363/3309/344 3362/3265/344
f 3369/3267/334 3367/3277/338 3366/3268/338
f 3373/3270/334 3371/3278/338 3370/3271/338
f 3358/3262/344 3359/3279/344 3355/3273/336
f 3362/3265/344 3363/3309/344 3357/3275/336
f 3367/3277/338 3361/3261/331 3360/3263/331
f 3371/3278/338 3365/3264/331 3364/3266/331
f 3364/3266/331 3362/3265/344 3359/3279/344
f 3372/3272/334 3370/3271/338 3367/3277/338
f 3370/3271/338 3364/3266/331 3361/3261/331
f 3359/3279/344 3362/3265/344 3356/3276/336
f 3381/3280/331 3379/3298/344 3378/3281/344
f 3385/3283/331 3383/3436/344 3382/3284/344
f 3389/3286/334 3387/3296/338 3386/3287/338
f 3393/3289/334 3391/3297/338 3390/3290/338
f 3378/3281/344 3379/3298/344 3375/3292/336
f 3382/3284/344 3383/3436/344 3377/3294/336
f 3387/3296/338 3381/3280/331 3380/3282/331
f 3391/3297/338 3385/3283/331 3384/3285/331
f 3384/3285/331 3382/3284/344 3379/3298/344
f 3392/3291/334 3390/3290/338 3387/3296/338
f 3390/3290/338 3384/3285/331 3381/3280/331
f 3379/3298/344 3382/3284/344 3376/3295/336
f 3314/3226/329 3315/3241/329 3307/3299/345
f 3320/3230/329 3321/3307/329 3309/3301/345
f 3315/3241/329 3320/3230/329 3308/3302/345
f 3334/3244/329 3335/3259/329 3311/3303/345
f 3340/3248/329 3341/3434/329 3313/3305/345
f 3335/3259/329 3340/3248/329 3312/3306/345
f 3355/3273/336 3329/3233/320 3328/3235/320
f 3357/3275/336 3333/3236/320 3332/3238/320
f 3356/3276/336 3332/3238/320 3329/3233/320
f 3375/3292/336 3349/3251/320 3348/3253/320
f 3377/3294/336 3353/3254/320 3352/3256/320
f 3376/3295/336 3352/3256/320 3349/3251/320
f 3336/3245/316 3334/3244/329 3321/3307/329
f 3325/3308/330 3338/3246/330 3336/3245/316
f 3348/3253/320 3346/3252/323 3331/3240/323
f 3346/3252/323 3338/3246/330 3325/3308/330
f 3380/3282/331 3378/3281/344 3363/3309/344
f 3388/3288/334 3386/3287/338 3371/3278/338
f 3386/3287/338 3380/3282/331 3365/3264/331
f 3363/3309/344 3378/3281/344 3374/3293/336
f 3374/3293/336 3348/3253/320 3333/3236/320
f 3321/3307/329 3334/3244/329 3310/3304/345
f 3401/3310/84 3399/3324/84 3398/3311/84
f 3405/3313/84 3403/3422/84 3402/3314/84
f 3411/3316/84 3409/3322/84 3408/3317/84
f 3415/3319/84 3413/3323/84 3412/3320/84
f 3409/3322/84 3401/3310/84 3400/3312/84
f 3413/3323/84 3405/3313/84 3404/3315/84
f 3404/3315/84 3402/3314/84 3399/3324/84
f 3414/3321/84 3412/3320/84 3409/3322/84
f 3412/3320/84 3404/3315/84 3401/3310/84
f 3419/3325/84 3417/3339/84 3416/3326/84
f 3423/3328/84 3421/3426/84 3420/3329/84
f 3427/3331/84 3425/3337/84 3424/3332/84
f 3431/3334/84 3429/3338/84 3428/3335/84
f 3425/3337/84 3419/3325/84 3418/3327/84
f 3429/3338/84 3423/3328/84 3422/3330/84
f 3422/3330/84 3420/3329/84 3417/3339/84
f 3430/3336/84 3428/3335/84 3425/3337/84
f 3428/3335/84 3422/3330/84 3419/3325/84
f 3435/3340/316 3433/3356/329 3432/3341/329
f 3436/3343/330 3437/3357/330 3435/3340/316
f 3441/3344/316 3439/3423/329 3438/3345/329
f 3442/3347/330 3443/3424/330 3441/3344/316
f 3447/3348/320 3445/3354/323 3444/3349/323
f 3451/3351/320 3449/3355/323 3448/3352/323
f 3445/3354/323 3437/3357/330 3436/3343/330
f 3449/3355/323 3443/3424/330 3442/3347/330
f 3440/3346/316 3438/3345/329 3433/3356/329
f 3437/3357/330 3442/3347/330 3440/3346/316
f 3450/3353/320 3448/3352/323 3445/3354/323
f 3448/3352/323 3442/3347/330 3437/3357/330
f 3455/3358/376 3453/3372/380 3452/3359/329
f 3456/3361/330 3457/3373/381 3455/3358/376
f 3464/3362/377 3462/3368/378 3461/3363/323
f 3467/3365/84 3468/3374/84 3466/3366/84
f 3462/3368/378 3457/3373/381 3456/3361/330
f 3460/3369/84 3467/3365/84 3465/3367/84
f 3455/3358/376 3459/3370/382 3458/3371/379
f 3457/3373/381 3460/3369/528 3459/3370/382
f 3468/3374/383 3467/3365/384 3462/3368/378
f 3467/3365/384 3460/3369/528 3457/3373/381
f 3476/3375/331 3474/3393/344 3473/3376/344
f 3480/3378/331 3478/3425/344 3477/3379/344
f 3484/3381/334 3482/3391/338 3481/3382/338
f 3488/3384/334 3486/3392/338 3485/3385/338
f 3473/3376/344 3474/3393/344 3470/3387/336
f 3477/3379/344 3478/3425/344 3472/3389/336
f 3482/3391/338 3476/3375/331 3475/3377/331
f 3486/3392/338 3480/3378/331 3479/3380/331
f 3479/3380/331 3477/3379/344 3474/3393/344
f 3487/3386/334 3485/3385/338 3482/3391/338
f 3485/3385/338 3479/3380/331 3476/3375/331
f 3474/3393/344 3477/3379/344 3471/3390/336
f 3494/3394/84 3492/3411/84 3491/3395/84
f 3498/3397/84 3496/3421/84 3495/3398/84
f 3502/3400/385 3500/3412/389 3499/3401/344
f 3508/3403/334 3506/3410/387 3505/3404/338
f 3499/3401/344 3500/3412/389 3490/3406/386
f 3503/3408/84 3504/3414/84 3494/3394/84
f 3509/3409/84 3510/3413/84 3498/3397/84
f 3506/3410/387 3502/3400/385 3501/3402/331
f 3497/3399/84 3495/3398/84 3492/3411/84
f 3502/3400/385 3504/3414/529 3503/3408/388
f 3510/3413/390 3509/3409/391 3506/3410/387
f 3509/3409/391 3504/3414/529 3502/3400/385
f 3500/3412/389 3503/3408/388 3493/3396/392
f 3504/3414/84 3509/3409/84 3497/3399/84
f 3432/3341/329 3433/3356/329 3395/3415/345
f 3438/3345/329 3439/3423/329 3397/3417/345
f 3433/3356/329 3438/3345/329 3396/3418/345
f 3452/3359/329 3453/3372/380 3407/3419/393
f 3458/3371/84 3459/3370/84 3411/3316/84
f 3466/3366/84 3415/3319/84 3414/3321/84
f 3453/3372/380 3458/3371/379 3410/3318/394
f 3465/3367/84 3414/3321/84 3411/3316/84
f 3492/3411/84 3427/3331/84 3426/3333/84
f 3496/3421/84 3431/3334/84 3430/3336/84
f 3495/3398/84 3430/3336/84 3427/3331/84
f 3470/3387/336 3447/3348/320 3446/3350/320
f 3472/3389/336 3451/3351/320 3450/3353/320
f 3471/3390/336 3450/3353/320 3447/3348/320
f 3418/3327/84 3416/3326/84 3403/3422/84
f 3426/3333/84 3424/3332/84 3413/3323/84
f 3424/3332/84 3418/3327/84 3405/3313/84
f 3490/3406/386 3464/3362/377 3463/3364/320
f 3468/3374/84 3493/3396/84 3491/3395/84
f 3490/3406/386 3493/3396/392 3468/3374/383
f 3454/3360/316 3452/3359/329 3439/3423/329
f 3443/3424/330 3456/3361/330 3454/3360/316
f 3463/3364/320 3461/3363/323 3449/3355/323
f 3461/3363/323 3456/3361/330 3443/3424/330
f 3501/3402/331 3499/3401/344 3478/3425/344
f 3507/3405/334 3505/3404/338 3486/3392/338
f 3505/3404/338 3501/3402/331 3480/3378/331
f 3478/3425/344 3499/3401/344 3489/3407/336
f 3489/3407/336 3463/3364/320 3451/3351/320
f 3439/3423/329 3452/3359/329 3406/3420/345
f 3491/3395/84 3426/3333/84 3415/3319/84
f 3195/3122/301 3196/3121/301 3007/2928/296
f 3201/3127/301 3202/3126/301 3009/2930/296
f 3196/3121/301 3201/3127/301 3008/2931/296
f 3223/3147/301 3224/3146/301 3011/2932/296
f 3229/3152/301 3230/3151/301 3013/2934/296
f 3224/3146/301 3229/3152/301 3012/2935/296
f 3202/3126/301 3223/3147/301 3010/2933/296
f 3251/3175/301 3252/3174/301 3110/3044/296
f 3257/3180/301 3258/3179/301 3112/3046/296
f 3252/3174/301 3257/3180/301 3111/3047/296
f 3279/3200/301 3280/3199/368 3122/3049/365
f 3285/3203/84 3286/3202/84 3126/3034/84
f 3290/3221/84 3130/3037/84 3129/3039/84
f 3280/3199/368 3285/3203/372 3125/3036/366
f 3289/3205/84 3129/3039/84 3126/3034/84
f 3258/3179/301 3279/3200/301 3121/3050/296
f 3399/3324/84 3174/3091/84 3173/3093/84
f 3403/3422/84 3178/3094/84 3177/3096/84
f 3402/3314/84 3177/3096/84 3174/3091/84
f 3417/3339/84 3190/3106/84 3189/3108/84
f 3421/3426/84 3194/3109/84 3193/3111/84
f 3420/3329/84 3193/3111/84 3190/3106/84
f 3416/3326/84 3189/3108/84 3178/3094/84
f 3307/3299/345 3216/3128/303 3215/3130/303
f 3309/3301/345 3222/3133/303 3221/3135/303
f 3308/3302/345 3221/3135/303 3216/3128/303
f 3311/3303/345 3244/3153/303 3243/3155/303
f 3313/3305/345 3250/3158/303 3249/3160/303
f 3312/3306/345 3249/3160/303 3244/3153/303
f 3310/3304/345 3243/3155/303 3222/3133/303
f 3133/3057/84 3131/3056/84 3061/3427/84
f 3141/3063/84 3139/3062/84 3069/2992/84
f 3139/3062/84 3133/3057/84 3063/2982/84
f 3165/3087/84 3163/3086/84 3118/3043/84
f 3173/3093/84 3171/3092/84 3128/3041/84
f 3171/3092/84 3165/3087/84 3120/3031/84
f 3163/3086/84 3141/3063/84 3071/2988/84
f 3395/3415/345 3272/3181/303 3271/3183/303
f 3397/3417/345 3278/3186/303 3277/3188/303
f 3396/3418/345 3277/3188/303 3272/3181/303
f 3407/3419/393 3301/3207/369 3300/3209/303
f 3400/3312/84 3398/3311/84 3290/3221/84
f 3305/3218/84 3410/3318/84 3408/3317/84
f 3410/3318/394 3305/3218/373 3301/3207/369
f 3408/3317/84 3400/3312/84 3292/3204/84
f 3406/3420/345 3300/3209/303 3278/3186/303
f 2953/2886/272 3016/2939/272 3014/2941/268
f 2961/3428/280 3024/2945/280 3022/2947/270
f 3030/2954/273 3024/2945/280 2961/3428/280
f 2959/2883/270 3022/2947/270 3016/2939/272
f 2993/2925/288 3074/2994/288 3072/2996/282
f 3082/3002/284 3080/3001/294 3001/3429/294
f 3005/3430/295 3084/3003/295 3082/3002/284
f 3001/3429/294 3080/3001/294 3074/2994/288
f 3109/3045/296 3084/3003/295 3005/3430/295
f 2991/2914/282 3072/2996/282 3030/2954/273
f 3255/3173/299 3253/3172/314 3232/3431/314
f 3232/3431/314 3253/3172/314 3251/3175/301
f 3271/3183/303 3269/3182/315 3248/3432/315
f 3248/3432/315 3269/3182/315 3267/3185/306
f 3267/3185/306 3263/3191/307 3238/3433/307
f 3238/3433/307 3263/3191/307 3255/3173/299
f 3434/3342/316 3432/3341/329 3341/3434/329
f 3345/3435/330 3436/3343/330 3434/3342/316
f 3446/3350/320 3444/3349/323 3351/3258/323
f 3444/3349/323 3436/3343/330 3345/3435/330
f 3475/3377/331 3473/3376/344 3383/3436/344
f 3483/3383/334 3481/3382/338 3391/3297/338
f 3481/3382/338 3475/3377/331 3385/3283/331
f 3383/3436/344 3473/3376/344 3469/3388/336
f 3469/3388/336 3446/3350/320 3353/3254/320
f 3341/3434/329 3432/3341/329 3394/3416/345
f 3394/3416/345 3271/3183/303 3250/3158/303
f 3230/3151/301 3251/3175/301 3109/3045/296
f 3398/3311/84 3173/3093/84 3130/3037/84
f 3512/3437/1 3514/3449/1 3513/3438/1
f 3516/3440/1 3518/3450/1 3517/3441/1
f 3520/3443/1 3522/3451/1 3521/3444/1
f 3524/3446/1 3526/3448/1 3525/3447/1
f 3514/3449/1 3520/3443/1 3519/3445/1
f 3518/3450/1 3524/3446/1 3523/3448/1
f 3515/3442/1 3517/3441/1 3514/3449/1
f 3523/3448/1 3525/3447/1 3522/3451/1
f 3517/3441/1 3523/3448/1 3520/3443/1
f 3528/3452/1 3530/3464/1 3529/3453/1
f 3532/3455/1 3534/3465/1 3533/3456/1
f 3536/3458/1 3538/3466/1 3537/3459/1
f 3540/3461/1 3542/3495/1 3541/3462/1
f 3530/3464/1 3536/3458/1 3535/3460/1
f 3534/3465/1 3540/3461/1 3539/3463/1
f 3531/3457/1 3533/3456/1 3530/3464/1
f 3539/3463/1 3541/3462/1 3538/3466/1
f 3533/3456/1 3539/3463/1 3536/3458/1
f 3544/3467/1 3546/3479/1 3545/3468/1
f 3548/3470/1 3550/3480/1 3549/3471/1
f 3552/3473/1 3554/3481/1 3553/3474/1
f 3556/3476/1 3558/3496/1 3557/3477/1
f 3546/3479/1 3552/3473/1 3551/3475/1
f 3550/3480/1 3556/3476/1 3555/3478/1
f 3547/3472/1 3549/3471/1 3546/3479/1
f 3555/3478/1 3557/3477/1 3554/3481/1
f 3549/3471/1 3555/3478/1 3552/3473/1
f 3560/3482/1 3562/3484/1 3561/3483/1
f 3564/3485/1 3566/3493/1 3565/3486/1
f 3568/3488/1 3570/3494/1 3569/3489/1
f 3572/3491/1 3574/3484/1 3573/3492/1
f 3562/3484/1 3568/3488/1 3567/3490/1
f 3566/3493/1 3572/3491/1 3571/3484/1
f 3563/3487/1 3565/3486/1 3562/3484/1
f 3571/3484/1 3573/3492/1 3570/3494/1
f 3565/3486/1 3571/3484/1 3568/3488/1
f 3522/3451/1 3544/3467/1 3543/3469/1
f 3526/3448/1 3548/3470/1 3547/3472/1
f 3525/3447/1 3547/3472/1 3544/3467/1
f 3538/3466/1 3560/3482/1 3559/3484/1
f 3542/3495/1 3564/3485/1 3563/3487/1
f 3541/3462/1 3563/3487/1 3560/3482/1
f 3527/3454/1 3529/3453/1 3518/3450/1
f 3535/3460/1 3537/3459/1 3526/3448/1
f 3529/3453/1 3535/3460/1 3524/3446/1
f 3559/3484/1 3561/3483/1 3550/3480/1
f 3567/3490/1 3569/3489/1 3558/3496/1
f 3561/3483/1 3567/3490/1 3556/3476/1
f 3537/3459/1 3559/3484/1 3548/3470/1
f 3576/3497/1 3578/3508/1 3577/3498/1
f 3580/3500/1 3582/3509/1 3581/3501/1
f 3584/3503/1 3586/3510/1 3585/3504/1
f 3588/3506/1 3590/3600/1 3589/3461/1
f 3578/3508/1 3584/3503/1 3583/3505/1
f 3582/3509/1 3588/3506/1 3587/3507/1
f 3579/3502/1 3581/3501/1 3578/3508/1
f 3587/3507/1 3589/3461/1 3586/3510/1
f 3581/3501/1 3587/3507/1 3584/3503/1
f 3592/3511/1 3594/3522/1 3593/3512/1
f 3600/3514/395 3599/3523/400 3597/3515/396
f 3602/3517/1 3604/3526/1 3603/3518/1
f 3612/3519/397 3611/3528/402 3609/3520/398
f 3594/3522/1 3602/3517/1 3601/3465/1
f 3610/3521/399 3609/3520/398 3599/3523/400
f 3592/3511/1 3595/3529/1 3596/3524/1
f 3602/3517/1 3607/3530/1 3608/3525/1
f 3612/3519/397 3606/3601/408 3605/3527/401
f 3599/3523/400 3596/3524/407 3595/3529/403
f 3609/3520/398 3611/3528/402 3608/3525/404
f 3611/3528/402 3605/3527/401 3604/3526/406
f 3609/3520/398 3607/3530/405 3596/3524/407
f 3594/3522/1 3596/3524/1 3607/3530/1
f 3616/3531/395 3615/3543/395 3613/3532/396
f 3620/3534/395 3619/3544/395 3617/3535/396
f 3628/3537/397 3627/3546/397 3625/3538/399
f 3632/3540/397 3631/3548/397 3629/3541/399
f 3626/3539/399 3625/3538/399 3615/3543/395
f 3630/3542/399 3629/3541/399 3619/3544/395
f 3628/3537/397 3622/3549/408 3621/3545/408
f 3632/3540/397 3624/3602/408 3623/3547/408
f 3619/3544/395 3616/3531/395 3614/3533/396
f 3631/3548/397 3628/3537/397 3626/3539/399
f 3631/3548/397 3623/3547/408 3622/3549/408
f 3629/3541/399 3626/3539/399 3616/3531/395
f 3634/3550/1 3636/3562/1 3635/3551/1
f 3638/3553/1 3640/3563/1 3639/3554/1
f 3642/3556/1 3644/3564/1 3643/3557/1
f 3646/3559/1 3648/3603/1 3647/3560/1
f 3636/3562/1 3642/3556/1 3641/3558/1
f 3640/3563/1 3646/3559/1 3645/3561/1
f 3637/3555/1 3639/3554/1 3636/3562/1
f 3645/3561/1 3647/3560/1 3644/3564/1
f 3639/3554/1 3645/3561/1 3642/3556/1
f 3655/3565/1 3656/3579/1 3658/3566/1
f 3662/3568/409 3661/3578/417 3659/3569/410
f 3669/3571/412 3667/3575/416 3666/3572/413
f 3671/3574/415 3670/3605/424 3666/3572/413
f 3657/3567/1 3658/3566/1 3664/3576/1
f 3669/3571/412 3668/3573/414 3661/3578/417
f 3661/3578/417 3658/3566/422 3656/3579/418
f 3668/3573/414 3666/3572/413 3663/3577/419
f 3666/3572/413 3670/3605/424 3665/3580/421
f 3668/3573/414 3664/3576/420 3658/3566/422
f 3675/3581/409 3674/3597/409 3672/3582/411
f 3679/3584/409 3678/3598/409 3676/3585/411
f 3683/3587/412 3681/3591/416 3680/3588/416
f 3685/3590/415 3684/3607/415 3680/3588/416
f 3689/3592/412 3687/3596/416 3686/3593/416
f 3691/3595/415 3690/3599/415 3686/3593/416
f 3683/3587/412 3682/3589/412 3674/3597/409
f 3689/3592/412 3688/3594/412 3678/3598/409
f 3678/3598/409 3675/3581/409 3673/3583/411
f 3688/3594/412 3686/3593/416 3681/3591/416
f 3690/3599/415 3685/3590/415 3681/3591/416
f 3688/3594/412 3683/3587/412 3675/3581/409
f 3586/3510/1 3634/3550/1 3633/3552/1
f 3590/3600/1 3638/3553/1 3637/3555/1
f 3589/3461/1 3637/3555/1 3634/3550/1
f 3603/3518/1 3604/3526/1 3656/3579/1
f 3660/3570/411 3659/3569/410 3605/3527/401
f 3605/3527/401 3659/3569/410 3656/3579/418
f 3673/3583/411 3672/3582/411 3621/3545/408
f 3677/3586/411 3676/3585/411 3623/3547/408
f 3676/3585/411 3673/3583/411 3622/3549/408
f 3591/3513/1 3593/3512/1 3582/3509/1
f 3601/3465/1 3603/3518/1 3590/3600/1
f 3593/3512/1 3601/3465/1 3588/3506/1
f 3655/3565/1 3657/3567/1 3640/3563/1
f 3646/3559/1 3663/3577/1 3665/3580/1
f 3671/3574/415 3650/3610/426 3649/3604/423
f 3670/3605/424 3649/3604/423 3648/3603/425
f 3657/3567/1 3663/3577/1 3646/3559/1
f 3685/3590/415 3652/3609/426 3651/3606/426
f 3691/3595/415 3654/4006/426 3653/3608/426
f 3690/3599/415 3653/3608/426 3652/3609/426
f 3615/3543/395 3600/3514/395 3598/3516/396
f 3627/3546/397 3612/3519/397 3610/3521/399
f 3627/3546/397 3621/3545/408 3606/3601/408
f 3625/3538/399 3610/3521/399 3600/3514/395
f 3674/3597/409 3662/3568/409 3660/3570/411
f 3682/3589/412 3680/3588/416 3667/3575/416
f 3684/3607/415 3671/3574/415 3667/3575/416
f 3682/3589/412 3669/3571/412 3662/3568/409
f 3684/3607/415 3651/3606/426 3650/3610/426
f 3672/3582/411 3660/3570/411 3606/3601/408
f 3603/3518/1 3655/3565/1 3638/3553/1
f 3695/3611/395 3694/3623/395 3692/3612/396
f 3699/3614/395 3698/3624/395 3696/3615/396
f 3707/3617/397 3706/3626/397 3704/3618/399
f 3711/3620/397 3710/3628/397 3708/3621/399
f 3705/3619/399 3704/3618/399 3694/3623/395
f 3709/3622/399 3708/3621/399 3698/3624/395
f 3707/3617/397 3701/3629/408 3700/3625/408
f 3711/3620/397 3703/3687/408 3702/3627/408
f 3698/3624/395 3695/3611/395 3693/3613/396
f 3710/3628/397 3707/3617/397 3705/3619/399
f 3710/3628/397 3702/3627/408 3701/3629/408
f 3708/3621/399 3705/3619/399 3695/3611/395
f 3715/3630/395 3714/3642/395 3712/3631/396
f 3719/3633/395 3718/3643/395 3716/3634/396
f 3727/3636/397 3726/3645/397 3724/3637/399
f 3731/3639/397 3730/3647/397 3728/3640/399
f 3725/3638/399 3724/3637/399 3714/3642/395
f 3729/3641/399 3728/3640/399 3718/3643/395
f 3727/3636/397 3721/3648/408 3720/3644/408
f 3731/3639/397 3723/3688/408 3722/3646/408
f 3718/3643/395 3715/3630/395 3713/3632/396
f 3730/3647/397 3727/3636/397 3725/3638/399
f 3730/3647/397 3722/3646/408 3721/3648/408
f 3728/3640/399 3725/3638/399 3715/3630/395
f 3743/3649/409 3742/3665/409 3740/3650/411
f 3747/3652/409 3746/3666/409 3744/3653/411
f 3751/3655/412 3749/3659/416 3748/3656/416
f 3753/3658/415 3752/3690/415 3748/3656/416
f 3757/3660/412 3755/3664/416 3754/3661/416
f 3759/3663/415 3758/3667/415 3754/3661/416
f 3751/3655/412 3750/3657/412 3742/3665/409
f 3757/3660/412 3756/3662/412 3746/3666/409
f 3746/3666/409 3743/3649/409 3741/3651/411
f 3756/3662/412 3754/3661/416 3749/3659/416
f 3758/3667/415 3753/3658/415 3749/3659/416
f 3756/3662/412 3751/3655/412 3743/3649/409
f 3763/3668/409 3762/3684/409 3760/3669/411
f 3767/3671/409 3766/3685/409 3764/3672/411
f 3771/3674/412 3769/3678/416 3768/3675/416
f 3773/3677/415 3772/3694/415 3768/3675/416
f 3777/3679/412 3775/3683/416 3774/3680/416
f 3779/3682/415 3778/3686/415 3774/3680/416
f 3771/3674/412 3770/3676/412 3762/3684/409
f 3777/3679/412 3776/3681/412 3766/3685/409
f 3766/3685/409 3763/3668/409 3761/3670/411
f 3776/3681/412 3774/3680/416 3769/3678/416
f 3778/3686/415 3773/3677/415 3769/3678/416
f 3776/3681/412 3771/3674/412 3763/3668/409
f 3741/3651/411 3740/3650/411 3700/3625/408
f 3745/3654/411 3744/3653/411 3702/3627/408
f 3744/3653/411 3741/3651/411 3701/3629/408
f 3761/3670/411 3760/3669/411 3720/3644/408
f 3765/3673/411 3764/3672/411 3722/3646/408
f 3764/3672/411 3761/3670/411 3721/3648/408
f 3753/3658/415 3733/3692/426 3732/3689/426
f 3759/3663/415 3735/3697/426 3734/3691/426
f 3758/3667/415 3734/3691/426 3733/3692/426
f 3773/3677/415 3737/3696/426 3736/3693/426
f 3779/3682/415 3739/4007/426 3738/3695/426
f 3778/3686/415 3738/3695/426 3737/3696/426
f 3714/3642/395 3699/3614/395 3697/3616/396
f 3726/3645/397 3711/3620/397 3709/3622/399
f 3726/3645/397 3720/3644/408 3703/3687/408
f 3724/3637/399 3709/3622/399 3699/3614/395
f 3762/3684/409 3747/3652/409 3745/3654/411
f 3770/3676/412 3768/3675/416 3755/3664/416
f 3772/3694/415 3759/3663/415 3755/3664/416
f 3770/3676/412 3757/3660/412 3747/3652/409
f 3772/3694/415 3736/3693/426 3735/3697/426
f 3760/3669/411 3745/3654/411 3703/3687/408
f 3781/3698/1 3783/3709/1 3782/3699/1
f 3785/3701/1 3787/3710/1 3786/3702/1
f 3789/3704/1 3791/3711/1 3790/3705/1
f 3793/3477/1 3795/3801/1 3794/3707/1
f 3783/3709/1 3789/3704/1 3788/3706/1
f 3787/3710/1 3793/3477/1 3792/3708/1
f 3784/3703/1 3786/3702/1 3783/3709/1
f 3792/3708/1 3794/3707/1 3791/3711/1
f 3786/3702/1 3792/3708/1 3789/3704/1
f 3797/3712/1 3799/3724/1 3798/3713/1
f 3801/3715/1 3803/3725/1 3802/3716/1
f 3805/3718/1 3807/3726/1 3806/3719/1
f 3809/3721/1 3811/3804/1 3810/3722/1
f 3799/3724/1 3805/3718/1 3804/3720/1
f 3803/3725/1 3809/3721/1 3808/3723/1
f 3800/3717/1 3802/3716/1 3799/3724/1
f 3808/3723/1 3810/3722/1 3807/3726/1
f 3802/3716/1 3808/3723/1 3805/3718/1
f 3819/3727/1 3821/3744/1 3820/3728/1
f 3823/3730/1 3825/3746/1 3824/3731/1
f 3833/3732/427 3831/3811/428 3830/3733/428
f 3839/3735/430 3837/3745/435 3836/3736/431
f 3820/3728/1 3821/3744/1 3829/3738/1
f 3824/3731/1 3825/3746/1 3835/3740/1
f 3839/3735/430 3838/3737/432 3826/3742/433
f 3822/3481/1 3824/3731/1 3821/3744/1
f 3837/3745/435 3833/3732/427 3832/3734/429
f 3832/3734/429 3830/3733/428 3828/3739/436
f 3835/3740/438 3838/3737/432 3836/3736/431
f 3836/3736/431 3832/3734/429 3829/3738/437
f 3838/3737/432 3835/3740/438 3825/3746/440
f 3821/3744/1 3824/3731/1 3834/3741/1
f 3847/3747/427 3845/3765/428 3844/3748/428
f 3851/3750/427 3849/4010/428 3848/3751/428
f 3855/3753/430 3853/3763/435 3852/3754/435
f 3859/3756/430 3857/3764/435 3856/3757/435
f 3855/3753/430 3854/3755/430 3840/3759/434
f 3859/3756/430 3858/3758/430 3842/3761/434
f 3853/3763/435 3847/3747/427 3846/3749/427
f 3857/3764/435 3851/3750/427 3850/3752/427
f 3850/3752/427 3848/3751/428 3845/3765/428
f 3858/3758/430 3856/3757/435 3853/3763/435
f 3856/3757/435 3850/3752/427 3847/3747/427
f 3858/3758/430 3855/3753/430 3841/3760/434
f 3860/3766/1 3861/3777/1 3863/3767/1
f 3867/3769/441 3865/3809/455 3864/3770/442
f 3874/3772/444 3872/3776/448 3871/3773/445
f 3876/3775/447 3875/3779/449 3871/3773/445
f 3861/3777/1 3868/3781/1 3870/3778/1
f 3876/3775/447 3867/3769/441 3866/3771/443
f 3866/3771/443 3864/3770/442 3862/3768/450
f 3869/3780/452 3873/3774/446 3871/3773/445
f 3875/3779/449 3870/3778/454 3868/3781/453
f 3875/3779/449 3866/3771/443 3863/3767/451
f 3880/3782/441 3878/3800/455 3877/3783/455
f 3884/3785/441 3882/3810/455 3881/3786/455
f 3888/3788/444 3886/3792/448 3885/3789/448
f 3890/3791/447 3889/3798/447 3885/3789/448
f 3894/3793/444 3892/3797/448 3891/3794/448
f 3896/3796/447 3895/3799/447 3891/3794/448
f 3890/3791/447 3880/3782/441 3879/3784/441
f 3896/3796/447 3884/3785/441 3883/3787/441
f 3883/3787/441 3881/3786/455 3878/3800/455
f 3893/3795/444 3891/3794/448 3886/3792/448
f 3895/3799/447 3890/3791/447 3886/3792/448
f 3895/3799/447 3883/3787/441 3880/3782/441
f 3791/3711/1 3819/3727/1 3818/3729/1
f 3795/3801/1 3823/3730/1 3822/3481/1
f 3794/3707/1 3822/3481/1 3819/3727/1
f 3807/3726/1 3861/3777/1 3860/3766/1
f 3810/3722/1 3811/3804/1 3869/3780/1
f 3874/3772/444 3873/3774/446 3812/3802/456
f 3873/3774/446 3869/3780/452 3811/3804/458
f 3810/3722/1 3868/3781/1 3861/3777/1
f 3888/3788/444 3887/3790/444 3814/3805/457
f 3894/3793/444 3893/3795/444 3816/3807/457
f 3893/3795/444 3888/3788/444 3815/3806/457
f 3796/3714/1 3798/3713/1 3787/3710/1
f 3804/3720/1 3806/3719/1 3795/3801/1
f 3798/3713/1 3804/3720/1 3793/3477/1
f 3823/3730/1 3860/3766/1 3862/3768/1
f 3865/3809/455 3827/3743/434 3826/3742/433
f 3862/3768/450 3864/3770/442 3826/3742/433
f 3878/3800/455 3841/3760/434 3840/3759/434
f 3882/3810/455 3843/3762/434 3842/3761/434
f 3881/3786/455 3842/3761/434 3841/3760/434
f 3846/3749/427 3844/3748/428 3831/3811/428
f 3854/3755/430 3852/3754/435 3837/3745/435
f 3852/3754/435 3846/3749/427 3833/3732/427
f 3854/3755/430 3839/3735/430 3827/3743/434
f 3879/3784/441 3877/3783/455 3865/3809/455
f 3887/3790/444 3885/3789/448 3872/3776/448
f 3889/3798/447 3876/3775/447 3872/3776/448
f 3889/3798/447 3879/3784/441 3867/3769/441
f 3877/3783/455 3840/3759/434 3827/3743/434
f 3887/3790/444 3874/3772/444 3813/3803/457
f 3806/3719/1 3860/3766/1 3823/3730/1
f 3912/3812/427 3910/3830/428 3909/3813/428
f 3916/3815/427 3914/3898/428 3913/3816/428
f 3920/3818/430 3918/3828/435 3917/3819/435
f 3924/3821/430 3922/3829/435 3921/3822/435
f 3920/3818/430 3919/3820/430 3905/3824/434
f 3924/3821/430 3923/3823/430 3907/3826/434
f 3918/3828/435 3912/3812/427 3911/3814/427
f 3922/3829/435 3916/3815/427 3915/3817/427
f 3915/3817/427 3913/3816/428 3910/3830/428
f 3923/3823/430 3921/3822/435 3918/3828/435
f 3921/3822/435 3915/3817/427 3912/3812/427
f 3923/3823/430 3920/3818/430 3906/3825/434
f 3932/3831/427 3930/3849/428 3929/3832/428
f 3936/3834/427 3934/4649/428 3933/3835/428
f 3940/3837/430 3938/3847/435 3937/3838/435
f 3944/3840/430 3942/3848/435 3941/3841/435
f 3940/3837/430 3939/3839/430 3925/3843/434
f 3944/3840/430 3943/3842/430 3927/3845/434
f 3938/3847/435 3932/3831/427 3931/3833/427
f 3942/3848/435 3936/3834/427 3935/3836/427
f 3935/3836/427 3933/3835/428 3930/3849/428
f 3943/3842/430 3941/3841/435 3938/3847/435
f 3941/3841/435 3935/3836/427 3932/3831/427
f 3943/3842/430 3940/3837/430 3926/3844/434
f 3948/3850/441 3946/3868/455 3945/3851/455
f 3952/3853/441 3950/3896/455 3949/3854/455
f 3956/3856/444 3954/3860/448 3953/3857/448
f 3958/3859/447 3957/3866/447 3953/3857/448
f 3962/3861/444 3960/3865/448 3959/3862/448
f 3964/3864/447 3963/3867/447 3959/3862/448
f 3958/3859/447 3948/3850/441 3947/3852/441
f 3964/3864/447 3952/3853/441 3951/3855/441
f 3951/3855/441 3949/3854/455 3946/3868/455
f 3961/3863/444 3959/3862/448 3954/3860/448
f 3963/3867/447 3958/3859/447 3954/3860/448
f 3963/3867/447 3951/3855/441 3948/3850/441
f 3968/3869/441 3966/3887/455 3965/3870/455
f 3972/3872/441 3970/3897/455 3969/3873/455
f 3976/3875/444 3974/3879/448 3973/3876/448
f 3978/3878/447 3977/3885/447 3973/3876/448
f 3982/3880/444 3980/3884/448 3979/3881/448
f 3984/3883/447 3983/3886/447 3979/3881/448
f 3978/3878/447 3968/3869/441 3967/3871/441
f 3984/3883/447 3972/3872/441 3971/3874/441
f 3971/3874/441 3969/3873/455 3966/3887/455
f 3981/3882/444 3979/3881/448 3974/3879/448
f 3983/3886/447 3978/3878/447 3974/3879/448
f 3983/3886/447 3971/3874/441 3968/3869/441
f 3956/3856/444 3955/3858/444 3897/3888/457
f 3962/3861/444 3961/3863/444 3899/3890/457
f 3961/3863/444 3956/3856/444 3898/3889/457
f 3976/3875/444 3975/3877/444 3901/3892/457
f 3982/3880/444 3981/3882/444 3903/3894/457
f 3981/3882/444 3976/3875/444 3902/3893/457
f 3946/3868/455 3906/3825/434 3905/3824/434
f 3950/3896/455 3908/3827/434 3907/3826/434
f 3949/3854/455 3907/3826/434 3906/3825/434
f 3966/3887/455 3926/3844/434 3925/3843/434
f 3970/3897/455 3928/3846/434 3927/3845/434
f 3969/3873/455 3927/3845/434 3926/3844/434
f 3931/3833/427 3929/3832/428 3914/3898/428
f 3939/3839/430 3937/3838/435 3922/3829/435
f 3937/3838/435 3931/3833/427 3916/3815/427
f 3939/3839/430 3924/3821/430 3908/3827/434
f 3967/3871/441 3965/3870/455 3950/3896/455
f 3975/3877/444 3973/3876/448 3960/3865/448
f 3977/3885/447 3964/3864/447 3960/3865/448
f 3977/3885/447 3967/3871/441 3952/3853/441
f 3965/3870/455 3925/3843/434 3908/3827/434
f 3975/3877/444 3962/3861/444 3900/3891/457
f 3986/3899/1 3988/3917/1 3987/3900/1
f 3989/3901/1 3990/3921/1 3992/3902/1
f 3998/3904/459 3996/3919/460 3995/3905/460
f 3998/3904/459 3997/3906/461 3993/3907/462
f 3999/3909/1 4000/3922/1 4002/3910/1
f 4008/3912/464 4006/3950/475 4005/3913/465
f 4008/3912/464 4007/3914/466 4003/3915/467
f 3988/3917/1 4000/3922/1 3999/3909/1
f 4011/3918/468 4010/3920/468 3995/3905/460
f 3989/3901/1 3991/3903/1 3988/3917/1
f 4011/3918/468 4004/3916/467 4003/3915/467
f 3997/3906/461 3995/3905/460 3991/3903/469
f 3997/3906/461 3992/3902/470 3990/3921/471
f 4007/3914/466 4005/3913/465 4001/3911/472
f 4007/3914/466 4002/3910/473 4000/3922/474
f 4010/3920/468 4003/3915/467 4000/3922/474
f 4010/3920/468 4009/3917/468 3991/3903/469
f 3988/3917/1 3991/3903/1 4009/3917/1
f 4017/3923/459 4015/3944/460 4014/3924/460
f 4017/3923/459 4016/3925/459 4012/3926/463
f 4023/3928/459 4021/3946/460 4020/3929/460
f 4023/3928/459 4022/3930/459 4018/3931/463
f 4029/3933/464 4027/3949/475 4026/3934/475
f 4029/3933/464 4028/3935/464 4024/3936/467
f 4035/3938/464 4033/4008/475 4032/3939/475
f 4035/3938/464 4034/3940/464 4030/3941/467
f 4037/3943/468 4036/3947/468 4014/3924/460
f 4039/3945/468 4038/3948/468 4020/3929/460
f 4037/3943/468 4025/3937/467 4024/3936/467
f 4039/3945/468 4031/3942/467 4030/3941/467
f 4022/3930/459 4020/3929/460 4015/3944/460
f 4022/3930/459 4017/3923/459 4013/3927/463
f 4034/3940/464 4032/3939/475 4027/3949/475
f 4034/3940/464 4029/3933/464 4025/3937/467
f 4038/3948/468 4030/3941/467 4025/3937/467
f 4038/3948/468 4037/3943/468 4015/3944/460
f 4016/3925/459 4014/3924/460 3996/3919/460
f 4016/3925/459 3998/3904/459 3994/3908/463
f 4028/3935/464 4026/3934/475 4006/3950/475
f 4028/3935/464 4008/3912/464 4004/3916/467
f 4036/3947/468 4024/3936/467 4004/3916/467
f 4036/3947/468 4011/3918/468 3996/3919/460
f 4045/3951/459 4043/3972/460 4042/3952/460
f 4045/3951/459 4044/3953/459 4040/3954/463
f 4051/3956/459 4049/3974/460 4048/3957/460
f 4051/3956/459 4050/3958/459 4046/3959/463
f 4057/3961/464 4055/3977/475 4054/3962/475
f 4057/3961/464 4056/3963/464 4052/3964/467
f 4063/3966/464 4061/4005/475 4060/3967/475
f 4063/3966/464 4062/3968/464 4058/3969/467
f 4065/3971/468 4064/3975/468 4042/3952/460
f 4067/3973/468 4066/3976/468 4048/3957/460
f 4065/3971/468 4053/3965/467 4052/3964/467
f 4067/3973/468 4059/3970/467 4058/3969/467
f 4050/3958/459 4048/3957/460 4043/3972/460
f 4050/3958/459 4045/3951/459 4041/3955/463
f 4062/3968/464 4060/3967/475 4055/3977/475
f 4062/3968/464 4057/3961/464 4053/3965/467
f 4066/3976/468 4058/3969/467 4053/3965/467
f 4066/3976/468 4065/3971/468 4043/3972/460
f 4073/3978/459 4071/3999/460 4070/3979/460
f 4073/3978/459 4072/3980/459 4068/3981/463
f 4079/3983/459 4077/4001/460 4076/3984/460
f 4079/3983/459 4078/3985/459 4074/3986/463
f 4085/3988/464 4083/4004/475 4082/3989/475
f 4085/3988/464 4084/3990/464 4080/3991/467
f 4091/3993/464 4089/4009/475 4088/3994/475
f 4091/3993/464 4090/3995/464 4086/3996/467
f 4093/3998/468 4092/4002/468 4070/3979/460
f 4095/4000/468 4094/4003/468 4076/3984/460
f 4093/3998/468 4081/3992/467 4080/3991/467
f 4095/4000/468 4087/3997/467 4086/3996/467
f 4078/3985/459 4076/3984/460 4071/3999/460
f 4078/3985/459 4073/3978/459 4069/3982/463
f 4090/3995/464 4088/3994/475 4083/4004/475
f 4090/3995/464 4085/3988/464 4081/3992/467
f 4094/4003/468 4086/3996/467 4081/3992/467
f 4094/4003/468 4093/3998/468 4071/3999/460
f 4072/3980/459 4070/3979/460 4049/3974/460
f 4072/3980/459 4051/3956/459 4047/3960/463
f 4084/3990/464 4082/3989/475 4061/4005/475
f 4084/3990/464 4063/3966/464 4059/3970/467
f 4092/4002/468 4080/3991/467 4059/3970/467
f 4092/4002/468 4067/3973/468 4049/3974/460
f 3554/3481/1 3781/3698/1 3780/3700/1
f 3558/3496/1 3785/3701/1 3784/3703/1
f 3557/3477/1 3784/3703/1 3781/3698/1
f 3570/3494/1 3797/3712/1 3796/3714/1
f 3574/3484/1 3801/3715/1 3800/3717/1
f 3573/3492/1 3800/3717/1 3797/3712/1
f 3569/3489/1 3796/3714/1 3785/3701/1
f 3644/3564/1 3986/3899/1 3985/3484/1
f 3647/3560/1 3648/3603/1 3990/3921/1
f 3994/3908/463 3993/3907/462 3649/3604/423
f 3993/3907/462 3990/3921/471 3648/3603/425
f 3647/3560/1 3989/3901/1 3986/3899/1
f 4013/3927/463 4012/3926/463 3651/3606/426
f 4019/3932/463 4018/3931/463 3653/3608/426
f 4018/3931/463 4013/3927/463 3652/3609/426
f 4012/3926/463 3994/3908/463 3650/3610/426
f 4041/3955/463 4040/3954/463 3732/3689/426
f 4047/3960/463 4046/3959/463 3734/3691/426
f 4046/3959/463 4041/3955/463 3733/3692/426
f 4069/3982/463 4068/3981/463 3736/3693/426
f 4075/3987/463 4074/3986/463 3738/3695/426
f 4074/3986/463 4069/3982/463 3737/3696/426
f 4068/3981/463 4047/3960/463 3735/3697/426
f 3575/3499/1 3577/3498/1 3534/3465/1
f 3583/3505/1 3585/3504/1 3542/3495/1
f 3577/3498/1 3583/3505/1 3540/3461/1
f 3633/3552/1 3635/3551/1 3566/3493/1
f 3641/3558/1 3643/3557/1 3574/3484/1
f 3635/3551/1 3641/3558/1 3572/3491/1
f 3585/3504/1 3633/3552/1 3564/3485/1
f 3985/3484/1 3987/3900/1 3803/3725/1
f 3809/3721/1 3999/3909/1 4001/3911/1
f 4006/3950/475 3813/3803/457 3812/3802/456
f 4005/3913/465 3812/3802/456 3811/3804/458
f 3987/3900/1 3999/3909/1 3809/3721/1
f 4027/3949/475 3815/3806/457 3814/3805/457
f 4033/4008/475 3817/3808/457 3816/3807/457
f 4032/3939/475 3816/3807/457 3815/3806/457
f 4026/3934/475 3814/3805/457 3813/3803/457
f 4055/3977/475 3898/3889/457 3897/3888/457
f 4061/4005/475 3900/3891/457 3899/3890/457
f 4060/3967/475 3899/3890/457 3898/3889/457
f 4083/4004/475 3902/3893/457 3901/3892/457
f 4089/4009/475 3904/3895/457 3903/3894/457
f 4088/3994/475 3903/3894/457 3902/3893/457
f 4082/3989/475 3901/3892/457 3900/3891/457
f 3694/3623/395 3620/3534/395 3618/3536/396
f 3706/3626/397 3632/3540/397 3630/3542/399
f 3706/3626/397 3700/3625/408 3624/3602/408
f 3704/3618/399 3630/3542/399 3620/3534/395
f 3742/3665/409 3679/3584/409 3677/3586/411
f 3750/3657/412 3748/3656/416 3687/3596/416
f 3752/3690/415 3691/3595/415 3687/3596/416
f 3750/3657/412 3689/3592/412 3679/3584/409
f 3752/3690/415 3732/3689/426 3654/4006/426
f 3740/3650/411 3677/3586/411 3624/3602/408
f 3911/3814/427 3909/3813/428 3849/4010/428
f 3919/3820/430 3917/3819/435 3857/3764/435
f 3917/3819/435 3911/3814/427 3851/3750/427
f 3919/3820/430 3859/3756/430 3843/3762/434
f 3947/3852/441 3945/3851/455 3882/3810/455
f 3955/3858/444 3953/3857/448 3892/3797/448
f 3957/3866/447 3896/3796/447 3892/3797/448
f 3957/3866/447 3947/3852/441 3884/3785/441
f 3945/3851/455 3905/3824/434 3843/3762/434
f 3955/3858/444 3894/3793/444 3817/3808/457
f 4044/3953/459 4042/3952/460 4021/3946/460
f 4044/3953/459 4023/3928/459 4019/3932/463
f 4056/3963/464 4054/3962/475 4033/4008/475
f 4056/3963/464 4035/3938/464 4031/3942/467
f 4064/3975/468 4052/3964/467 4031/3942/467
f 4064/3975/468 4039/3945/468 4021/3946/460
f 4054/3962/475 3897/3888/457 3817/3808/457
f 4040/3954/463 4019/3932/463 3654/4006/426
f 3643/3557/1 3985/3484/1 3801/3715/1
f 4099/4011/84 4097/4024/84 4096/4012/84
f 4103/4014/84 4101/4068/84 4100/4015/84
f 4107/4017/84 4105/4022/84 4104/4018/84
f 4111/4020/84 4109/4023/84 4108/4020/84
f 4105/4022/84 4099/4011/84 4098/4013/84
f 4109/4023/84 4103/4014/84 4102/4016/84
f 4102/4016/84 4100/4015/84 4097/4024/84
f 4110/4021/84 4108/4020/84 4105/4022/84
f 4108/4020/84 4102/4016/84 4099/4011/84
f 4115/4025/84 4113/4038/84 4112/4026/84
f 4119/4027/84 4117/4585/84 4116/4028/84
f 4123/4030/84 4121/4036/84 4120/4031/84
f 4127/4033/84 4125/4037/84 4124/4034/84
f 4121/4036/84 4115/4025/84 4114/4024/84
f 4125/4037/84 4119/4027/84 4118/4029/84
f 4118/4029/84 4116/4028/84 4113/4038/84
f 4126/4035/84 4124/4034/84 4121/4036/84
f 4124/4034/84 4118/4029/84 4115/4025/84
f 4131/4039/84 4129/4053/84 4128/4040/84
f 4135/4042/84 4133/4066/84 4132/4043/84
f 4139/4045/84 4137/4051/84 4136/4046/84
f 4143/4048/84 4141/4052/84 4140/4049/84
f 4137/4051/84 4131/4039/84 4130/4041/84
f 4141/4052/84 4135/4042/84 4134/4044/84
f 4134/4044/84 4132/4043/84 4129/4053/84
f 4142/4050/84 4140/4049/84 4137/4051/84
f 4140/4049/84 4134/4044/84 4131/4039/84
f 4147/4054/84 4145/4065/84 4144/4054/84
f 4151/4056/84 4149/4067/84 4148/4057/84
f 4155/4059/84 4153/4063/84 4152/4060/84
f 4159/4054/84 4157/4064/84 4156/4054/84
f 4153/4063/84 4147/4054/84 4146/4055/84
f 4157/4064/84 4151/4056/84 4150/4058/84
f 4150/4058/84 4148/4057/84 4145/4065/84
f 4158/4062/84 4156/4054/84 4153/4063/84
f 4156/4054/84 4150/4058/84 4147/4054/84
f 4129/4053/84 4107/4017/84 4106/4019/84
f 4133/4066/84 4111/4020/84 4110/4021/84
f 4132/4043/84 4110/4021/84 4107/4017/84
f 4145/4065/84 4123/4030/84 4122/4032/84
f 4149/4067/84 4127/4033/84 4126/4035/84
f 4148/4057/84 4126/4035/84 4123/4030/84
f 4114/4024/84 4112/4026/84 4101/4068/84
f 4122/4032/84 4120/4031/84 4109/4023/84
f 4120/4031/84 4114/4024/84 4103/4014/84
f 4146/4055/84 4144/4054/84 4133/4066/84
f 4154/4061/84 4152/4060/84 4141/4052/84
f 4152/4060/84 4146/4055/84 4135/4042/84
f 4144/4054/84 4122/4032/84 4111/4020/84
f 4163/4069/395 4162/4081/395 4160/4070/396
f 4167/4072/395 4166/4082/395 4164/4073/396
f 4175/4075/397 4174/4084/397 4172/4076/399
f 4179/4078/397 4178/4086/397 4176/4079/399
f 4173/4077/399 4172/4076/399 4162/4081/395
f 4177/4080/399 4176/4079/399 4166/4082/395
f 4175/4075/397 4169/4087/408 4168/4083/408
f 4179/4078/397 4171/4145/408 4170/4085/408
f 4166/4082/395 4163/4069/395 4161/4071/396
f 4178/4086/397 4175/4075/397 4173/4077/399
f 4178/4086/397 4170/4085/408 4169/4087/408
f 4176/4079/399 4173/4077/399 4163/4069/395
f 4183/4088/395 4182/4100/395 4180/4089/396
f 4187/4091/395 4186/4101/395 4184/4092/396
f 4195/4094/397 4194/4103/397 4192/4095/399
f 4199/4097/397 4198/4105/397 4196/4098/399
f 4193/4096/399 4192/4095/399 4182/4100/395
f 4197/4099/399 4196/4098/399 4186/4101/395
f 4195/4094/397 4189/4106/408 4188/4102/408
f 4199/4097/397 4191/4146/408 4190/4104/408
f 4186/4101/395 4183/4088/395 4181/4090/396
f 4198/4105/397 4195/4094/397 4193/4096/399
f 4198/4105/397 4190/4104/408 4189/4106/408
f 4196/4098/399 4193/4096/399 4183/4088/395
f 4211/4107/409 4210/4123/409 4208/4108/411
f 4215/4110/409 4214/4124/409 4212/4111/411
f 4219/4113/412 4217/4117/416 4216/4114/416
f 4221/4116/415 4220/4148/415 4216/4114/416
f 4225/4118/412 4223/4122/416 4222/4119/416
f 4227/4121/415 4226/4125/415 4222/4119/416
f 4219/4113/412 4218/4115/412 4210/4123/409
f 4225/4118/412 4224/4120/412 4214/4124/409
f 4214/4124/409 4211/4107/409 4209/4109/411
f 4224/4120/412 4222/4119/416 4217/4117/416
f 4226/4125/415 4221/4116/415 4217/4117/416
f 4224/4120/412 4219/4113/412 4211/4107/409
f 4231/4126/409 4230/4142/409 4228/4127/411
f 4235/4129/409 4234/4143/409 4232/4130/411
f 4239/4132/412 4237/4136/416 4236/4133/416
f 4241/4135/415 4240/4152/415 4236/4133/416
f 4245/4137/412 4243/4141/416 4242/4138/416
f 4247/4140/415 4246/4144/415 4242/4138/416
f 4239/4132/412 4238/4134/412 4230/4142/409
f 4245/4137/412 4244/4139/412 4234/4143/409
f 4234/4143/409 4231/4126/409 4229/4128/411
f 4244/4139/412 4242/4138/416 4237/4136/416
f 4246/4144/415 4241/4135/415 4237/4136/416
f 4244/4139/412 4239/4132/412 4231/4126/409
f 4209/4109/411 4208/4108/411 4168/4083/408
f 4213/4112/411 4212/4111/411 4170/4085/408
f 4212/4111/411 4209/4109/411 4169/4087/408
f 4229/4128/411 4228/4127/411 4188/4102/408
f 4233/4131/411 4232/4130/411 4190/4104/408
f 4232/4130/411 4229/4128/411 4189/4106/408
f 4221/4116/415 4201/4150/426 4200/4147/426
f 4227/4121/415 4203/4155/426 4202/4149/426
f 4226/4125/415 4202/4149/426 4201/4150/426
f 4241/4135/415 4205/4154/426 4204/4151/426
f 4247/4140/415 4207/4583/426 4206/4153/426
f 4246/4144/415 4206/4153/426 4205/4154/426
f 4182/4100/395 4167/4072/395 4165/4074/396
f 4194/4103/397 4179/4078/397 4177/4080/399
f 4194/4103/397 4188/4102/408 4171/4145/408
f 4192/4095/399 4177/4080/399 4167/4072/395
f 4230/4142/409 4215/4110/409 4213/4112/411
f 4238/4134/412 4236/4133/416 4223/4122/416
f 4240/4152/415 4227/4121/415 4223/4122/416
f 4238/4134/412 4225/4118/412 4215/4110/409
f 4240/4152/415 4204/4151/426 4203/4155/426
f 4228/4127/411 4213/4112/411 4171/4145/408
f 4251/4156/84 4249/4170/84 4248/4157/84
f 4255/4159/84 4253/4267/84 4252/4160/84
f 4259/4162/84 4257/4168/84 4256/4163/84
f 4263/4165/84 4261/4169/84 4260/4166/84
f 4257/4168/84 4251/4156/84 4250/4158/84
f 4261/4169/84 4255/4159/84 4254/4161/84
f 4254/4161/84 4252/4160/84 4249/4170/84
f 4262/4167/84 4260/4166/84 4257/4168/84
f 4260/4166/84 4254/4161/84 4251/4156/84
f 4267/4171/395 4266/4183/395 4264/4172/396
f 4271/4174/395 4270/4184/395 4268/4175/396
f 4279/4177/397 4278/4186/397 4276/4178/399
f 4283/4180/397 4282/4188/397 4280/4181/399
f 4277/4179/399 4276/4178/399 4266/4183/395
f 4281/4182/399 4280/4181/399 4270/4184/395
f 4279/4177/397 4273/4189/408 4272/4185/408
f 4283/4180/397 4275/4262/408 4274/4187/408
f 4270/4184/395 4267/4171/395 4265/4173/396
f 4282/4188/397 4279/4177/397 4277/4179/399
f 4282/4188/397 4274/4187/408 4273/4189/408
f 4280/4181/399 4277/4179/399 4267/4171/395
f 4287/4190/84 4285/4206/84 4284/4191/84
f 4291/4193/476 4290/4202/395 4288/4194/396
f 4298/4196/84 4299/4208/84 4297/4197/84
f 4303/4199/477 4302/4204/397 4300/4200/399
f 4297/4197/84 4287/4190/84 4286/4192/84
f 4301/4201/478 4300/4200/399 4290/4202/395
f 4303/4199/477 4295/4211/483 4294/4203/408
f 4293/4205/84 4292/4209/84 4285/4206/84
f 4305/4207/84 4304/4210/84 4297/4197/84
f 4292/4209/479 4293/4205/484 4291/4193/476
f 4305/4207/480 4303/4199/477 4301/4201/478
f 4303/4199/477 4305/4207/480 4299/4208/482
f 4293/4205/484 4304/4210/481 4301/4201/478
f 4304/4210/84 4293/4205/84 4287/4190/84
f 4313/4212/84 4311/4225/84 4310/4213/84
f 4317/4215/84 4315/4261/84 4314/4216/84
f 4321/4218/84 4319/4224/84 4318/4219/84
f 4326/4221/84 4327/4270/84 4325/4222/84
f 4319/4224/84 4313/4212/84 4312/4214/84
f 4325/4222/84 4317/4215/84 4316/4217/84
f 4316/4217/84 4314/4216/84 4311/4225/84
f 4326/4221/84 4324/4223/84 4319/4224/84
f 4324/4223/84 4316/4217/84 4313/4212/84
f 4331/4226/409 4330/4242/409 4328/4227/411
f 4335/4229/409 4334/4243/409 4332/4230/411
f 4339/4232/412 4337/4236/416 4336/4233/416
f 4341/4235/415 4340/4264/415 4336/4233/416
f 4345/4237/412 4343/4241/416 4342/4238/416
f 4347/4240/415 4346/4244/415 4342/4238/416
f 4339/4232/412 4338/4234/412 4330/4242/409
f 4345/4237/412 4344/4239/412 4334/4243/409
f 4334/4243/409 4331/4226/409 4329/4228/411
f 4344/4239/412 4342/4238/416 4337/4236/416
f 4346/4244/415 4341/4235/415 4337/4236/416
f 4344/4239/412 4339/4232/412 4331/4226/409
f 4351/4245/485 4350/4256/409 4348/4246/411
f 4355/4248/84 4353/4259/84 4352/4249/84
f 4359/4251/487 4357/4255/489 4356/4252/416
f 4361/4254/488 4360/4269/415 4356/4252/416
f 4359/4251/487 4358/4253/412 4350/4256/409
f 4363/4257/84 4355/4248/84 4354/4250/84
f 4353/4259/490 4355/4248/493 4351/4245/485
f 4359/4251/487 4363/4257/530 4362/4258/491
f 4364/4260/492 4361/4254/488 4357/4255/489
f 4355/4248/493 4363/4257/530 4359/4251/487
f 4311/4225/84 4259/4162/84 4258/4164/84
f 4315/4261/84 4263/4165/84 4262/4167/84
f 4314/4216/84 4262/4167/84 4259/4162/84
f 4329/4228/411 4328/4227/411 4272/4185/408
f 4333/4231/411 4332/4230/411 4274/4187/408
f 4332/4230/411 4329/4228/411 4273/4189/408
f 4349/4247/486 4348/4246/411 4294/4203/408
f 4353/4259/84 4299/4208/84 4298/4196/84
f 4353/4259/490 4349/4247/486 4295/4211/483
f 4341/4235/415 4307/4266/426 4306/4263/426
f 4347/4240/415 4309/4272/426 4308/4265/426
f 4346/4244/415 4308/4265/426 4307/4266/426
f 4286/4192/84 4284/4191/84 4253/4267/84
f 4298/4196/84 4296/4198/84 4261/4169/84
f 4296/4198/84 4286/4192/84 4255/4159/84
f 4361/4254/488 4323/4271/495 4322/4268/426
f 4354/4250/84 4352/4249/84 4315/4261/84
f 4364/4260/84 4362/4258/84 4325/4222/84
f 4361/4254/488 4364/4260/492 4327/4270/494
f 4325/4222/84 4362/4258/84 4354/4250/84
f 4290/4202/395 4271/4174/395 4269/4176/396
f 4302/4204/397 4283/4180/397 4281/4182/399
f 4302/4204/397 4294/4203/408 4275/4262/408
f 4300/4200/399 4281/4182/399 4271/4174/395
f 4350/4256/409 4335/4229/409 4333/4231/411
f 4358/4253/412 4356/4252/416 4343/4241/416
f 4360/4269/415 4347/4240/415 4343/4241/416
f 4358/4253/412 4345/4237/412 4335/4229/409
f 4360/4269/415 4322/4268/426 4309/4272/426
f 4348/4246/411 4333/4231/411 4275/4262/408
f 4352/4249/84 4298/4196/84 4263/4165/84
f 4380/4273/427 4378/4291/428 4377/4274/428
f 4384/4276/427 4382/4359/428 4381/4277/428
f 4388/4279/430 4386/4289/435 4385/4280/435
f 4392/4282/430 4390/4290/435 4389/4283/435
f 4388/4279/430 4387/4281/430 4373/4285/434
f 4392/4282/430 4391/4284/430 4375/4287/434
f 4386/4289/435 4380/4273/427 4379/4275/427
f 4390/4290/435 4384/4276/427 4383/4278/427
f 4383/4278/427 4381/4277/428 4378/4291/428
f 4391/4284/430 4389/4283/435 4386/4289/435
f 4389/4283/435 4383/4278/427 4380/4273/427
f 4391/4284/430 4388/4279/430 4374/4286/434
f 4400/4292/427 4398/4310/428 4397/4293/428
f 4404/4295/427 4402/4586/428 4401/4296/428
f 4408/4298/430 4406/4308/435 4405/4299/435
f 4412/4301/430 4410/4309/435 4409/4302/435
f 4408/4298/430 4407/4300/430 4393/4304/434
f 4412/4301/430 4411/4303/430 4395/4306/434
f 4406/4308/435 4400/4292/427 4399/4294/427
f 4410/4309/435 4404/4295/427 4403/4297/427
f 4403/4297/427 4401/4296/428 4398/4310/428
f 4411/4303/430 4409/4302/435 4406/4308/435
f 4409/4302/435 4403/4297/427 4400/4292/427
f 4411/4303/430 4408/4298/430 4394/4305/434
f 4416/4311/441 4414/4329/455 4413/4312/455
f 4420/4314/441 4418/4357/455 4417/4315/455
f 4424/4317/444 4422/4321/448 4421/4318/448
f 4426/4320/447 4425/4327/447 4421/4318/448
f 4430/4322/444 4428/4326/448 4427/4323/448
f 4432/4325/447 4431/4328/447 4427/4323/448
f 4426/4320/447 4416/4311/441 4415/4313/441
f 4432/4325/447 4420/4314/441 4419/4316/441
f 4419/4316/441 4417/4315/455 4414/4329/455
f 4429/4324/444 4427/4323/448 4422/4321/448
f 4431/4328/447 4426/4320/447 4422/4321/448
f 4431/4328/447 4419/4316/441 4416/4311/441
f 4436/4330/441 4434/4348/455 4433/4331/455
f 4440/4333/441 4438/4358/455 4437/4334/455
f 4444/4336/444 4442/4340/448 4441/4337/448
f 4446/4339/447 4445/4346/447 4441/4337/448
f 4450/4341/444 4448/4345/448 4447/4342/448
f 4452/4344/447 4451/4347/447 4447/4342/448
f 4446/4339/447 4436/4330/441 4435/4332/441
f 4452/4344/447 4440/4333/441 4439/4335/441
f 4439/4335/441 4437/4334/455 4434/4348/455
f 4449/4343/444 4447/4342/448 4442/4340/448
f 4451/4347/447 4446/4339/447 4442/4340/448
f 4451/4347/447 4439/4335/441 4436/4330/441
f 4424/4317/444 4423/4319/444 4365/4349/457
f 4430/4322/444 4429/4324/444 4367/4351/457
f 4429/4324/444 4424/4317/444 4366/4350/457
f 4444/4336/444 4443/4338/444 4369/4353/457
f 4450/4341/444 4449/4343/444 4371/4355/457
f 4449/4343/444 4444/4336/444 4370/4354/457
f 4414/4329/455 4374/4286/434 4373/4285/434
f 4418/4357/455 4376/4288/434 4375/4287/434
f 4417/4315/455 4375/4287/434 4374/4286/434
f 4434/4348/455 4394/4305/434 4393/4304/434
f 4438/4358/455 4396/4307/434 4395/4306/434
f 4437/4334/455 4395/4306/434 4394/4305/434
f 4399/4294/427 4397/4293/428 4382/4359/428
f 4407/4300/430 4405/4299/435 4390/4290/435
f 4405/4299/435 4399/4294/427 4384/4276/427
f 4407/4300/430 4392/4282/430 4376/4288/434
f 4435/4332/441 4433/4331/455 4418/4357/455
f 4443/4338/444 4441/4337/448 4428/4326/448
f 4445/4346/447 4432/4325/447 4428/4326/448
f 4445/4346/447 4435/4332/441 4420/4314/441
f 4433/4331/455 4393/4304/434 4376/4288/434
f 4443/4338/444 4430/4322/444 4368/4352/457
f 4456/4360/84 4454/4373/84 4453/4361/84
f 4460/4363/84 4458/4473/84 4457/4364/84
f 4464/4366/84 4462/4372/84 4461/4367/84
f 4468/4369/84 4466/4050/84 4465/4370/84
f 4462/4372/84 4456/4360/84 4455/4362/84
f 4466/4050/84 4460/4363/84 4459/4365/84
f 4459/4365/84 4457/4364/84 4454/4373/84
f 4467/4371/84 4465/4370/84 4462/4372/84
f 4465/4370/84 4459/4365/84 4456/4360/84
f 4476/4374/84 4474/4387/84 4473/4375/84
f 4480/4377/84 4478/4582/84 4477/4378/84
f 4484/4380/84 4482/4386/84 4481/4381/84
f 4489/4383/84 4490/4471/84 4488/4384/84
f 4482/4386/84 4476/4374/84 4475/4376/84
f 4488/4384/84 4480/4377/84 4479/4379/84
f 4479/4379/84 4477/4378/84 4474/4387/84
f 4489/4383/84 4487/4385/84 4482/4386/84
f 4487/4385/84 4479/4379/84 4476/4374/84
f 4498/4388/427 4496/4406/428 4495/4389/428
f 4502/4391/427 4500/4474/428 4499/4392/428
f 4506/4394/430 4504/4404/435 4503/4395/435
f 4510/4397/430 4508/4405/435 4507/4398/435
f 4506/4394/430 4505/4396/430 4491/4400/434
f 4510/4397/430 4509/4399/430 4493/4402/434
f 4504/4404/435 4498/4388/427 4497/4390/427
f 4508/4405/435 4502/4391/427 4501/4393/427
f 4501/4393/427 4499/4392/428 4496/4406/428
f 4509/4399/430 4507/4398/435 4504/4404/435
f 4507/4398/435 4501/4393/427 4498/4388/427
f 4509/4399/430 4506/4394/430 4492/4401/434
f 4514/4407/84 4512/4426/84 4511/4408/84
f 4519/4410/84 4520/4428/84 4518/4411/84
f 4524/4413/496 4522/4427/428 4521/4414/428
f 4530/4416/497 4528/4425/499 4527/4417/435
f 4526/4419/84 4514/4407/84 4513/4409/84
f 4530/4416/497 4529/4418/430 4515/4421/434
f 4532/4423/84 4520/4428/84 4519/4410/84
f 4528/4425/499 4524/4413/496 4523/4415/427
f 4519/4410/84 4517/4412/84 4512/4426/84
f 4524/4413/496 4526/4419/502 4525/4420/500
f 4532/4423/501 4531/4424/531 4528/4425/499
f 4528/4425/499 4531/4424/531 4526/4419/502
f 4520/4428/503 4532/4423/501 4530/4416/497
f 4531/4424/84 4519/4410/84 4514/4407/84
f 4536/4429/441 4534/4447/455 4533/4430/455
f 4540/4432/441 4538/4472/455 4537/4433/455
f 4544/4435/444 4542/4439/448 4541/4436/448
f 4546/4438/447 4545/4445/447 4541/4436/448
f 4550/4440/444 4548/4444/448 4547/4441/448
f 4552/4443/447 4551/4446/447 4547/4441/448
f 4546/4438/447 4536/4429/441 4535/4431/441
f 4552/4443/447 4540/4432/441 4539/4434/441
f 4539/4434/441 4537/4433/455 4534/4447/455
f 4549/4442/444 4547/4441/448 4542/4439/448
f 4551/4446/447 4546/4438/447 4542/4439/448
f 4551/4446/447 4539/4434/441 4536/4429/441
f 4556/4448/504 4554/4462/509 4553/4449/455
f 4560/4451/84 4558/4461/84 4557/4452/84
f 4564/4454/505 4562/4458/507 4561/4455/448
f 4566/4457/506 4565/4459/447 4561/4455/448
f 4566/4457/506 4556/4448/504 4555/4450/441
f 4569/4460/84 4567/4464/84 4558/4461/84
f 4556/4448/504 4560/4451/512 4559/4453/508
f 4568/4463/510 4567/4464/511 4562/4458/507
f 4567/4464/511 4569/4460/532 4566/4457/506
f 4566/4457/506 4569/4460/532 4560/4451/512
f 4512/4426/84 4464/4366/84 4463/4368/84
f 4518/4411/84 4468/4369/84 4467/4371/84
f 4517/4412/84 4467/4371/84 4464/4366/84
f 4544/4435/444 4543/4437/444 4469/4465/457
f 4550/4440/444 4549/4442/444 4471/4467/457
f 4549/4442/444 4544/4435/444 4470/4466/457
f 4558/4461/84 4484/4380/84 4483/4382/84
f 4564/4454/505 4563/4456/444 4485/4469/457
f 4568/4463/84 4490/4471/84 4489/4383/84
f 4490/4471/514 4568/4463/510 4564/4454/505
f 4558/4461/84 4567/4464/84 4489/4383/84
f 4534/4447/455 4492/4401/434 4491/4400/434
f 4538/4472/455 4494/4403/434 4493/4402/434
f 4537/4433/455 4493/4402/434 4492/4401/434
f 4475/4376/84 4473/4375/84 4458/4473/84
f 4483/4382/84 4481/4381/84 4466/4050/84
f 4481/4381/84 4475/4376/84 4460/4363/84
f 4554/4462/509 4516/4422/498 4515/4421/434
f 4559/4453/84 4557/4452/84 4518/4411/84
f 4559/4453/508 4520/4428/503 4516/4422/498
f 4523/4415/427 4521/4414/428 4500/4474/428
f 4529/4418/430 4527/4417/435 4508/4405/435
f 4527/4417/435 4523/4415/427 4502/4391/427
f 4529/4418/430 4510/4397/430 4494/4403/434
f 4555/4450/441 4553/4449/455 4538/4472/455
f 4563/4456/444 4561/4455/448 4548/4444/448
f 4565/4459/447 4552/4443/447 4548/4444/448
f 4565/4459/447 4555/4450/441 4540/4432/441
f 4553/4449/455 4515/4421/434 4494/4403/434
f 4563/4456/444 4550/4440/444 4472/4468/457
f 4557/4452/84 4483/4382/84 4468/4369/84
f 4575/4475/459 4573/4496/460 4572/4476/460
f 4575/4475/459 4574/4477/459 4570/4478/463
f 4581/4480/459 4579/4498/460 4578/4481/460
f 4581/4480/459 4580/4482/459 4576/4483/463
f 4587/4485/464 4585/4501/475 4584/4486/475
f 4587/4485/464 4586/4487/464 4582/4488/467
f 4593/4490/464 4591/4529/475 4590/4491/475
f 4593/4490/464 4592/4492/464 4588/4493/467
f 4595/4495/468 4594/4499/468 4572/4476/460
f 4597/4497/468 4596/4500/468 4578/4481/460
f 4595/4495/468 4583/4489/467 4582/4488/467
f 4597/4497/468 4589/4494/467 4588/4493/467
f 4580/4482/459 4578/4481/460 4573/4496/460
f 4580/4482/459 4575/4475/459 4571/4479/463
f 4592/4492/464 4590/4491/475 4585/4501/475
f 4592/4492/464 4587/4485/464 4583/4489/467
f 4596/4500/468 4588/4493/467 4583/4489/467
f 4596/4500/468 4595/4495/468 4573/4496/460
f 4603/4502/459 4601/4523/460 4600/4503/460
f 4603/4502/459 4602/4504/459 4598/4505/463
f 4609/4507/459 4607/4525/460 4606/4508/460
f 4609/4507/459 4608/4509/459 4604/4510/463
f 4615/4512/464 4613/4528/475 4612/4513/475
f 4615/4512/464 4614/4514/464 4610/4515/467
f 4621/4517/464 4619/4584/475 4618/4518/475
f 4621/4517/464 4620/4519/464 4616/4520/467
f 4623/4522/468 4622/4526/468 4600/4503/460
f 4625/4524/468 4624/4527/468 4606/4508/460
f 4623/4522/468 4611/4516/467 4610/4515/467
f 4625/4524/468 4617/4521/467 4616/4520/467
f 4608/4509/459 4606/4508/460 4601/4523/460
f 4608/4509/459 4603/4502/459 4599/4506/463
f 4620/4519/464 4618/4518/475 4613/4528/475
f 4620/4519/464 4615/4512/464 4611/4516/467
f 4624/4527/468 4616/4520/467 4611/4516/467
f 4624/4527/468 4623/4522/468 4601/4523/460
f 4602/4504/459 4600/4503/460 4579/4498/460
f 4602/4504/459 4581/4480/459 4577/4484/463
f 4614/4514/464 4612/4513/475 4591/4529/475
f 4614/4514/464 4593/4490/464 4589/4494/467
f 4622/4526/468 4610/4515/467 4589/4494/467
f 4622/4526/468 4597/4497/468 4579/4498/460
f 4631/4530/459 4629/4551/460 4628/4531/460
f 4631/4530/459 4630/4532/459 4626/4533/463
f 4637/4535/459 4635/4553/460 4634/4536/460
f 4637/4535/459 4636/4537/459 4632/4538/463
f 4643/4540/464 4641/4556/475 4640/4541/475
f 4643/4540/464 4642/4542/464 4638/4543/467
f 4649/4545/464 4647/4581/475 4646/4546/475
f 4649/4545/464 4648/4547/464 4644/4548/467
f 4651/4550/468 4650/4554/468 4628/4531/460
f 4653/4552/468 4652/4555/468 4634/4536/460
f 4651/4550/468 4639/4544/467 4638/4543/467
f 4653/4552/468 4645/4549/467 4644/4548/467
f 4636/4537/459 4634/4536/460 4629/4551/460
f 4636/4537/459 4631/4530/459 4627/4534/463
f 4648/4547/464 4646/4546/475 4641/4556/475
f 4648/4547/464 4643/4540/464 4639/4544/467
f 4652/4555/468 4644/4548/467 4639/4544/467
f 4652/4555/468 4651/4550/468 4629/4551/460
f 4657/4054/84 4655/4577/84 4654/4054/84
f 4663/4558/515 4661/4575/460 4660/4559/460
f 4663/4558/515 4662/4560/459 4658/4561/463
f 4667/4563/84 4665/4578/84 4664/4564/84
f 4673/4566/517 4671/4579/521 4670/4567/475
f 4673/4566/517 4672/4568/464 4668/4569/467
f 4677/4571/84 4675/4580/84 4674/4572/84
f 4674/4572/84 4675/4580/84 4657/4054/84
f 4679/4574/468 4678/4576/468 4660/4559/460
f 4679/4574/468 4669/4570/467 4668/4569/467
f 4657/4054/84 4666/4565/84 4664/4564/84
f 4663/4558/515 4667/4563/533 4666/4565/518
f 4665/4578/519 4667/4563/533 4663/4558/515
f 4673/4566/517 4677/4571/534 4676/4573/520
f 4675/4580/522 4677/4571/534 4673/4566/517
f 4679/4574/468 4680/4054/468 4675/4580/522
f 4666/4565/518 4680/4054/468 4679/4574/468
f 4680/4054/84 4666/4565/84 4657/4054/84
f 4662/4560/459 4660/4559/460 4635/4553/460
f 4662/4560/459 4637/4535/459 4633/4539/463
f 4672/4568/464 4670/4567/475 4647/4581/475
f 4672/4568/464 4649/4545/464 4645/4549/467
f 4678/4576/468 4668/4569/467 4645/4549/467
f 4678/4576/468 4653/4552/468 4635/4553/460
f 4454/4373/84 4139/4045/84 4138/4047/84
f 4458/4473/84 4143/4048/84 4142/4050/84
f 4457/4364/84 4142/4050/84 4139/4045/84
f 4474/4387/84 4155/4059/84 4154/4061/84
f 4478/4582/84 4159/4054/84 4158/4062/84
f 4477/4378/84 4158/4062/84 4155/4059/84
f 4473/4375/84 4154/4061/84 4143/4048/84
f 4571/4479/463 4570/4478/463 4200/4147/426
f 4577/4484/463 4576/4483/463 4202/4149/426
f 4576/4483/463 4571/4479/463 4201/4150/426
f 4599/4506/463 4598/4505/463 4204/4151/426
f 4605/4511/463 4604/4510/463 4206/4153/426
f 4604/4510/463 4599/4506/463 4205/4154/426
f 4598/4505/463 4577/4484/463 4203/4155/426
f 4627/4534/463 4626/4533/463 4306/4263/426
f 4633/4539/463 4632/4538/463 4308/4265/426
f 4632/4538/463 4627/4534/463 4307/4266/426
f 4655/4577/84 4321/4218/84 4320/4220/84
f 4659/4562/516 4658/4561/463 4322/4268/426
f 4665/4578/84 4327/4270/84 4326/4221/84
f 4327/4270/494 4665/4578/519 4659/4562/516
f 4664/4564/84 4326/4221/84 4321/4218/84
f 4658/4561/463 4633/4539/463 4309/4272/426
f 4585/4501/475 4366/4350/457 4365/4349/457
f 4591/4529/475 4368/4352/457 4367/4351/457
f 4590/4491/475 4367/4351/457 4366/4350/457
f 4613/4528/475 4370/4354/457 4369/4353/457
f 4619/4584/475 4372/4356/457 4371/4355/457
f 4618/4518/475 4371/4355/457 4370/4354/457
f 4612/4513/475 4369/4353/457 4368/4352/457
f 4250/4158/84 4248/4157/84 4117/4585/84
f 4258/4164/84 4256/4163/84 4125/4037/84
f 4256/4163/84 4250/4158/84 4119/4027/84
f 4312/4214/84 4310/4213/84 4149/4067/84
f 4320/4220/84 4318/4219/84 4157/4064/84
f 4318/4219/84 4312/4214/84 4151/4056/84
f 4310/4213/84 4258/4164/84 4127/4033/84
f 4641/4556/475 4470/4466/457 4469/4465/457
f 4647/4581/475 4472/4468/457 4471/4467/457
f 4646/4546/475 4471/4467/457 4470/4466/457
f 4671/4579/521 4486/4470/513 4485/4469/457
f 4656/4557/84 4654/4054/84 4478/4582/84
f 4676/4573/84 4674/4572/84 4488/4384/84
f 4671/4579/521 4676/4573/520 4490/4471/514
f 4674/4572/84 4656/4557/84 4480/4377/84
f 4670/4567/475 4485/4469/457 4472/4468/457
f 4266/4183/395 4187/4091/395 4185/4093/396
f 4278/4186/397 4199/4097/397 4197/4099/399
f 4278/4186/397 4272/4185/408 4191/4146/408
f 4276/4178/399 4197/4099/399 4187/4091/395
f 4330/4242/409 4235/4129/409 4233/4131/411
f 4338/4234/412 4336/4233/416 4243/4141/416
f 4340/4264/415 4247/4140/415 4243/4141/416
f 4338/4234/412 4245/4137/412 4235/4129/409
f 4340/4264/415 4306/4263/426 4207/4583/426
f 4328/4227/411 4233/4131/411 4191/4146/408
f 4497/4390/427 4495/4389/428 4402/4586/428
f 4505/4396/430 4503/4395/435 4410/4309/435
f 4503/4395/435 4497/4390/427 4404/4295/427
f 4505/4396/430 4412/4301/430 4396/4307/434
f 4535/4431/441 4533/4430/455 4438/4358/455
f 4543/4437/444 4541/4436/448 4448/4345/448
f 4545/4445/447 4452/4344/447 4448/4345/448
f 4545/4445/447 4535/4431/441 4440/4333/441
f 4533/4430/455 4491/4400/434 4396/4307/434
f 4543/4437/444 4450/4341/444 4372/4356/457
f 4630/4532/459 4628/4531/460 4607/4525/460
f 4630/4532/459 4609/4507/459 4605/4511/463
f 4642/4542/464 4640/4541/475 4619/4584/475
f 4642/4542/464 4621/4517/464 4617/4521/467
f 4650/4554/468 4638/4543/467 4617/4521/467
f 4650/4554/468 4625/4524/468 4607/4525/460
f 4640/4541/475 4469/4465/457 4372/4356/457
f 4626/4533/463 4605/4511/463 4207/4583/426
f 4654/4054/84 4320/4220/84 4159/4054/84
f 2343/4587/268 2344/4596/268 393/407/69
f 397/402/1 2348/4597/1 2347/4588/1
f 389/363/75 2341/4589/275 2343/4587/268
f 396/356/1 2347/4588/1 2341/4589/1
f 2363/4590/268 2364/4592/268 413/381/69
f 2367/4591/268 2368/4614/268 417/561/69
f 2364/4592/268 2367/4591/268 416/374/69
f 429/397/1 2384/4595/1 2383/4593/1
f 433/552/1 2388/4615/1 2387/4594/1
f 432/393/1 2387/4594/1 2384/4595/1
f 2344/4596/268 2363/4590/268 412/371/69
f 428/390/1 2383/4593/1 2348/4597/1
f 2458/4598/268 2459/4600/268 497/462/69
f 2462/4599/268 2463/4605/268 501/491/69
f 2459/4600/268 2462/4599/268 500/455/69
f 2478/4601/268 2479/4604/268 517/480/69
f 2482/4602/268 2483/4668/268 521/4603/69
f 2479/4604/268 2482/4602/268 520/473/69
f 2463/4605/268 2478/4601/268 516/470/69
f 565/534/1 2547/4608/1 2546/4606/1
f 569/547/1 2551/4613/1 2550/4607/1
f 568/530/1 2550/4607/1 2547/4608/1
f 581/545/1 2563/4612/1 2562/4609/1
f 585/4610/1 2567/4669/1 2566/4611/1
f 584/542/1 2566/4611/1 2563/4612/1
f 580/539/1 2562/4609/1 2551/4613/1
f 2368/4614/268 2458/4598/268 496/452/69
f 564/527/1 2546/4606/1 2388/4615/1
f 2926/4616/268 2927/4618/268 965/919/69
f 2930/4617/268 2931/4622/268 969/948/69
f 2927/4618/268 2930/4617/268 968/912/69
f 2946/4619/268 2947/4621/268 985/937/69
f 2950/4620/268 2951/4645/268 989/1131/69
f 2947/4621/268 2950/4620/268 988/930/69
f 2931/4622/268 2946/4619/268 984/927/69
f 3014/4623/268 3015/4625/268 1064/1016/69
f 3018/4624/268 3019/4636/268 1068/1063/69
f 3015/4625/268 3018/4624/268 1067/1009/69
f 3034/4626/268 3035/4630/268 1084/4627/69
f 3041/4628/84 1090/1027/84 1089/1029/84
f 3035/4630/268 3038/4631/351 1086/1036/125
f 3038/4631/84 3040/4629/84 1089/1029/84
f 3057/4632/84 1102/1044/84 1101/1046/84
f 3061/4634/84 1106/1047/84 1105/1049/84
f 3060/4635/84 1105/1049/84 1102/1044/84
f 3019/4636/268 3034/4626/268 1083/1024/69
f 3056/4633/84 1101/1046/84 1090/1027/84
f 3132/4637/84 1150/1096/84 1149/1098/84
f 3136/4639/84 1154/1099/84 1153/1101/84
f 3135/4640/84 1153/1101/84 1150/1096/84
f 3148/4641/84 1166/1097/84 1165/1109/84
f 3152/4643/84 1170/1110/84 1169/1092/84
f 3151/4644/84 1169/1092/84 1166/1097/84
f 3147/4642/84 1165/1109/84 1154/1099/84
f 2951/4645/268 3014/4623/268 1063/1006/69
f 3131/4638/84 1149/1098/84 1106/1047/84
f 1530/1479/1 3512/3437/1 3511/3439/1
f 1534/1497/1 3516/3440/1 3515/3442/1
f 1533/1475/1 3515/3442/1 3512/3437/1
f 1546/1494/1 3528/3452/1 3527/3454/1
f 1550/1704/1 3532/3455/1 3531/3457/1
f 1549/1490/1 3531/3457/1 3528/3452/1
f 1545/1487/1 3527/3454/1 3516/3440/1
f 1621/1560/1 3576/3497/1 3575/3499/1
f 1625/1607/1 3580/3500/1 3579/3502/1
f 1624/1556/1 3579/3502/1 3576/3497/1
f 1641/1577/1 3592/3511/1 3591/3513/1
f 3598/3516/396 3597/3515/396 1646/4646/199
f 3597/3515/396 3595/3529/403 1643/1580/206
f 1641/1577/1 1643/1580/1 3595/3529/1
f 3614/3533/396 3613/3532/396 1662/1612/199
f 3618/3536/396 3617/3535/396 1666/1600/199
f 3617/3535/396 3614/3533/396 1663/1588/199
f 3613/3532/396 3598/3516/396 1647/1570/199
f 1640/1568/1 3591/3513/1 3580/3500/1
f 3693/3613/396 3692/3612/396 1730/1706/199
f 3697/3616/396 3696/3615/396 1734/1669/199
f 3696/3615/396 3693/3613/396 1731/1657/199
f 3713/3632/396 3712/3631/396 1750/1699/199
f 3717/3635/396 3716/3634/396 1754/1688/199
f 3716/3634/396 3713/3632/396 1751/1676/199
f 3712/3631/396 3697/3616/396 1735/1660/199
f 3692/3612/396 3618/3536/396 1667/1591/199
f 1620/1553/1 3575/3499/1 3532/3455/1
f 4097/4024/84 2115/2051/84 2114/2053/84
f 4101/4068/84 2119/2054/84 2118/2056/84
f 4100/4015/84 2118/2056/84 2115/2051/84
f 4113/4038/84 2131/2066/84 2130/2068/84
f 4117/4585/84 2135/2069/84 2134/2071/84
f 4116/4028/84 2134/2071/84 2131/2066/84
f 4112/4026/84 2130/2068/84 2119/2054/84
f 4161/4071/396 4160/4070/396 2198/4647/199
f 4165/4074/396 4164/4073/396 2202/2133/199
f 4164/4073/396 4161/4071/396 2199/2121/199
f 4181/4090/396 4180/4089/396 2218/2163/199
f 4185/4093/396 4184/4092/396 2222/2152/199
f 4184/4092/396 4181/4090/396 2219/2140/199
f 4180/4089/396 4165/4074/396 2203/2124/199
f 4249/4170/84 2294/2220/84 2293/2222/84
f 4253/4267/84 2298/2223/84 2297/2225/84
f 4252/4160/84 2297/2225/84 2294/2220/84
f 4265/4173/396 4264/4172/396 2313/2284/199
f 4269/4176/396 4268/4175/396 2317/2247/199
f 4268/4175/396 4265/4173/396 2314/2235/199
f 4285/4206/84 2334/2254/84 2333/2256/84
f 4289/4195/396 4288/4194/396 2337/2279/199
f 2340/2267/261 4292/4209/479 4289/4195/396
f 4292/4209/84 2340/2267/84 2334/2254/84
f 4288/4194/396 4269/4176/396 2318/2238/199
f 4284/4191/84 2333/2256/84 2298/2223/84
f 4264/4172/396 4185/4093/396 2223/2143/199
f 4248/4157/84 2293/2222/84 2135/2069/84
f 1183/1142/1 1185/1141/1 170/206/1
f 160/211/38 1174/1134/135 1173/1136/135
f 156/153/44 159/139/38 1173/1136/135
f 1171/1147/1 1183/1142/1 168/144/1
f 1250/1211/1 1252/1210/1 220/200/1
f 1258/1217/1 1260/1216/1 228/550/1
f 1252/1210/1 1258/1217/1 226/196/1
f 182/170/38 1194/1155/135 1193/1157/135
f 186/557/38 1198/1158/135 1197/1160/135
f 185/164/38 1197/1160/135 1194/1155/135
f 181/161/38 1193/1157/135 1174/1134/135
f 1185/1141/1 1250/1211/1 218/190/1
f 1487/1446/1 1489/1445/1 545/518/1
f 1495/1451/1 1497/1450/1 553/546/1
f 1489/1445/1 1495/1451/1 551/515/1
f 1519/1471/1 1521/1470/1 577/544/1
f 1527/1457/1 1529/1472/1 585/4610/1
f 1521/1470/1 1527/1457/1 583/541/1
f 1497/1450/1 1519/1471/1 575/537/1
f 280/266/38 1289/1249/135 1288/1251/135
f 284/295/38 1293/1252/135 1292/1254/135
f 283/260/38 1292/1254/135 1289/1249/135
f 300/284/38 1309/1268/135 1308/1270/135
f 304/4648/38 1313/1271/135 1312/1273/135
f 303/278/38 1312/1273/135 1309/1268/135
f 299/275/38 1308/1270/135 1293/1252/135
f 279/257/38 1288/1251/135 1198/1158/135
f 1260/1216/1 1487/1446/1 543/510/1
f 3511/3439/1 3513/3438/1 2569/2510/1
f 3519/3445/1 3521/3444/1 2577/2540/1
f 3513/3438/1 3519/3445/1 2575/2506/1
f 3543/3469/1 3545/3468/1 2601/2537/1
f 3551/3475/1 3553/3474/1 2609/2843/1
f 3545/3468/1 3551/3475/1 2607/2533/1
f 3521/3444/1 3543/3469/1 2599/2527/1
f 3780/3700/1 3782/3699/1 2750/2671/1
f 3788/3706/1 3790/3705/1 2758/2753/1
f 3782/3699/1 3788/3706/1 2756/2667/1
f 3818/3729/1 3820/3728/1 2805/2721/1
f 3831/3811/428 2817/2715/334 2816/2717/334
f 3830/3733/428 2816/2717/334 2813/2726/341
f 2805/2721/1 3820/3728/1 3828/3739/1
f 3845/3765/428 2833/2733/334 2832/2735/334
f 3849/4010/428 2837/2736/334 2836/2738/334
f 3848/3751/428 2836/2738/334 2833/2733/334
f 3844/3748/428 2832/2735/334 2817/2715/334
f 3790/3705/1 3818/3729/1 2803/2709/1
f 3910/3830/428 2901/2799/334 2900/2801/334
f 3914/3898/428 2905/2802/334 2904/2804/334
f 3913/3816/428 2904/2804/334 2901/2799/334
f 3930/3849/428 2921/2818/334 2920/2820/334
f 3934/4649/428 2925/2821/334 2924/2823/334
f 3933/3835/428 2924/2823/334 2921/2818/334
f 3929/3832/428 2920/2820/334 2905/2802/334
f 3909/3813/428 2900/2801/334 2837/2736/334
f 3553/3474/1 3780/3700/1 2748/2662/1
f 748/719/38 1757/1707/135 1756/1709/135
f 752/748/38 1761/1710/135 1760/1712/135
f 751/713/38 1760/1712/135 1757/1707/135
f 768/737/38 1777/1726/135 1776/1728/135
f 772/1127/38 1781/1729/135 1780/1731/135
f 771/731/38 1780/1731/135 1777/1726/135
f 767/728/38 1776/1728/135 1761/1710/135
f 833/802/38 1845/1794/135 1844/1796/135
f 837/864/38 1849/1797/135 1848/1799/135
f 836/796/38 1848/1799/135 1845/1794/135
f 851/823/38 1865/1813/135 1864/1815/135
f 1878/1821/84 1876/1820/84 861/818/84
f 853/822/107 1868/1826/220 1865/1813/135
f 861/818/84 1876/1820/84 1868/1826/84
f 1925/1872/84 1923/1871/84 891/860/84
f 1933/1878/84 1931/1877/84 899/853/84
f 1931/1877/84 1925/1872/84 893/843/84
f 850/808/38 1864/1815/135 1849/1797/135
f 1923/1871/84 1878/1821/84 863/813/84
f 2074/2019/84 2072/2018/84 1128/1120/84
f 2082/2025/84 2080/2024/84 1136/1089/84
f 2080/2024/84 2074/2019/84 1130/1081/84
f 2106/2048/84 2104/2047/84 1160/1115/84
f 2114/2053/84 2112/2052/84 1168/1112/84
f 2112/2052/84 2106/2048/84 1162/1105/84
f 2104/2047/84 2082/2025/84 1138/1086/84
f 832/793/38 1844/1796/135 1781/1729/135
f 2072/2018/84 1933/1878/84 901/849/84
f 4378/4291/428 3369/3267/334 3368/3269/334
f 4382/4359/428 3373/3270/334 3372/3272/334
f 4381/4277/428 3372/3272/334 3369/3267/334
f 4398/4310/428 3389/3286/334 3388/3288/334
f 4402/4586/428 3393/3289/334 3392/3291/334
f 4401/4296/428 3392/3291/334 3389/3286/334
f 4397/4293/428 3388/3288/334 3373/3270/334
f 4098/4013/84 4096/4012/84 3152/4650/84
f 4106/4019/84 4104/4018/84 3160/3083/84
f 4104/4018/84 4098/4013/84 3154/3073/84
f 4130/4041/84 4128/4040/84 3184/3116/84
f 4138/4047/84 4136/4046/84 3192/3113/84
f 4136/4046/84 4130/4041/84 3186/3103/84
f 4128/4040/84 4106/4019/84 3162/3079/84
f 4496/4406/428 3484/3381/334 3483/3383/334
f 4500/4474/428 3488/3384/334 3487/3386/334
f 4499/4392/428 3487/3386/334 3484/3381/334
f 4455/4362/84 4453/4361/84 3421/3426/84
f 4463/4368/84 4461/4367/84 3429/3338/84
f 4461/4367/84 4455/4362/84 3423/3328/84
f 4522/4427/428 3508/3403/334 3507/3405/334
f 4513/4409/84 4511/4408/84 3496/3421/84
f 4522/4427/428 4525/4420/500 3510/3413/390
f 4525/4420/84 4513/4409/84 3498/3397/84
f 4521/4414/428 3507/3405/334 3488/3384/334
f 4511/4408/84 4463/4368/84 3431/3334/84
f 4495/4389/428 3483/3383/334 3393/3289/334
f 4453/4361/84 4138/4047/84 3194/3109/84
f 590/566/2 592/565/17 97/553/17
f 99/4651/5 594/567/5 590/566/2
f 602/574/6 604/573/7 109/4652/7
f 111/549/18 606/575/18 602/574/6
f 586/581/10 594/567/5 99/4651/5
f 109/4652/7 604/573/7 586/581/10
f 699/669/19 701/668/32 260/4653/32
f 260/4653/32 701/668/32 697/671/22
f 709/679/24 711/678/33 268/293/33
f 697/671/22 709/679/24 266/245/24
f 737/705/34 739/704/41 296/283/41
f 745/711/37 747/710/38 304/4648/38
f 739/704/41 745/711/37 302/277/37
f 308/4654/47 753/715/47 737/705/34
f 711/678/33 753/715/47 308/4654/47
f 316/4655/50 777/739/50 699/669/19
f 904/869/51 906/868/64 465/4656/64
f 465/4656/64 906/868/64 902/871/54
f 473/483/65 916/877/65 914/879/57
f 471/442/57 914/879/57 904/869/51
f 509/477/72 952/903/72 950/905/67
f 521/4603/69 964/909/69 962/911/70
f 950/905/67 958/917/79 513/4657/79
f 519/474/70 962/911/70 952/903/72
f 902/871/54 942/941/82 481/4658/82
f 513/4657/79 958/917/79 916/877/65
f 592/565/17 777/739/50 316/4655/50
f 481/4658/82 942/941/82 606/575/18
f 1756/1709/135 1758/1708/142 1315/1285/142
f 1764/1715/137 1766/1714/141 1323/1283/141
f 1758/1708/142 1764/1715/137 1321/1277/137
f 1772/1791/140 1327/1282/140 1323/1283/141
f 1796/1747/148 1798/1746/156 1355/1323/156
f 1806/1753/151 1808/1752/162 1367/1331/162
f 1806/1753/151 1365/1317/151 1363/1321/155
f 1798/1746/156 1804/1754/155 1363/1321/155
f 1772/1791/140 1796/1747/148 1353/1309/148
f 1836/2282/163 1375/1330/163 1367/1331/162
f 1961/1912/166 1963/1911/170 1468/1426/170
f 1965/1934/169 1470/1425/169 1468/1426/170
f 1977/1922/171 1979/1921/174 1484/1436/174
f 1981/2280/173 1486/1435/173 1484/1436/174
f 1965/1934/169 1973/1930/175 1474/1440/175
f 1977/1922/171 1482/1432/171 1474/1440/175
f 2146/2079/182 2148/2078/190 1707/1649/190
f 2146/2079/182 1705/1637/182 1703/1641/186
f 2158/2153/187 1715/1645/187 1713/1647/189
f 2156/2088/189 1713/1647/189 1707/1649/190
f 2190/2127/196 1747/1673/196 1745/1675/198
f 2198/4647/199 1755/1679/199 1753/1681/201
f 2184/2130/203 2188/2116/198 1745/1675/198
f 2196/2122/201 1753/1681/201 1747/1673/196
f 2136/2156/211 2144/2080/186 1703/1641/186
f 2184/2130/203 1739/1686/203 1715/1645/187
f 1836/2282/163 1961/1912/166 1466/1422/166
f 2136/2156/211 1675/1697/211 1486/1435/173
f 2485/2430/272 2928/2854/272 2926/2856/268
f 2493/4659/280 2936/2860/280 2934/2862/270
f 2942/2869/273 2936/2860/280 2493/4659/280
f 2491/2427/270 2934/2862/270 2928/2854/272
f 2525/2469/288 2968/2892/288 2966/2894/282
f 2976/2900/284 2974/2899/294 2533/4660/294
f 2537/4661/295 2978/2901/295 2976/2900/284
f 2533/4660/294 2974/2899/294 2968/2892/288
f 3006/2929/296 2978/2901/295 2537/4661/295
f 2523/2458/282 2966/2894/282 2942/2869/273
f 3199/3120/299 3197/3119/314 2702/4662/314
f 2702/4662/314 3197/3119/314 3195/3122/301
f 3215/3130/303 3213/3129/315 2718/4663/315
f 2718/4663/315 3213/3129/315 3211/3132/306
f 3211/3132/306 3207/3138/307 2708/4664/307
f 2708/4664/307 3207/3138/307 3199/3120/299
f 3316/3227/316 3314/3226/329 2873/4665/329
f 2877/4666/330 3318/3228/330 3316/3227/316
f 3328/3235/320 3326/3234/323 2883/2790/323
f 3326/3234/323 3318/3228/330 2877/4666/330
f 3360/3263/331 3358/3262/344 2915/4667/344
f 3368/3269/334 3366/3268/338 2923/2829/338
f 3366/3268/338 3360/3263/331 2917/2815/331
f 2915/4667/344 3358/3262/344 3354/3274/336
f 3354/3274/336 3328/3235/320 2885/2786/320
f 2873/4665/329 3314/3226/329 3306/3300/345
f 3306/3300/345 3215/3130/303 2720/2631/303
f 2700/2624/301 3195/3122/301 3006/2929/296
f 4162/4081/395 3719/3633/395 3717/3635/396
f 4174/4084/397 3731/3639/397 3729/3641/399
f 4174/4084/397 4168/4083/408 3723/3688/408
f 4172/4076/399 3729/3641/399 3719/3633/395
f 4210/4123/409 3767/3671/409 3765/3673/411
f 4218/4115/412 4216/4114/416 3775/3683/416
f 4220/4148/415 3779/3682/415 3775/3683/416
f 4218/4115/412 3777/3679/412 3767/3671/409
f 4220/4148/415 4200/4147/426 3739/4007/426
f 4208/4108/411 3765/3673/411 3723/3688/408
f 4379/4275/427 4377/4274/428 3934/4649/428
f 4387/4281/430 4385/4280/435 3942/3848/435
f 4385/4280/435 4379/4275/427 3936/3834/427
f 4387/4281/430 3944/3840/430 3928/3846/434
f 4415/4313/441 4413/4312/455 3970/3897/455
f 4423/4319/444 4421/4318/448 3980/3884/448
f 4425/4327/447 3984/3883/447 3980/3884/448
f 4425/4327/447 4415/4313/441 3972/3872/441
f 4413/4312/455 4373/4285/434 3928/3846/434
f 4423/4319/444 3982/3880/444 3904/3895/457
f 4574/4477/459 4572/4476/460 4077/4001/460
f 4574/4477/459 4079/3983/459 4075/3987/463
f 4586/4487/464 4584/4486/475 4089/4009/475
f 4586/4487/464 4091/3993/464 4087/3997/467
f 4594/4499/468 4582/4488/467 4087/3997/467
f 4594/4499/468 4095/4000/468 4077/4001/460
f 4584/4486/475 4365/4349/457 3904/3895/457
f 4570/4478/463 4075/3987/463 3739/4007/426
f 747/710/38 1756/1709/135 1313/1271/135
f 4377/4274/428 3368/3269/334 2925/2821/334
f 2483/4668/268 2926/4616/268 964/909/69
f 4160/4070/396 3717/3635/396 1755/1679/199
f 1529/1472/1 3511/3439/1 2567/2501/1
f 4096/4012/84 2114/2053/84 1170/1110/84
