# Blender 4.5.3 LTS
# www.blender.org
o Sponge
v -1.000000 -1.000000 1.000000
v -0.777778 -1.000000 1.000000
v -0.777778 -0.777778 1.000000
v -1.000000 -0.777778 1.000000
v -1.000000 -1.000000 0.777778
v -0.777778 -1.000000 0.777778
v -0.777778 -0.777778 0.777778
v -1.000000 -0.777778 0.777778
v -0.777778 -0.555556 1.000000
v -1.000000 -0.555556 1.000000
v -0.777778 -0.555556 0.777778
v -1.000000 -0.555556 0.777778
v -0.777778 -0.333333 1.000000
v -1.000000 -0.333333 1.000000
v -0.777778 -0.333333 0.777778
v -1.000000 -0.333333 0.777778
v -1.000000 -1.000000 0.555556
v -0.777778 -1.000000 0.555556
v -0.777778 -0.777778 0.555556
v -1.000000 -0.777778 0.555556
v -1.000000 -0.555556 0.555556
v -0.777778 -0.555556 0.555556
v -0.777778 -0.333333 0.555556
v -1.000000 -0.333333 0.555556
v -1.000000 -1.000000 0.333333
v -0.777778 -1.000000 0.333333
v -0.777778 -0.777778 0.333333
v -1.000000 -0.777778 0.333333
v -0.777778 -0.555556 0.333333
v -1.000000 -0.555556 0.333333
v -0.777778 -0.333333 0.333333
v -1.000000 -0.333333 0.333333
v -0.555556 -1.000000 1.000000
v -0.555556 -0.777778 1.000000
v -0.555556 -1.000000 0.777778
v -0.555556 -0.777778 0.777778
v -0.555556 -0.555556 1.000000
v -0.555556 -0.333333 1.000000
v -0.555556 -0.555556 0.777778
v -0.555556 -0.333333 0.777778
v -0.555556 -1.000000 0.555556
v -0.555556 -0.777778 0.555556
v -0.555556 -1.000000 0.333333
v -0.555556 -0.777778 0.333333
v -0.555556 -0.555556 0.555556
v -0.555556 -0.333333 0.555556
v -0.555556 -0.555556 0.333333
v -0.555556 -0.333333 0.333333
v -0.333333 -1.000000 1.000000
v -0.333333 -0.777778 1.000000
v -0.333333 -1.000000 0.777778
v -0.333333 -0.777778 0.777778
v -0.333333 -0.555556 1.000000
v -0.333333 -0.555556 0.777778
v -0.333333 -0.333333 1.000000
v -0.333333 -0.333333 0.777778
v -0.333333 -1.000000 0.555556
v -0.333333 -0.777778 0.555556
v -0.333333 -0.555556 0.555556
v -0.333333 -0.333333 0.555556
v -0.333333 -1.000000 0.333333
v -0.333333 -0.777778 0.333333
v -0.333333 -0.555556 0.333333
v -0.333333 -0.333333 0.333333
v -0.777778 -0.111111 1.000000
v -1.000000 -0.111111 1.000000
v -0.777778 -0.111111 0.777778
v -1.000000 -0.111111 0.777778
v -0.777778 0.111111 1.000000
v -1.000000 0.111111 1.000000
v -0.777778 0.111111 0.777778
v -1.000000 0.111111 0.777778
v -0.777778 0.333333 1.000000
v -1.000000 0.333333 1.000000
v -0.777778 0.333333 0.777778
v -1.000000 0.333333 0.777778
v -0.777778 -0.111111 0.555556
v -1.000000 -0.111111 0.555556
v -1.000000 0.111111 0.555556
v -0.777778 0.111111 0.555556
v -0.777778 0.333333 0.555556
v -1.000000 0.333333 0.555556
v -0.777778 -0.111111 0.333333
v -1.000000 -0.111111 0.333333
v -0.777778 0.111111 0.333333
v -1.000000 0.111111 0.333333
v -0.777778 0.333333 0.333333
v -1.000000 0.333333 0.333333
v -0.555556 -0.111111 1.000000
v -0.555556 -0.111111 0.777778
v -0.555556 0.111111 1.000000
v -0.555556 0.333333 1.000000
v -0.555556 0.111111 0.777778
v -0.555556 0.333333 0.777778
v -0.555556 -0.111111 0.555556
v -0.555556 -0.111111 0.333333
v -0.555556 0.111111 0.555556
v -0.555556 0.333333 0.555556
v -0.555556 0.111111 0.333333
v -0.555556 0.333333 0.333333
v -0.333333 -0.111111 1.000000
v -0.333333 -0.111111 0.777778
v -0.333333 0.111111 1.000000
v -0.333333 0.111111 0.777778
v -0.333333 0.333333 1.000000
v -0.333333 0.333333 0.777778
v -0.333333 -0.111111 0.555556
v -0.333333 0.111111 0.555556
v -0.333333 0.333333 0.555556
v -0.333333 -0.111111 0.333333
v -0.333333 0.111111 0.333333
v -0.333333 0.333333 0.333333
v -0.777778 0.555556 1.000000
v -1.000000 0.555556 1.000000
v -0.777778 0.555556 0.777778
v -1.000000 0.555556 0.777778
v -0.777778 0.777778 1.000000
v -1.000000 0.777778 1.000000
v -0.777778 0.777778 0.777778
v -1.000000 0.777778 0.777778
v -0.777778 1.000000 1.000000
v -1.000000 1.000000 1.000000
v -0.777778 1.000000 0.777778
v -1.000000 1.000000 0.777778
v -0.777778 0.555556 0.555556
v -1.000000 0.555556 0.555556
v -1.000000 0.777778 0.555556
v -0.777778 0.777778 0.555556
v -0.777778 1.000000 0.555556
v -1.000000 1.000000 0.555556
v -0.777778 0.555556 0.333333
v -1.000000 0.555556 0.333333
v -0.777778 0.777778 0.333333
v -1.000000 0.777778 0.333333
v -0.777778 1.000000 0.333333
v -1.000000 1.000000 0.333333
v -0.555556 0.555556 1.000000
v -0.555556 0.555556 0.777778
v -0.555556 0.777778 1.000000
v -0.555556 1.000000 1.000000
v -0.555556 0.777778 0.777778
v -0.555556 1.000000 0.777778
v -0.555556 0.555556 0.555556
v -0.555556 0.555556 0.333333
v -0.555556 0.777778 0.555556
v -0.555556 1.000000 0.555556
v -0.555556 0.777778 0.333333
v -0.555556 1.000000 0.333333
v -0.333333 0.555556 1.000000
v -0.333333 0.555556 0.777778
v -0.333333 0.777778 1.000000
v -0.333333 0.777778 0.777778
v -0.333333 1.000000 1.000000
v -0.333333 1.000000 0.777778
v -0.333333 0.555556 0.555556
v -0.333333 0.777778 0.555556
v -0.333333 1.000000 0.555556
v -0.333333 0.555556 0.333333
v -0.333333 0.777778 0.333333
v -0.333333 1.000000 0.333333
v -1.000000 -1.000000 0.111111
v -0.777778 -1.000000 0.111111
v -0.777778 -0.777778 0.111111
v -1.000000 -0.777778 0.111111
v -0.777778 -0.555556 0.111111
v -1.000000 -0.555556 0.111111
v -0.777778 -0.333333 0.111111
v -1.000000 -0.333333 0.111111
v -1.000000 -1.000000 -0.111111
v -0.777778 -1.000000 -0.111111
v -0.777778 -0.777778 -0.111111
v -1.000000 -0.777778 -0.111111
v -1.000000 -0.555556 -0.111111
v -0.777778 -0.555556 -0.111111
v -0.777778 -0.333333 -0.111111
v -1.000000 -0.333333 -0.111111
v -1.000000 -1.000000 -0.333333
v -0.777778 -1.000000 -0.333333
v -0.777778 -0.777778 -0.333333
v -1.000000 -0.777778 -0.333333
v -0.777778 -0.555556 -0.333333
v -1.000000 -0.555556 -0.333333
v -0.777778 -0.333333 -0.333333
v -1.000000 -0.333333 -0.333333
v -0.555556 -1.000000 0.111111
v -0.555556 -0.777778 0.111111
v -0.555556 -0.555556 0.111111
v -0.555556 -0.333333 0.111111
v -0.555556 -1.000000 -0.111111
v -0.555556 -0.777778 -0.111111
v -0.555556 -1.000000 -0.333333
v -0.555556 -0.777778 -0.333333
v -0.555556 -0.555556 -0.111111
v -0.555556 -0.333333 -0.111111
v -0.555556 -0.555556 -0.333333
v -0.555556 -0.333333 -0.333333
v -0.333333 -1.000000 0.111111
v -0.333333 -0.777778 0.111111
v -0.333333 -0.555556 0.111111
v -0.333333 -0.333333 0.111111
v -0.333333 -1.000000 -0.111111
v -0.333333 -0.777778 -0.111111
v -0.333333 -0.555556 -0.111111
v -0.333333 -0.333333 -0.111111
v -0.333333 -1.000000 -0.333333
v -0.333333 -0.777778 -0.333333
v -0.333333 -0.555556 -0.333333
v -0.333333 -0.333333 -0.333333
v -1.000000 0.333333 0.111111
v -0.777778 0.333333 0.111111
v -0.777778 0.555556 0.111111
v -1.000000 0.555556 0.111111
v -0.777778 0.777778 0.111111
v -1.000000 0.777778 0.111111
v -0.777778 1.000000 0.111111
v -1.000000 1.000000 0.111111
v -1.000000 0.333333 -0.111111
v -0.777778 0.333333 -0.111111
v -0.777778 0.555556 -0.111111
v -1.000000 0.555556 -0.111111
v -1.000000 0.777778 -0.111111
v -0.777778 0.777778 -0.111111
v -0.777778 1.000000 -0.111111
v -1.000000 1.000000 -0.111111
v -1.000000 0.333333 -0.333333
v -0.777778 0.333333 -0.333333
v -0.777778 0.555556 -0.333333
v -1.000000 0.555556 -0.333333
v -0.777778 0.777778 -0.333333
v -1.000000 0.777778 -0.333333
v -0.777778 1.000000 -0.333333
v -1.000000 1.000000 -0.333333
v -0.555556 0.333333 0.111111
v -0.555556 0.555556 0.111111
v -0.555556 0.777778 0.111111
v -0.555556 1.000000 0.111111
v -0.555556 0.333333 -0.111111
v -0.555556 0.555556 -0.111111
v -0.555556 0.333333 -0.333333
v -0.555556 0.555556 -0.333333
v -0.555556 0.777778 -0.111111
v -0.555556 1.000000 -0.111111
v -0.555556 0.777778 -0.333333
v -0.555556 1.000000 -0.333333
v -0.333333 0.333333 0.111111
v -0.333333 0.555556 0.111111
v -0.333333 0.777778 0.111111
v -0.333333 1.000000 0.111111
v -0.333333 0.333333 -0.111111
v -0.333333 0.555556 -0.111111
v -0.333333 0.777778 -0.111111
v -0.333333 1.000000 -0.111111
v -0.333333 0.333333 -0.333333
v -0.333333 0.555556 -0.333333
v -0.333333 0.777778 -0.333333
v -0.333333 1.000000 -0.333333
v -1.000000 -1.000000 -0.555556
v -0.777778 -1.000000 -0.555556
v -0.777778 -0.777778 -0.555556
v -1.000000 -0.777778 -0.555556
v -0.777778 -0.555556 -0.555556
v -1.000000 -0.555556 -0.555556
v -0.777778 -0.333333 -0.555556
v -1.000000 -0.333333 -0.555556
v -1.000000 -1.000000 -0.777778
v -0.777778 -1.000000 -0.777778
v -0.777778 -0.777778 -0.777778
v -1.000000 -0.777778 -0.777778
v -1.000000 -0.555556 -0.777778
v -0.777778 -0.555556 -0.777778
v -0.777778 -0.333333 -0.777778
v -1.000000 -0.333333 -0.777778
v -1.000000 -1.000000 -1.000000
v -0.777778 -1.000000 -1.000000
v -0.777778 -0.777778 -1.000000
v -1.000000 -0.777778 -1.000000
v -0.777778 -0.555556 -1.000000
v -1.000000 -0.555556 -1.000000
v -0.777778 -0.333333 -1.000000
v -1.000000 -0.333333 -1.000000
v -0.555556 -1.000000 -0.555556
v -0.555556 -0.777778 -0.555556
v -0.555556 -0.555556 -0.555556
v -0.555556 -0.333333 -0.555556
v -0.555556 -1.000000 -0.777778
v -0.555556 -0.777778 -0.777778
v -0.555556 -1.000000 -1.000000
v -0.555556 -0.777778 -1.000000
v -0.555556 -0.555556 -0.777778
v -0.555556 -0.333333 -0.777778
v -0.555556 -0.555556 -1.000000
v -0.555556 -0.333333 -1.000000
v -0.333333 -1.000000 -0.555556
v -0.333333 -0.777778 -0.555556
v -0.333333 -0.555556 -0.555556
v -0.333333 -0.333333 -0.555556
v -0.333333 -1.000000 -0.777778
v -0.333333 -0.777778 -0.777778
v -0.333333 -0.555556 -0.777778
v -0.333333 -0.333333 -0.777778
v -0.333333 -1.000000 -1.000000
v -0.333333 -0.777778 -1.000000
v -0.333333 -0.555556 -1.000000
v -0.333333 -0.333333 -1.000000
v -0.777778 -0.111111 -0.333333
v -1.000000 -0.111111 -0.333333
v -0.777778 -0.111111 -0.555556
v -1.000000 -0.111111 -0.555556
v -0.777778 0.111111 -0.333333
v -1.000000 0.111111 -0.333333
v -0.777778 0.111111 -0.555556
v -1.000000 0.111111 -0.555556
v -0.777778 0.333333 -0.555556
v -1.000000 0.333333 -0.555556
v -0.777778 -0.111111 -0.777778
v -1.000000 -0.111111 -0.777778
v -1.000000 0.111111 -0.777778
v -0.777778 0.111111 -0.777778
v -0.777778 0.333333 -0.777778
v -1.000000 0.333333 -0.777778
v -0.777778 -0.111111 -1.000000
v -1.000000 -0.111111 -1.000000
v -0.777778 0.111111 -1.000000
v -1.000000 0.111111 -1.000000
v -0.777778 0.333333 -1.000000
v -1.000000 0.333333 -1.000000
v -0.555556 -0.111111 -0.333333
v -0.555556 -0.111111 -0.555556
v -0.555556 0.111111 -0.333333
v -0.555556 0.111111 -0.555556
v -0.555556 0.333333 -0.555556
v -0.555556 -0.111111 -0.777778
v -0.555556 -0.111111 -1.000000
v -0.555556 0.111111 -0.777778
v -0.555556 0.333333 -0.777778
v -0.555556 0.111111 -1.000000
v -0.555556 0.333333 -1.000000
v -0.333333 -0.111111 -0.333333
v -0.333333 -0.111111 -0.555556
v -0.333333 0.111111 -0.333333
v -0.333333 0.111111 -0.555556
v -0.333333 0.333333 -0.555556
v -0.333333 -0.111111 -0.777778
v -0.333333 0.111111 -0.777778
v -0.333333 0.333333 -0.777778
v -0.333333 -0.111111 -1.000000
v -0.333333 0.111111 -1.000000
v -0.333333 0.333333 -1.000000
v -0.777778 0.555556 -0.555556
v -1.000000 0.555556 -0.555556
v -0.777778 0.777778 -0.555556
v -1.000000 0.777778 -0.555556
v -0.777778 1.000000 -0.555556
v -1.000000 1.000000 -0.555556
v -0.777778 0.555556 -0.777778
v -1.000000 0.555556 -0.777778
v -1.000000 0.777778 -0.777778
v -0.777778 0.777778 -0.777778
v -0.777778 1.000000 -0.777778
v -1.000000 1.000000 -0.777778
v -0.777778 0.555556 -1.000000
v -1.000000 0.555556 -1.000000
v -0.777778 0.777778 -1.000000
v -1.000000 0.777778 -1.000000
v -0.777778 1.000000 -1.000000
v -1.000000 1.000000 -1.000000
v -0.555556 0.555556 -0.555556
v -0.555556 0.777778 -0.555556
v -0.555556 1.000000 -0.555556
v -0.555556 0.555556 -0.777778
v -0.555556 0.555556 -1.000000
v -0.555556 0.777778 -0.777778
v -0.555556 1.000000 -0.777778
v -0.555556 0.777778 -1.000000
v -0.555556 1.000000 -1.000000
v -0.333333 0.555556 -0.555556
v -0.333333 0.777778 -0.555556
v -0.333333 1.000000 -0.555556
v -0.333333 0.555556 -0.777778
v -0.333333 0.777778 -0.777778
v -0.333333 1.000000 -0.777778
v -0.333333 0.555556 -1.000000
v -0.333333 0.777778 -1.000000
v -0.333333 1.000000 -1.000000
v -0.111111 -1.000000 1.000000
v -0.111111 -0.777778 1.000000
v -0.111111 -1.000000 0.777778
v -0.111111 -0.777778 0.777778
v -0.111111 -0.555556 1.000000
v -0.111111 -0.555556 0.777778
v -0.111111 -0.333333 1.000000
v -0.111111 -0.333333 0.777778
v -0.111111 -1.000000 0.555556
v -0.111111 -0.777778 0.555556
v -0.111111 -0.555556 0.555556
v -0.111111 -0.333333 0.555556
v -0.111111 -1.000000 0.333333
v -0.111111 -0.777778 0.333333
v -0.111111 -0.555556 0.333333
v -0.111111 -0.333333 0.333333
v 0.111111 -1.000000 1.000000
v 0.111111 -0.777778 1.000000
v 0.111111 -1.000000 0.777778
v 0.111111 -0.777778 0.777778
v 0.111111 -0.555556 1.000000
v 0.111111 -0.333333 1.000000
v 0.111111 -0.555556 0.777778
v 0.111111 -0.333333 0.777778
v 0.111111 -1.000000 0.555556
v 0.111111 -0.777778 0.555556
v 0.111111 -1.000000 0.333333
v 0.111111 -0.777778 0.333333
v 0.111111 -0.555556 0.555556
v 0.111111 -0.333333 0.555556
v 0.111111 -0.555556 0.333333
v 0.111111 -0.333333 0.333333
v 0.333333 -1.000000 1.000000
v 0.333333 -0.777778 1.000000
v 0.333333 -1.000000 0.777778
v 0.333333 -0.777778 0.777778
v 0.333333 -0.555556 1.000000
v 0.333333 -0.555556 0.777778
v 0.333333 -0.333333 1.000000
v 0.333333 -0.333333 0.777778
v 0.333333 -1.000000 0.555556
v 0.333333 -0.777778 0.555556
v 0.333333 -0.555556 0.555556
v 0.333333 -0.333333 0.555556
v 0.333333 -1.000000 0.333333
v 0.333333 -0.777778 0.333333
v 0.333333 -0.555556 0.333333
v 0.333333 -0.333333 0.333333
v -0.111111 0.333333 1.000000
v -0.111111 0.555556 1.000000
v -0.111111 0.333333 0.777778
v -0.111111 0.555556 0.777778
v -0.111111 0.777778 1.000000
v -0.111111 0.777778 0.777778
v -0.111111 1.000000 1.000000
v -0.111111 1.000000 0.777778
v -0.111111 0.333333 0.555556
v -0.111111 0.555556 0.555556
v -0.111111 0.777778 0.555556
v -0.111111 1.000000 0.555556
v -0.111111 0.333333 0.333333
v -0.111111 0.555556 0.333333
v -0.111111 0.777778 0.333333
v -0.111111 1.000000 0.333333
v 0.111111 0.333333 1.000000
v 0.111111 0.555556 1.000000
v 0.111111 0.333333 0.777778
v 0.111111 0.555556 0.777778
v 0.111111 0.777778 1.000000
v 0.111111 1.000000 1.000000
v 0.111111 0.777778 0.777778
v 0.111111 1.000000 0.777778
v 0.111111 0.333333 0.555556
v 0.111111 0.555556 0.555556
v 0.111111 0.333333 0.333333
v 0.111111 0.555556 0.333333
v 0.111111 0.777778 0.555556
v 0.111111 1.000000 0.555556
v 0.111111 0.777778 0.333333
v 0.111111 1.000000 0.333333
v 0.333333 0.333333 1.000000
v 0.333333 0.555556 1.000000
v 0.333333 0.333333 0.777778
v 0.333333 0.555556 0.777778
v 0.333333 0.777778 1.000000
v 0.333333 0.777778 0.777778
v 0.333333 1.000000 1.000000
v 0.333333 1.000000 0.777778
v 0.333333 0.333333 0.555556
v 0.333333 0.555556 0.555556
v 0.333333 0.777778 0.555556
v 0.333333 1.000000 0.555556
v 0.333333 0.333333 0.333333
v 0.333333 0.555556 0.333333
v 0.333333 0.777778 0.333333
v 0.333333 1.000000 0.333333
v -0.111111 -1.000000 -0.333333
v -0.111111 -0.777778 -0.333333
v -0.111111 -1.000000 -0.555556
v -0.111111 -0.777778 -0.555556
v -0.111111 -0.555556 -0.333333
v -0.111111 -0.555556 -0.555556
v -0.111111 -0.333333 -0.333333
v -0.111111 -0.333333 -0.555556
v -0.111111 -1.000000 -0.777778
v -0.111111 -0.777778 -0.777778
v -0.111111 -0.555556 -0.777778
v -0.111111 -0.333333 -0.777778
v -0.111111 -1.000000 -1.000000
v -0.111111 -0.777778 -1.000000
v -0.111111 -0.555556 -1.000000
v -0.111111 -0.333333 -1.000000
v 0.111111 -1.000000 -0.333333
v 0.111111 -0.777778 -0.333333
v 0.111111 -1.000000 -0.555556
v 0.111111 -0.777778 -0.555556
v 0.111111 -0.555556 -0.333333
v 0.111111 -0.333333 -0.333333
v 0.111111 -0.555556 -0.555556
v 0.111111 -0.333333 -0.555556
v 0.111111 -1.000000 -0.777778
v 0.111111 -0.777778 -0.777778
v 0.111111 -1.000000 -1.000000
v 0.111111 -0.777778 -1.000000
v 0.111111 -0.555556 -0.777778
v 0.111111 -0.333333 -0.777778
v 0.111111 -0.555556 -1.000000
v 0.111111 -0.333333 -1.000000
v 0.333333 -1.000000 -0.333333
v 0.333333 -0.777778 -0.333333
v 0.333333 -1.000000 -0.555556
v 0.333333 -0.777778 -0.555556
v 0.333333 -0.555556 -0.333333
v 0.333333 -0.555556 -0.555556
v 0.333333 -0.333333 -0.333333
v 0.333333 -0.333333 -0.555556
v 0.333333 -1.000000 -0.777778
v 0.333333 -0.777778 -0.777778
v 0.333333 -0.555556 -0.777778
v 0.333333 -0.333333 -0.777778
v 0.333333 -1.000000 -1.000000
v 0.333333 -0.777778 -1.000000
v 0.333333 -0.555556 -1.000000
v 0.333333 -0.333333 -1.000000
v -0.111111 0.333333 -0.333333
v -0.111111 0.555556 -0.333333
v -0.111111 0.333333 -0.555556
v -0.111111 0.555556 -0.555556
v -0.111111 0.777778 -0.333333
v -0.111111 0.777778 -0.555556
v -0.111111 1.000000 -0.333333
v -0.111111 1.000000 -0.555556
v -0.111111 0.333333 -0.777778
v -0.111111 0.555556 -0.777778
v -0.111111 0.777778 -0.777778
v -0.111111 1.000000 -0.777778
v -0.111111 0.333333 -1.000000
v -0.111111 0.555556 -1.000000
v -0.111111 0.777778 -1.000000
v -0.111111 1.000000 -1.000000
v 0.111111 0.333333 -0.333333
v 0.111111 0.555556 -0.333333
v 0.111111 0.333333 -0.555556
v 0.111111 0.555556 -0.555556
v 0.111111 0.777778 -0.333333
v 0.111111 1.000000 -0.333333
v 0.111111 0.777778 -0.555556
v 0.111111 1.000000 -0.555556
v 0.111111 0.333333 -0.777778
v 0.111111 0.555556 -0.777778
v 0.111111 0.333333 -1.000000
v 0.111111 0.555556 -1.000000
v 0.111111 0.777778 -0.777778
v 0.111111 1.000000 -0.777778
v 0.111111 0.777778 -1.000000
v 0.111111 1.000000 -1.000000
v 0.333333 0.333333 -0.333333
v 0.333333 0.555556 -0.333333
v 0.333333 0.333333 -0.555556
v 0.333333 0.555556 -0.555556
v 0.333333 0.777778 -0.333333
v 0.333333 0.777778 -0.555556
v 0.333333 1.000000 -0.333333
v 0.333333 1.000000 -0.555556
v 0.333333 0.333333 -0.777778
v 0.333333 0.555556 -0.777778
v 0.333333 0.777778 -0.777778
v 0.333333 1.000000 -0.777778
v 0.333333 0.333333 -1.000000
v 0.333333 0.555556 -1.000000
v 0.333333 0.777778 -1.000000
v 0.333333 1.000000 -1.000000
v 0.555556 -1.000000 1.000000
v 0.555556 -0.777778 1.000000
v 0.555556 -1.000000 0.777778
v 0.555556 -0.777778 0.777778
v 0.555556 -0.555556 1.000000
v 0.555556 -0.555556 0.777778
v 0.555556 -0.333333 1.000000
v 0.555556 -0.333333 0.777778
v 0.555556 -1.000000 0.555556
v 0.555556 -0.777778 0.555556
v 0.555556 -0.555556 0.555556
v 0.555556 -0.333333 0.555556
v 0.555556 -1.000000 0.333333
v 0.555556 -0.777778 0.333333
v 0.555556 -0.555556 0.333333
v 0.555556 -0.333333 0.333333
v 0.777778 -1.000000 1.000000
v 0.777778 -0.777778 1.000000
v 0.777778 -1.000000 0.777778
v 0.777778 -0.777778 0.777778
v 0.777778 -0.555556 1.000000
v 0.777778 -0.333333 1.000000
v 0.777778 -0.555556 0.777778
v 0.777778 -0.333333 0.777778
v 0.777778 -1.000000 0.555556
v 0.777778 -0.777778 0.555556
v 0.777778 -1.000000 0.333333
v 0.777778 -0.777778 0.333333
v 0.777778 -0.555556 0.555556
v 0.777778 -0.333333 0.555556
v 0.777778 -0.555556 0.333333
v 0.777778 -0.333333 0.333333
v 1.000000 -1.000000 1.000000
v 1.000000 -0.777778 1.000000
v 1.000000 -1.000000 0.777778
v 1.000000 -0.777778 0.777778
v 1.000000 -0.555556 1.000000
v 1.000000 -0.555556 0.777778
v 1.000000 -0.333333 1.000000
v 1.000000 -0.333333 0.777778
v 1.000000 -1.000000 0.555556
v 1.000000 -0.777778 0.555556
v 1.000000 -0.555556 0.555556
v 1.000000 -0.333333 0.555556
v 1.000000 -1.000000 0.333333
v 1.000000 -0.777778 0.333333
v 1.000000 -0.555556 0.333333
v 1.000000 -0.333333 0.333333
v 0.555556 -0.111111 1.000000
v 0.333333 -0.111111 1.000000
v 0.555556 -0.111111 0.777778
v 0.333333 -0.111111 0.777778
v 0.555556 0.111111 1.000000
v 0.333333 0.111111 1.000000
v 0.555556 0.111111 0.777778
v 0.333333 0.111111 0.777778
v 0.555556 0.333333 1.000000
v 0.555556 0.333333 0.777778
v 0.555556 -0.111111 0.555556
v 0.333333 -0.111111 0.555556
v 0.333333 0.111111 0.555556
v 0.555556 0.111111 0.555556
v 0.555556 0.333333 0.555556
v 0.555556 -0.111111 0.333333
v 0.333333 -0.111111 0.333333
v 0.555556 0.111111 0.333333
v 0.333333 0.111111 0.333333
v 0.555556 0.333333 0.333333
v 0.777778 -0.111111 1.000000
v 0.777778 -0.111111 0.777778
v 0.777778 0.111111 1.000000
v 0.777778 0.333333 1.000000
v 0.777778 0.111111 0.777778
v 0.777778 0.333333 0.777778
v 0.777778 -0.111111 0.555556
v 0.777778 -0.111111 0.333333
v 0.777778 0.111111 0.555556
v 0.777778 0.333333 0.555556
v 0.777778 0.111111 0.333333
v 0.777778 0.333333 0.333333
v 1.000000 -0.111111 1.000000
v 1.000000 -0.111111 0.777778
v 1.000000 0.111111 1.000000
v 1.000000 0.111111 0.777778
v 1.000000 0.333333 1.000000
v 1.000000 0.333333 0.777778
v 1.000000 -0.111111 0.555556
v 1.000000 0.111111 0.555556
v 1.000000 0.333333 0.555556
v 1.000000 -0.111111 0.333333
v 1.000000 0.111111 0.333333
v 1.000000 0.333333 0.333333
v 0.555556 0.555556 1.000000
v 0.555556 0.555556 0.777778
v 0.555556 0.777778 1.000000
v 0.555556 0.777778 0.777778
v 0.555556 1.000000 1.000000
v 0.555556 1.000000 0.777778
v 0.555556 0.555556 0.555556
v 0.555556 0.777778 0.555556
v 0.555556 1.000000 0.555556
v 0.555556 0.555556 0.333333
v 0.555556 0.777778 0.333333
v 0.555556 1.000000 0.333333
v 0.777778 0.555556 1.000000
v 0.777778 0.555556 0.777778
v 0.777778 0.777778 1.000000
v 0.777778 1.000000 1.000000
v 0.777778 0.777778 0.777778
v 0.777778 1.000000 0.777778
v 0.777778 0.555556 0.555556
v 0.777778 0.555556 0.333333
v 0.777778 0.777778 0.555556
v 0.777778 1.000000 0.555556
v 0.777778 0.777778 0.333333
v 0.777778 1.000000 0.333333
v 1.000000 0.555556 1.000000
v 1.000000 0.555556 0.777778
v 1.000000 0.777778 1.000000
v 1.000000 0.777778 0.777778
v 1.000000 1.000000 1.000000
v 1.000000 1.000000 0.777778
v 1.000000 0.555556 0.555556
v 1.000000 0.777778 0.555556
v 1.000000 1.000000 0.555556
v 1.000000 0.555556 0.333333
v 1.000000 0.777778 0.333333
v 1.000000 1.000000 0.333333
v 0.333333 -1.000000 0.111111
v 0.555556 -1.000000 0.111111
v 0.555556 -0.777778 0.111111
v 0.333333 -0.777778 0.111111
v 0.555556 -0.555556 0.111111
v 0.333333 -0.555556 0.111111
v 0.555556 -0.333333 0.111111
v 0.333333 -0.333333 0.111111
v 0.333333 -1.000000 -0.111111
v 0.555556 -1.000000 -0.111111
v 0.555556 -0.777778 -0.111111
v 0.333333 -0.777778 -0.111111
v 0.333333 -0.555556 -0.111111
v 0.555556 -0.555556 -0.111111
v 0.555556 -0.333333 -0.111111
v 0.333333 -0.333333 -0.111111
v 0.555556 -1.000000 -0.333333
v 0.555556 -0.777778 -0.333333
v 0.555556 -0.555556 -0.333333
v 0.555556 -0.333333 -0.333333
v 0.777778 -1.000000 0.111111
v 0.777778 -0.777778 0.111111
v 0.777778 -0.555556 0.111111
v 0.777778 -0.333333 0.111111
v 0.777778 -1.000000 -0.111111
v 0.777778 -0.777778 -0.111111
v 0.777778 -1.000000 -0.333333
v 0.777778 -0.777778 -0.333333
v 0.777778 -0.555556 -0.111111
v 0.777778 -0.333333 -0.111111
v 0.777778 -0.555556 -0.333333
v 0.777778 -0.333333 -0.333333
v 1.000000 -1.000000 0.111111
v 1.000000 -0.777778 0.111111
v 1.000000 -0.555556 0.111111
v 1.000000 -0.333333 0.111111
v 1.000000 -1.000000 -0.111111
v 1.000000 -0.777778 -0.111111
v 1.000000 -0.555556 -0.111111
v 1.000000 -0.333333 -0.111111
v 1.000000 -1.000000 -0.333333
v 1.000000 -0.777778 -0.333333
v 1.000000 -0.555556 -0.333333
v 1.000000 -0.333333 -0.333333
v 0.333333 0.333333 0.111111
v 0.555556 0.333333 0.111111
v 0.555556 0.555556 0.111111
v 0.333333 0.555556 0.111111
v 0.555556 0.777778 0.111111
v 0.333333 0.777778 0.111111
v 0.555556 1.000000 0.111111
v 0.333333 1.000000 0.111111
v 0.333333 0.333333 -0.111111
v 0.555556 0.333333 -0.111111
v 0.555556 0.555556 -0.111111
v 0.333333 0.555556 -0.111111
v 0.333333 0.777778 -0.111111
v 0.555556 0.777778 -0.111111
v 0.555556 1.000000 -0.111111
v 0.333333 1.000000 -0.111111
v 0.555556 0.333333 -0.333333
v 0.555556 0.555556 -0.333333
v 0.555556 0.777778 -0.333333
v 0.555556 1.000000 -0.333333
v 0.777778 0.333333 0.111111
v 0.777778 0.555556 0.111111
v 0.777778 0.777778 0.111111
v 0.777778 1.000000 0.111111
v 0.777778 0.333333 -0.111111
v 0.777778 0.555556 -0.111111
v 0.777778 0.333333 -0.333333
v 0.777778 0.555556 -0.333333
v 0.777778 0.777778 -0.111111
v 0.777778 1.000000 -0.111111
v 0.777778 0.777778 -0.333333
v 0.777778 1.000000 -0.333333
v 1.000000 0.333333 0.111111
v 1.000000 0.555556 0.111111
v 1.000000 0.777778 0.111111
v 1.000000 1.000000 0.111111
v 1.000000 0.333333 -0.111111
v 1.000000 0.555556 -0.111111
v 1.000000 0.777778 -0.111111
v 1.000000 1.000000 -0.111111
v 1.000000 0.333333 -0.333333
v 1.000000 0.555556 -0.333333
v 1.000000 0.777778 -0.333333
v 1.000000 1.000000 -0.333333
v 0.555556 -1.000000 -0.555556
v 0.555556 -0.777778 -0.555556
v 0.555556 -0.555556 -0.555556
v 0.555556 -0.333333 -0.555556
v 0.555556 -1.000000 -0.777778
v 0.555556 -0.777778 -0.777778
v 0.555556 -0.555556 -0.777778
v 0.555556 -0.333333 -0.777778
v 0.555556 -1.000000 -1.000000
v 0.555556 -0.777778 -1.000000
v 0.555556 -0.555556 -1.000000
v 0.555556 -0.333333 -1.000000
v 0.777778 -1.000000 -0.555556
v 0.777778 -0.777778 -0.555556
v 0.777778 -0.555556 -0.555556
v 0.777778 -0.333333 -0.555556
v 0.777778 -1.000000 -0.777778
v 0.777778 -0.777778 -0.777778
v 0.777778 -1.000000 -1.000000
v 0.777778 -0.777778 -1.000000
v 0.777778 -0.555556 -0.777778
v 0.777778 -0.333333 -0.777778
v 0.777778 -0.555556 -1.000000
v 0.777778 -0.333333 -1.000000
v 1.000000 -1.000000 -0.555556
v 1.000000 -0.777778 -0.555556
v 1.000000 -0.555556 -0.555556
v 1.000000 -0.333333 -0.555556
v 1.000000 -1.000000 -0.777778
v 1.000000 -0.777778 -0.777778
v 1.000000 -0.555556 -0.777778
v 1.000000 -0.333333 -0.777778
v 1.000000 -1.000000 -1.000000
v 1.000000 -0.777778 -1.000000
v 1.000000 -0.555556 -1.000000
v 1.000000 -0.333333 -1.000000
v 0.555556 -0.111111 -0.333333
v 0.333333 -0.111111 -0.333333
v 0.555556 -0.111111 -0.555556
v 0.333333 -0.111111 -0.555556
v 0.555556 0.111111 -0.333333
v 0.333333 0.111111 -0.333333
v 0.555556 0.111111 -0.555556
v 0.333333 0.111111 -0.555556
v 0.555556 0.333333 -0.555556
v 0.555556 -0.111111 -0.777778
v 0.333333 -0.111111 -0.777778
v 0.333333 0.111111 -0.777778
v 0.555556 0.111111 -0.777778
v 0.555556 0.333333 -0.777778
v 0.555556 -0.111111 -1.000000
v 0.333333 -0.111111 -1.000000
v 0.555556 0.111111 -1.000000
v 0.333333 0.111111 -1.000000
v 0.555556 0.333333 -1.000000
v 0.777778 -0.111111 -0.333333
v 0.777778 -0.111111 -0.555556
v 0.777778 0.111111 -0.333333
v 0.777778 0.111111 -0.555556
v 0.777778 0.333333 -0.555556
v 0.777778 -0.111111 -0.777778
v 0.777778 -0.111111 -1.000000
v 0.777778 0.111111 -0.777778
v 0.777778 0.333333 -0.777778
v 0.777778 0.111111 -1.000000
v 0.777778 0.333333 -1.000000
v 1.000000 -0.111111 -0.333333
v 1.000000 -0.111111 -0.555556
v 1.000000 0.111111 -0.333333
v 1.000000 0.111111 -0.555556
v 1.000000 0.333333 -0.555556
v 1.000000 -0.111111 -0.777778
v 1.000000 0.111111 -0.777778
v 1.000000 0.333333 -0.777778
v 1.000000 -0.111111 -1.000000
v 1.000000 0.111111 -1.000000
v 1.000000 0.333333 -1.000000
v 0.555556 0.555556 -0.555556
v 0.555556 0.777778 -0.555556
v 0.555556 1.000000 -0.555556
v 0.555556 0.555556 -0.777778
v 0.555556 0.777778 -0.777778
v 0.555556 1.000000 -0.777778
v 0.555556 0.555556 -1.000000
v 0.555556 0.777778 -1.000000
v 0.555556 1.000000 -1.000000
v 0.777778 0.555556 -0.555556
v 0.777778 0.777778 -0.555556
v 0.777778 1.000000 -0.555556
v 0.777778 0.555556 -0.777778
v 0.777778 0.555556 -1.000000
v 0.777778 0.777778 -0.777778
v 0.777778 1.000000 -0.777778
v 0.777778 0.777778 -1.000000
v 0.777778 1.000000 -1.000000
v 1.000000 0.555556 -0.555556
v 1.000000 0.777778 -0.555556
v 1.000000 1.000000 -0.555556
v 1.000000 0.555556 -0.777778
v 1.000000 0.777778 -0.777778
v 1.000000 1.000000 -0.777778
v 1.000000 0.555556 -1.000000
v 1.000000 0.777778 -1.000000
v 1.000000 1.000000 -1.000000
v -1.000000 -0.888889 1.000000
v -1.000000 -0.888889 0.777778
v -1.000000 -1.000000 0.888889
v -0.888889 -1.000000 1.000000
v -0.888889 -1.000000 0.777778
v -0.777778 -0.555556 0.888889
v -0.888889 -0.555556 1.000000
v -0.777778 -0.444445 1.000000
v -0.888889 -0.333333 1.000000
v -1.000000 -0.888889 0.555556
v -1.000000 -1.000000 0.666667
v -0.888889 -1.000000 0.555556
v -1.000000 -0.444445 0.555556
v -0.888889 -0.555556 0.555556
v -1.000000 -0.888889 0.333333
v -1.000000 -1.000000 0.444445
v -0.888889 -1.000000 0.333333
v -1.000000 -0.555556 0.444445
v -0.555556 -0.888889 1.000000
v -0.555556 -1.000000 0.888889
v -0.666667 -0.555556 1.000000
v -0.555556 -0.444445 1.000000
v -0.666667 -0.333333 1.000000
v -0.555556 -0.555556 0.888889
v -0.555556 -0.888889 0.555556
v -0.555556 -1.000000 0.444445
v -0.555556 -0.444445 0.555556
v -0.666667 -0.555556 0.333333
v -0.555556 -0.555556 0.444445
v -0.444445 -1.000000 1.000000
v -0.333333 -0.888889 1.000000
v -0.333333 -1.000000 0.888889
v -0.444445 -0.555556 1.000000
v -0.333333 -0.444445 1.000000
v -0.444445 -1.000000 0.555556
v -0.444445 -0.555556 0.555556
v -0.333333 -1.000000 0.444445
v -0.777778 -0.222222 1.000000
v -0.888889 -0.111111 1.000000
v -0.777778 -0.111111 0.888889
v -0.777778 0.111111 0.888889
v -0.777778 0.000000 1.000000
v -0.888889 0.111111 1.000000
v -0.777778 0.222222 1.000000
v -0.888889 0.333333 1.000000
v -0.888889 -0.111111 0.555556
v -0.777778 -0.111111 0.444445
v -0.777778 0.000000 0.555556
v -0.888889 0.111111 0.333333
v -0.777778 0.222222 0.333333
v -0.666667 -0.111111 1.000000
v -0.555556 -0.111111 0.888889
v -0.666667 0.111111 1.000000
v -0.666667 0.333333 1.000000
v -0.555556 0.222222 0.777778
v -0.666667 -0.111111 0.555556
v -0.555556 0.222222 0.555556
v -0.666667 0.333333 0.555556
v -0.666667 0.111111 0.333333
v -0.555556 0.111111 0.444445
v -0.333333 -0.111111 0.888889
v -0.444445 -0.111111 1.000000
v -0.555556 0.000000 1.000000
v -0.333333 0.000000 1.000000
v -0.444445 0.111111 0.777778
v -0.333333 0.333333 0.888889
v -0.555556 0.111111 0.666667
v -0.444445 0.111111 0.555556
v -0.333333 0.333333 0.444445
v -0.777778 0.444445 1.000000
v -0.888889 0.555556 1.000000
v -0.777778 0.555556 0.888889
v -0.777778 0.777778 0.888889
v -0.777778 0.666667 1.000000
v -0.888889 0.777778 1.000000
v -0.777778 0.888889 1.000000
v -0.888889 1.000000 1.000000
v -0.777778 1.000000 0.888889
v -0.777778 0.444445 0.555556
v -0.888889 0.555556 0.555556
v -0.888889 1.000000 0.555556
v -0.777778 0.555556 0.444445
v -0.777778 0.666667 0.555556
v -0.777778 1.000000 0.444445
v -0.666667 0.555556 1.000000
v -0.555556 0.555556 0.888889
v -0.666667 0.777778 1.000000
v -0.666667 1.000000 1.000000
v -0.555556 0.888889 0.777778
v -0.666667 0.555556 0.555556
v -0.555556 0.888889 0.555556
v -0.666667 1.000000 0.555556
v -0.666667 0.777778 0.333333
v -0.555556 0.777778 0.444445
v -0.333333 0.444445 1.000000
v -0.444445 0.555556 1.000000
v -0.555556 0.666667 1.000000
v -0.333333 0.666667 1.000000
v -0.444445 0.777778 0.777778
v -0.333333 1.000000 0.888889
v -0.555556 0.777778 0.666667
v -0.444445 0.777778 0.555556
v -0.333333 1.000000 0.444445
v -1.000000 -0.888889 0.111111
v -1.000000 -1.000000 0.222222
v -0.888889 -1.000000 0.111111
v -0.777778 -0.555556 0.222222
v -0.888889 -0.555556 0.111111
v -1.000000 -0.888889 -0.111111
v -1.000000 -1.000000 0.000000
v -0.888889 -1.000000 -0.111111
v -1.000000 -0.444445 -0.111111
v -0.777778 -0.555556 0.000000
v -0.777778 -0.444445 0.111111
v -0.888889 -0.555556 -0.111111
v -1.000000 -0.888889 -0.333333
v -1.000000 -1.000000 -0.222222
v -0.888889 -1.000000 -0.333333
v -1.000000 -0.555556 -0.222222
v -0.555556 -0.888889 0.111111
v -0.666667 -0.555556 0.111111
v -0.555556 -0.888889 -0.111111
v -0.555556 -1.000000 -0.222222
v -0.555556 -0.444445 -0.111111
v -0.666667 -0.555556 -0.333333
v -0.555556 -0.555556 -0.222222
v -0.333333 -1.000000 0.222222
v -0.333333 -0.888889 0.111111
v -0.333333 -0.888889 0.333333
v -0.444445 -1.000000 0.111111
v -0.555556 -1.000000 0.000000
v -0.333333 -1.000000 0.000000
v -0.333333 -0.888889 -0.111111
v -0.444445 -1.000000 -0.111111
v -0.444445 -0.555556 -0.111111
v -0.333333 -1.000000 -0.222222
v -0.333333 -0.888889 -0.333333
v -1.000000 0.444445 0.111111
v -0.888889 0.333333 0.111111
v -0.777778 0.777778 0.222222
v -0.888889 0.777778 0.111111
v -1.000000 0.444445 -0.111111
v -1.000000 0.333333 0.000000
v -0.888889 0.333333 -0.111111
v -1.000000 0.888889 -0.111111
v -0.777778 0.777778 0.000000
v -0.777778 0.888889 0.111111
v -0.888889 0.777778 -0.111111
v -1.000000 0.444445 -0.333333
v -1.000000 0.333333 -0.222222
v -0.888889 0.333333 -0.333333
v -1.000000 0.777778 -0.222222
v -0.555556 0.444445 0.111111
v -0.666667 0.777778 0.111111
v -0.555556 0.444445 -0.111111
v -0.555556 0.333333 -0.222222
v -0.555556 0.888889 -0.111111
v -0.666667 0.777778 -0.333333
v -0.555556 0.777778 -0.222222
v -0.333333 0.444445 0.111111
v -0.444445 0.333333 0.111111
v -0.555556 0.333333 0.000000
v -0.333333 0.333333 0.000000
v -0.333333 0.444445 -0.111111
v -0.444445 0.333333 -0.111111
v -0.444445 0.777778 -0.111111
v -0.333333 0.333333 -0.222222
v -0.333333 0.444445 -0.333333
v -1.000000 -0.888889 -0.555556
v -1.000000 -1.000000 -0.444445
v -0.888889 -1.000000 -0.555556
v -0.777778 -0.555556 -0.444445
v -0.888889 -0.555556 -0.555556
v -1.000000 -0.888889 -0.777778
v -1.000000 -1.000000 -0.666667
v -0.888889 -1.000000 -0.777778
v -1.000000 -0.444445 -0.777778
v -0.777778 -0.555556 -0.666667
v -0.777778 -0.444445 -0.555556
v -0.888889 -0.555556 -0.777778
v -1.000000 -0.888889 -1.000000
v -1.000000 -1.000000 -0.888889
v -0.888889 -1.000000 -1.000000
v -1.000000 -0.555556 -0.888889
v -0.888889 -0.555556 -1.000000
v -0.777778 -0.444445 -1.000000
v -0.555556 -0.888889 -0.555556
v -0.666667 -0.555556 -0.555556
v -0.555556 -0.888889 -0.777778
v -0.555556 -1.000000 -0.888889
v -0.555556 -0.444445 -0.777778
v -0.666667 -0.555556 -1.000000
v -0.555556 -0.555556 -0.888889
v -0.444445 -1.000000 -0.555556
v -0.333333 -1.000000 -0.444445
v -0.555556 -1.000000 -0.666667
v -0.444445 -1.000000 -0.777778
v -0.333333 -1.000000 -0.666667
v -0.444445 -0.555556 -0.777778
v -0.333333 -0.888889 -1.000000
v -0.333333 -1.000000 -0.888889
v -0.888889 -0.111111 -0.333333
v -0.777778 -0.111111 -0.444445
v -0.777778 0.111111 -0.444445
v -0.777778 0.000000 -0.333333
v -0.888889 0.111111 -0.333333
v -1.000000 0.222222 -0.333333
v -1.000000 0.333333 -0.444445
v -1.000000 0.222222 -0.777778
v -0.777778 0.333333 -0.666667
v -0.888889 0.111111 -0.777778
v -0.888889 -0.111111 -1.000000
v -1.000000 0.111111 -0.888889
v -0.777778 0.000000 -1.000000
v -0.888889 0.333333 -1.000000
v -0.666667 -0.111111 -0.333333
v -0.666667 0.111111 -0.333333
v -0.666667 0.333333 -0.555556
v -0.555556 0.111111 -0.444445
v -0.666667 -0.111111 -1.000000
v -0.666667 0.333333 -1.000000
v -0.444445 0.111111 -0.333333
v -0.333333 0.222222 -0.555556
v -0.333333 0.333333 -0.444445
v -0.333333 0.222222 -0.333333
v -0.333333 0.111111 -0.666667
v -0.444445 -0.111111 -1.000000
v -0.555556 0.000000 -1.000000
v -0.333333 0.333333 -0.888889
v -0.444445 0.333333 -1.000000
v -0.777778 0.666667 -0.555556
v -0.777778 0.777778 -0.444445
v -0.888889 0.555556 -0.555556
v -0.888889 1.000000 -0.555556
v -0.777778 0.555556 -0.666667
v -0.777778 0.444445 -0.555556
v -1.000000 0.888889 -0.777778
v -0.777778 1.000000 -0.666667
v -0.888889 0.777778 -0.777778
v -0.888889 0.555556 -1.000000
v -0.777778 0.444445 -1.000000
v -1.000000 0.777778 -0.888889
v -0.777778 0.666667 -1.000000
v -0.888889 1.000000 -1.000000
v -0.666667 0.555556 -0.555556
v -0.666667 1.000000 -0.555556
v -0.666667 0.555556 -1.000000
v -0.555556 0.444445 -1.000000
v -0.666667 1.000000 -1.000000
v -0.555556 1.000000 -0.888889
v -0.444445 1.000000 -0.555556
v -0.555556 1.000000 -0.666667
v -0.333333 0.777778 -0.666667
v -0.444445 1.000000 -0.777778
v -0.333333 1.000000 -0.888889
v -0.222222 -1.000000 1.000000
v -0.111111 -0.888889 1.000000
v -0.111111 -1.000000 0.888889
v -0.111111 -0.555556 0.888889
v -0.222222 -0.555556 1.000000
v -0.111111 -0.444445 1.000000
v -0.111111 -0.888889 0.555556
v -0.222222 -1.000000 0.555556
v -0.111111 -0.888889 0.333333
v -0.222222 -1.000000 0.333333
v -0.111111 -1.000000 0.444445
v 0.000000 -1.000000 1.000000
v 0.111111 -0.888889 1.000000
v 0.111111 -1.000000 0.888889
v 0.000000 -0.555556 1.000000
v 0.111111 -0.444445 1.000000
v 0.111111 -0.555556 0.888889
v 0.000000 -1.000000 0.555556
v 0.111111 -0.888889 0.555556
v 0.000000 -1.000000 0.333333
v 0.111111 -1.000000 0.444445
v 0.111111 -0.444445 0.555556
v 0.111111 -0.555556 0.444445
v 0.222222 -1.000000 1.000000
v 0.333333 -0.888889 1.000000
v 0.333333 -1.000000 0.888889
v 0.222222 -0.555556 1.000000
v 0.333333 -0.444445 1.000000
v 0.222222 -1.000000 0.555556
v 0.222222 -0.555556 0.555556
v 0.333333 -0.888889 0.333333
v 0.333333 -1.000000 0.444445
v -0.222222 0.333333 1.000000
v -0.111111 0.444445 1.000000
v -0.222222 0.555556 1.000000
v -0.111111 0.333333 0.888889
v -0.111111 0.777778 0.888889
v -0.111111 0.888889 1.000000
v -0.222222 1.000000 1.000000
v -0.111111 0.444445 0.555556
v -0.222222 0.333333 0.555556
v -0.222222 1.000000 0.555556
v -0.111111 0.444445 0.333333
v -0.111111 0.333333 0.444445
v 0.000000 0.333333 1.000000
v 0.111111 0.444445 1.000000
v 0.111111 0.333333 0.888889
v 0.000000 0.777778 1.000000
v 0.111111 0.888889 1.000000
v 0.111111 0.777778 0.888889
v 0.000000 0.333333 0.555556
v 0.111111 0.444445 0.555556
v 0.000000 0.333333 0.333333
v 0.111111 0.333333 0.444445
v 0.111111 0.888889 0.555556
v 0.111111 0.777778 0.444445
v 0.222222 0.333333 1.000000
v 0.333333 0.444445 1.000000
v 0.333333 0.333333 0.888889
v 0.222222 0.777778 1.000000
v 0.333333 0.888889 1.000000
v 0.222222 0.333333 0.555556
v 0.222222 0.777778 0.555556
v 0.333333 0.444445 0.333333
v 0.333333 0.333333 0.444445
v -0.222222 -1.000000 -0.333333
v -0.111111 -0.888889 -0.333333
v -0.222222 -1.000000 -0.555556
v -0.111111 -1.000000 -0.444445
v -0.111111 -0.555556 -0.444445
v -0.111111 -0.444445 -0.333333
v -0.111111 -0.888889 -0.777778
v -0.222222 -1.000000 -0.777778
v -0.111111 -0.888889 -1.000000
v -0.222222 -1.000000 -1.000000
v -0.111111 -1.000000 -0.888889
v 0.000000 -1.000000 -0.333333
v 0.111111 -0.888889 -0.333333
v 0.111111 -1.000000 -0.444445
v 0.000000 -0.555556 -0.333333
v 0.111111 -0.444445 -0.333333
v 0.111111 -0.555556 -0.444445
v 0.000000 -1.000000 -0.777778
v 0.111111 -0.888889 -0.777778
v 0.000000 -1.000000 -1.000000
v 0.111111 -1.000000 -0.888889
v 0.111111 -0.444445 -0.777778
v 0.111111 -0.555556 -0.888889
v 0.222222 -1.000000 -0.333333
v 0.333333 -0.888889 -0.333333
v 0.333333 -1.000000 -0.444445
v 0.222222 -0.555556 -0.333333
v 0.333333 -0.444445 -0.333333
v 0.222222 -1.000000 -0.777778
v 0.222222 -0.555556 -0.777778
v 0.333333 -0.888889 -1.000000
v 0.333333 -1.000000 -0.888889
v -0.222222 0.333333 -0.333333
v -0.111111 0.444445 -0.333333
v -0.111111 0.333333 -0.444445
v -0.111111 0.777778 -0.444445
v -0.222222 0.777778 -0.555556
v -0.111111 0.888889 -0.333333
v -0.111111 0.444445 -0.777778
v -0.222222 0.333333 -0.777778
v -0.222222 1.000000 -0.777778
v -0.111111 0.444445 -1.000000
v -0.111111 0.333333 -0.888889
v 0.000000 0.333333 -0.333333
v 0.111111 0.444445 -0.333333
v 0.111111 0.333333 -0.444445
v 0.000000 0.777778 -0.333333
v 0.111111 0.888889 -0.333333
v 0.111111 0.777778 -0.444445
v 0.000000 0.333333 -0.777778
v 0.111111 0.444445 -0.777778
v 0.000000 0.333333 -1.000000
v 0.111111 0.333333 -0.888889
v 0.111111 0.888889 -0.777778
v 0.111111 0.777778 -0.888889
v 0.222222 0.333333 -0.333333
v 0.333333 0.444445 -0.333333
v 0.333333 0.333333 -0.444445
v 0.222222 0.777778 -0.333333
v 0.333333 0.888889 -0.333333
v 0.222222 0.333333 -0.777778
v 0.222222 0.777778 -0.777778
v 0.333333 0.444445 -1.000000
v 0.333333 0.333333 -0.888889
v 0.444445 -1.000000 1.000000
v 0.555556 -0.888889 1.000000
v 0.555556 -1.000000 0.888889
v 0.555556 -0.555556 0.888889
v 0.444445 -0.555556 1.000000
v 0.555556 -0.444445 1.000000
v 0.555556 -0.888889 0.555556
v 0.444445 -1.000000 0.555556
v 0.444445 -1.000000 0.333333
v 0.555556 -1.000000 0.444445
v 0.666667 -1.000000 1.000000
v 0.777778 -0.888889 1.000000
v 0.777778 -1.000000 0.888889
v 0.666667 -0.555556 1.000000
v 0.777778 -0.444445 1.000000
v 0.777778 -0.555556 0.888889
v 0.666667 -1.000000 0.555556
v 0.777778 -0.888889 0.555556
v 0.666667 -1.000000 0.333333
v 0.777778 -1.000000 0.444445
v 0.777778 -0.444445 0.555556
v 0.777778 -0.555556 0.444445
v 1.000000 -1.000000 0.888889
v 1.000000 -0.888889 1.000000
v 0.888889 -1.000000 1.000000
v 1.000000 -0.555556 0.888889
v 0.888889 -0.555556 1.000000
v 1.000000 -0.444445 1.000000
v 1.000000 -0.888889 0.555556
v 0.888889 -1.000000 0.555556
v 0.888889 -0.555556 0.555556
v 1.000000 -1.000000 0.444445
v 1.000000 -0.888889 0.333333
v 0.444445 -0.111111 1.000000
v 0.555556 -0.111111 0.888889
v 0.555556 0.111111 0.888889
v 0.555556 0.000000 1.000000
v 0.444445 0.111111 1.000000
v 0.333333 0.222222 1.000000
v 0.555556 0.222222 1.000000
v 0.444445 0.333333 1.000000
v 0.333333 0.222222 0.555556
v 0.444445 0.111111 0.555556
v 0.333333 0.111111 0.444445
v 0.333333 0.000000 0.333333
v 0.333333 0.222222 0.333333
v 0.444445 0.333333 0.333333
v 0.666667 -0.111111 1.000000
v 0.777778 -0.111111 0.888889
v 0.666667 0.111111 1.000000
v 0.666667 0.333333 1.000000
v 0.777778 0.222222 0.777778
v 0.777778 0.222222 0.555556
v 0.777778 0.111111 0.444445
v 1.000000 -0.111111 0.888889
v 0.888889 -0.111111 1.000000
v 0.777778 0.000000 1.000000
v 1.000000 0.000000 1.000000
v 0.888889 0.111111 0.777778
v 1.000000 0.333333 0.888889
v 0.777778 0.111111 0.666667
v 0.888889 0.111111 0.555556
v 1.000000 0.333333 0.444445
v 0.555556 0.444445 1.000000
v 0.555556 0.555556 0.888889
v 0.555556 0.666667 1.000000
v 0.444445 0.777778 1.000000
v 0.555556 1.000000 0.888889
v 0.555556 1.000000 0.444445
v 0.666667 0.555556 1.000000
v 0.777778 0.555556 0.888889
v 0.666667 1.000000 1.000000
v 0.777778 0.888889 0.777778
v 0.777778 0.888889 0.555556
v 0.666667 1.000000 0.555556
v 0.777778 0.777778 0.444445
v 1.000000 0.555556 0.888889
v 1.000000 0.444445 1.000000
v 0.888889 0.555556 1.000000
v 0.777778 0.666667 1.000000
v 1.000000 0.666667 1.000000
v 0.888889 0.777778 0.777778
v 1.000000 1.000000 0.888889
v 1.000000 0.444445 0.555556
v 0.777778 0.777778 0.666667
v 0.888889 0.777778 0.555556
v 1.000000 1.000000 0.444445
v 0.333333 -0.888889 0.111111
v 0.333333 -1.000000 0.222222
v 0.444445 -1.000000 0.111111
v 0.555556 -1.000000 0.222222
v 0.444445 -0.555556 0.111111
v 0.333333 -0.888889 -0.111111
v 0.333333 -1.000000 0.000000
v 0.444445 -1.000000 -0.111111
v 0.333333 -0.444445 -0.111111
v 0.555556 -0.555556 0.000000
v 0.555556 -0.444445 0.111111
v 0.444445 -0.555556 -0.111111
v 0.333333 -1.000000 -0.222222
v 0.444445 -1.000000 -0.333333
v 0.333333 -0.555556 -0.222222
v 0.777778 -0.888889 0.111111
v 0.666667 -0.555556 0.111111
v 0.777778 -0.888889 -0.111111
v 0.666667 -1.000000 -0.333333
v 0.777778 -1.000000 -0.222222
v 0.777778 -0.444445 -0.111111
v 0.777778 -0.555556 -0.222222
v 1.000000 -1.000000 0.222222
v 1.000000 -0.888889 0.111111
v 0.888889 -1.000000 0.111111
v 0.777778 -1.000000 0.000000
v 1.000000 -1.000000 0.000000
v 1.000000 -0.888889 -0.111111
v 0.888889 -1.000000 -0.111111
v 0.888889 -0.555556 -0.111111
v 1.000000 -1.000000 -0.222222
v 1.000000 -0.888889 -0.333333
v 0.333333 0.444445 0.111111
v 0.333333 0.333333 0.222222
v 0.444445 0.333333 0.111111
v 0.444445 0.777778 0.111111
v 0.333333 0.444445 -0.111111
v 0.333333 0.333333 0.000000
v 0.444445 0.333333 -0.111111
v 0.333333 0.888889 -0.111111
v 0.555556 0.777778 0.000000
v 0.555556 0.888889 0.111111
v 0.444445 0.777778 -0.111111
v 0.333333 0.333333 -0.222222
v 0.444445 0.333333 -0.333333
v 0.333333 0.777778 -0.222222
v 0.777778 0.444445 0.111111
v 0.666667 0.777778 0.111111
v 0.777778 0.444445 -0.111111
v 0.666667 0.333333 -0.333333
v 0.777778 0.333333 -0.222222
v 0.777778 0.888889 -0.111111
v 0.777778 0.777778 -0.222222
v 1.000000 0.444445 0.111111
v 0.888889 0.333333 0.111111
v 0.777778 0.333333 0.000000
v 1.000000 0.333333 0.000000
v 1.000000 0.444445 -0.111111
v 0.888889 0.333333 -0.111111
v 0.888889 0.777778 -0.111111
v 1.000000 0.333333 -0.222222
v 1.000000 0.444445 -0.333333
v 0.555556 -1.000000 -0.444445
v 0.555556 -1.000000 -0.666667
v 0.555556 -0.888889 -0.777778
v 0.555556 -0.888889 -0.555556
v 0.444445 -1.000000 -0.777778
v 0.555556 -0.888889 -1.000000
v 0.444445 -1.000000 -1.000000
v 0.555556 -1.000000 -0.888889
v 0.777778 -0.888889 -0.555556
v 0.666667 -1.000000 -0.555556
v 0.666667 -1.000000 -0.777778
v 0.777778 -0.888889 -0.777778
v 0.666667 -1.000000 -1.000000
v 0.777778 -1.000000 -0.888889
v 0.777778 -0.444445 -0.777778
v 0.777778 -0.555556 -0.888889
v 1.000000 -1.000000 -0.444445
v 1.000000 -0.888889 -0.555556
v 0.888889 -1.000000 -0.555556
v 0.777778 -1.000000 -0.666667
v 1.000000 -1.000000 -0.666667
v 1.000000 -0.888889 -0.777778
v 0.888889 -1.000000 -0.777778
v 0.888889 -0.555556 -0.777778
v 1.000000 -1.000000 -0.888889
v 1.000000 -0.888889 -1.000000
v 0.444445 -0.111111 -0.333333
v 0.555556 -0.111111 -0.444445
v 0.555556 0.111111 -0.444445
v 0.555556 0.000000 -0.333333
v 0.444445 0.111111 -0.333333
v 0.333333 0.222222 -0.333333
v 0.555556 0.222222 -0.333333
v 0.333333 0.222222 -0.777778
v 0.555556 0.222222 -0.777778
v 0.555556 0.333333 -0.666667
v 0.555556 0.111111 -0.888889
v 0.444445 0.111111 -1.000000
v 0.333333 0.222222 -1.000000
v 0.444445 0.333333 -1.000000
v 0.555556 0.222222 -1.000000
v 0.666667 -0.111111 -0.333333
v 0.666667 0.111111 -0.333333
v 0.666667 0.333333 -0.555556
v 0.777778 -0.111111 -0.888889
v 0.666667 0.111111 -0.777778
v 0.777778 0.222222 -1.000000
v 0.666667 0.111111 -1.000000
v 0.777778 0.000000 -0.555556
v 1.000000 0.111111 -0.444445
v 0.888889 -0.111111 -0.555556
v 1.000000 0.333333 -0.444445
v 1.000000 0.222222 -0.333333
v 0.777778 -0.111111 -0.666667
v 0.888889 -0.111111 -0.777778
v 1.000000 0.222222 -0.777778
v 0.777778 0.000000 -0.777778
v 1.000000 0.111111 -0.888889
v 0.888889 0.111111 -1.000000
v 0.555556 0.444445 -0.555556
v 0.555556 0.555556 -0.888889
v 0.555556 0.666667 -0.777778
v 0.555556 0.888889 -1.000000
v 0.666667 0.555556 -0.777778
v 0.666667 0.777778 -1.000000
v 0.777778 1.000000 -0.888889
v 1.000000 0.888889 -0.555556
v 0.888889 1.000000 -0.555556
v 0.777778 1.000000 -0.666667
v 1.000000 0.777778 -0.666667
v 0.888889 1.000000 -0.777778
v 1.000000 0.444445 -1.000000
v 1.000000 1.000000 -0.888889
v -0.777778 -0.888889 1.000000
v -0.777778 -1.000000 0.888889
v -1.000000 -0.555556 0.888889
v -1.000000 -0.444445 1.000000
v -1.000000 -0.333333 0.888889
v -0.777778 -1.000000 0.666667
v -0.777778 -0.888889 0.555556
v -0.777778 -0.888889 0.777778
v -0.777778 -0.444445 0.555556
v -0.777778 -1.000000 0.444445
v -0.777778 -0.555556 0.444445
v -1.000000 -0.444445 0.333333
v -0.666667 -1.000000 1.000000
v -0.666667 -1.000000 0.777778
v -0.555556 -0.777778 0.888889
v -0.666667 -1.000000 0.555556
v -0.666667 -1.000000 0.333333
v -0.555556 -0.777778 0.444445
v -0.666667 -0.555556 0.555556
v -0.444445 -0.777778 1.000000
v -0.555556 -0.666667 1.000000
v -0.333333 -0.666667 1.000000
v -0.444445 -0.333333 1.000000
v -0.444445 -0.777778 0.555556
v -0.333333 -0.555556 0.666667
v -0.555556 -0.666667 0.555556
v -0.333333 -0.666667 0.555556
v -1.000000 -0.222222 1.000000
v -1.000000 -0.111111 0.888889
v -1.000000 0.000000 1.000000
v -1.000000 0.111111 0.888889
v -1.000000 0.222222 1.000000
v -1.000000 0.333333 0.888889
v -1.000000 -0.111111 0.444445
v -1.000000 0.000000 0.555556
v -1.000000 0.333333 0.444445
v -1.000000 0.222222 0.333333
v -0.555556 -0.222222 1.000000
v -0.555556 -0.222222 0.555556
v -0.555556 0.000000 0.777778
v -0.333333 0.000000 0.777778
v -0.444445 -0.111111 0.777778
v -0.555556 -0.111111 0.666667
v -0.333333 -0.111111 0.666667
v -0.555556 0.333333 0.666667
v -0.333333 0.333333 0.666667
v -0.333333 0.000000 0.333333
v -1.000000 0.444445 1.000000
v -1.000000 0.555556 0.888889
v -1.000000 0.666667 1.000000
v -1.000000 0.777778 0.888889
v -1.000000 0.888889 1.000000
v -1.000000 1.000000 0.888889
v -1.000000 0.444445 0.555556
v -1.000000 0.555556 0.444445
v -1.000000 0.666667 0.555556
v -1.000000 1.000000 0.444445
v -1.000000 0.888889 0.333333
v -0.555556 0.444445 0.777778
v -0.555556 0.444445 0.555556
v -0.555556 1.000000 0.444445
v -0.555556 0.666667 0.777778
v -0.333333 0.666667 0.777778
v -0.444445 0.555556 0.777778
v -0.444445 1.000000 0.777778
v -0.555556 0.555556 0.666667
v -0.333333 0.555556 0.666667
v -0.555556 1.000000 0.666667
v -0.333333 1.000000 0.666667
v -0.444445 1.000000 0.555556
v -0.777778 -1.000000 0.222222
v -1.000000 -0.555556 0.222222
v -1.000000 -0.444445 0.111111
v -0.777778 -1.000000 0.000000
v -0.777778 -0.888889 -0.111111
v -0.777778 -0.888889 0.111111
v -1.000000 -0.555556 0.000000
v -0.777778 -0.444445 -0.111111
v -0.777778 -1.000000 -0.222222
v -0.777778 -0.555556 -0.222222
v -1.000000 -0.444445 -0.333333
v -0.666667 -1.000000 0.111111
v -0.666667 -1.000000 -0.111111
v -0.666667 -1.000000 -0.333333
v -0.555556 -0.777778 -0.222222
v -0.666667 -0.555556 -0.111111
v -0.555556 -0.333333 -0.222222
v -0.333333 -0.777778 0.222222
v -0.555556 -0.666667 0.111111
v -0.333333 -0.666667 0.111111
v -0.333333 -0.666667 0.333333
v -0.444445 -0.777778 0.111111
v -0.555556 -0.777778 0.000000
v -0.333333 -0.777778 0.000000
v -0.444445 -0.777778 -0.111111
v -0.444445 -0.333333 -0.111111
v -0.333333 -0.777778 -0.222222
v -0.555556 -0.666667 -0.111111
v -0.333333 -0.666667 -0.333333
v -0.333333 -0.666667 -0.111111
v -1.000000 0.777778 0.222222
v -1.000000 0.888889 0.111111
v -0.777778 0.333333 0.000000
v -0.777778 0.444445 -0.111111
v -0.777778 0.444445 0.111111
v -1.000000 0.777778 0.000000
v -0.777778 0.888889 -0.111111
v -0.777778 0.333333 -0.222222
v -0.777778 0.777778 -0.222222
v -1.000000 0.888889 -0.333333
v -0.666667 0.333333 0.111111
v -0.666667 0.333333 -0.111111
v -0.666667 0.333333 -0.333333
v -0.555556 0.555556 -0.222222
v -0.666667 0.777778 -0.111111
v -0.555556 1.000000 -0.222222
v -0.333333 0.555556 0.222222
v -0.555556 0.666667 0.111111
v -0.333333 0.666667 0.111111
v -0.333333 0.666667 0.333333
v -0.444445 0.555556 0.111111
v -0.555556 0.555556 0.000000
v -0.333333 0.555556 0.000000
v -0.444445 0.555556 -0.111111
v -0.444445 1.000000 -0.111111
v -0.333333 0.555556 -0.222222
v -0.555556 0.666667 -0.111111
v -0.333333 0.666667 -0.333333
v -0.333333 0.666667 -0.111111
v -0.777778 -1.000000 -0.444445
v -1.000000 -0.555556 -0.444445
v -1.000000 -0.444445 -0.555556
v -0.777778 -1.000000 -0.666667
v -0.777778 -0.888889 -0.777778
v -0.777778 -0.888889 -0.555556
v -1.000000 -0.555556 -0.666667
v -0.777778 -0.444445 -0.777778
v -0.777778 -0.888889 -1.000000
v -0.777778 -1.000000 -0.888889
v -0.777778 -0.555556 -0.888889
v -1.000000 -0.444445 -1.000000
v -0.666667 -1.000000 -0.555556
v -0.666667 -1.000000 -0.777778
v -0.666667 -1.000000 -1.000000
v -0.555556 -0.777778 -0.888889
v -0.666667 -0.555556 -0.777778
v -0.555556 -0.666667 -0.555556
v -0.333333 -0.666667 -0.555556
v -0.444445 -0.777778 -0.555556
v -0.555556 -0.777778 -0.666667
v -0.333333 -0.777778 -0.666667
v -0.444445 -0.777778 -0.777778
v -0.555556 -0.666667 -0.777778
v -0.333333 -0.666667 -0.777778
v -0.333333 -0.666667 -1.000000
v -1.000000 -0.111111 -0.444445
v -1.000000 0.000000 -0.333333
v -1.000000 0.111111 -0.444445
v -0.777778 0.222222 -0.333333
v -1.000000 0.333333 -0.666667
v -0.777778 0.222222 -0.777778
v -1.000000 0.000000 -1.000000
v -0.777778 0.111111 -0.888889
v -0.555556 0.222222 -0.555556
v -0.555556 -0.222222 -0.777778
v -0.666667 0.111111 -0.777778
v -0.555556 0.222222 -0.777778
v -0.555556 0.111111 -0.888889
v -0.333333 -0.111111 -0.444445
v -0.333333 0.000000 -0.333333
v -0.444445 0.111111 -0.555556
v -0.555556 0.111111 -0.666667
v -0.333333 0.333333 -0.666667
v -0.444445 0.111111 -0.777778
v -0.333333 0.000000 -1.000000
v -1.000000 0.444445 -0.555556
v -1.000000 0.777778 -0.444445
v -1.000000 0.666667 -0.555556
v -1.000000 0.555556 -0.666667
v -1.000000 1.000000 -0.666667
v -0.777778 0.888889 -0.777778
v -1.000000 0.444445 -1.000000
v -1.000000 0.666667 -1.000000
v -0.777778 0.777778 -0.888889
v -0.555556 0.555556 -0.888889
v -0.666667 0.777778 -0.777778
v -0.555556 0.888889 -1.000000
v -0.444445 0.555556 -0.777778
v -0.333333 1.000000 -0.666667
v -0.555556 0.666667 -0.777778
v -0.444445 0.777778 -1.000000
v -0.333333 0.666667 -1.000000
v -0.222222 -0.777778 1.000000
v -0.111111 -0.777778 0.888889
v -0.111111 -0.666667 1.000000
v -0.222222 -0.555556 0.777778
v -0.222222 -0.777778 0.555556
v -0.111111 -0.555556 0.666667
v -0.111111 -0.444445 0.777778
v -0.222222 -0.777778 0.333333
v -0.111111 -0.777778 0.444445
v -0.111111 -0.666667 0.333333
v -0.111111 -0.666667 0.555556
v 0.000000 -0.777778 1.000000
v 0.111111 -0.777778 0.888889
v 0.000000 -0.555556 0.777778
v 0.111111 -0.333333 0.888889
v 0.000000 -0.777778 0.555556
v 0.000000 -0.777778 0.333333
v 0.111111 -0.777778 0.444445
v 0.111111 -0.333333 0.444445
v 0.222222 -0.777778 1.000000
v 0.111111 -0.666667 1.000000
v 0.333333 -0.666667 1.000000
v 0.222222 -0.333333 1.000000
v 0.222222 -0.777778 0.555556
v 0.333333 -0.555556 0.666667
v 0.222222 -0.333333 0.555556
v 0.111111 -0.666667 0.555556
v 0.333333 -0.666667 0.555556
v 0.333333 -0.666667 0.333333
v -0.222222 0.333333 0.777778
v -0.111111 0.555556 0.888889
v -0.111111 0.666667 1.000000
v -0.222222 0.555556 0.777778
v -0.222222 1.000000 0.777778
v -0.111111 0.777778 0.666667
v -0.111111 0.888889 0.777778
v -0.222222 0.555556 0.333333
v -0.111111 0.555556 0.444445
v -0.111111 0.666667 0.333333
v -0.111111 0.666667 0.555556
v 0.000000 0.555556 1.000000
v 0.111111 0.555556 0.888889
v 0.000000 0.777778 0.777778
v 0.111111 1.000000 0.888889
v 0.000000 0.555556 0.555556
v 0.000000 0.555556 0.333333
v 0.111111 0.555556 0.444445
v 0.111111 1.000000 0.444445
v 0.222222 0.555556 1.000000
v 0.111111 0.666667 1.000000
v 0.333333 0.666667 1.000000
v 0.222222 1.000000 1.000000
v 0.222222 0.555556 0.555556
v 0.333333 0.777778 0.666667
v 0.222222 1.000000 0.555556
v 0.111111 0.666667 0.555556
v 0.333333 0.666667 0.555556
v 0.333333 0.666667 0.333333
v -0.222222 -0.777778 -0.333333
v -0.111111 -0.777778 -0.444445
v -0.111111 -0.666667 -0.333333
v -0.222222 -0.777778 -0.555556
v -0.222222 -0.777778 -0.777778
v -0.111111 -0.555556 -0.666667
v -0.111111 -0.444445 -0.555556
v -0.222222 -0.777778 -1.000000
v -0.111111 -0.777778 -0.888889
v -0.111111 -0.666667 -1.000000
v -0.111111 -0.666667 -0.777778
v 0.000000 -0.777778 -0.333333
v 0.111111 -0.777778 -0.444445
v 0.000000 -0.555556 -0.555556
v 0.111111 -0.333333 -0.444445
v 0.000000 -0.777778 -0.777778
v 0.000000 -0.777778 -1.000000
v 0.111111 -0.777778 -0.888889
v 0.111111 -0.333333 -0.888889
v 0.222222 -0.777778 -0.333333
v 0.111111 -0.666667 -0.333333
v 0.333333 -0.666667 -0.333333
v 0.222222 -0.333333 -0.333333
v 0.222222 -0.777778 -0.777778
v 0.333333 -0.555556 -0.666667
v 0.222222 -0.333333 -0.777778
v 0.111111 -0.666667 -0.777778
v 0.333333 -0.666667 -0.777778
v 0.333333 -0.666667 -1.000000
v -0.222222 0.555556 -0.333333
v -0.222222 0.333333 -0.555556
v -0.111111 0.555556 -0.444445
v -0.111111 0.666667 -0.333333
v -0.222222 1.000000 -0.555556
v -0.111111 0.777778 -0.666667
v -0.111111 0.888889 -0.555556
v -0.222222 0.555556 -1.000000
v -0.111111 0.555556 -0.888889
v -0.111111 0.666667 -1.000000
v -0.111111 0.666667 -0.777778
v 0.000000 0.555556 -0.333333
v 0.111111 0.555556 -0.444445
v 0.000000 0.777778 -0.555556
v 0.111111 1.000000 -0.444445
v 0.000000 0.555556 -0.777778
v 0.000000 0.555556 -1.000000
v 0.111111 0.555556 -0.888889
v 0.111111 1.000000 -0.888889
v 0.222222 0.555556 -0.333333
v 0.111111 0.666667 -0.333333
v 0.333333 0.666667 -0.333333
v 0.222222 1.000000 -0.333333
v 0.222222 0.555556 -0.777778
v 0.333333 0.777778 -0.666667
v 0.222222 1.000000 -0.777778
v 0.111111 0.666667 -0.777778
v 0.333333 0.666667 -0.777778
v 0.333333 0.666667 -1.000000
v 0.444445 -0.777778 1.000000
v 0.555556 -0.777778 0.888889
v 0.555556 -0.666667 1.000000
v 0.444445 -0.555556 0.777778
v 0.444445 -0.777778 0.555556
v 0.555556 -0.555556 0.666667
v 0.555556 -0.444445 0.777778
v 0.555556 -0.777778 0.444445
v 0.555556 -0.666667 0.333333
v 0.555556 -0.666667 0.555556
v 0.666667 -0.777778 1.000000
v 0.777778 -0.777778 0.888889
v 0.666667 -0.555556 0.777778
v 0.666667 -0.777778 0.555556
v 0.777778 -0.777778 0.444445
v 0.666667 -0.777778 0.333333
v 1.000000 -0.777778 0.888889
v 0.888889 -0.777778 1.000000
v 0.777778 -0.666667 1.000000
v 1.000000 -0.666667 1.000000
v 1.000000 -0.444445 0.777778
v 0.888889 -0.333333 1.000000
v 0.888889 -0.777778 0.555556
v 1.000000 -0.555556 0.666667
v 1.000000 -0.777778 0.444445
v 0.777778 -0.666667 0.555556
v 1.000000 -0.666667 0.333333
v 1.000000 -0.666667 0.555556
v 0.333333 -0.111111 0.888889
v 0.333333 0.000000 1.000000
v 0.333333 0.111111 0.888889
v 0.555556 0.222222 0.555556
v 0.555556 0.333333 0.666667
v 0.555556 0.111111 0.444445
v 0.444445 0.111111 0.333333
v 0.555556 0.222222 0.333333
v 0.777778 -0.222222 1.000000
v 0.666667 0.333333 0.777778
v 0.777778 -0.222222 0.555556
v 0.666667 0.111111 0.555556
v 0.666667 0.111111 0.333333
v 0.777778 0.000000 0.777778
v 1.000000 0.000000 0.777778
v 0.888889 -0.111111 0.777778
v 0.777778 -0.111111 0.666667
v 1.000000 -0.111111 0.666667
v 0.777778 0.333333 0.666667
v 1.000000 0.333333 0.666667
v 1.000000 0.000000 0.333333
v 0.444445 0.555556 1.000000
v 0.555556 0.666667 0.777778
v 0.444445 0.777778 0.777778
v 0.555556 0.555556 0.666667
v 0.555556 0.444445 0.777778
v 0.444445 0.555556 0.555556
v 0.555556 1.000000 0.666667
v 0.555556 0.666667 0.333333
v 0.666667 0.555556 0.777778
v 0.777778 0.444445 0.777778
v 0.666667 1.000000 0.777778
v 0.777778 0.444445 0.555556
v 0.666667 0.555556 0.333333
v 0.777778 1.000000 0.444445
v 1.000000 0.444445 0.777778
v 0.777778 0.666667 0.777778
v 1.000000 0.666667 0.777778
v 0.888889 0.555556 0.777778
v 0.888889 1.000000 0.777778
v 0.777778 0.555556 0.666667
v 1.000000 0.555556 0.666667
v 0.777778 1.000000 0.666667
v 1.000000 1.000000 0.666667
v 0.888889 1.000000 0.555556
v 1.000000 0.666667 0.333333
v 0.333333 -0.777778 0.222222
v 0.555556 -0.777778 0.222222
v 0.333333 -0.444445 0.111111
v 0.555556 -1.000000 0.000000
v 0.555556 -0.888889 -0.111111
v 0.555556 -0.888889 0.111111
v 0.333333 -0.555556 0.000000
v 0.555556 -0.444445 -0.111111
v 0.333333 -0.777778 -0.222222
v 0.555556 -1.000000 -0.222222
v 0.555556 -0.666667 -0.333333
v 0.555556 -0.555556 -0.222222
v 0.666667 -1.000000 0.111111
v 0.666667 -1.000000 -0.111111
v 0.777778 -0.777778 -0.222222
v 0.666667 -0.777778 -0.333333
v 0.666667 -0.555556 -0.111111
v 0.777778 -0.333333 -0.222222
v 1.000000 -0.777778 0.222222
v 0.777778 -0.666667 0.111111
v 1.000000 -0.666667 0.111111
v 0.888889 -0.777778 0.111111
v 0.777778 -0.777778 0.000000
v 1.000000 -0.777778 0.000000
v 0.888889 -0.777778 -0.111111
v 0.888889 -0.333333 -0.111111
v 1.000000 -0.777778 -0.222222
v 0.777778 -0.666667 -0.111111
v 1.000000 -0.666667 -0.333333
v 1.000000 -0.666667 -0.111111
v 0.333333 0.555556 0.222222
v 0.555556 0.555556 0.222222
v 0.333333 0.888889 0.111111
v 0.555556 0.333333 0.000000
v 0.555556 0.444445 -0.111111
v 0.555556 0.444445 0.111111
v 0.333333 0.777778 0.000000
v 0.555556 0.888889 -0.111111
v 0.333333 0.555556 -0.222222
v 0.555556 0.333333 -0.222222
v 0.555556 0.666667 -0.333333
v 0.555556 0.777778 -0.222222
v 0.666667 0.333333 0.111111
v 0.666667 0.333333 -0.111111
v 0.777778 0.555556 -0.222222
v 0.666667 0.555556 -0.333333
v 0.666667 0.777778 -0.111111
v 0.777778 1.000000 -0.222222
v 1.000000 0.555556 0.222222
v 0.777778 0.666667 0.111111
v 1.000000 0.666667 0.111111
v 0.888889 0.555556 0.111111
v 0.777778 0.555556 0.000000
v 1.000000 0.555556 0.000000
v 0.888889 0.555556 -0.111111
v 0.888889 1.000000 -0.111111
v 1.000000 0.555556 -0.222222
v 0.777778 0.666667 -0.111111
v 1.000000 0.666667 -0.333333
v 1.000000 0.666667 -0.111111
v 0.555556 -0.777778 -0.444445
v 0.555556 -0.666667 -0.555556
v 0.444445 -0.555556 -0.555556
v 0.555556 -0.777778 -0.666667
v 0.444445 -0.777778 -0.777778
v 0.444445 -0.777778 -1.000000
v 0.555556 -0.777778 -0.888889
v 0.555556 -0.666667 -1.000000
v 0.555556 -0.666667 -0.777778
v 0.666667 -0.777778 -0.555556
v 0.666667 -0.777778 -0.777778
v 0.666667 -0.777778 -1.000000
v 0.777778 -0.777778 -0.888889
v 1.000000 -0.777778 -0.444445
v 0.777778 -0.666667 -0.555556
v 1.000000 -0.666667 -0.555556
v 0.888889 -0.777778 -0.555556
v 0.777778 -0.777778 -0.666667
v 1.000000 -0.777778 -0.666667
v 0.888889 -0.777778 -0.777778
v 1.000000 -0.777778 -0.888889
v 0.777778 -0.666667 -0.777778
v 1.000000 -0.666667 -1.000000
v 1.000000 -0.666667 -0.777778
v 0.333333 -0.111111 -0.444445
v 0.333333 0.000000 -0.333333
v 0.333333 0.111111 -0.444445
v 0.444445 -0.111111 -0.777778
v 0.555556 -0.111111 -0.888889
v 0.555556 0.000000 -0.777778
v 0.777778 0.111111 -0.444445
v 0.777778 -0.222222 -0.777778
v 0.666667 -0.111111 -0.777778
v 0.666667 0.333333 -0.777778
v 0.888889 0.111111 -0.333333
v 1.000000 0.222222 -0.555556
v 1.000000 0.111111 -0.666667
v 0.888889 -0.111111 -1.000000
v 0.777778 0.000000 -1.000000
v 1.000000 0.333333 -0.888889
v 0.888889 0.333333 -1.000000
v 0.555556 0.555556 -0.444445
v 0.555556 0.666667 -0.555556
v 0.444445 0.777778 -0.555556
v 0.555556 0.444445 -0.777778
v 0.555556 0.555556 -0.666667
v 0.444445 0.555556 -0.777778
v 0.555556 0.888889 -0.777778
v 0.444445 0.555556 -1.000000
v 0.555556 0.777778 -0.888889
v 0.666667 0.555556 -0.555556
v 0.777778 0.444445 -1.000000
v 0.777778 0.555556 -0.888889
v 0.666667 0.777778 -0.777778
v 0.666667 1.000000 -1.000000
v 0.777778 0.888889 -1.000000
v 1.000000 0.555556 -0.444445
v 1.000000 0.444445 -0.777778
v 0.888889 0.555556 -0.777778
v 1.000000 1.000000 -0.666667
v 0.777778 0.666667 -0.777778
v 1.000000 0.666667 -1.000000
v 0.888889 0.777778 -1.000000
v -0.888889 -0.777778 1.000000
v -0.777778 -0.777778 0.888889
v -0.777778 -0.666667 0.777778
v -0.777778 -0.666667 1.000000
v -0.888889 -0.555556 0.777778
v -0.888889 -0.777778 0.777778
v -0.777778 -0.777778 0.666667
v -0.888889 -0.777778 0.555556
v -0.777778 -0.555556 0.666667
v -0.777778 -0.333333 0.666667
v -0.777778 -0.444445 0.777778
v -0.777778 -0.777778 0.444445
v -0.777778 -0.666667 0.333333
v -0.777778 -0.666667 0.555556
v -0.666667 -0.777778 1.000000
v -0.666667 -0.777778 0.777778
v -0.555556 -0.888889 0.777778
v -0.666667 -0.333333 0.777778
v -0.555556 -0.444445 0.777778
v -0.666667 -0.555556 0.777778
v -0.666667 -0.777778 0.555556
v -0.666667 -0.777778 0.333333
v -0.666667 -0.333333 0.555556
v -0.444445 -1.000000 0.777778
v -0.444445 -0.555556 0.777778
v -0.555556 -1.000000 0.666667
v -0.333333 -1.000000 0.666667
v -0.555556 -0.555556 0.666667
v -0.444445 -1.000000 0.333333
v -0.777778 0.000000 0.777778
v -0.888889 0.111111 0.777778
v -0.888889 -0.111111 0.777778
v -0.777778 -0.222222 0.555556
v -0.777778 -0.111111 0.666667
v -0.777778 -0.222222 0.777778
v -1.000000 0.222222 0.555556
v -0.777778 0.111111 0.666667
v -0.777778 0.333333 0.666667
v -0.777778 0.222222 0.777778
v -0.888889 0.111111 0.555556
v -0.888889 -0.111111 0.333333
v -0.777778 -0.222222 0.333333
v -0.888889 -0.333333 0.333333
v -1.000000 0.111111 0.444445
v -0.777778 0.000000 0.333333
v -0.888889 0.333333 0.333333
v -0.666667 -0.111111 0.777778
v -0.555556 0.222222 1.000000
v -0.666667 0.333333 0.777778
v -0.666667 0.111111 0.777778
v -0.555556 0.111111 0.888889
v -0.666667 -0.111111 0.333333
v -0.666667 -0.333333 0.333333
v -0.555556 -0.111111 0.444445
v -0.666667 0.333333 0.333333
v -0.555556 0.222222 0.333333
v -0.333333 -0.333333 0.888889
v -0.333333 -0.222222 1.000000
v -0.333333 0.111111 0.888889
v -0.444445 0.111111 1.000000
v -0.333333 0.222222 1.000000
v -0.444445 -0.111111 0.555556
v -0.333333 -0.111111 0.444445
v -0.555556 0.000000 0.555556
v -0.333333 0.000000 0.555556
v -0.444445 0.111111 0.333333
v -0.333333 0.222222 0.333333
v -0.777778 0.666667 0.777778
v -0.888889 0.777778 0.777778
v -0.888889 0.555556 0.777778
v -0.888889 1.000000 0.777778
v -0.777778 0.555556 0.666667
v -0.777778 0.444445 0.777778
v -1.000000 0.888889 0.555556
v -0.777778 0.777778 0.666667
v -0.777778 1.000000 0.666667
v -0.777778 0.888889 0.777778
v -0.888889 0.777778 0.555556
v -1.000000 0.777778 0.444445
v -0.777778 0.666667 0.333333
v -0.888889 1.000000 0.333333
v -0.666667 0.555556 0.777778
v -0.555556 0.888889 1.000000
v -0.666667 1.000000 0.777778
v -0.666667 0.777778 0.777778
v -0.555556 0.777778 0.888889
v -0.555556 0.555556 0.444445
v -0.666667 0.555556 0.333333
v -0.666667 1.000000 0.333333
v -0.444445 0.777778 1.000000
v -0.333333 0.888889 1.000000
v -0.444445 0.555556 0.555556
v -0.555556 0.666667 0.555556
v -0.333333 0.666667 0.555556
v -0.777778 -0.777778 0.222222
v -0.777778 -0.666667 0.111111
v -0.888889 -0.777778 0.111111
v -0.777778 -0.333333 0.222222
v -0.888889 -0.333333 0.111111
v -0.777778 -0.777778 0.000000
v -0.888889 -0.777778 -0.111111
v -0.777778 -0.333333 0.000000
v -0.888889 -0.333333 -0.111111
v -0.777778 -0.777778 -0.222222
v -0.777778 -0.666667 -0.333333
v -0.777778 -0.666667 -0.111111
v -0.777778 -0.333333 -0.222222
v -0.888889 -0.333333 -0.333333
v -0.666667 -0.777778 0.111111
v -0.555556 -1.000000 0.222222
v -0.666667 -0.333333 0.111111
v -0.555556 -0.444445 0.111111
v -0.555556 -0.555556 0.222222
v -0.666667 -0.777778 -0.111111
v -0.666667 -0.777778 -0.333333
v -0.666667 -0.333333 -0.111111
v -0.666667 -0.333333 -0.333333
v -0.333333 -0.555556 0.222222
v -0.444445 -0.555556 0.111111
v -0.333333 -0.444445 0.111111
v -0.333333 -0.444445 0.333333
v -0.555556 -0.555556 0.000000
v -0.333333 -0.555556 0.000000
v -0.333333 -0.444445 -0.111111
v -0.444445 -1.000000 -0.333333
v -0.333333 -0.555556 -0.222222
v -0.333333 -0.444445 -0.333333
v -0.777778 0.333333 0.222222
v -0.777778 0.555556 0.222222
v -0.777778 0.666667 0.111111
v -0.888889 0.555556 0.111111
v -0.777778 1.000000 0.222222
v -0.888889 1.000000 0.111111
v -0.777778 0.555556 0.000000
v -0.888889 0.555556 -0.111111
v -0.777778 1.000000 0.000000
v -0.888889 1.000000 -0.111111
v -0.777778 0.555556 -0.222222
v -0.777778 0.666667 -0.333333
v -0.777778 0.666667 -0.111111
v -0.777778 1.000000 -0.222222
v -0.888889 1.000000 -0.333333
v -0.666667 0.555556 0.111111
v -0.666667 1.000000 0.111111
v -0.555556 0.888889 0.111111
v -0.555556 0.777778 0.222222
v -0.666667 0.555556 -0.111111
v -0.666667 0.555556 -0.333333
v -0.666667 1.000000 -0.111111
v -0.666667 1.000000 -0.333333
v -0.333333 0.777778 0.222222
v -0.444445 0.777778 0.111111
v -0.333333 0.888889 0.111111
v -0.333333 0.888889 0.333333
v -0.555556 0.777778 0.000000
v -0.333333 0.777778 0.000000
v -0.333333 0.888889 -0.111111
v -0.444445 0.333333 -0.333333
v -0.333333 0.777778 -0.222222
v -0.333333 0.888889 -0.333333
v -0.777778 -0.777778 -0.444445
v -0.777778 -0.666667 -0.555556
v -0.888889 -0.777778 -0.555556
v -0.777778 -0.777778 -0.666667
v -0.888889 -0.777778 -0.777778
v -0.777778 -0.333333 -0.666667
v -0.888889 -0.777778 -1.000000
v -0.777778 -0.777778 -0.888889
v -0.777778 -0.666667 -1.000000
v -0.777778 -0.666667 -0.777778
v -0.888889 -0.333333 -1.000000
v -0.666667 -0.777778 -0.555556
v -0.555556 -1.000000 -0.444445
v -0.666667 -0.333333 -0.555556
v -0.555556 -0.444445 -0.555556
v -0.555556 -0.555556 -0.444445
v -0.666667 -0.777778 -0.777778
v -0.666667 -0.777778 -1.000000
v -0.555556 -0.888889 -1.000000
v -0.666667 -0.333333 -0.777778
v -0.666667 -0.333333 -1.000000
v -0.555556 -0.444445 -1.000000
v -0.444445 -0.555556 -0.555556
v -0.555556 -0.555556 -0.666667
v -0.333333 -0.555556 -0.666667
v -0.444445 -1.000000 -1.000000
v -0.444445 -0.555556 -1.000000
v -0.333333 -0.444445 -1.000000
v -0.777778 -0.222222 -0.333333
v -0.777778 0.000000 -0.555556
v -0.888889 0.111111 -0.555556
v -0.888889 -0.111111 -0.555556
v -0.777778 -0.222222 -0.777778
v -0.777778 -0.111111 -0.666667
v -0.777778 -0.222222 -0.555556
v -0.888889 -0.111111 -0.777778
v -0.777778 0.111111 -0.666667
v -0.777778 0.222222 -0.555556
v -0.777778 -0.222222 -1.000000
v -0.777778 -0.111111 -0.888889
v -0.777778 0.000000 -0.777778
v -0.888889 0.111111 -1.000000
v -0.777778 0.222222 -1.000000
v -0.666667 -0.111111 -0.555556
v -0.555556 -0.111111 -0.444445
v -0.555556 0.222222 -0.333333
v -0.666667 0.111111 -0.555556
v -0.666667 -0.111111 -0.777778
v -0.666667 0.333333 -0.777778
v -0.666667 0.111111 -1.000000
v -0.444445 -0.111111 -0.333333
v -0.555556 0.000000 -0.333333
v -0.333333 0.000000 -0.555556
v -0.333333 -0.111111 -0.666667
v -0.555556 0.333333 -0.666667
v -0.333333 -0.111111 -0.888889
v -0.333333 0.000000 -0.777778
v -0.333333 0.222222 -1.000000
v -0.777778 0.555556 -0.444445
v -0.888889 0.777778 -0.555556
v -0.777778 1.000000 -0.444445
v -0.777778 0.444445 -0.777778
v -0.888889 0.555556 -0.777778
v -0.777778 0.777778 -0.666667
v -0.777778 0.888889 -0.555556
v -0.888889 1.000000 -0.777778
v -0.777778 0.555556 -0.888889
v -0.777778 0.666667 -0.777778
v -0.888889 0.777778 -1.000000
v -0.777778 0.888889 -1.000000
v -0.777778 1.000000 -0.888889
v -0.555556 0.444445 -0.555556
v -0.666667 0.777778 -0.555556
v -0.555556 0.777778 -0.444445
v -0.555556 0.444445 -0.777778
v -0.666667 0.555556 -0.777778
v -0.666667 1.000000 -0.777778
v -0.666667 0.777778 -1.000000
v -0.555556 0.666667 -0.555556
v -0.444445 0.555556 -0.555556
v -0.555556 0.555556 -0.666667
v -0.444445 0.555556 -1.000000
v -0.555556 0.666667 -1.000000
v -0.333333 0.666667 -0.777778
v -0.444445 1.000000 -1.000000
v -0.333333 0.888889 -1.000000
v -0.222222 -1.000000 0.777778
v -0.222222 -0.333333 1.000000
v -0.111111 -0.333333 0.888889
v -0.111111 -1.000000 0.666667
v -0.111111 -0.888889 0.777778
v -0.111111 -0.444445 0.555556
v -0.222222 -0.555556 0.555556
v -0.111111 -0.555556 0.444445
v -0.222222 -0.555556 0.333333
v -0.111111 -0.444445 0.333333
v 0.111111 -0.888889 0.777778
v 0.000000 -1.000000 0.777778
v 0.000000 -0.333333 1.000000
v 0.111111 -0.444445 0.777778
v 0.111111 -0.888889 0.333333
v 0.000000 -0.555556 0.555556
v 0.111111 -0.444445 0.333333
v 0.000000 -0.555556 0.333333
v 0.222222 -1.000000 0.777778
v 0.222222 -0.555556 0.777778
v 0.333333 -0.333333 0.888889
v 0.111111 -1.000000 0.666667
v 0.333333 -1.000000 0.666667
v 0.111111 -0.555556 0.666667
v 0.222222 -1.000000 0.333333
v 0.222222 -0.555556 0.333333
v 0.333333 -0.444445 0.333333
v -0.222222 0.777778 1.000000
v -0.111111 1.000000 0.888889
v -0.111111 0.333333 0.666667
v -0.111111 0.444445 0.777778
v -0.222222 0.555556 0.555556
v -0.111111 0.888889 0.555556
v -0.111111 0.777778 0.444445
v -0.222222 0.777778 0.333333
v -0.111111 0.888889 0.333333
v 0.111111 0.444445 0.777778
v 0.000000 0.333333 0.777778
v 0.000000 1.000000 1.000000
v 0.111111 0.888889 0.777778
v 0.111111 0.444445 0.333333
v 0.000000 0.777778 0.555556
v 0.111111 0.888889 0.333333
v 0.000000 0.777778 0.333333
v 0.222222 0.333333 0.777778
v 0.222222 0.777778 0.777778
v 0.333333 1.000000 0.888889
v 0.111111 0.333333 0.666667
v 0.333333 0.333333 0.666667
v 0.111111 0.777778 0.666667
v 0.222222 0.333333 0.333333
v 0.222222 0.777778 0.333333
v 0.333333 0.888889 0.333333
v -0.222222 -0.555556 -0.333333
v -0.222222 -0.555556 -0.555556
v -0.111111 -0.333333 -0.444445
v -0.111111 -1.000000 -0.666667
v -0.111111 -0.888889 -0.555556
v -0.111111 -0.444445 -0.777778
v -0.222222 -0.555556 -0.777778
v -0.111111 -0.555556 -0.888889
v -0.222222 -0.555556 -1.000000
v -0.111111 -0.444445 -1.000000
v 0.111111 -0.888889 -0.555556
v 0.000000 -1.000000 -0.555556
v 0.000000 -0.333333 -0.333333
v 0.111111 -0.444445 -0.555556
v 0.111111 -0.888889 -1.000000
v 0.000000 -0.555556 -0.777778
v 0.111111 -0.444445 -1.000000
v 0.000000 -0.555556 -1.000000
v 0.222222 -1.000000 -0.555556
v 0.222222 -0.555556 -0.555556
v 0.333333 -0.333333 -0.444445
v 0.111111 -1.000000 -0.666667
v 0.333333 -1.000000 -0.666667
v 0.111111 -0.555556 -0.666667
v 0.222222 -1.000000 -1.000000
v 0.222222 -0.555556 -1.000000
v 0.333333 -0.444445 -1.000000
v -0.222222 0.777778 -0.333333
v -0.111111 1.000000 -0.444445
v -0.111111 0.333333 -0.666667
v -0.111111 0.444445 -0.555556
v -0.222222 0.555556 -0.777778
v -0.111111 0.888889 -0.777778
v -0.111111 0.777778 -0.888889
v -0.222222 0.777778 -1.000000
v -0.111111 0.888889 -1.000000
v 0.111111 0.444445 -0.555556
v 0.000000 0.333333 -0.555556
v 0.000000 1.000000 -0.333333
v 0.111111 0.888889 -0.555556
v 0.111111 0.444445 -1.000000
v 0.000000 0.777778 -0.777778
v 0.111111 0.888889 -1.000000
v 0.000000 0.777778 -1.000000
v 0.222222 0.333333 -0.555556
v 0.222222 0.777778 -0.555556
v 0.333333 1.000000 -0.444445
v 0.111111 0.333333 -0.666667
v 0.333333 0.333333 -0.666667
v 0.111111 0.777778 -0.666667
v 0.222222 0.333333 -1.000000
v 0.222222 0.777778 -1.000000
v 0.333333 0.888889 -1.000000
v 0.444445 -1.000000 0.777778
v 0.444445 -0.333333 1.000000
v 0.555556 -1.000000 0.666667
v 0.555556 -0.888889 0.777778
v 0.555556 -0.444445 0.555556
v 0.444445 -0.555556 0.555556
v 0.555556 -0.555556 0.444445
v 0.777778 -0.888889 0.777778
v 0.666667 -1.000000 0.777778
v 0.666667 -0.333333 1.000000
v 0.777778 -0.444445 0.777778
v 0.666667 -0.555556 0.555556
v 0.666667 -0.555556 0.333333
v 1.000000 -0.888889 0.777778
v 0.888889 -1.000000 0.777778
v 0.888889 -0.555556 0.777778
v 1.000000 -0.333333 0.888889
v 0.777778 -1.000000 0.666667
v 1.000000 -1.000000 0.666667
v 0.777778 -0.555556 0.666667
v 1.000000 -0.444445 0.555556
v 0.888889 -1.000000 0.333333
v 1.000000 -0.555556 0.444445
v 1.000000 -0.444445 0.333333
v 0.333333 -0.222222 1.000000
v 0.555556 -0.222222 1.000000
v 0.555556 0.000000 0.777778
v 0.444445 0.111111 0.777778
v 0.444445 -0.111111 0.777778
v 0.333333 0.222222 0.777778
v 0.555556 -0.111111 0.666667
v 0.444445 -0.111111 0.555556
v 0.555556 0.111111 0.666667
v 0.555556 0.222222 0.777778
v 0.555556 -0.111111 0.444445
v 0.555556 0.000000 0.555556
v 0.666667 -0.111111 0.777778
v 0.777778 0.222222 1.000000
v 0.666667 0.111111 0.777778
v 0.777778 0.111111 0.888889
v 0.666667 -0.111111 0.555556
v 0.777778 -0.111111 0.444445
v 0.666667 0.333333 0.555556
v 0.777778 0.222222 0.333333
v 1.000000 -0.222222 1.000000
v 1.000000 0.111111 0.888889
v 0.888889 0.111111 1.000000
v 1.000000 0.222222 1.000000
v 0.888889 -0.111111 0.555556
v 1.000000 -0.111111 0.444445
v 0.777778 0.000000 0.555556
v 1.000000 0.000000 0.555556
v 0.888889 0.111111 0.333333
v 1.000000 0.222222 0.333333
v 0.555556 0.777778 0.888889
v 0.555556 0.888889 1.000000
v 0.444445 1.000000 1.000000
v 0.555556 0.444445 0.555556
v 0.444445 0.777778 0.555556
v 0.555556 0.555556 0.444445
v 0.555556 0.666667 0.555556
v 0.666667 0.777778 1.000000
v 0.777778 0.888889 1.000000
v 0.777778 0.777778 0.888889
v 0.666667 0.555556 0.555556
v 0.777778 0.555556 0.444445
v 0.666667 0.777778 0.333333
v 1.000000 0.777778 0.888889
v 0.888889 0.777778 1.000000
v 1.000000 0.888889 1.000000
v 0.888889 0.555556 0.555556
v 1.000000 0.555556 0.444445
v 0.777778 0.666667 0.555556
v 1.000000 0.666667 0.555556
v 1.000000 0.888889 0.333333
v 0.333333 -0.555556 0.222222
v 0.555556 -0.666667 0.111111
v 0.555556 -0.555556 0.222222
v 0.444445 -0.777778 0.111111
v 0.444445 -0.333333 0.111111
v 0.555556 -0.777778 0.000000
v 0.444445 -0.777778 -0.111111
v 0.555556 -0.333333 0.000000
v 0.444445 -0.333333 -0.111111
v 0.555556 -0.777778 -0.222222
v 0.555556 -0.666667 -0.111111
v 0.333333 -0.333333 -0.222222
v 0.555556 -0.333333 -0.222222
v 0.444445 -0.333333 -0.333333
v 0.666667 -0.777778 0.111111
v 0.777778 -1.000000 0.222222
v 0.666667 -0.333333 0.111111
v 0.777778 -0.444445 0.111111
v 0.777778 -0.555556 0.222222
v 0.666667 -0.777778 -0.111111
v 0.666667 -0.333333 -0.111111
v 0.666667 -0.555556 -0.333333
v 1.000000 -0.555556 0.222222
v 0.888889 -0.555556 0.111111
v 1.000000 -0.444445 0.111111
v 0.777778 -0.555556 0.000000
v 1.000000 -0.555556 0.000000
v 1.000000 -0.444445 -0.111111
v 0.888889 -1.000000 -0.333333
v 1.000000 -0.555556 -0.222222
v 1.000000 -0.444445 -0.333333
v 0.333333 0.777778 0.222222
v 0.555556 0.666667 0.111111
v 0.555556 0.777778 0.222222
v 0.444445 0.555556 0.111111
v 0.444445 1.000000 0.111111
v 0.555556 0.555556 0.000000
v 0.444445 0.555556 -0.111111
v 0.555556 1.000000 0.000000
v 0.444445 1.000000 -0.111111
v 0.555556 0.555556 -0.222222
v 0.555556 0.666667 -0.111111
v 0.333333 1.000000 -0.222222
v 0.555556 1.000000 -0.222222
v 0.444445 1.000000 -0.333333
v 0.666667 0.555556 0.111111
v 0.666667 1.000000 0.111111
v 0.777778 0.888889 0.111111
v 0.777778 0.777778 0.222222
v 0.666667 0.555556 -0.111111
v 0.666667 1.000000 -0.111111
v 0.666667 0.777778 -0.333333
v 1.000000 0.777778 0.222222
v 0.888889 0.777778 0.111111
v 1.000000 0.888889 0.111111
v 0.777778 0.777778 0.000000
v 1.000000 0.777778 0.000000
v 1.000000 0.888889 -0.111111
v 0.888889 0.333333 -0.333333
v 1.000000 0.777778 -0.222222
v 1.000000 0.888889 -0.333333
v 0.444445 -1.000000 -0.555556
v 0.555556 -0.555556 -0.444445
v 0.555556 -0.555556 -0.666667
v 0.555556 -0.444445 -0.777778
v 0.555556 -0.444445 -0.555556
v 0.444445 -0.555556 -0.777778
v 0.555556 -0.555556 -0.888889
v 0.444445 -0.555556 -1.000000
v 0.555556 -0.444445 -1.000000
v 0.777778 -1.000000 -0.444445
v 0.777778 -0.444445 -0.555556
v 0.666667 -0.555556 -0.555556
v 0.777778 -0.555556 -0.444445
v 0.777778 -0.888889 -1.000000
v 0.666667 -0.555556 -0.777778
v 0.777778 -0.444445 -1.000000
v 0.666667 -0.555556 -1.000000
v 1.000000 -0.555556 -0.444445
v 0.888889 -0.555556 -0.555556
v 1.000000 -0.444445 -0.555556
v 0.777778 -0.555556 -0.666667
v 1.000000 -0.555556 -0.666667
v 1.000000 -0.444445 -0.777778
v 0.888889 -1.000000 -1.000000
v 1.000000 -0.555556 -0.888889
v 0.888889 -0.555556 -1.000000
v 1.000000 -0.444445 -1.000000
v 0.333333 -0.222222 -0.333333
v 0.555556 0.000000 -0.555556
v 0.444445 0.111111 -0.555556
v 0.444445 -0.111111 -0.555556
v 0.333333 0.222222 -0.555556
v 0.555556 -0.111111 -0.666667
v 0.555556 0.111111 -0.666667
v 0.555556 0.222222 -0.555556
v 0.333333 -0.111111 -0.888889
v 0.444445 -0.111111 -1.000000
v 0.333333 0.000000 -0.777778
v 0.555556 0.000000 -1.000000
v 0.666667 -0.111111 -0.555556
v 0.777778 0.222222 -0.333333
v 0.777778 0.222222 -0.555556
v 0.666667 0.111111 -0.555556
v 0.666667 -0.111111 -1.000000
v 0.777778 0.222222 -0.777778
v 0.666667 0.333333 -1.000000
v 0.777778 0.111111 -0.888889
v 1.000000 -0.111111 -0.444445
v 1.000000 0.000000 -0.333333
v 0.888889 0.111111 -0.555556
v 0.777778 0.111111 -0.666667
v 1.000000 0.333333 -0.666667
v 0.888889 0.111111 -0.777778
v 1.000000 0.000000 -1.000000
v 0.555556 0.777778 -0.444445
v 0.555556 0.777778 -0.666667
v 0.555556 0.888889 -0.555556
v 0.444445 0.777778 -0.777778
v 0.555556 0.444445 -1.000000
v 0.444445 0.777778 -1.000000
v 0.555556 1.000000 -0.888889
v 0.666667 0.777778 -0.555556
v 0.777778 0.777778 -0.444445
v 0.666667 1.000000 -0.777778
v 1.000000 0.444445 -0.555556
v 0.777778 0.666667 -0.555556
v 1.000000 0.777778 -0.444445
v 0.888889 0.555556 -0.555556
v 0.777778 0.555556 -0.666667
v 1.000000 0.555556 -0.888889
v 0.888889 0.555556 -1.000000
v 0.777778 0.666667 -1.000000
v 1.000000 0.666667 -0.777778
v 1.000000 0.888889 -1.000000
v 0.888889 1.000000 -1.000000
v -1.000000 -0.777778 0.888889
v -1.000000 -0.666667 1.000000
v -1.000000 -0.666667 0.777778
v -1.000000 -0.444445 0.777778
v -1.000000 -0.777778 0.666667
v -1.000000 -0.333333 0.666667
v -1.000000 -0.555556 0.666667
v -1.000000 -0.777778 0.444445
v -1.000000 -0.666667 0.555556
v -1.000000 -0.666667 0.333333
v -1.000000 -0.333333 0.444445
v -0.555556 -0.666667 0.777778
v -0.333333 -0.666667 0.777778
v -0.444445 -0.777778 0.777778
v -0.555556 -0.777778 0.666667
v -0.333333 -0.777778 0.666667
v -0.555556 -0.333333 0.666667
v -0.555556 -0.666667 0.333333
v -1.000000 -0.222222 0.777778
v -1.000000 0.000000 0.777778
v -1.000000 0.222222 0.777778
v -1.000000 -0.111111 0.666667
v -1.000000 -0.222222 0.555556
v -1.000000 0.333333 0.666667
v -1.000000 0.111111 0.666667
v -0.777778 0.222222 0.555556
v -1.000000 -0.222222 0.333333
v -1.000000 0.000000 0.333333
v -0.777778 0.111111 0.444445
v -0.555556 -0.222222 0.777778
v -0.555556 -0.222222 0.333333
v -0.666667 0.111111 0.555556
v -0.333333 -0.222222 0.777778
v -0.333333 0.222222 0.777778
v -0.444445 0.333333 1.000000
v -0.333333 -0.333333 0.666667
v -0.333333 -0.222222 0.555556
v -0.333333 0.111111 0.666667
v -0.333333 0.222222 0.555556
v -0.333333 -0.333333 0.444445
v -0.333333 -0.222222 0.333333
v -0.444445 -0.111111 0.333333
v -0.444445 -0.333333 0.333333
v -0.555556 0.000000 0.333333
v -0.333333 0.111111 0.444445
v -0.444445 0.333333 0.333333
v -1.000000 0.444445 0.777778
v -1.000000 0.666667 0.777778
v -1.000000 0.888889 0.777778
v -1.000000 0.555556 0.666667
v -1.000000 1.000000 0.666667
v -1.000000 0.777778 0.666667
v -0.777778 0.888889 0.555556
v -1.000000 0.444445 0.333333
v -1.000000 0.666667 0.333333
v -0.777778 0.777778 0.444445
v -0.555556 0.444445 1.000000
v -0.555556 1.000000 0.888889
v -0.666667 0.777778 0.555556
v -0.444445 1.000000 1.000000
v -0.333333 0.777778 0.666667
v -0.555556 0.666667 0.333333
v -0.444445 1.000000 0.333333
v -1.000000 -0.777778 0.222222
v -1.000000 -0.666667 0.111111
v -1.000000 -0.333333 0.222222
v -1.000000 -0.777778 0.000000
v -1.000000 -0.333333 0.000000
v -1.000000 -0.777778 -0.222222
v -1.000000 -0.666667 -0.111111
v -1.000000 -0.666667 -0.333333
v -1.000000 -0.333333 -0.222222
v -0.555556 -0.777778 0.222222
v -0.555556 -0.333333 0.222222
v -0.333333 -0.333333 0.222222
v -0.444445 -0.333333 0.111111
v -0.555556 -0.333333 0.000000
v -0.333333 -0.333333 0.000000
v -0.555556 -0.666667 -0.333333
v -0.333333 -0.333333 -0.222222
v -0.444445 -0.333333 -0.333333
v -1.000000 0.555556 0.222222
v -1.000000 0.333333 0.222222
v -1.000000 0.666667 0.111111
v -1.000000 1.000000 0.222222
v -1.000000 0.555556 0.000000
v -1.000000 1.000000 0.000000
v -1.000000 0.555556 -0.222222
v -1.000000 0.666667 -0.111111
v -1.000000 0.666667 -0.333333
v -1.000000 1.000000 -0.222222
v -0.555556 0.333333 0.222222
v -0.555556 0.555556 0.222222
v -0.555556 1.000000 0.222222
v -0.333333 0.333333 0.222222
v -0.333333 0.444445 0.333333
v -0.333333 1.000000 0.222222
v -0.444445 1.000000 0.111111
v -0.555556 1.000000 0.000000
v -0.333333 1.000000 0.000000
v -0.555556 0.666667 -0.333333
v -0.333333 1.000000 -0.222222
v -0.444445 1.000000 -0.333333
v -1.000000 -0.777778 -0.444445
v -1.000000 -0.666667 -0.555556
v -1.000000 -0.333333 -0.444445
v -1.000000 -0.777778 -0.666667
v -1.000000 -0.333333 -0.666667
v -1.000000 -0.777778 -0.888889
v -1.000000 -0.666667 -0.777778
v -1.000000 -0.666667 -1.000000
v -1.000000 -0.333333 -0.888889
v -0.555556 -0.777778 -0.444445
v -0.555556 -0.333333 -0.666667
v -0.444445 -0.777778 -1.000000
v -0.555556 -0.666667 -1.000000
v -0.444445 -0.333333 -1.000000
v -1.000000 -0.222222 -0.333333
v -1.000000 -0.222222 -0.555556
v -1.000000 0.000000 -0.555556
v -1.000000 0.222222 -0.555556
v -1.000000 -0.111111 -0.666667
v -1.000000 -0.222222 -0.777778
v -1.000000 0.111111 -0.666667
v -1.000000 -0.111111 -0.888889
v -1.000000 -0.222222 -1.000000
v -1.000000 0.000000 -0.777778
v -1.000000 0.333333 -0.888889
v -1.000000 0.222222 -1.000000
v -0.555556 -0.222222 -0.333333
v -0.555556 -0.222222 -0.555556
v -0.555556 -0.222222 -1.000000
v -0.555556 -0.111111 -0.888889
v -0.555556 0.222222 -1.000000
v -0.333333 -0.333333 -0.444445
v -0.333333 -0.222222 -0.555556
v -0.333333 -0.222222 -0.333333
v -0.555556 0.000000 -0.555556
v -0.333333 0.111111 -0.444445
v -0.444445 -0.111111 -0.555556
v -0.555556 -0.111111 -0.666667
v -0.333333 -0.333333 -0.666667
v -0.333333 -0.222222 -0.777778
v -0.444445 -0.111111 -0.777778
v -0.333333 0.222222 -0.777778
v -0.333333 -0.333333 -0.888889
v -0.333333 -0.222222 -1.000000
v -0.555556 0.000000 -0.777778
v -0.333333 0.111111 -0.888889
v -0.444445 0.111111 -1.000000
v -1.000000 0.555556 -0.444445
v -1.000000 1.000000 -0.444445
v -1.000000 0.888889 -0.555556
v -1.000000 0.444445 -0.777778
v -1.000000 0.777778 -0.666667
v -1.000000 0.555556 -0.888889
v -1.000000 0.666667 -0.777778
v -1.000000 1.000000 -0.888889
v -1.000000 0.888889 -1.000000
v -0.555556 0.555556 -0.444445
v -0.555556 0.888889 -0.555556
v -0.555556 1.000000 -0.444445
v -0.555556 0.888889 -0.777778
v -0.555556 0.777778 -0.888889
v -0.444445 0.777778 -0.555556
v -0.333333 0.666667 -0.555556
v -0.333333 1.000000 -0.444445
v -0.333333 0.555556 -0.666667
v -0.555556 0.777778 -0.666667
v -0.444445 0.777778 -0.777778
v -0.333333 0.444445 -1.000000
v -0.111111 -0.666667 0.777778
v -0.222222 -0.777778 0.777778
v -0.222222 -0.333333 0.777778
v -0.111111 -0.777778 0.666667
v -0.111111 -0.333333 0.666667
v -0.222222 -0.333333 0.555556
v -0.222222 -0.333333 0.333333
v -0.111111 -0.333333 0.444445
v 0.000000 -0.777778 0.777778
v 0.000000 -0.333333 0.777778
v 0.000000 -0.333333 0.555556
v 0.000000 -0.333333 0.333333
v 0.111111 -0.666667 0.777778
v 0.333333 -0.666667 0.777778
v 0.222222 -0.777778 0.777778
v 0.222222 -0.333333 0.777778
v 0.111111 -0.777778 0.666667
v 0.333333 -0.777778 0.666667
v 0.111111 -0.333333 0.666667
v 0.333333 -0.333333 0.666667
v 0.222222 -0.777778 0.333333
v 0.111111 -0.666667 0.333333
v 0.222222 -0.333333 0.333333
v 0.333333 -0.333333 0.444445
v -0.111111 0.666667 0.777778
v -0.222222 0.777778 0.777778
v -0.111111 0.555556 0.666667
v -0.111111 1.000000 0.666667
v -0.222222 0.777778 0.555556
v -0.222222 0.333333 0.333333
v -0.222222 1.000000 0.333333
v -0.111111 1.000000 0.444445
v 0.000000 0.555556 0.777778
v 0.000000 1.000000 0.777778
v 0.000000 1.000000 0.555556
v 0.000000 1.000000 0.333333
v 0.111111 0.666667 0.777778
v 0.333333 0.666667 0.777778
v 0.222222 0.555556 0.777778
v 0.222222 1.000000 0.777778
v 0.111111 0.555556 0.666667
v 0.333333 0.555556 0.666667
v 0.111111 1.000000 0.666667
v 0.333333 1.000000 0.666667
v 0.222222 0.555556 0.333333
v 0.111111 0.666667 0.333333
v 0.222222 1.000000 0.333333
v 0.333333 1.000000 0.444445
v -0.111111 -0.666667 -0.555556
v -0.222222 -0.333333 -0.333333
v -0.222222 -0.333333 -0.555556
v -0.111111 -0.777778 -0.666667
v -0.111111 -0.333333 -0.666667
v -0.222222 -0.333333 -0.777778
v -0.222222 -0.333333 -1.000000
v -0.111111 -0.333333 -0.888889
v 0.000000 -0.777778 -0.555556
v 0.000000 -0.333333 -0.555556
v 0.000000 -0.333333 -0.777778
v 0.000000 -0.333333 -1.000000
v 0.111111 -0.666667 -0.555556
v 0.333333 -0.666667 -0.555556
v 0.222222 -0.777778 -0.555556
v 0.222222 -0.333333 -0.555556
v 0.111111 -0.777778 -0.666667
v 0.333333 -0.777778 -0.666667
v 0.111111 -0.333333 -0.666667
v 0.333333 -0.333333 -0.666667
v 0.222222 -0.777778 -1.000000
v 0.111111 -0.666667 -1.000000
v 0.222222 -0.333333 -1.000000
v 0.333333 -0.333333 -0.888889
v -0.111111 0.666667 -0.555556
v -0.222222 0.555556 -0.555556
v -0.222222 1.000000 -0.333333
v -0.111111 0.555556 -0.666667
v -0.111111 1.000000 -0.666667
v -0.222222 0.777778 -0.777778
v -0.222222 0.333333 -1.000000
v -0.222222 1.000000 -1.000000
v -0.111111 1.000000 -0.888889
v 0.000000 0.555556 -0.555556
v 0.000000 1.000000 -0.555556
v 0.000000 1.000000 -0.777778
v 0.000000 1.000000 -1.000000
v 0.111111 0.666667 -0.555556
v 0.333333 0.666667 -0.555556
v 0.222222 0.555556 -0.555556
v 0.222222 1.000000 -0.555556
v 0.111111 0.555556 -0.666667
v 0.333333 0.555556 -0.666667
v 0.111111 1.000000 -0.666667
v 0.333333 1.000000 -0.666667
v 0.222222 0.555556 -1.000000
v 0.111111 0.666667 -1.000000
v 0.222222 1.000000 -1.000000
v 0.333333 1.000000 -0.888889
v 0.555556 -0.666667 0.777778
v 0.444445 -0.777778 0.777778
v 0.555556 -0.777778 0.666667
v 0.555556 -0.333333 0.666667
v 0.666667 -0.777778 0.777778
v 0.666667 -0.333333 0.777778
v 0.666667 -0.333333 0.555556
v 0.777778 -0.666667 0.777778
v 1.000000 -0.666667 0.777778
v 0.888889 -0.777778 0.777778
v 0.777778 -0.777778 0.666667
v 1.000000 -0.777778 0.666667
v 0.777778 -0.333333 0.666667
v 1.000000 -0.333333 0.666667
v 0.777778 -0.666667 0.333333
v 1.000000 -0.333333 0.444445
v 0.333333 -0.222222 0.777778
v 0.333333 0.000000 0.777778
v 0.333333 -0.111111 0.666667
v 0.333333 -0.222222 0.555556
v 0.555556 -0.222222 0.555556
v 0.555556 -0.222222 0.777778
v 0.333333 0.111111 0.666667
v 0.333333 -0.111111 0.444445
v 0.333333 -0.222222 0.333333
v 0.444445 -0.111111 0.333333
v 0.555556 -0.222222 0.333333
v 0.444445 -0.333333 0.333333
v 0.333333 0.000000 0.555556
v 0.555556 0.000000 0.333333
v 0.777778 -0.222222 0.777778
v 0.666667 -0.111111 0.333333
v 0.777778 -0.222222 0.333333
v 0.666667 -0.333333 0.333333
v 0.666667 0.333333 0.333333
v 1.000000 -0.222222 0.777778
v 1.000000 0.222222 0.777778
v 0.888889 0.333333 1.000000
v 1.000000 -0.222222 0.555556
v 1.000000 0.111111 0.666667
v 1.000000 0.222222 0.555556
v 1.000000 -0.222222 0.333333
v 0.888889 -0.111111 0.333333
v 0.888889 -0.333333 0.333333
v 0.777778 0.000000 0.333333
v 1.000000 0.111111 0.444445
v 0.888889 0.333333 0.333333
v 0.444445 0.555556 0.777778
v 0.444445 1.000000 0.777778
v 0.555556 0.777778 0.666667
v 0.555556 0.888889 0.555556
v 0.555556 0.888889 0.777778
v 0.444445 1.000000 0.555556
v 0.555556 0.777778 0.444445
v 0.444445 1.000000 0.333333
v 0.777778 0.444445 1.000000
v 0.666667 0.777778 0.777778
v 0.777778 1.000000 0.888889
v 0.666667 0.777778 0.555556
v 0.666667 1.000000 0.333333
v 1.000000 0.888889 0.777778
v 0.888889 1.000000 1.000000
v 1.000000 0.777778 0.666667
v 1.000000 0.888889 0.555556
v 1.000000 0.444445 0.333333
v 0.777778 0.666667 0.333333
v 1.000000 0.777778 0.444445
v 0.888889 1.000000 0.333333
v 0.333333 -0.666667 0.111111
v 0.333333 -0.333333 0.222222
v 0.555556 -0.333333 0.222222
v 0.333333 -0.777778 0.000000
v 0.333333 -0.333333 0.000000
v 0.333333 -0.666667 -0.111111
v 0.777778 -0.777778 0.222222
v 0.777778 -0.333333 0.222222
v 0.666667 -0.333333 -0.333333
v 1.000000 -0.333333 0.222222
v 0.888889 -0.333333 0.111111
v 0.777778 -0.333333 0.000000
v 1.000000 -0.333333 0.000000
v 0.777778 -0.666667 -0.333333
v 1.000000 -0.333333 -0.222222
v 0.888889 -0.333333 -0.333333
v 0.555556 0.333333 0.222222
v 0.333333 0.666667 0.111111
v 0.333333 1.000000 0.222222
v 0.555556 1.000000 0.222222
v 0.333333 0.555556 0.000000
v 0.333333 1.000000 0.000000
v 0.333333 0.666667 -0.111111
v 0.777778 0.333333 0.222222
v 0.777778 0.555556 0.222222
v 0.777778 1.000000 0.222222
v 0.666667 1.000000 -0.333333
v 1.000000 0.333333 0.222222
v 1.000000 1.000000 0.222222
v 0.888889 1.000000 0.111111
v 0.777778 1.000000 0.000000
v 1.000000 1.000000 0.000000
v 0.777778 0.666667 -0.333333
v 1.000000 1.000000 -0.222222
v 0.888889 1.000000 -0.333333
v 0.444445 -0.777778 -0.555556
v 0.555556 -0.333333 -0.666667
v 0.444445 -0.333333 -1.000000
v 0.777778 -0.777778 -0.444445
v 0.666667 -0.333333 -0.555556
v 0.666667 -0.333333 -0.777778
v 0.666667 -0.333333 -1.000000
v 1.000000 -0.333333 -0.444445
v 0.777778 -0.333333 -0.666667
v 1.000000 -0.333333 -0.666667
v 0.888889 -0.777778 -1.000000
v 0.777778 -0.666667 -1.000000
v 1.000000 -0.333333 -0.888889
v 0.888889 -0.333333 -1.000000
v 0.333333 -0.222222 -0.555556
v 0.555556 -0.222222 -0.333333
v 0.333333 0.000000 -0.555556
v 0.333333 -0.111111 -0.666667
v 0.333333 -0.222222 -0.777778
v 0.555556 -0.222222 -0.777778
v 0.555556 -0.222222 -0.555556
v 0.333333 0.111111 -0.666667
v 0.444445 0.111111 -0.777778
v 0.333333 -0.222222 -1.000000
v 0.555556 -0.222222 -1.000000
v 0.333333 0.111111 -0.888889
v 0.333333 0.000000 -1.000000
v 0.777778 -0.222222 -0.333333
v 0.777778 -0.222222 -0.555556
v 0.777778 -0.111111 -0.444445
v 0.777778 -0.222222 -1.000000
v 1.000000 -0.222222 -0.555556
v 1.000000 -0.222222 -0.333333
v 0.888889 -0.111111 -0.333333
v 0.777778 0.000000 -0.333333
v 1.000000 0.000000 -0.555556
v 1.000000 -0.222222 -0.777778
v 1.000000 -0.111111 -0.666667
v 0.777778 0.333333 -0.666667
v 1.000000 -0.222222 -1.000000
v 1.000000 -0.111111 -0.888889
v 1.000000 0.000000 -0.777778
v 1.000000 0.222222 -1.000000
v 0.444445 0.555556 -0.555556
v 0.555556 1.000000 -0.444445
v 0.444445 1.000000 -0.555556
v 0.555556 1.000000 -0.666667
v 0.444445 1.000000 -0.777778
v 0.555556 0.666667 -1.000000
v 0.444445 1.000000 -1.000000
v 0.777778 0.444445 -0.555556
v 0.777778 0.555556 -0.444445
v 0.666667 1.000000 -0.555556
v 0.777778 0.888889 -0.555556
v 0.777778 1.000000 -0.444445
v 0.777778 0.444445 -0.777778
v 0.666667 0.555556 -1.000000
v 0.777778 0.888889 -0.777778
v 0.777778 0.777778 -0.888889
v 1.000000 0.666667 -0.555556
v 0.888889 0.777778 -0.555556
v 1.000000 1.000000 -0.444445
v 1.000000 0.555556 -0.666667
v 0.777778 0.777778 -0.666667
v 1.000000 0.888889 -0.777778
v 0.888889 0.777778 -0.777778
v 1.000000 0.777778 -0.888889
v -1.000000 -0.888889 0.888889
v -0.888889 -0.888889 1.000000
v -0.888889 -1.000000 0.888889
v -1.000000 -0.666667 0.888889
v -0.777778 -0.666667 0.888889
v -0.888889 -0.666667 1.000000
v -0.888889 -0.666667 0.777778
v -1.000000 -0.444445 0.888889
v -0.888889 -0.444444 1.000000
v -1.000000 -0.888889 0.666667
v -0.777778 -0.888889 0.666667
v -0.888889 -1.000000 0.666667
v -0.888889 -0.777778 0.666667
v -1.000000 -0.444445 0.666667
v -0.777778 -0.444444 0.666667
v -0.888889 -0.555556 0.666667
v -1.000000 -0.888889 0.444444
v -0.888889 -1.000000 0.444445
v -1.000000 -0.666667 0.444444
v -0.777778 -0.666667 0.444445
v -0.888889 -0.666667 0.555556
v -1.000000 -0.444445 0.444444
v -0.666667 -0.888889 1.000000
v -0.666667 -0.888889 0.777778
v -0.666667 -1.000000 0.888889
v -0.666667 -0.777778 0.888889
v -0.666667 -0.444444 1.000000
v -0.666667 -0.444445 0.777778
v -0.666667 -0.555556 0.888889
v -0.666667 -0.888889 0.555556
v -0.666667 -1.000000 0.444445
v -0.666667 -0.777778 0.444444
v -0.666667 -0.444444 0.555556
v -0.666667 -0.555556 0.444445
v -0.444445 -0.888889 1.000000
v -0.444444 -1.000000 0.888889
v -0.555556 -0.666667 0.888889
v -0.444445 -0.666667 1.000000
v -0.444444 -0.666667 0.777778
v -0.444445 -0.444444 1.000000
v -0.555556 -0.888889 0.666667
v -0.444444 -1.000000 0.666667
v -0.444445 -0.777778 0.666667
v -0.555556 -0.444445 0.666667
v -0.444444 -0.555556 0.666667
v -0.444444 -1.000000 0.444445
v -0.555556 -0.666667 0.444444
v -0.444445 -0.666667 0.555556
v -1.000000 -0.222222 0.888889
v -0.888889 -0.222222 1.000000
v -1.000000 0.000000 0.888889
v -0.777778 0.000000 0.888889
v -0.888889 0.000000 1.000000
v -0.888889 0.000000 0.777778
v -1.000000 0.222222 0.888889
v -0.888889 0.222222 1.000000
v -1.000000 -0.222222 0.666667
v -0.777778 -0.222222 0.666667
v -0.888889 -0.111111 0.666667
v -1.000000 0.222222 0.666667
v -0.777778 0.222222 0.666667
v -0.888889 0.111111 0.666667
v -1.000000 -0.222222 0.444444
v -0.888889 -0.222222 0.333333
v -1.000000 0.000000 0.444444
v -0.777778 0.000000 0.444445
v -0.888889 0.000000 0.555556
v -0.888889 0.000000 0.333333
v -1.000000 0.222222 0.444444
v -0.888889 0.222222 0.333333
v -0.666667 -0.222222 1.000000
v -0.666667 -0.222222 0.777778
v -0.666667 -0.111111 0.888889
v -0.666667 0.222222 1.000000
v -0.666667 0.222222 0.777778
v -0.666667 0.111111 0.888889
v -0.666667 -0.222222 0.555556
v -0.666667 -0.222222 0.333333
v -0.666667 -0.111111 0.444444
v -0.666667 0.222222 0.555556
v -0.666667 0.222222 0.333333
v -0.666667 0.111111 0.444445
v -0.333333 -0.222222 0.888889
v -0.444445 -0.222222 1.000000
v -0.555556 0.000000 0.888889
v -0.333333 0.000000 0.888889
v -0.444445 0.000000 1.000000
v -0.444444 0.000000 0.777778
v -0.333333 0.222222 0.888889
v -0.444445 0.222222 1.000000
v -0.555556 -0.222222 0.666667
v -0.333333 -0.222222 0.666667
v -0.444445 -0.111111 0.666667
v -0.555556 0.222222 0.666667
v -0.333333 0.222222 0.666667
v -0.444444 0.111111 0.666667
v -0.333333 -0.222222 0.444445
v -0.444444 -0.222222 0.333333
v -0.555556 0.000000 0.444444
v -0.333333 0.000000 0.444445
v -0.444445 0.000000 0.555556
v -0.444444 0.000000 0.333333
v -0.333333 0.222222 0.444445
v -0.444444 0.222222 0.333333
v -1.000000 0.444445 0.888889
v -0.888889 0.444445 1.000000
v -1.000000 0.666667 0.888889
v -0.777778 0.666667 0.888889
v -0.888889 0.666667 1.000000
v -0.888889 0.666667 0.777778
v -1.000000 0.888889 0.888889
v -0.888889 0.888889 1.000000
v -0.888889 1.000000 0.888889
v -1.000000 0.444445 0.666667
v -0.777778 0.444445 0.666667
v -0.888889 0.555556 0.666667
v -1.000000 0.888889 0.666667
v -0.777778 0.888889 0.666667
v -0.888889 0.777778 0.666667
v -0.888889 1.000000 0.666667
v -1.000000 0.444445 0.444444
v -1.000000 0.666667 0.444444
v -0.777778 0.666667 0.444445
v -0.888889 0.666667 0.555556
v -1.000000 0.888889 0.444444
v -0.888889 1.000000 0.444444
v -0.666667 0.444445 1.000000
v -0.666667 0.444445 0.777778
v -0.666667 0.555556 0.888889
v -0.666667 0.888889 1.000000
v -0.666667 0.888889 0.777778
v -0.666667 0.777778 0.888889
v -0.666667 1.000000 0.888889
v -0.666667 0.444445 0.555556
v -0.666667 0.555556 0.444444
v -0.666667 0.888889 0.555556
v -0.666667 0.777778 0.444445
v -0.666667 1.000000 0.444444
v -0.444445 0.444445 1.000000
v -0.555556 0.666667 0.888889
v -0.444445 0.666667 1.000000
v -0.444444 0.666667 0.777778
v -0.444445 0.888889 1.000000
v -0.444445 1.000000 0.888889
v -0.555556 0.444445 0.666667
v -0.444445 0.555556 0.666667
v -0.555556 0.888889 0.666667
v -0.444444 0.777778 0.666667
v -0.444445 1.000000 0.666667
v -0.555556 0.666667 0.444444
v -0.444445 0.666667 0.555556
v -0.444445 1.000000 0.444444
v -1.000000 -0.888889 0.222222
v -0.888889 -1.000000 0.222222
v -1.000000 -0.666667 0.222222
v -0.777778 -0.666667 0.222222
v -0.888889 -0.666667 0.111111
v -1.000000 -0.444445 0.222222
v -0.888889 -0.333333 0.222222
v -1.000000 -0.888889 0.000000
v -0.777778 -0.888889 -0.000000
v -0.888889 -1.000000 -0.000000
v -0.888889 -0.777778 0.000000
v -1.000000 -0.444445 0.000000
v -0.777778 -0.444444 -0.000000
v -0.888889 -0.555556 -0.000000
v -0.888889 -0.333333 0.000000
v -1.000000 -0.888889 -0.222222
v -0.888889 -1.000000 -0.222222
v -1.000000 -0.666667 -0.222222
v -0.777778 -0.666667 -0.222222
v -0.888889 -0.666667 -0.111111
v -1.000000 -0.444445 -0.222222
v -0.888889 -0.333333 -0.222222
v -0.666667 -0.888889 0.111111
v -0.666667 -1.000000 0.222222
v -0.666667 -0.777778 0.222222
v -0.666667 -0.444445 0.111111
v -0.666667 -0.555556 0.222222
v -0.666667 -0.333333 0.222222
v -0.666667 -0.888889 -0.111111
v -0.666667 -1.000000 -0.222222
v -0.666667 -0.777778 -0.222222
v -0.666667 -0.444444 -0.111111
v -0.666667 -0.555556 -0.222222
v -0.666667 -0.333333 -0.222222
v -0.333333 -0.888889 0.222222
v -0.444444 -1.000000 0.222222
v -0.555556 -0.666667 0.222222
v -0.333333 -0.666667 0.222222
v -0.444444 -0.666667 0.111111
v -0.333333 -0.444444 0.222222
v -0.444445 -0.333333 0.222222
v -0.555556 -0.888889 0.000000
v -0.333333 -0.888889 -0.000000
v -0.444444 -1.000000 -0.000000
v -0.444445 -0.777778 0.000000
v -0.555556 -0.444445 0.000000
v -0.333333 -0.444444 -0.000000
v -0.444444 -0.555556 -0.000000
v -0.444445 -0.333333 0.000000
v -0.333333 -0.888889 -0.222222
v -0.444444 -1.000000 -0.222222
v -0.555556 -0.666667 -0.222222
v -0.333333 -0.666667 -0.222222
v -0.444445 -0.666667 -0.111111
v -0.333333 -0.444444 -0.222222
v -0.444445 -0.333333 -0.222222
v -1.000000 0.444445 0.222222
v -0.888889 0.333333 0.222222
v -1.000000 0.666667 0.222222
v -0.777778 0.666667 0.222222
v -0.888889 0.666667 0.111111
v -1.000000 0.888889 0.222222
v -0.888889 1.000000 0.222222
v -1.000000 0.444445 0.000000
v -0.777778 0.444445 -0.000000
v -0.888889 0.333333 -0.000000
v -0.888889 0.555556 0.000000
v -1.000000 0.888889 0.000000
v -0.777778 0.888889 -0.000000
v -0.888889 0.777778 -0.000000
v -0.888889 1.000000 0.000000
v -1.000000 0.444445 -0.222222
v -0.888889 0.333333 -0.222222
v -1.000000 0.666667 -0.222222
v -0.777778 0.666667 -0.222222
v -0.888889 0.666667 -0.111111
v -1.000000 0.888889 -0.222222
v -0.888889 1.000000 -0.222222
v -0.666667 0.444445 0.111111
v -0.666667 0.333333 0.222222
v -0.666667 0.555556 0.222222
v -0.666667 0.888889 0.111111
v -0.666667 0.777778 0.222222
v -0.666667 1.000000 0.222222
v -0.666667 0.444445 -0.111111
v -0.666667 0.333333 -0.222222
v -0.666667 0.555556 -0.222222
v -0.666667 0.888889 -0.111111
v -0.666667 0.777778 -0.222222
v -0.666667 1.000000 -0.222222
v -0.333333 0.444445 0.222222
v -0.444444 0.333333 0.222222
v -0.555556 0.666667 0.222222
v -0.333333 0.666667 0.222222
v -0.444444 0.666667 0.111111
v -0.333333 0.888889 0.222222
v -0.444445 1.000000 0.222222
v -0.555556 0.444445 0.000000
v -0.333333 0.444445 -0.000000
v -0.444444 0.333333 -0.000000
v -0.444445 0.555556 0.000000
v -0.555556 0.888889 0.000000
v -0.333333 0.888889 -0.000000
v -0.444444 0.777778 -0.000000
v -0.444445 1.000000 0.000000
v -0.333333 0.444445 -0.222222
v -0.444444 0.333333 -0.222222
v -0.555556 0.666667 -0.222222
v -0.333333 0.666667 -0.222222
v -0.444445 0.666667 -0.111111
v -0.333333 0.888889 -0.222222
v -0.444445 1.000000 -0.222222
v -1.000000 -0.888889 -0.444445
v -0.888889 -1.000000 -0.444445
v -1.000000 -0.666667 -0.444445
v -0.777778 -0.666667 -0.444445
v -0.888889 -0.666667 -0.555556
v -1.000000 -0.444445 -0.444445
v -1.000000 -0.888889 -0.666667
v -0.777778 -0.888889 -0.666667
v -0.888889 -1.000000 -0.666667
v -0.888889 -0.777778 -0.666667
v -1.000000 -0.444445 -0.666667
v -0.777778 -0.444444 -0.666667
v -0.888889 -0.555556 -0.666667
v -1.000000 -0.888889 -0.888889
v -0.888889 -0.888889 -1.000000
v -0.888889 -1.000000 -0.888889
v -1.000000 -0.666667 -0.888889
v -0.777778 -0.666667 -0.888889
v -0.888889 -0.666667 -0.777778
v -0.888889 -0.666667 -1.000000
v -1.000000 -0.444445 -0.888889
v -0.888889 -0.444445 -1.000000
v -0.666667 -0.888889 -0.555556
v -0.666667 -1.000000 -0.444445
v -0.666667 -0.777778 -0.444445
v -0.666667 -0.444445 -0.555556
v -0.666667 -0.555556 -0.444445
v -0.666667 -0.888889 -0.777778
v -0.666667 -0.888889 -1.000000
v -0.666667 -1.000000 -0.888889
v -0.666667 -0.777778 -0.888889
v -0.666667 -0.444444 -0.777778
v -0.666667 -0.444445 -1.000000
v -0.666667 -0.555556 -0.888889
v -0.444444 -1.000000 -0.444445
v -0.555556 -0.666667 -0.444445
v -0.444444 -0.666667 -0.555556
v -0.555556 -0.888889 -0.666667
v -0.444444 -1.000000 -0.666667
v -0.444445 -0.777778 -0.666667
v -0.555556 -0.444445 -0.666667
v -0.444444 -0.555556 -0.666667
v -0.444444 -0.888889 -1.000000
v -0.444444 -1.000000 -0.888889
v -0.555556 -0.666667 -0.888889
v -0.444445 -0.666667 -0.777778
v -0.444444 -0.666667 -1.000000
v -0.444444 -0.444445 -1.000000
v -1.000000 -0.222222 -0.444445
v -0.888889 -0.222222 -0.333333
v -1.000000 0.000000 -0.444445
v -0.777778 0.000000 -0.444445
v -0.888889 0.000000 -0.333333
v -0.888889 0.000000 -0.555556
v -1.000000 0.222222 -0.444445
v -0.888889 0.222222 -0.333333
v -1.000000 -0.222222 -0.666667
v -0.777778 -0.222222 -0.666667
v -0.888889 -0.111111 -0.666667
v -1.000000 0.222222 -0.666667
v -0.777778 0.222222 -0.666667
v -0.888889 0.111111 -0.666667
v -1.000000 -0.222222 -0.888889
v -0.888889 -0.222222 -1.000000
v -1.000000 0.000000 -0.888889
v -0.777778 0.000000 -0.888889
v -0.888889 0.000000 -0.777778
v -0.888889 0.000000 -1.000000
v -1.000000 0.222222 -0.888889
v -0.888889 0.222222 -1.000000
v -0.666667 -0.222222 -0.333333
v -0.666667 -0.222222 -0.555556
v -0.666667 -0.111111 -0.444445
v -0.666667 0.222222 -0.333333
v -0.666667 0.222222 -0.555556
v -0.666667 0.111111 -0.444445
v -0.666667 -0.222222 -0.777778
v -0.666667 -0.222222 -1.000000
v -0.666667 -0.111111 -0.888889
v -0.666667 0.222222 -0.777778
v -0.666667 0.222222 -1.000000
v -0.666667 0.111111 -0.888889
v -0.333333 -0.222222 -0.444445
v -0.444445 -0.222222 -0.333333
v -0.555556 0.000000 -0.444445
v -0.333333 0.000000 -0.444445
v -0.444445 0.000000 -0.333333
v -0.444444 0.000000 -0.555556
v -0.333333 0.222222 -0.444445
v -0.444445 0.222222 -0.333333
v -0.555556 -0.222222 -0.666667
v -0.333333 -0.222222 -0.666667
v -0.444445 -0.111111 -0.666667
v -0.555556 0.222222 -0.666667
v -0.333333 0.222222 -0.666667
v -0.444444 0.111111 -0.666667
v -0.333333 -0.222222 -0.888889
v -0.444444 -0.222222 -1.000000
v -0.555556 0.000000 -0.888889
v -0.333333 0.000000 -0.888889
v -0.444445 0.000000 -0.777778
v -0.444444 0.000000 -1.000000
v -0.333333 0.222222 -0.888889
v -0.444444 0.222222 -1.000000
v -1.000000 0.444445 -0.444445
v -1.000000 0.666667 -0.444445
v -0.777778 0.666667 -0.444445
v -0.888889 0.666667 -0.555556
v -1.000000 0.888889 -0.444445
v -0.888889 1.000000 -0.444445
v -1.000000 0.444445 -0.666667
v -0.777778 0.444445 -0.666667
v -0.888889 0.555556 -0.666667
v -1.000000 0.888889 -0.666667
v -0.777778 0.888889 -0.666667
v -0.888889 0.777778 -0.666667
v -0.888889 1.000000 -0.666667
v -1.000000 0.444445 -0.888889
v -0.888889 0.444445 -1.000000
v -1.000000 0.666667 -0.888889
v -0.777778 0.666667 -0.888889
v -0.888889 0.666667 -0.777778
v -0.888889 0.666667 -1.000000
v -1.000000 0.888889 -0.888889
v -0.888889 0.888889 -1.000000
v -0.888889 1.000000 -0.888889
v -0.666667 0.444445 -0.555556
v -0.666667 0.555556 -0.444445
v -0.666667 0.888889 -0.555556
v -0.666667 0.777778 -0.444445
v -0.666667 1.000000 -0.444445
v -0.666667 0.444445 -0.777778
v -0.666667 0.444445 -1.000000
v -0.666667 0.555556 -0.888889
v -0.666667 0.888889 -0.777778
v -0.666667 0.888889 -1.000000
v -0.666667 0.777778 -0.888889
v -0.666667 1.000000 -0.888889
v -0.555556 0.666667 -0.444445
v -0.444444 0.666667 -0.555556
v -0.444445 1.000000 -0.444445
v -0.555556 0.444445 -0.666667
v -0.444445 0.555556 -0.666667
v -0.555556 0.888889 -0.666667
v -0.444444 0.777778 -0.666667
v -0.444445 1.000000 -0.666667
v -0.444444 0.444445 -1.000000
v -0.555556 0.666667 -0.888889
v -0.444445 0.666667 -0.777778
v -0.444444 0.666667 -1.000000
v -0.444444 0.888889 -1.000000
v -0.444445 1.000000 -0.888889
v -0.222222 -0.888889 1.000000
v -0.222222 -1.000000 0.888889
v -0.111111 -0.666667 0.888889
v -0.222222 -0.666667 1.000000
v -0.222222 -0.666667 0.777778
v -0.222222 -0.444444 1.000000
v -0.222222 -0.333333 0.888889
v -0.111111 -0.888889 0.666667
v -0.222222 -1.000000 0.666667
v -0.222222 -0.777778 0.666667
v -0.111111 -0.444444 0.666667
v -0.222222 -0.555556 0.666667
v -0.222222 -0.333333 0.666667
v -0.222222 -0.888889 0.333333
v -0.222222 -1.000000 0.444445
v -0.111111 -0.666667 0.444445
v -0.222222 -0.666667 0.555556
v -0.222222 -0.666667 0.333333
v -0.222222 -0.444445 0.333333
v -0.222222 -0.333333 0.444444
v 0.000000 -0.888889 1.000000
v 0.000000 -0.888889 0.777778
v 0.000000 -1.000000 0.888889
v 0.000000 -0.777778 0.888889
v 0.000000 -0.444444 1.000000
v 0.000000 -0.444445 0.777778
v 0.000000 -0.555556 0.888889
v 0.000000 -0.333333 0.888889
v 0.000000 -0.888889 0.555556
v 0.000000 -0.888889 0.333333
v 0.000000 -1.000000 0.444445
v 0.000000 -0.777778 0.444444
v 0.000000 -0.444444 0.555556
v 0.000000 -0.444445 0.333333
v 0.000000 -0.555556 0.444445
v 0.000000 -0.333333 0.444444
v 0.222222 -0.888889 1.000000
v 0.222222 -1.000000 0.888889
v 0.111111 -0.666667 0.888889
v 0.222222 -0.666667 1.000000
v 0.222222 -0.666667 0.777778
v 0.222222 -0.444444 1.000000
v 0.222222 -0.333333 0.888889
v 0.111111 -0.888889 0.666667
v 0.222222 -1.000000 0.666667
v 0.222222 -0.777778 0.666667
v 0.111111 -0.444445 0.666667
v 0.222222 -0.555556 0.666667
v 0.222222 -0.333333 0.666667
v 0.222222 -0.888889 0.333333
v 0.222222 -1.000000 0.444445
v 0.111111 -0.666667 0.444444
v 0.222222 -0.666667 0.555556
v 0.222222 -0.666667 0.333333
v 0.222222 -0.444445 0.333333
v 0.222222 -0.333333 0.444444
v -0.222222 0.444445 1.000000
v -0.222222 0.333333 0.888889
v -0.111111 0.666667 0.888889
v -0.222222 0.666667 1.000000
v -0.222222 0.666667 0.777778
v -0.222222 0.888889 1.000000
v -0.222222 1.000000 0.888889
v -0.111111 0.444445 0.666667
v -0.222222 0.333333 0.666667
v -0.222222 0.555556 0.666667
v -0.111111 0.888889 0.666667
v -0.222222 0.777778 0.666667
v -0.222222 1.000000 0.666667
v -0.222222 0.444445 0.333333
v -0.222222 0.333333 0.444445
v -0.111111 0.666667 0.444445
v -0.222222 0.666667 0.555556
v -0.222222 0.666667 0.333333
v -0.222222 0.888889 0.333333
v -0.222222 1.000000 0.444444
v 0.000000 0.444445 1.000000
v 0.000000 0.444445 0.777778
v 0.000000 0.333333 0.888889
v 0.000000 0.555556 0.888889
v 0.000000 0.888889 1.000000
v 0.000000 0.888889 0.777778
v 0.000000 0.777778 0.888889
v 0.000000 1.000000 0.888889
v 0.000000 0.444445 0.555556
v 0.000000 0.444445 0.333333
v 0.000000 0.333333 0.444445
v 0.000000 0.555556 0.444444
v 0.000000 0.888889 0.555556
v 0.000000 0.888889 0.333333
v 0.000000 0.777778 0.444445
v 0.000000 1.000000 0.444444
v 0.222222 0.444445 1.000000
v 0.222222 0.333333 0.888889
v 0.111111 0.666667 0.888889
v 0.222222 0.666667 1.000000
v 0.222222 0.666667 0.777778
v 0.222222 0.888889 1.000000
v 0.222222 1.000000 0.888889
v 0.111111 0.444445 0.666667
v 0.222222 0.333333 0.666667
v 0.222222 0.555556 0.666667
v 0.111111 0.888889 0.666667
v 0.222222 0.777778 0.666667
v 0.222222 1.000000 0.666667
v 0.222222 0.444445 0.333333
v 0.222222 0.333333 0.444445
v 0.111111 0.666667 0.444444
v 0.222222 0.666667 0.555556
v 0.222222 0.666667 0.333333
v 0.222222 0.888889 0.333333
v 0.222222 1.000000 0.444444
v -0.222222 -0.888889 -0.333333
v -0.222222 -1.000000 -0.444445
v -0.111111 -0.666667 -0.444445
v -0.222222 -0.666667 -0.333333
v -0.222222 -0.666667 -0.555556
v -0.222222 -0.444444 -0.333333
v -0.222222 -0.333333 -0.444445
v -0.111111 -0.888889 -0.666667
v -0.222222 -1.000000 -0.666667
v -0.222222 -0.777778 -0.666667
v -0.111111 -0.444444 -0.666667
v -0.222222 -0.555556 -0.666667
v -0.222222 -0.333333 -0.666667
v -0.222222 -0.888889 -1.000000
v -0.222222 -1.000000 -0.888889
v -0.111111 -0.666667 -0.888889
v -0.222222 -0.666667 -0.777778
v -0.222222 -0.666667 -1.000000
v -0.222222 -0.444445 -1.000000
v -0.222222 -0.333333 -0.888889
v 0.000000 -0.888889 -0.333333
v 0.000000 -0.888889 -0.555556
v 0.000000 -1.000000 -0.444445
v 0.000000 -0.777778 -0.444445
v 0.000000 -0.444444 -0.333333
v 0.000000 -0.444445 -0.555556
v 0.000000 -0.555556 -0.444445
v 0.000000 -0.333333 -0.444445
v 0.000000 -0.888889 -0.777778
v 0.000000 -0.888889 -1.000000
v 0.000000 -1.000000 -0.888889
v 0.000000 -0.777778 -0.888889
v 0.000000 -0.444444 -0.777778
v 0.000000 -0.444445 -1.000000
v 0.000000 -0.555556 -0.888889
v 0.000000 -0.333333 -0.888889
v 0.222222 -0.888889 -0.333333
v 0.222222 -1.000000 -0.444445
v 0.111111 -0.666667 -0.444445
v 0.222222 -0.666667 -0.333333
v 0.222222 -0.666667 -0.555556
v 0.222222 -0.444444 -0.333333
v 0.222222 -0.333333 -0.444445
v 0.111111 -0.888889 -0.666667
v 0.222222 -1.000000 -0.666667
v 0.222222 -0.777778 -0.666667
v 0.111111 -0.444445 -0.666667
v 0.222222 -0.555556 -0.666667
v 0.222222 -0.333333 -0.666667
v 0.222222 -0.888889 -1.000000
v 0.222222 -1.000000 -0.888889
v 0.111111 -0.666667 -0.888889
v 0.222222 -0.666667 -0.777778
v 0.222222 -0.666667 -1.000000
v 0.222222 -0.444445 -1.000000
v 0.222222 -0.333333 -0.888889
v -0.222222 0.444445 -0.333333
v -0.222222 0.333333 -0.444445
v -0.111111 0.666667 -0.444445
v -0.222222 0.666667 -0.333333
v -0.222222 0.666667 -0.555556
v -0.222222 0.888889 -0.333333
v -0.222222 1.000000 -0.444445
v -0.111111 0.444445 -0.666667
v -0.222222 0.333333 -0.666667
v -0.222222 0.555556 -0.666667
v -0.111111 0.888889 -0.666667
v -0.222222 0.777778 -0.666667
v -0.222222 1.000000 -0.666667
v -0.222222 0.444445 -1.000000
v -0.222222 0.333333 -0.888889
v -0.111111 0.666667 -0.888889
v -0.222222 0.666667 -0.777778
v -0.222222 0.666667 -1.000000
v -0.222222 0.888889 -1.000000
v -0.222222 1.000000 -0.888889
v 0.000000 0.444445 -0.333333
v 0.000000 0.444445 -0.555556
v 0.000000 0.333333 -0.444445
v 0.000000 0.555556 -0.444445
v 0.000000 0.888889 -0.333333
v 0.000000 0.888889 -0.555556
v 0.000000 0.777778 -0.444445
v 0.000000 1.000000 -0.444445
v 0.000000 0.444445 -0.777778
v 0.000000 0.444445 -1.000000
v 0.000000 0.333333 -0.888889
v 0.000000 0.555556 -0.888889
v 0.000000 0.888889 -0.777778
v 0.000000 0.888889 -1.000000
v 0.000000 0.777778 -0.888889
v 0.000000 1.000000 -0.888889
v 0.222222 0.444445 -0.333333
v 0.222222 0.333333 -0.444445
v 0.111111 0.666667 -0.444445
v 0.222222 0.666667 -0.333333
v 0.222222 0.666667 -0.555556
v 0.222222 0.888889 -0.333333
v 0.222222 1.000000 -0.444445
v 0.111111 0.444445 -0.666667
v 0.222222 0.333333 -0.666667
v 0.222222 0.555556 -0.666667
v 0.111111 0.888889 -0.666667
v 0.222222 0.777778 -0.666667
v 0.222222 1.000000 -0.666667
v 0.222222 0.444445 -1.000000
v 0.222222 0.333333 -0.888889
v 0.111111 0.666667 -0.888889
v 0.222222 0.666667 -0.777778
v 0.222222 0.666667 -1.000000
v 0.222222 0.888889 -1.000000
v 0.222222 1.000000 -0.888889
v 0.444445 -0.888889 1.000000
v 0.444445 -1.000000 0.888889
v 0.555556 -0.666667 0.888889
v 0.444445 -0.666667 1.000000
v 0.444445 -0.666667 0.777778
v 0.444445 -0.444444 1.000000
v 0.555556 -0.888889 0.666667
v 0.444445 -1.000000 0.666667
v 0.444445 -0.777778 0.666667
v 0.555556 -0.444444 0.666667
v 0.444445 -0.555556 0.666667
v 0.444445 -1.000000 0.444445
v 0.555556 -0.666667 0.444445
v 0.444445 -0.666667 0.555556
v 0.666667 -0.888889 1.000000
v 0.666667 -0.888889 0.777778
v 0.666667 -1.000000 0.888889
v 0.666667 -0.777778 0.888889
v 0.666667 -0.444444 1.000000
v 0.666667 -0.444445 0.777778
v 0.666667 -0.555556 0.888889
v 0.666667 -0.888889 0.555556
v 0.666667 -1.000000 0.444445
v 0.666667 -0.777778 0.444444
v 0.666667 -0.444444 0.555556
v 0.666667 -0.555556 0.444445
v 1.000000 -0.888889 0.888889
v 0.888889 -0.888889 1.000000
v 0.888889 -1.000000 0.888889
v 0.777778 -0.666667 0.888889
v 1.000000 -0.666667 0.888889
v 0.888889 -0.666667 1.000000
v 0.888889 -0.666667 0.777778
v 1.000000 -0.444444 0.888889
v 0.888889 -0.444444 1.000000
v 0.777778 -0.888889 0.666667
v 1.000000 -0.888889 0.666667
v 0.888889 -1.000000 0.666667
v 0.888889 -0.777778 0.666667
v 0.777778 -0.444445 0.666667
v 1.000000 -0.444444 0.666667
v 0.888889 -0.555556 0.666667
v 1.000000 -0.888889 0.444445
v 0.888889 -1.000000 0.444445
v 0.777778 -0.666667 0.444444
v 1.000000 -0.666667 0.444445
v 0.888889 -0.666667 0.555556
v 1.000000 -0.444444 0.444445
v 0.333333 -0.222222 0.888889
v 0.444445 -0.222222 1.000000
v 0.333333 0.000000 0.888889
v 0.555556 0.000000 0.888889
v 0.444445 0.000000 1.000000
v 0.444445 0.000000 0.777778
v 0.333333 0.222222 0.888889
v 0.444445 0.222222 1.000000
v 0.333333 -0.222222 0.666667
v 0.555556 -0.222222 0.666667
v 0.444445 -0.111111 0.666667
v 0.333333 0.222222 0.666667
v 0.555556 0.222222 0.666667
v 0.444445 0.111111 0.666667
v 0.333333 -0.222222 0.444444
v 0.444445 -0.222222 0.333333
v 0.333333 0.000000 0.444444
v 0.555556 0.000000 0.444445
v 0.444445 0.000000 0.555556
v 0.444445 0.000000 0.333333
v 0.333333 0.222222 0.444444
v 0.444445 0.222222 0.333333
v 0.666667 -0.222222 1.000000
v 0.666667 -0.222222 0.777778
v 0.666667 -0.111111 0.888889
v 0.666667 0.222222 1.000000
v 0.666667 0.222222 0.777778
v 0.666667 0.111111 0.888889
v 0.666667 -0.222222 0.555556
v 0.666667 -0.222222 0.333333
v 0.666667 -0.111111 0.444444
v 0.666667 0.222222 0.555556
v 0.666667 0.222222 0.333333
v 0.666667 0.111111 0.444445
v 1.000000 -0.222222 0.888889
v 0.888889 -0.222222 1.000000
v 0.777778 0.000000 0.888889
v 1.000000 0.000000 0.888889
v 0.888889 0.000000 1.000000
v 0.888889 0.000000 0.777778
v 1.000000 0.222222 0.888889
v 0.888889 0.222222 1.000000
v 0.777778 -0.222222 0.666667
v 1.000000 -0.222222 0.666667
v 0.888889 -0.111111 0.666667
v 0.777778 0.222222 0.666667
v 1.000000 0.222222 0.666667
v 0.888889 0.111111 0.666667
v 1.000000 -0.222222 0.444445
v 0.888889 -0.222222 0.333333
v 0.777778 0.000000 0.444444
v 1.000000 0.000000 0.444445
v 0.888889 0.000000 0.555556
v 0.888889 0.000000 0.333333
v 1.000000 0.222222 0.444445
v 0.888889 0.222222 0.333333
v 0.444445 0.444445 1.000000
v 0.555556 0.666667 0.888889
v 0.444445 0.666667 1.000000
v 0.444445 0.666667 0.777778
v 0.444445 0.888889 1.000000
v 0.444445 1.000000 0.888889
v 0.555556 0.444445 0.666667
v 0.444445 0.555556 0.666667
v 0.555556 0.888889 0.666667
v 0.444445 0.777778 0.666667
v 0.444445 1.000000 0.666667
v 0.555556 0.666667 0.444445
v 0.444445 0.666667 0.555556
v 0.444445 1.000000 0.444444
v 0.666667 0.444445 1.000000
v 0.666667 0.444445 0.777778
v 0.666667 0.555556 0.888889
v 0.666667 0.888889 1.000000
v 0.666667 0.888889 0.777778
v 0.666667 0.777778 0.888889
v 0.666667 1.000000 0.888889
v 0.666667 0.444445 0.555556
v 0.666667 0.555556 0.444444
v 0.666667 0.888889 0.555556
v 0.666667 0.777778 0.444445
v 0.666667 1.000000 0.444444
v 1.000000 0.444445 0.888889
v 0.888889 0.444445 1.000000
v 0.777778 0.666667 0.888889
v 1.000000 0.666667 0.888889
v 0.888889 0.666667 1.000000
v 0.888889 0.666667 0.777778
v 1.000000 0.888889 0.888889
v 0.888889 0.888889 1.000000
v 0.888889 1.000000 0.888889
v 0.777778 0.444445 0.666667
v 1.000000 0.444445 0.666667
v 0.888889 0.555556 0.666667
v 0.777778 0.888889 0.666667
v 1.000000 0.888889 0.666667
v 0.888889 0.777778 0.666667
v 0.888889 1.000000 0.666667
v 1.000000 0.444445 0.444445
v 0.777778 0.666667 0.444444
v 1.000000 0.666667 0.444445
v 0.888889 0.666667 0.555556
v 1.000000 0.888889 0.444445
v 0.888889 1.000000 0.444444
v 0.333333 -0.888889 0.222222
v 0.444445 -1.000000 0.222222
v 0.333333 -0.666667 0.222222
v 0.555556 -0.666667 0.222222
v 0.444445 -0.666667 0.111111
v 0.333333 -0.444445 0.222222
v 0.444445 -0.333333 0.222222
v 0.333333 -0.888889 0.000000
v 0.555556 -0.888889 -0.000000
v 0.444445 -1.000000 -0.000000
v 0.444445 -0.777778 0.000000
v 0.333333 -0.444445 0.000000
v 0.555556 -0.444444 -0.000000
v 0.444445 -0.555556 -0.000000
v 0.444445 -0.333333 0.000000
v 0.333333 -0.888889 -0.222222
v 0.444445 -1.000000 -0.222222
v 0.333333 -0.666667 -0.222222
v 0.555556 -0.666667 -0.222222
v 0.444445 -0.666667 -0.111111
v 0.333333 -0.444445 -0.222222
v 0.444445 -0.333333 -0.222222
v 0.666667 -0.888889 0.111111
v 0.666667 -1.000000 0.222222
v 0.666667 -0.777778 0.222222
v 0.666667 -0.444445 0.111111
v 0.666667 -0.555556 0.222222
v 0.666667 -0.333333 0.222222
v 0.666667 -0.888889 -0.111111
v 0.666667 -1.000000 -0.222222
v 0.666667 -0.777778 -0.222222
v 0.666667 -0.444444 -0.111111
v 0.666667 -0.555556 -0.222222
v 0.666667 -0.333333 -0.222222
v 1.000000 -0.888889 0.222222
v 0.888889 -1.000000 0.222222
v 0.777778 -0.666667 0.222222
v 1.000000 -0.666667 0.222222
v 0.888889 -0.666667 0.111111
v 1.000000 -0.444444 0.222222
v 0.888889 -0.333333 0.222222
v 0.777778 -0.888889 0.000000
v 1.000000 -0.888889 -0.000000
v 0.888889 -1.000000 -0.000000
v 0.888889 -0.777778 0.000000
v 0.777778 -0.444445 0.000000
v 1.000000 -0.444444 -0.000000
v 0.888889 -0.555556 -0.000000
v 0.888889 -0.333333 0.000000
v 1.000000 -0.888889 -0.222222
v 0.888889 -1.000000 -0.222222
v 0.777778 -0.666667 -0.222222
v 1.000000 -0.666667 -0.222222
v 0.888889 -0.666667 -0.111111
v 1.000000 -0.444444 -0.222222
v 0.888889 -0.333333 -0.222222
v 0.333333 0.444445 0.222222
v 0.444445 0.333333 0.222222
v 0.333333 0.666667 0.222222
v 0.555556 0.666667 0.222222
v 0.444445 0.666667 0.111111
v 0.333333 0.888889 0.222222
v 0.444445 1.000000 0.222222
v 0.333333 0.444445 0.000000
v 0.555556 0.444445 -0.000000
v 0.444445 0.333333 -0.000000
v 0.444445 0.555556 0.000000
v 0.333333 0.888889 0.000000
v 0.555556 0.888889 -0.000000
v 0.444445 0.777778 -0.000000
v 0.444445 1.000000 0.000000
v 0.333333 0.444445 -0.222222
v 0.444445 0.333333 -0.222222
v 0.333333 0.666667 -0.222222
v 0.555556 0.666667 -0.222222
v 0.444445 0.666667 -0.111111
v 0.333333 0.888889 -0.222222
v 0.444445 1.000000 -0.222222
v 0.666667 0.444445 0.111111
v 0.666667 0.333333 0.222222
v 0.666667 0.555556 0.222222
v 0.666667 0.888889 0.111111
v 0.666667 0.777778 0.222222
v 0.666667 1.000000 0.222222
v 0.666667 0.444445 -0.111111
v 0.666667 0.333333 -0.222222
v 0.666667 0.555556 -0.222222
v 0.666667 0.888889 -0.111111
v 0.666667 0.777778 -0.222222
v 0.666667 1.000000 -0.222222
v 1.000000 0.444445 0.222222
v 0.888889 0.333333 0.222222
v 0.777778 0.666667 0.222222
v 1.000000 0.666667 0.222222
v 0.888889 0.666667 0.111111
v 1.000000 0.888889 0.222222
v 0.888889 1.000000 0.222222
v 0.777778 0.444445 0.000000
v 1.000000 0.444445 -0.000000
v 0.888889 0.333333 -0.000000
v 0.888889 0.555556 0.000000
v 0.777778 0.888889 0.000000
v 1.000000 0.888889 -0.000000
v 0.888889 0.777778 -0.000000
v 0.888889 1.000000 0.000000
v 1.000000 0.444445 -0.222222
v 0.888889 0.333333 -0.222222
v 0.777778 0.666667 -0.222222
v 1.000000 0.666667 -0.222222
v 0.888889 0.666667 -0.111111
v 1.000000 0.888889 -0.222222
v 0.888889 1.000000 -0.222222
v 0.444445 -1.000000 -0.444445
v 0.555556 -0.666667 -0.444445
v 0.444445 -0.666667 -0.555556
v 0.555556 -0.888889 -0.666667
v 0.444445 -1.000000 -0.666667
v 0.444445 -0.777778 -0.666667
v 0.555556 -0.444444 -0.666667
v 0.444445 -0.555556 -0.666667
v 0.444445 -0.888889 -1.000000
v 0.444445 -1.000000 -0.888889
v 0.555556 -0.666667 -0.888889
v 0.444445 -0.666667 -0.777778
v 0.444445 -0.666667 -1.000000
v 0.444445 -0.444445 -1.000000
v 0.666667 -0.888889 -0.555556
v 0.666667 -1.000000 -0.444445
v 0.666667 -0.777778 -0.444445
v 0.666667 -0.444445 -0.555556
v 0.666667 -0.555556 -0.444445
v 0.666667 -0.888889 -0.777778
v 0.666667 -0.888889 -1.000000
v 0.666667 -1.000000 -0.888889
v 0.666667 -0.777778 -0.888889
v 0.666667 -0.444444 -0.777778
v 0.666667 -0.444445 -1.000000
v 0.666667 -0.555556 -0.888889
v 1.000000 -0.888889 -0.444445
v 0.888889 -1.000000 -0.444445
v 0.777778 -0.666667 -0.444445
v 1.000000 -0.666667 -0.444445
v 0.888889 -0.666667 -0.555556
v 1.000000 -0.444444 -0.444445
v 0.777778 -0.888889 -0.666667
v 1.000000 -0.888889 -0.666667
v 0.888889 -1.000000 -0.666667
v 0.888889 -0.777778 -0.666667
v 0.777778 -0.444445 -0.666667
v 1.000000 -0.444444 -0.666667
v 0.888889 -0.555556 -0.666667
v 1.000000 -0.888889 -0.888889
v 0.888889 -0.888889 -1.000000
v 0.888889 -1.000000 -0.888889
v 0.777778 -0.666667 -0.888889
v 1.000000 -0.666667 -0.888889
v 0.888889 -0.666667 -0.777778
v 0.888889 -0.666667 -1.000000
v 1.000000 -0.444444 -0.888889
v 0.888889 -0.444445 -1.000000
v 0.333333 -0.222222 -0.444445
v 0.444445 -0.222222 -0.333333
v 0.333333 0.000000 -0.444445
v 0.555556 0.000000 -0.444445
v 0.444445 0.000000 -0.333333
v 0.444445 0.000000 -0.555556
v 0.333333 0.222222 -0.444445
v 0.444445 0.222222 -0.333333
v 0.333333 -0.222222 -0.666667
v 0.555556 -0.222222 -0.666667
v 0.444445 -0.111111 -0.666667
v 0.333333 0.222222 -0.666667
v 0.555556 0.222222 -0.666667
v 0.444445 0.111111 -0.666667
v 0.333333 -0.222222 -0.888889
v 0.444445 -0.222222 -1.000000
v 0.333333 0.000000 -0.888889
v 0.555556 0.000000 -0.888889
v 0.444445 0.000000 -0.777778
v 0.444445 0.000000 -1.000000
v 0.333333 0.222222 -0.888889
v 0.444445 0.222222 -1.000000
v 0.666667 -0.222222 -0.333333
v 0.666667 -0.222222 -0.555556
v 0.666667 -0.111111 -0.444445
v 0.666667 0.222222 -0.333333
v 0.666667 0.222222 -0.555556
v 0.666667 0.111111 -0.444445
v 0.666667 -0.222222 -0.777778
v 0.666667 -0.222222 -1.000000
v 0.666667 -0.111111 -0.888889
v 0.666667 0.222222 -0.777778
v 0.666667 0.222222 -1.000000
v 0.666667 0.111111 -0.888889
v 1.000000 -0.222222 -0.444445
v 0.888889 -0.222222 -0.333333
v 0.777778 0.000000 -0.444445
v 1.000000 0.000000 -0.444445
v 0.888889 0.000000 -0.333333
v 0.888889 0.000000 -0.555556
v 1.000000 0.222222 -0.444445
v 0.888889 0.222222 -0.333333
v 0.777778 -0.222222 -0.666667
v 1.000000 -0.222222 -0.666667
v 0.888889 -0.111111 -0.666667
v 0.777778 0.222222 -0.666667
v 1.000000 0.222222 -0.666667
v 0.888889 0.111111 -0.666667
v 1.000000 -0.222222 -0.888889
v 0.888889 -0.222222 -1.000000
v 0.777778 0.000000 -0.888889
v 1.000000 0.000000 -0.888889
v 0.888889 0.000000 -0.777778
v 0.888889 0.000000 -1.000000
v 1.000000 0.222222 -0.888889
v 0.888889 0.222222 -1.000000
v 0.555556 0.666667 -0.444445
v 0.444445 0.666667 -0.555556
v 0.444445 1.000000 -0.444445
v 0.555556 0.444445 -0.666667
v 0.444445 0.555556 -0.666667
v 0.555556 0.888889 -0.666667
v 0.444445 0.777778 -0.666667
v 0.444445 1.000000 -0.666667
v 0.444445 0.444445 -1.000000
v 0.555556 0.666667 -0.888889
v 0.444445 0.666667 -0.777778
v 0.444445 0.666667 -1.000000
v 0.444445 0.888889 -1.000000
v 0.444445 1.000000 -0.888889
v 0.666667 0.444445 -0.555556
v 0.666667 0.555556 -0.444445
v 0.666667 0.888889 -0.555556
v 0.666667 0.777778 -0.444445
v 0.666667 1.000000 -0.444445
v 0.666667 0.444445 -0.777778
v 0.666667 0.444445 -1.000000
v 0.666667 0.555556 -0.888889
v 0.666667 0.888889 -0.777778
v 0.666667 0.888889 -1.000000
v 0.666667 0.777778 -0.888889
v 0.666667 1.000000 -0.888889
v 1.000000 0.444445 -0.444445
v 0.777778 0.666667 -0.444445
v 1.000000 0.666667 -0.444445
v 0.888889 0.666667 -0.555556
v 1.000000 0.888889 -0.444445
v 0.888889 1.000000 -0.444445
v 0.777778 0.444445 -0.666667
v 1.000000 0.444445 -0.666667
v 0.888889 0.555556 -0.666667
v 0.777778 0.888889 -0.666667
v 1.000000 0.888889 -0.666667
v 0.888889 0.777778 -0.666667
v 0.888889 1.000000 -0.666667
v 1.000000 0.444445 -0.888889
v 0.888889 0.444445 -1.000000
v 0.777778 0.666667 -0.888889
v 1.000000 0.666667 -0.888889
v 0.888889 0.666667 -0.777778
v 0.888889 0.666667 -1.000000
v 1.000000 0.888889 -0.888889
v 0.888889 0.888889 -1.000000
v 0.888889 1.000000 -0.888889
vn -1.0000 -0.0000 -0.0000
vn -0.0000 -0.0000 1.0000
vn -0.0000 -1.0000 -0.0000
vn 1.0000 -0.0000 -0.0000
vn -0.0000 -0.0000 -1.0000
vn -0.0000 1.0000 -0.0000
vt 0.000000 0.000000
vt 0.500000 0.500000
vt 0.500000 0.000000
vt 0.000000 1.000000
vt 0.000000 0.500000
vt 1.000000 1.000000
vt 1.000000 0.500000
vt 1.000000 0.000000
vt 0.500000 1.000000
s 0
f 4/1/1 3009/2/1 897/3/1
f 8/4/1 3009/2/1 2571/5/1
f 3009/2/1 5/6/1 899/7/1
f 3009/2/1 1/8/1 897/3/1
f 2/1/2 3010/2/2 900/3/2
f 3/4/2 3010/2/2 1503/5/2
f 3010/2/2 4/6/2 897/7/2
f 900/3/2 897/7/2 1/8/2
f 5/1/3 3011/2/3 899/3/3
f 6/4/3 3011/2/3 901/5/3
f 1504/9/3 900/7/3 3011/2/3
f 3011/2/3 1/8/3 899/3/3
f 1505/5/1 2572/3/1 10/1/1
f 12/4/1 3012/2/1 1505/5/1
f 2573/9/1 2571/7/1 3012/2/1
f 2572/3/1 2571/7/1 4/8/1
f 7/1/4 3013/2/4 2009/3/4
f 11/4/4 3013/2/4 2010/5/4
f 902/9/4 2011/7/4 3013/2/4
f 2009/3/4 2011/7/4 3/8/4
f 3/1/2 3014/2/2 2008/3/2
f 9/4/2 3014/2/2 2011/5/2
f 903/9/2 2572/7/2 3014/2/2
f 2008/3/2 2572/7/2 4/8/2
f 12/1/5 3015/2/5 2573/3/5
f 11/4/5 3015/2/5 2012/5/5
f 2010/9/5 2013/7/5 3015/2/5
f 2573/3/5 2013/7/5 8/8/5
f 1507/5/1 1506/3/1 14/1/1
f 16/4/1 3016/2/1 1507/5/1
f 3016/2/1 12/6/1 1505/7/1
f 3016/2/1 10/8/1 1506/3/1
f 9/1/2 3017/2/2 903/3/2
f 13/4/2 3017/2/2 904/5/2
f 905/9/2 1506/7/2 3017/2/2
f 903/3/2 1506/7/2 10/8/2
f 8/1/1 3018/2/1 898/3/1
f 20/4/1 3018/2/1 2575/5/1
f 906/9/1 907/7/1 3018/2/1
f 898/3/1 907/7/1 5/8/1
f 18/1/4 3019/2/4 1508/3/4
f 19/4/4 3019/2/4 1509/5/4
f 2014/9/4 1510/7/4 3019/2/4
f 1508/3/4 1510/7/4 6/8/4
f 17/1/3 3020/2/3 907/3/3
f 18/4/3 3020/2/3 908/5/3
f 1508/9/3 901/7/3 3020/2/3
f 907/3/3 901/7/3 5/8/3
f 7/1/6 3021/2/6 2013/3/6
f 19/4/6 3021/2/6 2014/5/6
f 2015/9/6 2575/7/6 3021/2/6
f 2013/3/6 2575/7/6 8/8/6
f 2576/5/1 2574/3/1 16/1/1
f 24/4/1 3022/2/1 2576/5/1
f 909/9/1 2577/7/1 3022/2/1
f 2574/3/1 2577/7/1 12/8/1
f 1511/5/4 2016/3/4 22/1/4
f 23/4/4 3023/2/4 1511/5/4
f 2017/9/4 2018/7/4 3023/2/4
f 2016/3/4 2018/7/4 11/8/4
f 21/1/3 3024/2/3 2577/3/3
f 22/4/3 3024/2/3 910/5/3
f 2016/9/3 2012/7/3 3024/2/3
f 2577/3/3 2012/7/3 12/8/3
f 20/1/1 3025/2/1 906/3/1
f 28/4/1 3025/2/1 2578/5/1
f 911/9/1 912/7/1 3025/2/1
f 906/3/1 912/7/1 17/8/1
f 913/5/3 912/3/3 25/1/3
f 26/4/3 3026/2/3 913/5/3
f 3026/2/3 18/6/3 908/7/3
f 3026/2/3 17/8/3 912/3/3
f 914/5/1 2579/3/1 21/1/1
f 30/4/1 3027/2/1 914/5/1
f 2580/9/1 2578/7/1 3027/2/1
f 2579/3/1 2578/7/1 20/8/1
f 2020/5/4 2019/3/4 27/1/4
f 29/4/4 3028/2/4 2020/5/4
f 1513/9/4 2021/7/4 3028/2/4
f 2019/3/4 2021/7/4 19/8/4
f 19/1/2 3029/2/2 2015/3/2
f 22/4/2 3029/2/2 2021/5/2
f 910/9/2 2579/7/2 3029/2/2
f 2015/3/2 2579/7/2 20/8/2
f 2581/5/1 909/3/1 24/1/1
f 32/4/1 3030/2/1 2581/5/1
f 3030/2/1 30/6/1 914/7/1
f 3030/2/1 21/8/1 909/3/1
f 33/1/2 3031/2/2 1515/3/2
f 34/4/2 3031/2/2 915/5/2
f 2022/9/2 1503/7/2 3031/2/2
f 1515/3/2 1503/7/2 2/8/2
f 7/1/5 3032/2/5 1510/3/5
f 36/4/5 3032/2/5 2023/5/5
f 2024/9/5 1516/7/5 3032/2/5
f 1510/3/5 1516/7/5 6/8/5
f 6/1/3 3033/2/3 1504/3/3
f 35/4/3 3033/2/3 1516/5/3
f 916/9/3 1515/7/3 3033/2/3
f 1504/3/3 1515/7/3 2/8/3
f 34/1/6 3034/2/6 2022/3/6
f 36/4/6 3034/2/6 1517/5/6
f 2023/9/6 2009/7/6 3034/2/6
f 2022/3/6 2009/7/6 3/8/6
f 918/5/2 917/3/2 37/1/2
f 38/4/2 3035/2/2 918/5/2
f 919/9/2 904/7/2 3035/2/2
f 917/3/2 904/7/2 9/8/2
f 2025/5/5 2018/3/5 15/1/5
f 40/4/5 3036/2/5 2025/5/5
f 2026/9/5 2027/7/5 3036/2/5
f 2018/3/5 2027/7/5 11/8/5
f 11/1/3 3037/2/3 902/3/3
f 39/4/3 3037/2/3 2027/5/3
f 920/9/3 917/7/3 3037/2/3
f 902/3/3 917/7/3 9/8/3
f 41/1/2 3038/2/2 1518/3/2
f 42/4/2 3038/2/2 921/5/2
f 2028/9/2 1509/7/2 3038/2/2
f 1518/3/2 1509/7/2 18/8/2
f 1519/5/3 1512/3/3 26/1/3
f 43/4/3 3039/2/3 1519/5/3
f 922/9/3 1518/7/3 3039/2/3
f 1512/3/3 1518/7/3 18/8/3
f 1520/5/6 2028/3/6 42/1/6
f 44/4/6 3040/2/6 1520/5/6
f 2029/9/6 2019/7/6 3040/2/6
f 2028/3/6 2019/7/6 19/8/6
f 923/5/2 1521/3/2 45/1/2
f 46/4/2 3041/2/2 923/5/2
f 2030/9/2 1511/7/2 3041/2/2
f 1521/3/2 1511/7/2 22/8/2
f 924/5/3 1513/3/3 29/1/3
f 47/4/3 3042/2/3 924/5/3
f 925/9/3 1521/7/3 3042/2/3
f 1513/3/3 1521/7/3 22/8/3
f 49/1/2 3043/2/2 926/3/2
f 50/4/2 3043/2/2 927/5/2
f 3043/2/2 34/6/2 915/7/2
f 3043/2/2 33/8/2 926/3/2
f 35/1/3 3044/2/3 916/3/3
f 51/4/3 3044/2/3 2031/5/3
f 928/9/3 926/7/3 3044/2/3
f 916/3/3 926/7/3 33/8/3
f 920/5/1 1523/3/1 37/1/1
f 39/4/1 3045/2/1 920/5/1
f 2582/9/1 1517/7/1 3045/2/1
f 1523/3/1 1517/7/1 34/8/1
f 1524/5/2 1522/3/2 50/1/2
f 53/4/2 3046/2/2 1524/5/2
f 929/9/2 1523/7/2 3046/2/2
f 1522/3/2 1523/7/2 34/8/2
f 2032/5/5 2582/3/5 39/1/5
f 54/4/5 3047/2/5 2032/5/5
f 2583/9/5 2584/7/5 3047/2/5
f 2582/3/5 2584/7/5 36/8/5
f 930/5/2 929/3/2 53/1/2
f 55/4/2 3048/2/2 930/5/2
f 3048/2/2 38/6/2 918/7/2
f 3048/2/2 37/8/2 929/3/2
f 36/1/1 3049/2/1 2024/3/1
f 42/4/1 3049/2/1 2585/5/1
f 921/9/1 2033/7/1 3049/2/1
f 2024/3/1 2033/7/1 35/8/1
f 931/5/3 2033/3/3 41/1/3
f 57/4/3 3050/2/3 931/5/3
f 2034/9/3 2031/7/3 3050/2/3
f 2033/3/3 2031/7/3 35/8/3
f 2586/5/6 2584/3/6 52/1/6
f 58/4/6 3051/2/6 2586/5/6
f 1526/9/6 2585/7/6 3051/2/6
f 2584/3/6 2585/7/6 36/8/6
f 2587/5/1 2026/3/1 40/1/1
f 46/4/1 3052/2/1 2587/5/1
f 923/9/1 2035/7/1 3052/2/1
f 2026/3/1 2035/7/1 39/8/1
f 932/5/3 2035/3/3 45/1/3
f 59/4/3 3053/2/3 932/5/3
f 1527/9/3 2032/7/3 3053/2/3
f 2035/3/3 2032/7/3 39/8/3
f 2036/5/3 922/3/3 43/1/3
f 61/4/3 3054/2/3 2036/5/3
f 3054/2/3 57/6/3 931/7/3
f 3054/2/3 41/8/3 922/3/3
f 925/5/1 1528/3/1 45/1/1
f 47/4/1 3055/2/1 925/5/1
f 2588/9/1 1520/7/1 3055/2/1
f 1528/3/1 1520/7/1 42/8/1
f 1529/5/2 1526/3/2 58/1/2
f 59/4/2 3056/2/2 1529/5/2
f 932/9/2 1528/7/2 3056/2/2
f 1526/3/2 1528/7/2 42/8/2
f 66/1/1 3057/2/1 1530/3/1
f 68/4/1 3057/2/1 1531/5/1
f 2589/9/1 1507/7/1 3057/2/1
f 3057/2/1 14/8/1 1530/3/1
f 13/1/2 3058/2/2 905/3/2
f 65/4/2 3058/2/2 934/5/2
f 935/9/2 1530/7/2 3058/2/2
f 905/3/2 1530/7/2 14/8/2
f 1533/5/1 1532/3/1 70/1/1
f 72/4/1 3059/2/1 1533/5/1
f 3059/2/1 68/6/1 1531/7/1
f 3059/2/1 66/8/1 1532/3/1
f 67/1/4 3060/2/4 936/3/4
f 71/4/4 3060/2/4 2037/5/4
f 937/9/4 938/7/4 3060/2/4
f 3060/2/4 65/8/4 936/3/4
f 65/1/2 3061/2/2 935/3/2
f 69/4/2 3061/2/2 938/5/2
f 939/9/2 1532/7/2 3061/2/2
f 3061/2/2 66/8/2 935/3/2
f 2038/5/5 2590/3/5 72/1/5
f 71/4/5 3062/2/5 2038/5/5
f 3062/2/5 67/6/5 2039/7/5
f 3062/2/5 68/8/5 2590/3/5
f 74/1/1 3063/2/1 1534/3/1
f 76/4/1 3063/2/1 1535/5/1
f 3063/2/1 72/6/1 1533/7/1
f 3063/2/1 70/8/1 1534/3/1
f 69/1/2 3064/2/2 939/3/2
f 73/4/2 3064/2/2 940/5/2
f 941/9/2 1534/7/2 3064/2/2
f 3064/2/2 70/8/2 939/3/2
f 2592/5/1 2589/3/1 68/1/1
f 78/4/1 3065/2/1 2592/5/1
f 2593/9/1 2576/7/1 3065/2/1
f 2589/3/1 2576/7/1 16/8/1
f 2040/5/4 2017/3/4 23/1/4
f 77/4/4 3066/2/4 2040/5/4
f 2041/9/4 2042/7/4 3066/2/4
f 2017/3/4 2042/7/4 15/8/4
f 67/1/6 3067/2/6 2039/3/6
f 77/4/6 3067/2/6 2041/5/6
f 942/9/6 2592/7/6 3067/2/6
f 2039/3/6 2592/7/6 68/8/6
f 2594/5/1 2591/3/1 76/1/1
f 82/4/1 3068/2/1 2594/5/1
f 2043/9/1 2595/7/1 3068/2/1
f 3068/2/1 72/8/1 2591/3/1
f 2596/5/4 2044/3/4 80/1/4
f 81/4/4 3069/2/4 2596/5/4
f 2045/9/4 2046/7/4 3069/2/4
f 2044/3/4 2046/7/4 71/8/4
f 79/1/3 3070/2/3 2595/3/3
f 80/4/3 3070/2/3 2047/5/3
f 2044/9/3 2038/7/3 3070/2/3
f 2595/3/3 2038/7/3 72/8/3
f 78/1/1 3071/2/1 2593/3/1
f 84/4/1 3071/2/1 1536/5/1
f 3071/2/1 32/6/1 2581/7/1
f 2593/3/1 2581/7/1 24/8/1
f 84/1/5 3072/2/5 2597/3/5
f 83/4/5 3072/2/5 2048/5/5
f 2049/9/5 2050/7/5 3072/2/5
f 3072/2/5 32/8/5 2597/3/5
f 2051/5/1 1537/3/1 79/1/1
f 86/4/1 3073/2/1 2051/5/1
f 3073/2/1 84/6/1 1536/7/1
f 1537/3/1 1536/7/1 78/8/1
f 2052/5/4 943/3/4 83/1/4
f 85/4/4 3074/2/4 2052/5/4
f 2599/9/4 944/7/4 3074/2/4
f 3074/2/4 77/8/4 943/3/4
f 77/1/2 3075/2/2 942/3/2
f 80/4/2 3075/2/2 944/5/2
f 2047/9/2 1537/7/2 3075/2/2
f 3075/2/2 78/8/2 942/3/2
f 945/5/5 2598/3/5 86/1/5
f 85/4/5 3076/2/5 945/5/5
f 3076/2/5 83/6/5 2048/7/5
f 3076/2/5 84/8/5 2598/3/5
f 1538/5/1 2043/3/1 82/1/1
f 88/4/1 3077/2/1 1538/5/1
f 3077/2/1 86/6/1 2051/7/1
f 3077/2/1 79/8/1 2043/3/1
f 2053/5/5 1539/3/5 88/1/5
f 87/4/5 3078/2/5 2053/5/5
f 3078/2/5 85/6/5 945/7/5
f 3078/2/5 86/8/5 1539/3/5
f 1540/5/2 919/3/2 38/1/2
f 89/4/2 3079/2/2 1540/5/2
f 947/9/2 934/7/2 3079/2/2
f 919/3/2 934/7/2 13/8/2
f 2054/5/5 2042/3/5 67/1/5
f 90/4/5 3080/2/5 2054/5/5
f 2600/9/5 2025/7/5 3080/2/5
f 2042/3/5 2025/7/5 15/8/5
f 89/1/6 3081/2/6 947/3/6
f 90/4/6 3081/2/6 948/5/6
f 2054/9/6 936/7/6 3081/2/6
f 947/3/6 936/7/6 65/8/6
f 2055/5/2 949/3/2 91/1/2
f 92/4/2 3082/2/2 2055/5/2
f 950/9/2 940/7/2 3082/2/2
f 949/3/2 940/7/2 69/8/2
f 2056/5/5 2046/3/5 75/1/5
f 94/4/5 3083/2/5 2056/5/5
f 951/9/5 2057/7/5 3083/2/5
f 3083/2/5 71/8/5 2046/3/5
f 71/1/3 3084/2/3 937/3/3
f 93/4/3 3084/2/3 2057/5/3
f 2058/9/3 949/7/3 3084/2/3
f 937/3/3 949/7/3 69/8/3
f 1541/5/2 2030/3/2 46/1/2
f 95/4/2 3085/2/2 1541/5/2
f 952/9/2 2040/7/2 3085/2/2
f 2030/3/2 2040/7/2 23/8/2
f 2059/5/5 2049/3/5 83/1/5
f 96/4/5 3086/2/5 2059/5/5
f 2601/9/5 2060/7/5 3086/2/5
f 2049/3/5 2060/7/5 31/8/5
f 2061/5/6 952/3/6 95/1/6
f 96/4/6 3087/2/6 2061/5/6
f 2059/9/6 943/7/6 3087/2/6
f 952/3/6 943/7/6 77/8/6
f 953/5/2 2602/3/2 97/1/2
f 98/4/2 3088/2/2 953/5/2
f 954/9/2 2596/7/2 3088/2/2
f 2602/3/2 2596/7/2 80/8/2
f 2062/5/5 946/3/5 87/1/5
f 100/4/5 3089/2/5 2062/5/5
f 2063/9/5 955/7/5 3089/2/5
f 3089/2/5 85/8/5 946/3/5
f 955/5/3 2599/3/3 85/1/3
f 99/4/3 3090/2/3 955/5/3
f 956/9/3 2602/7/3 3090/2/3
f 2599/3/3 2602/7/3 80/8/3
f 56/1/4 3091/2/4 2064/3/4
f 102/4/4 3091/2/4 2603/5/4
f 957/9/4 2065/7/4 3091/2/4
f 3091/2/4 55/8/4 2064/3/4
f 2065/5/2 1525/3/2 55/1/2
f 101/4/2 3092/2/2 2065/5/2
f 958/9/2 1540/7/2 3092/2/2
f 3092/2/2 38/8/2 1525/3/2
f 2058/5/1 959/3/1 91/1/1
f 93/4/1 3093/2/1 2058/5/1
f 3093/2/1 90/6/1 948/7/1
f 3093/2/1 89/8/1 959/3/1
f 102/1/4 3094/2/4 957/3/4
f 104/4/4 3094/2/4 1543/5/4
f 2066/9/4 960/7/4 3094/2/4
f 3094/2/4 101/8/4 957/3/4
f 960/5/2 958/3/2 101/1/2
f 103/4/2 3095/2/2 960/5/2
f 2067/9/2 959/7/2 3095/2/2
f 3095/2/2 89/8/2 958/3/2
f 961/5/5 1542/3/5 93/1/5
f 104/4/5 3096/2/5 961/5/5
f 3096/2/5 102/6/5 1544/7/5
f 1542/3/5 1544/7/5 90/8/5
f 104/1/4 3097/2/4 2066/3/4
f 106/4/4 3097/2/4 2604/5/4
f 962/9/4 2068/7/4 3097/2/4
f 3097/2/4 103/8/4 2066/3/4
f 2068/5/2 2067/3/2 103/1/2
f 105/4/2 3098/2/2 2068/5/2
f 2605/9/2 2055/7/2 3098/2/2
f 3098/2/2 91/8/2 2067/3/2
f 1545/5/1 2600/3/1 90/1/1
f 95/4/1 3099/2/1 1545/5/1
f 1541/9/1 2587/7/1 3099/2/1
f 2600/3/1 2587/7/1 40/8/1
f 2607/5/4 2606/3/4 60/1/4
f 107/4/4 3100/2/4 2607/5/4
f 1546/9/4 2603/7/4 3100/2/4
f 2606/3/4 2603/7/4 56/8/4
f 1546/5/6 1544/3/6 102/1/6
f 107/4/6 3101/2/6 1546/5/6
f 2069/9/6 1545/7/6 3101/2/6
f 1544/3/6 1545/7/6 90/8/6
f 1547/5/1 951/3/1 94/1/1
f 98/4/1 3102/2/1 1547/5/1
f 953/9/1 963/7/1 3102/2/1
f 3102/2/1 93/8/1 951/3/1
f 2609/5/4 2608/3/4 108/1/4
f 109/4/4 3103/2/4 2609/5/4
f 1548/9/4 2604/7/4 3103/2/4
f 2608/3/4 2604/7/4 104/8/4
f 964/5/3 963/3/3 97/1/3
f 108/4/3 3104/2/3 964/5/3
f 2608/9/3 961/7/3 3104/2/3
f 963/3/3 961/7/3 93/8/3
f 2611/5/4 2610/3/4 64/1/4
f 110/4/4 3105/2/4 2611/5/4
f 2070/9/4 2607/7/4 3105/2/4
f 3105/2/4 60/8/4 2610/3/4
f 96/1/5 3106/2/5 2601/3/5
f 110/4/5 3106/2/5 2612/5/5
f 3106/2/5 64/6/5 2613/7/5
f 2601/3/5 2613/7/5 48/8/5
f 956/5/1 2071/3/1 97/1/1
f 99/4/1 3107/2/1 956/5/1
f 3107/2/1 96/6/1 2061/7/1
f 2071/3/1 2061/7/1 95/8/1
f 1549/5/4 2070/3/4 110/1/4
f 111/4/4 3108/2/4 1549/5/4
f 2615/9/4 2072/7/4 3108/2/4
f 3108/2/4 107/8/4 2070/3/4
f 2072/5/2 2069/3/2 107/1/2
f 108/4/2 3109/2/2 2072/5/2
f 964/9/2 2071/7/2 3109/2/2
f 3109/2/2 95/8/2 2069/3/2
f 2073/5/5 2614/3/5 99/1/5
f 111/4/5 3110/2/5 2073/5/5
f 3110/2/5 110/6/5 2612/7/5
f 2614/3/5 2612/7/5 96/8/5
f 2074/5/4 2615/3/4 111/1/4
f 112/4/4 3111/2/4 2074/5/4
f 965/9/4 2609/7/4 3111/2/4
f 3111/2/4 108/8/4 2615/3/4
f 2616/5/5 2063/3/5 100/1/5
f 112/4/5 3112/2/5 2616/5/5
f 3112/2/5 111/6/5 2073/7/5
f 3112/2/5 99/8/5 2063/3/5
f 1551/5/1 1550/3/1 114/1/1
f 116/4/1 3113/2/1 1551/5/1
f 3113/2/1 76/6/1 1535/7/1
f 3113/2/1 74/8/1 1550/3/1
f 73/1/2 3114/2/2 941/3/2
f 113/4/2 3114/2/2 966/5/2
f 967/9/2 1550/7/2 3114/2/2
f 3114/2/2 74/8/2 941/3/2
f 1553/5/1 1552/3/1 118/1/1
f 120/4/1 3115/2/1 1553/5/1
f 2618/9/1 1551/7/1 3115/2/1
f 3115/2/1 114/8/1 1552/3/1
f 115/1/4 3116/2/4 968/3/4
f 119/4/4 3116/2/4 2075/5/4
f 969/9/4 970/7/4 3116/2/4
f 968/3/4 970/7/4 113/8/4
f 113/1/2 3117/2/2 967/3/2
f 117/4/2 3117/2/2 970/5/2
f 971/9/2 1552/7/2 3117/2/2
f 3117/2/2 114/8/2 967/3/2
f 2076/5/5 2618/3/5 120/1/5
f 119/4/5 3118/2/5 2076/5/5
f 2075/9/5 2077/7/5 3118/2/5
f 3118/2/5 116/8/5 2618/3/5
f 122/1/1 3119/2/1 1554/3/1
f 124/4/1 3119/2/1 1555/5/1
f 3119/2/1 120/6/1 1553/7/1
f 3119/2/1 118/8/1 1554/3/1
f 117/1/2 3120/2/2 971/3/2
f 121/4/2 3120/2/2 972/5/2
f 973/9/2 1554/7/2 3120/2/2
f 3120/2/2 118/8/2 971/3/2
f 121/1/6 3121/2/6 973/3/6
f 123/4/6 3121/2/6 974/5/6
f 2078/9/6 1555/7/6 3121/2/6
f 3121/2/6 122/8/6 973/3/6
f 2620/5/1 2617/3/1 116/1/1
f 126/4/1 3122/2/1 2620/5/1
f 1556/9/1 2594/7/1 3122/2/1
f 2617/3/1 2594/7/1 76/8/1
f 975/5/4 2045/3/4 81/1/4
f 125/4/4 3123/2/4 975/5/4
f 2079/9/4 2080/7/4 3123/2/4
f 2045/3/4 2080/7/4 75/8/4
f 115/1/6 3124/2/6 2077/3/6
f 125/4/6 3124/2/6 2079/5/6
f 976/9/6 2620/7/6 3124/2/6
f 2077/3/6 2620/7/6 116/8/6
f 2621/5/1 2619/3/1 124/1/1
f 2621/5/1 2081/9/1 3125/2/1
f 3125/2/1 127/6/1 2622/7/1
f 3125/2/1 120/8/1 2619/3/1
f 128/1/4 3126/2/4 2082/3/4
f 2623/5/4 2083/9/4 3126/2/4
f 2083/9/4 2084/7/4 3126/2/4
f 3126/2/4 119/8/4 2082/3/4
f 127/1/3 3127/2/3 2622/3/3
f 128/4/3 3127/2/3 2085/5/3
f 2082/9/3 2076/7/3 3127/2/3
f 2622/3/3 2076/7/3 120/8/3
f 123/1/6 3128/2/6 2078/3/6
f 129/4/6 3128/2/6 2083/5/6
f 977/9/6 2621/7/6 3128/2/6
f 2078/3/6 2621/7/6 124/8/6
f 1557/5/1 1556/3/1 126/1/1
f 132/4/1 3129/2/1 1557/5/1
f 3129/2/1 88/6/1 1538/7/1
f 3129/2/1 82/8/1 1556/3/1
f 2086/5/1 1558/3/1 127/1/1
f 2086/5/1 2625/9/1 3130/2/1
f 2625/9/1 1557/7/1 3130/2/1
f 1558/3/1 1557/7/1 126/8/1
f 2087/5/4 978/3/4 131/1/4
f 2087/5/4 2626/9/4 3131/2/4
f 2626/9/4 979/7/4 3131/2/4
f 3131/2/4 125/8/4 978/3/4
f 125/1/2 3132/2/2 976/3/2
f 128/4/2 3132/2/2 979/5/2
f 2085/9/2 1558/7/2 3132/2/2
f 976/3/2 1558/7/2 126/8/2
f 1559/5/1 2081/3/1 130/1/1
f 136/4/1 3133/2/1 1559/5/1
f 3133/2/1 134/6/1 2086/7/1
f 3133/2/1 127/8/1 2081/3/1
f 129/1/6 3134/2/6 977/3/6
f 135/4/6 3134/2/6 980/5/6
f 2088/9/6 1559/7/6 3134/2/6
f 977/3/6 1559/7/6 130/8/6
f 2627/5/2 950/3/2 92/1/2
f 137/4/2 3135/2/2 2627/5/2
f 981/9/2 966/7/2 3135/2/2
f 950/3/2 966/7/2 73/8/2
f 2089/5/5 2080/3/5 115/1/5
f 138/4/5 3136/2/5 2089/5/5
f 1561/9/5 2056/7/5 3136/2/5
f 2080/3/5 2056/7/5 75/8/5
f 137/1/6 3137/2/6 981/3/6
f 138/4/6 3137/2/6 982/5/6
f 2089/9/6 968/7/6 3137/2/6
f 981/3/6 968/7/6 113/8/6
f 139/1/2 3138/2/2 983/3/2
f 2090/5/2 984/9/2 3138/2/2
f 984/9/2 972/7/2 3138/2/2
f 3138/2/2 117/8/2 983/3/2
f 2091/5/5 2084/3/5 123/1/5
f 142/4/5 3139/2/5 2091/5/5
f 3139/2/5 141/6/5 2092/7/5
f 3139/2/5 119/8/5 2084/3/5
f 119/1/3 3140/2/3 969/3/3
f 141/4/3 3140/2/3 2092/5/3
f 2093/9/3 983/7/3 3140/2/3
f 969/3/3 983/7/3 117/8/3
f 140/1/6 3141/2/6 984/3/6
f 142/4/6 3141/2/6 2628/5/6
f 2091/9/6 974/7/6 3141/2/6
f 984/3/6 974/7/6 121/8/6
f 1562/5/2 954/3/2 98/1/2
f 143/4/2 3142/2/2 1562/5/2
f 986/9/2 975/7/2 3142/2/2
f 954/3/2 975/7/2 81/8/2
f 2094/5/6 986/3/6 143/1/6
f 144/4/6 3143/2/6 2094/5/6
f 2095/9/6 978/7/6 3143/2/6
f 986/3/6 978/7/6 125/8/6
f 145/1/2 3144/2/2 2629/3/2
f 987/5/2 988/9/2 3144/2/2
f 988/9/2 2623/7/2 3144/2/2
f 3144/2/2 128/8/2 2629/3/2
f 989/5/3 2626/3/3 133/1/3
f 147/4/3 3145/2/3 989/5/3
f 990/9/3 2629/7/3 3145/2/3
f 2626/3/3 2629/7/3 128/8/3
f 1563/5/6 988/3/6 146/1/6
f 148/4/6 3146/2/6 1563/5/6
f 2096/9/6 980/7/6 3146/2/6
f 988/3/6 980/7/6 129/8/6
f 991/5/2 2605/3/2 105/1/2
f 149/4/2 3147/2/2 991/5/2
f 992/9/2 2627/7/2 3147/2/2
f 3147/2/2 92/8/2 2605/3/2
f 2093/5/1 993/3/1 139/1/1
f 141/4/1 3148/2/1 2093/5/1
f 1564/9/1 982/7/1 3148/2/1
f 3148/2/1 137/8/1 993/3/1
f 994/5/2 992/3/2 149/1/2
f 994/5/2 2097/9/2 3149/2/2
f 2097/9/2 993/7/2 3149/2/2
f 3149/2/2 137/8/2 992/3/2
f 995/5/5 1564/3/5 141/1/5
f 995/5/5 1565/9/5 3150/2/5
f 1565/9/5 1566/7/5 3150/2/5
f 1564/3/5 1566/7/5 138/8/5
f 151/1/2 3151/2/2 2097/3/2
f 2098/5/2 2630/9/2 3151/2/2
f 2630/9/2 2090/7/2 3151/2/2
f 3151/2/2 139/8/2 2097/3/2
f 996/5/6 2630/3/6 153/1/6
f 154/4/6 3152/2/6 996/5/6
f 3152/2/6 142/6/6 2628/7/6
f 3152/2/6 140/8/6 2630/3/6
f 1568/5/1 1561/3/1 138/1/1
f 143/4/1 3153/2/1 1568/5/1
f 1562/9/1 1547/7/1 3153/2/1
f 1561/3/1 1547/7/1 94/8/1
f 1569/5/6 1566/3/6 150/1/6
f 155/4/6 3154/2/6 1569/5/6
f 2099/9/6 1568/7/6 3154/2/6
f 1566/3/6 1568/7/6 138/8/6
f 1570/5/1 985/3/1 142/1/1
f 1570/5/1 987/9/1 3155/2/1
f 3155/2/1 145/6/1 997/7/1
f 3155/2/1 141/8/1 985/3/1
f 998/5/3 997/3/3 145/1/3
f 156/4/3 3156/2/3 998/5/3
f 2631/9/3 995/7/3 3156/2/3
f 997/3/3 995/7/3 141/8/3
f 1571/5/6 1567/3/6 154/1/6
f 157/4/6 3157/2/6 1571/5/6
f 1572/9/6 1570/7/6 3157/2/6
f 1567/3/6 1570/7/6 142/8/6
f 990/5/1 2100/3/1 145/1/1
f 990/5/1 2632/9/1 3158/2/1
f 2632/9/1 2094/7/1 3158/2/1
f 2100/3/1 2094/7/1 143/8/1
f 2101/5/2 2099/3/2 155/1/2
f 2101/5/2 998/9/2 3159/2/2
f 998/9/2 2100/7/2 3159/2/2
f 3159/2/2 143/8/2 2099/3/2
f 999/5/6 1572/3/6 157/1/6
f 160/4/6 3160/2/6 999/5/6
f 3160/2/6 148/6/6 1563/7/6
f 3160/2/6 146/8/6 1572/3/6
f 28/1/1 3161/2/1 911/3/1
f 164/4/1 3161/2/1 2634/5/1
f 1000/9/1 1001/7/1 3161/2/1
f 911/3/1 1001/7/1 25/8/1
f 161/1/3 3162/2/3 1001/3/3
f 162/4/3 3162/2/3 1002/5/3
f 1573/9/3 913/7/3 3162/2/3
f 3162/2/3 25/8/3 1001/3/3
f 1574/5/1 2580/3/1 30/1/1
f 166/4/1 3163/2/1 1574/5/1
f 2635/9/1 2634/7/1 3163/2/1
f 2580/3/1 2634/7/1 28/8/1
f 2103/5/4 2102/3/4 163/1/4
f 165/4/4 3164/2/4 2103/5/4
f 1003/9/4 2020/7/4 3164/2/4
f 2102/3/4 2020/7/4 27/8/4
f 166/1/5 3165/2/5 2635/3/5
f 165/4/5 3165/2/5 1004/5/5
f 2103/9/5 2104/7/5 3165/2/5
f 2635/3/5 2104/7/5 164/8/5
f 2636/5/1 1514/3/1 32/1/1
f 168/4/1 3166/2/1 2636/5/1
f 1575/9/1 1574/7/1 3166/2/1
f 3166/2/1 30/8/1 1514/3/1
f 31/1/6 3167/2/6 2050/3/6
f 167/4/6 3167/2/6 2105/5/6
f 2106/9/6 2636/7/6 3167/2/6
f 3167/2/6 32/8/6 2050/3/6
f 164/1/1 3168/2/1 1000/3/1
f 172/4/1 3168/2/1 2637/5/1
f 3168/2/1 169/6/1 1006/7/1
f 3168/2/1 161/8/1 1000/3/1
f 1577/5/4 1576/3/4 170/1/4
f 171/4/4 3169/2/4 1577/5/4
f 3169/2/4 163/6/4 1578/7/4
f 3169/2/4 162/8/4 1576/3/4
f 1007/5/3 1006/3/3 169/1/3
f 170/4/3 3170/2/3 1007/5/3
f 3170/2/3 162/6/3 1002/7/3
f 3170/2/3 161/8/3 1006/3/3
f 163/1/6 3171/2/6 2104/3/6
f 171/4/6 3171/2/6 2107/5/6
f 2108/9/6 2637/7/6 3171/2/6
f 3171/2/6 164/8/6 2104/3/6
f 2638/5/1 1575/3/1 168/1/1
f 176/4/1 3172/2/1 2638/5/1
f 1008/9/1 1579/7/1 3172/2/1
f 3172/2/1 166/8/1 1575/3/1
f 1580/5/4 1009/3/4 174/1/4
f 175/4/4 3173/2/4 1580/5/4
f 3173/2/4 167/6/4 1010/7/4
f 1009/3/4 1010/7/4 165/8/4
f 1011/5/3 1579/3/3 173/1/3
f 174/4/3 3174/2/3 1011/5/3
f 3174/2/3 165/6/3 1004/7/3
f 3174/2/3 166/8/3 1579/3/3
f 167/1/6 3175/2/6 2106/3/6
f 175/4/6 3175/2/6 2109/5/6
f 2110/9/6 2638/7/6 3175/2/6
f 3175/2/6 168/8/6 2106/3/6
f 172/1/1 3176/2/1 1005/3/1
f 180/4/1 3176/2/1 2639/5/1
f 1012/9/1 1013/7/1 3176/2/1
f 3176/2/1 169/8/1 1005/3/1
f 1014/5/3 1013/3/3 177/1/3
f 178/4/3 3177/2/3 1014/5/3
f 3177/2/3 170/6/3 1007/7/3
f 3177/2/3 169/8/3 1013/3/3
f 1015/5/1 2640/3/1 173/1/1
f 182/4/1 3178/2/1 1015/5/1
f 2641/9/1 2639/7/1 3178/2/1
f 2640/3/1 2639/7/1 172/8/1
f 2112/5/4 2111/3/4 179/1/4
f 181/4/4 3179/2/4 2112/5/4
f 1582/9/4 2113/7/4 3179/2/4
f 3179/2/4 171/8/4 2111/3/4
f 171/1/2 3180/2/2 2108/3/2
f 174/4/2 3180/2/2 2113/5/2
f 1011/9/2 2640/7/2 3180/2/2
f 2108/3/2 2640/7/2 172/8/2
f 2642/5/1 1008/3/1 176/1/1
f 184/4/1 3181/2/1 2642/5/1
f 1583/9/1 1015/7/1 3181/2/1
f 3181/2/1 173/8/1 1008/3/1
f 175/1/6 3182/2/6 2110/3/6
f 183/4/6 3182/2/6 2114/5/6
f 2115/9/6 2642/7/6 3182/2/6
f 3182/2/6 176/8/6 2110/3/6
f 163/1/5 3183/2/5 1578/3/5
f 186/4/5 3183/2/5 2116/5/5
f 1016/9/5 1584/7/5 3183/2/5
f 1578/3/5 1584/7/5 162/8/5
f 1584/5/3 1573/3/3 162/1/3
f 185/4/3 3184/2/3 1584/5/3
f 2117/9/3 1519/7/3 3184/2/3
f 1573/3/3 1519/7/3 26/8/3
f 2643/5/6 2029/3/6 44/1/6
f 186/4/6 3185/2/6 2643/5/6
f 2116/9/6 2102/7/6 3185/2/6
f 2029/3/6 2102/7/6 27/8/6
f 2118/5/5 1010/3/5 167/1/5
f 188/4/5 3186/2/5 2118/5/5
f 2119/9/5 1017/7/5 3186/2/5
f 1010/3/5 1017/7/5 165/8/5
f 1017/5/3 1003/3/3 165/1/3
f 187/4/3 3187/2/3 1017/5/3
f 2120/9/3 924/7/3 3187/2/3
f 1003/3/3 924/7/3 29/8/3
f 2644/5/6 2060/3/6 48/1/6
f 188/4/6 3188/2/6 2644/5/6
f 2118/9/6 2105/7/6 3188/2/6
f 2060/3/6 2105/7/6 31/8/6
f 189/1/2 3189/2/2 1585/3/2
f 190/4/2 3189/2/2 1018/5/2
f 2121/9/2 1577/7/2 3189/2/2
f 1585/3/2 1577/7/2 170/8/2
f 1586/5/3 1581/3/3 178/1/3
f 191/4/3 3190/2/3 1586/5/3
f 1019/9/3 1585/7/3 3190/2/3
f 3190/2/3 170/8/3 1581/3/3
f 1587/5/6 2121/3/6 190/1/6
f 192/4/6 3191/2/6 1587/5/6
f 2122/9/6 2111/7/6 3191/2/6
f 2121/3/6 2111/7/6 171/8/6
f 1020/5/2 1588/3/2 193/1/2
f 194/4/2 3192/2/2 1020/5/2
f 2123/9/2 1580/7/2 3192/2/2
f 1588/3/2 1580/7/2 174/8/2
f 1021/5/3 1582/3/3 181/1/3
f 195/4/3 3193/2/3 1021/5/3
f 1022/9/3 1588/7/3 3193/2/3
f 3193/2/3 174/8/3 1582/3/3
f 1589/5/6 2123/3/6 194/1/6
f 196/4/6 3194/2/6 1589/5/6
f 2124/9/6 2114/7/6 3194/2/6
f 2123/3/6 2114/7/6 175/8/6
f 197/1/4 3195/2/4 1023/3/4
f 198/4/4 3195/2/4 1024/5/4
f 1590/9/4 1025/7/4 3195/2/4
f 3195/2/4 61/8/4 1023/3/4
f 185/1/3 3196/2/3 2117/3/3
f 197/4/3 3196/2/3 1026/5/3
f 3196/2/3 61/6/3 2036/7/3
f 2117/3/3 2036/7/3 43/8/3
f 2120/5/1 2588/3/1 47/1/1
f 187/4/1 3197/2/1 2120/5/1
f 1591/9/1 2643/7/1 3197/2/1
f 2588/3/1 2643/7/1 44/8/1
f 1592/5/4 1590/3/4 198/1/4
f 199/4/4 3198/2/4 1592/5/4
f 2125/9/4 1593/7/4 3198/2/4
f 1590/3/4 1593/7/4 62/8/4
f 2126/5/5 1591/3/5 187/1/5
f 199/4/5 3199/2/5 2126/5/5
f 1592/9/5 1594/7/5 3199/2/5
f 1591/3/5 1594/7/5 186/8/5
f 199/1/4 3200/2/4 2125/3/4
f 200/4/4 3200/2/4 2127/5/4
f 3200/2/4 64/6/4 2128/7/4
f 2125/3/4 2128/7/4 63/8/4
f 2645/5/6 2613/3/6 64/1/6
f 200/4/6 3201/2/6 2645/5/6
f 2646/9/6 2644/7/6 3201/2/6
f 3201/2/6 48/8/6 2613/3/6
f 186/1/1 3202/2/1 1016/3/1
f 190/4/1 3202/2/1 1595/5/1
f 1018/9/1 1027/7/1 3202/2/1
f 3202/2/1 185/8/1 1016/3/1
f 1029/5/4 1028/3/4 201/1/4
f 202/4/4 3203/2/4 1029/5/4
f 3203/2/4 198/6/4 1024/7/4
f 3203/2/4 197/8/4 1028/3/4
f 1030/5/3 1027/3/3 189/1/3
f 201/4/3 3204/2/3 1030/5/3
f 3204/2/3 197/6/3 1026/7/3
f 1027/3/3 1026/7/3 185/8/3
f 1596/5/6 1594/3/6 198/1/6
f 202/4/6 3205/2/6 1596/5/6
f 1597/9/6 1595/7/6 3205/2/6
f 3205/2/6 186/8/6 1594/3/6
f 2647/5/1 2119/3/1 188/1/1
f 194/4/1 3206/2/1 2647/5/1
f 1020/9/1 2129/7/1 3206/2/1
f 3206/2/1 187/8/1 2119/3/1
f 2131/5/4 2130/3/4 203/1/4
f 204/4/4 3207/2/4 2131/5/4
f 3207/2/4 200/6/4 2127/7/4
f 2130/3/4 2127/7/4 199/8/4
f 1031/5/3 2129/3/3 193/1/3
f 203/4/3 3208/2/3 1031/5/3
f 3208/2/3 199/6/3 2126/7/3
f 2129/3/3 2126/7/3 187/8/3
f 2648/5/6 2646/3/6 200/1/6
f 204/4/6 3209/2/6 2648/5/6
f 1598/9/6 2647/7/6 3209/2/6
f 3209/2/6 188/8/6 2646/3/6
f 1033/5/4 1032/3/4 205/1/4
f 206/4/4 3210/2/4 1033/5/4
f 3210/2/4 202/6/4 1029/7/4
f 3210/2/4 201/8/4 1032/3/4
f 2132/5/3 1019/3/3 191/1/3
f 205/4/3 3211/2/3 2132/5/3
f 3211/2/3 201/6/3 1030/7/3
f 3211/2/3 189/8/3 1019/3/3
f 1022/5/1 1600/3/1 193/1/1
f 195/4/1 3212/2/1 1022/5/1
f 2649/9/1 1587/7/1 3212/2/1
f 1600/3/1 1587/7/1 190/8/1
f 1601/5/4 1599/3/4 206/1/4
f 207/4/4 3213/2/4 1601/5/4
f 2133/9/4 1602/7/4 3213/2/4
f 3213/2/4 202/8/4 1599/3/4
f 1602/5/2 1597/3/2 202/1/2
f 203/4/2 3214/2/2 1602/5/2
f 1031/9/2 1600/7/2 3214/2/2
f 1597/3/2 1600/7/2 190/8/2
f 2134/5/4 2133/3/4 207/1/4
f 208/4/4 3215/2/4 2134/5/4
f 3215/2/4 204/6/4 2131/7/4
f 3215/2/4 203/8/4 2133/3/4
f 2650/5/6 1598/3/6 204/1/6
f 208/4/6 3216/2/6 2650/5/6
f 2651/9/6 1589/7/6 3216/2/6
f 3216/2/6 194/8/6 1598/3/6
f 2652/5/1 2624/3/1 132/1/1
f 212/4/1 3217/2/1 2652/5/1
f 1034/9/1 2653/7/1 3217/2/1
f 3217/2/1 88/8/1 2624/3/1
f 209/1/3 3218/2/3 2653/3/3
f 210/4/3 3218/2/3 1035/5/3
f 2135/9/3 2053/7/3 3218/2/3
f 3218/2/3 88/8/3 2653/3/3
f 1603/5/1 2625/3/1 134/1/1
f 214/4/1 3219/2/1 1603/5/1
f 2654/9/1 2652/7/1 3219/2/1
f 3219/2/1 132/8/1 2625/3/1
f 2137/5/4 2136/3/4 211/1/4
f 2137/5/4 1036/9/4 3220/2/4
f 1036/9/4 2087/7/4 3220/2/4
f 3220/2/4 131/8/4 2136/3/4
f 1037/5/5 2654/3/5 214/1/5
f 213/4/5 3221/2/5 1037/5/5
f 2137/9/5 2138/7/5 3221/2/5
f 3221/2/5 212/8/5 2654/3/5
f 2655/5/1 1560/3/1 136/1/1
f 216/4/1 3222/2/1 2655/5/1
f 3222/2/1 214/6/1 1603/7/1
f 3222/2/1 134/8/1 1560/3/1
f 135/1/6 3223/2/6 2088/3/6
f 215/4/6 3223/2/6 2139/5/6
f 2140/9/6 2655/7/6 3223/2/6
f 3223/2/6 136/8/6 2088/3/6
f 2656/5/1 1034/3/1 212/1/1
f 220/4/1 3224/2/1 2656/5/1
f 1038/9/1 1039/7/1 3224/2/1
f 3224/2/1 209/8/1 1034/3/1
f 1606/5/4 1605/3/4 218/1/4
f 219/4/4 3225/2/4 1606/5/4
f 2141/9/4 1607/7/4 3225/2/4
f 3225/2/4 210/8/4 1605/3/4
f 1040/5/3 1039/3/3 217/1/3
f 218/4/3 3226/2/3 1040/5/3
f 3226/2/3 210/6/3 1035/7/3
f 3226/2/3 209/8/3 1039/3/3
f 211/1/6 3227/2/6 2138/3/6
f 219/4/6 3227/2/6 2141/5/6
f 2142/9/6 2656/7/6 3227/2/6
f 3227/2/6 212/8/6 2138/3/6
f 2657/5/1 1604/3/1 216/1/1
f 224/4/1 3228/2/1 2657/5/1
f 3228/2/1 221/6/1 1608/7/1
f 3228/2/1 214/8/1 1604/3/1
f 222/1/4 3229/2/4 1042/3/4
f 223/4/4 3229/2/4 1609/5/4
f 2143/9/4 1043/7/4 3229/2/4
f 3229/2/4 213/8/4 1042/3/4
f 1044/5/3 1608/3/3 221/1/3
f 222/4/3 3230/2/3 1044/5/3
f 3230/2/3 213/6/3 1037/7/3
f 3230/2/3 214/8/3 1608/3/3
f 215/1/6 3231/2/6 2140/3/6
f 223/4/6 3231/2/6 2143/5/6
f 2144/9/6 2657/7/6 3231/2/6
f 3231/2/6 216/8/6 2140/3/6
f 2658/5/1 1038/3/1 220/1/1
f 228/4/1 3232/2/1 2658/5/1
f 1045/9/1 1046/7/1 3232/2/1
f 3232/2/1 217/8/1 1038/3/1
f 1047/5/3 1046/3/3 225/1/3
f 226/4/3 3233/2/3 1047/5/3
f 3233/2/3 218/6/3 1040/7/3
f 3233/2/3 217/8/3 1046/3/3
f 1048/5/1 2659/3/1 221/1/1
f 1048/5/1 2660/9/1 3234/2/1
f 2660/9/1 2658/7/1 3234/2/1
f 3234/2/1 220/8/1 2659/3/1
f 2146/5/4 2145/3/4 227/1/4
f 2146/5/4 1611/9/4 3235/2/4
f 1611/9/4 2147/7/4 3235/2/4
f 3235/2/4 219/8/4 2145/3/4
f 219/1/2 3236/2/2 2142/3/2
f 222/4/2 3236/2/2 2147/5/2
f 1044/9/2 2659/7/2 3236/2/2
f 2142/3/2 2659/7/2 220/8/2
f 2661/5/1 1041/3/1 224/1/1
f 232/4/1 3237/2/1 2661/5/1
f 3237/2/1 230/6/1 1048/7/1
f 3237/2/1 221/8/1 1041/3/1
f 223/1/6 3238/2/6 2144/3/6
f 231/4/6 3238/2/6 2148/5/6
f 2149/9/6 2661/7/6 3238/2/6
f 3238/2/6 224/8/6 2144/3/6
f 2150/5/5 1607/3/5 211/1/5
f 234/4/5 3239/2/5 2150/5/5
f 1049/9/5 1613/7/5 3239/2/5
f 1607/3/5 1613/7/5 210/8/5
f 1613/5/3 2135/3/3 210/1/3
f 233/4/3 3240/2/3 1613/5/3
f 2662/9/3 2062/7/3 3240/2/3
f 2135/3/3 2062/7/3 87/8/3
f 2663/5/6 2095/3/6 144/1/6
f 234/4/6 3241/2/6 2663/5/6
f 2150/9/6 2136/7/6 3241/2/6
f 2095/3/6 2136/7/6 131/8/6
f 2151/5/5 1043/3/5 215/1/5
f 236/4/5 3242/2/5 2151/5/5
f 3242/2/5 235/6/5 1050/7/5
f 3242/2/5 213/8/5 1043/3/5
f 1050/5/3 1036/3/3 213/1/3
f 235/4/3 3243/2/3 1050/5/3
f 2153/9/3 989/7/3 3243/2/3
f 1036/3/3 989/7/3 133/8/3
f 2664/5/6 2096/3/6 148/1/6
f 236/4/6 3244/2/6 2664/5/6
f 2151/9/6 2139/7/6 3244/2/6
f 2096/3/6 2139/7/6 135/8/6
f 1051/5/2 1614/3/2 237/1/2
f 238/4/2 3245/2/2 1051/5/2
f 2154/9/2 1606/7/2 3245/2/2
f 1614/3/2 1606/7/2 218/8/2
f 1615/5/3 1610/3/3 226/1/3
f 239/4/3 3246/2/3 1615/5/3
f 1052/9/3 1614/7/3 3246/2/3
f 3246/2/3 218/8/3 1610/3/3
f 1616/5/6 2154/3/6 238/1/6
f 240/4/6 3247/2/6 1616/5/6
f 2155/9/6 2145/7/6 3247/2/6
f 2154/3/6 2145/7/6 219/8/6
f 241/1/2 3248/2/2 1617/3/2
f 1053/5/2 2156/9/2 3248/2/2
f 2156/9/2 1609/7/2 3248/2/2
f 3248/2/2 222/8/2 1617/3/2
f 1054/5/3 1611/3/3 229/1/3
f 243/4/3 3249/2/3 1054/5/3
f 1055/9/3 1617/7/3 3249/2/3
f 3249/2/3 222/8/3 1611/3/3
f 1618/5/6 2156/3/6 242/1/6
f 244/4/6 3250/2/6 1618/5/6
f 2157/9/6 2148/7/6 3250/2/6
f 2156/3/6 2148/7/6 223/8/6
f 1056/5/4 2665/3/4 245/1/4
f 246/4/4 3251/2/4 1056/5/4
f 1619/9/4 2666/7/4 3251/2/4
f 3251/2/4 112/8/4 2665/3/4
f 233/1/3 3252/2/3 2662/3/3
f 245/4/3 3252/2/3 1057/5/3
f 3252/2/3 112/6/3 2616/7/3
f 2662/3/3 2616/7/3 100/8/3
f 2153/5/1 2632/3/1 147/1/1
f 235/4/1 3253/2/1 2153/5/1
f 1620/9/1 2663/7/1 3253/2/1
f 3253/2/1 144/8/1 2632/3/1
f 1621/5/4 1619/3/4 246/1/4
f 1621/5/4 2158/9/4 3254/2/4
f 2158/9/4 1622/7/4 3254/2/4
f 3254/2/4 158/8/4 1619/3/4
f 2159/5/5 1620/3/5 235/1/5
f 2159/5/5 1621/9/5 3255/2/5
f 1621/9/5 1623/7/5 3255/2/5
f 1620/3/5 1623/7/5 234/8/5
f 247/1/4 3256/2/4 2158/3/4
f 248/4/4 3256/2/4 2160/5/4
f 2667/9/4 2161/7/4 3256/2/4
f 3256/2/4 159/8/4 2158/3/4
f 2667/5/6 2633/3/6 160/1/6
f 248/4/6 3257/2/6 2667/5/6
f 2668/9/6 2664/7/6 3257/2/6
f 3257/2/6 148/8/6 2633/3/6
f 1624/5/1 1049/3/1 234/1/1
f 238/4/1 3258/2/1 1624/5/1
f 1051/9/1 1058/7/1 3258/2/1
f 3258/2/1 233/8/1 1049/3/1
f 1060/5/4 1059/3/4 249/1/4
f 250/4/4 3259/2/4 1060/5/4
f 1625/9/4 1056/7/4 3259/2/4
f 3259/2/4 245/8/4 1059/3/4
f 1061/5/3 1058/3/3 237/1/3
f 249/4/3 3260/2/3 1061/5/3
f 3260/2/3 245/6/3 1057/7/3
f 1058/3/3 1057/7/3 233/8/3
f 1625/5/6 1623/3/6 246/1/6
f 250/4/6 3261/2/6 1625/5/6
f 1626/9/6 1624/7/6 3261/2/6
f 3261/2/6 234/8/6 1623/3/6
f 2669/5/1 2152/3/1 236/1/1
f 242/4/1 3262/2/1 2669/5/1
f 3262/2/1 241/6/1 2162/7/1
f 3262/2/1 235/8/1 2152/3/1
f 251/1/4 3263/2/4 2163/3/4
f 252/4/4 3263/2/4 2164/5/4
f 2670/9/4 2160/7/4 3263/2/4
f 3263/2/4 247/8/4 2163/3/4
f 1062/5/3 2162/3/3 241/1/3
f 251/4/3 3264/2/3 1062/5/3
f 3264/2/3 247/6/3 2159/7/3
f 2162/3/3 2159/7/3 235/8/3
f 2670/5/6 2668/3/6 248/1/6
f 252/4/6 3265/2/6 2670/5/6
f 1627/9/6 2669/7/6 3265/2/6
f 3265/2/6 236/8/6 2668/3/6
f 1064/5/4 1063/3/4 253/1/4
f 254/4/4 3266/2/4 1064/5/4
f 1628/9/4 1060/7/4 3266/2/4
f 3266/2/4 249/8/4 1063/3/4
f 2165/5/3 1052/3/3 239/1/3
f 253/4/3 3267/2/3 2165/5/3
f 3267/2/3 249/6/3 1061/7/3
f 3267/2/3 237/8/3 1052/3/3
f 1055/5/1 1629/3/1 241/1/1
f 1055/5/1 2671/9/1 3268/2/1
f 2671/9/1 1616/7/1 3268/2/1
f 3268/2/1 238/8/1 1629/3/1
f 1630/5/4 1628/3/4 254/1/4
f 1630/5/4 2166/9/4 3269/2/4
f 2166/9/4 1631/7/4 3269/2/4
f 3269/2/4 250/8/4 1628/3/4
f 1631/5/2 1626/3/2 250/1/2
f 1631/5/2 1062/9/2 3270/2/2
f 1062/9/2 1629/7/2 3270/2/2
f 3270/2/2 238/8/2 1626/3/2
f 255/1/4 3271/2/4 2166/3/4
f 256/4/4 3271/2/4 2167/5/4
f 2672/9/4 2164/7/4 3271/2/4
f 3271/2/4 251/8/4 2166/3/4
f 2672/5/6 1627/3/6 252/1/6
f 256/4/6 3272/2/6 2672/5/6
f 2673/9/6 1618/7/6 3272/2/6
f 3272/2/6 242/8/6 1627/3/6
f 180/1/1 3273/2/1 1012/3/1
f 260/4/1 3273/2/1 2674/5/1
f 1065/9/1 1066/7/1 3273/2/1
f 1012/3/1 1066/7/1 177/8/1
f 1067/5/3 1066/3/3 257/1/3
f 258/4/3 3274/2/3 1067/5/3
f 3274/2/3 178/6/3 1014/7/3
f 3274/2/3 177/8/3 1066/3/3
f 1633/5/1 2641/3/1 182/1/1
f 262/4/1 3275/2/1 1633/5/1
f 2675/9/1 2674/7/1 3275/2/1
f 2641/3/1 2674/7/1 180/8/1
f 2169/5/4 2168/3/4 259/1/4
f 261/4/4 3276/2/4 2169/5/4
f 1068/9/4 2112/7/4 3276/2/4
f 2168/3/4 2112/7/4 179/8/4
f 262/1/5 3277/2/5 2675/3/5
f 261/4/5 3277/2/5 1069/5/5
f 2169/9/5 2170/7/5 3277/2/5
f 2675/3/5 2170/7/5 260/8/5
f 2676/5/1 1583/3/1 184/1/1
f 264/4/1 3278/2/1 2676/5/1
f 1634/9/1 1633/7/1 3278/2/1
f 3278/2/1 182/8/1 1583/3/1
f 260/1/1 3279/2/1 1065/3/1
f 268/4/1 3279/2/1 2677/5/1
f 1070/9/1 1071/7/1 3279/2/1
f 1065/3/1 1071/7/1 257/8/1
f 1636/5/4 1635/3/4 266/1/4
f 267/4/4 3280/2/4 1636/5/4
f 2171/9/4 1637/7/4 3280/2/4
f 3280/2/4 258/8/4 1635/3/4
f 1072/5/3 1071/3/3 265/1/3
f 266/4/3 3281/2/3 1072/5/3
f 1635/9/3 1067/7/3 3281/2/3
f 3281/2/3 257/8/3 1071/3/3
f 259/1/6 3282/2/6 2170/3/6
f 267/4/6 3282/2/6 2171/5/6
f 2172/9/6 2677/7/6 3282/2/6
f 3282/2/6 260/8/6 2170/3/6
f 2678/5/1 1634/3/1 264/1/1
f 2678/5/1 1073/9/1 3283/2/1
f 1073/9/1 1638/7/1 3283/2/1
f 3283/2/1 262/8/1 1634/3/1
f 1639/5/4 1074/3/4 270/1/4
f 1639/5/4 2173/9/4 3284/2/4
f 2173/9/4 1075/7/4 3284/2/4
f 1074/3/4 1075/7/4 261/8/4
f 1076/5/3 1638/3/3 269/1/3
f 270/4/3 3285/2/3 1076/5/3
f 1074/9/3 1069/7/3 3285/2/3
f 3285/2/3 262/8/3 1638/3/3
f 268/1/1 3286/2/1 1070/3/1
f 276/4/1 3286/2/1 2679/5/1
f 1077/9/1 1078/7/1 3286/2/1
f 3286/2/1 265/8/1 1070/3/1
f 276/1/5 3287/2/5 1077/3/5
f 275/4/5 3287/2/5 2174/5/5
f 3287/2/5 274/6/5 1079/7/5
f 3287/2/5 273/8/5 1077/3/5
f 1079/5/3 1078/3/3 273/1/3
f 274/4/3 3288/2/3 1079/5/3
f 3288/2/3 266/6/3 1072/7/3
f 3288/2/3 265/8/3 1078/3/3
f 269/1/1 3289/2/1 2680/3/1
f 278/4/1 3289/2/1 1080/5/1
f 2681/9/1 2679/7/1 3289/2/1
f 3289/2/1 268/8/1 2680/3/1
f 2176/5/4 2175/3/4 275/1/4
f 277/4/4 3290/2/4 2176/5/4
f 3290/2/4 270/6/4 2177/7/4
f 3290/2/4 267/8/4 2175/3/4
f 267/1/2 3291/2/2 2172/3/2
f 270/4/2 3291/2/2 2177/5/2
f 1076/9/2 2680/7/2 3291/2/2
f 2172/3/2 2680/7/2 268/8/2
f 1081/5/5 2681/3/5 278/1/5
f 277/4/5 3292/2/5 1081/5/5
f 2176/9/5 2174/7/5 3292/2/5
f 2681/3/5 2174/7/5 276/8/5
f 272/1/1 3293/2/1 1073/3/1
f 280/4/1 3293/2/1 2682/5/1
f 1643/9/1 1080/7/1 3293/2/1
f 3293/2/1 269/8/1 1073/3/1
f 2178/5/5 1643/3/5 280/1/5
f 279/4/5 3294/2/5 2178/5/5
f 3294/2/5 277/6/5 1081/7/5
f 3294/2/5 278/8/5 1643/3/5
f 259/1/5 3295/2/5 1637/3/5
f 282/4/5 3295/2/5 2179/5/5
f 1083/9/5 1644/7/5 3295/2/5
f 1637/3/5 1644/7/5 258/8/5
f 1644/5/3 1632/3/3 258/1/3
f 281/4/3 3296/2/3 1644/5/3
f 2180/9/3 1586/7/3 3296/2/3
f 1632/3/3 1586/7/3 178/8/3
f 2683/5/6 2122/3/6 192/1/6
f 282/4/6 3297/2/6 2683/5/6
f 2179/9/6 2168/7/6 3297/2/6
f 2122/3/6 2168/7/6 179/8/6
f 2181/5/5 1075/3/5 263/1/5
f 284/4/5 3298/2/5 2181/5/5
f 2182/9/5 1084/7/5 3298/2/5
f 1075/3/5 1084/7/5 261/8/5
f 1084/5/3 1068/3/3 261/1/3
f 283/4/3 3299/2/3 1084/5/3
f 2183/9/3 1021/7/3 3299/2/3
f 1068/3/3 1021/7/3 181/8/3
f 285/1/2 3300/2/2 1645/3/2
f 286/4/2 3300/2/2 1085/5/2
f 2184/9/2 1636/7/2 3300/2/2
f 1645/3/2 1636/7/2 266/8/2
f 275/1/5 3301/2/5 1640/3/5
f 288/4/5 3301/2/5 2185/5/5
f 2186/9/5 1646/7/5 3301/2/5
f 1640/3/5 1646/7/5 274/8/5
f 1646/5/3 1641/3/3 274/1/3
f 287/4/3 3302/2/3 1646/5/3
f 3302/2/3 285/6/3 1645/7/3
f 3302/2/3 266/8/3 1641/3/3
f 286/1/6 3303/2/6 2184/3/6
f 1647/5/6 2185/9/6 3303/2/6
f 2185/9/6 2175/7/6 3303/2/6
f 3303/2/6 267/8/6 2184/3/6
f 1087/5/2 1648/3/2 289/1/2
f 290/4/2 3304/2/2 1087/5/2
f 2187/9/2 1639/7/2 3304/2/2
f 1648/3/2 1639/7/2 270/8/2
f 2188/5/5 1082/3/5 279/1/5
f 292/4/5 3305/2/5 2188/5/5
f 2189/9/5 1088/7/5 3305/2/5
f 1082/3/5 1088/7/5 277/8/5
f 1088/5/3 1642/3/3 277/1/3
f 291/4/3 3306/2/3 1088/5/3
f 3306/2/3 289/6/3 1648/7/3
f 3306/2/3 270/8/3 1642/3/3
f 1090/5/3 2180/3/3 281/1/3
f 293/4/3 3307/2/3 1090/5/3
f 3307/2/3 205/6/3 2132/7/3
f 3307/2/3 191/8/3 2180/3/3
f 2183/5/1 2649/3/1 195/1/1
f 283/4/1 3308/2/1 2183/5/1
f 1649/9/1 2683/7/1 3308/2/1
f 2649/3/1 2683/7/1 192/8/1
f 2190/5/5 1649/3/5 283/1/5
f 295/4/5 3309/2/5 2190/5/5
f 1650/9/5 1651/7/5 3309/2/5
f 1649/3/5 1651/7/5 282/8/5
f 282/1/1 3310/2/1 1083/3/1
f 286/4/1 3310/2/1 1652/5/1
f 1085/9/1 1092/7/1 3310/2/1
f 1083/3/1 1092/7/1 281/8/1
f 1093/5/3 1092/3/3 285/1/3
f 1093/5/3 1094/9/3 3311/2/3
f 1094/9/3 1090/7/3 3311/2/3
f 1092/3/3 1090/7/3 281/8/3
f 1653/5/6 1651/3/6 294/1/6
f 1653/5/6 1654/9/6 3312/2/6
f 1654/9/6 1652/7/6 3312/2/6
f 3312/2/6 282/8/6 1651/3/6
f 2684/5/1 2182/3/1 284/1/1
f 2684/5/1 1087/9/1 3313/2/1
f 1087/9/1 2191/7/1 3313/2/1
f 3313/2/1 283/8/1 2182/3/1
f 1095/5/3 2191/3/3 289/1/3
f 1095/5/3 2192/9/3 3314/2/3
f 2192/9/3 2190/7/3 3314/2/3
f 2191/3/3 2190/7/3 283/8/3
f 288/1/5 3315/2/5 2186/3/5
f 302/4/5 3315/2/5 2685/5/5
f 1096/9/5 2193/7/5 3315/2/5
f 2186/3/5 2193/7/5 287/8/5
f 2193/5/3 1086/3/3 287/1/3
f 301/4/3 3316/2/3 2193/5/3
f 3316/2/3 297/6/3 1093/7/3
f 3316/2/3 285/8/3 1086/3/3
f 289/1/1 3317/2/1 1655/3/1
f 291/4/1 3317/2/1 1089/5/1
f 2686/9/1 1647/7/1 3317/2/1
f 3317/2/1 286/8/1 1655/3/1
f 1656/5/2 1654/3/2 298/1/2
f 299/4/2 3318/2/2 1656/5/2
f 1095/9/2 1655/7/2 3318/2/2
f 1654/3/2 1655/7/2 286/8/2
f 2194/5/5 2686/3/5 291/1/5
f 303/4/5 3319/2/5 2194/5/5
f 1657/9/5 2685/7/5 3319/2/5
f 2686/3/5 2685/7/5 288/8/5
f 2687/5/5 2189/3/5 292/1/5
f 304/4/5 3320/2/5 2687/5/5
f 3320/2/5 303/6/5 2194/7/5
f 3320/2/5 291/8/5 2189/3/5
f 1658/5/1 2688/3/1 306/1/1
f 308/4/1 3321/2/1 1658/5/1
f 2689/9/1 2676/7/1 3321/2/1
f 3321/2/1 184/8/1 2688/3/1
f 183/1/2 3322/2/2 2115/3/2
f 305/4/2 3322/2/2 2196/5/2
f 1098/9/2 2688/7/2 3322/2/2
f 3322/2/2 184/8/2 2115/3/2
f 1660/5/1 1659/3/1 310/1/1
f 312/4/1 3323/2/1 1660/5/1
f 2690/9/1 1658/7/1 3323/2/1
f 3323/2/1 306/8/1 1659/3/1
f 2197/5/4 1099/3/4 307/1/4
f 311/4/4 3324/2/4 2197/5/4
f 1100/9/4 1101/7/4 3324/2/4
f 3324/2/4 305/8/4 1099/3/4
f 305/1/2 3325/2/2 1098/3/2
f 309/4/2 3325/2/2 1101/5/2
f 1102/9/2 1659/7/2 3325/2/2
f 3325/2/2 306/8/2 1098/3/2
f 2198/5/5 2690/3/5 312/1/5
f 311/4/5 3326/2/5 2198/5/5
f 3326/2/5 307/6/5 2199/7/5
f 3326/2/5 308/8/5 2690/3/5
f 1104/5/1 1103/3/1 225/1/1
f 314/4/1 3327/2/1 1104/5/1
f 2691/9/1 1660/7/1 3327/2/1
f 3327/2/1 310/8/1 1103/3/1
f 309/1/2 3328/2/2 1102/3/2
f 226/4/2 3328/2/2 1661/5/2
f 1047/9/2 1103/7/2 3328/2/2
f 3328/2/2 310/8/2 1102/3/2
f 2692/5/1 2689/3/1 308/1/1
f 2692/5/1 2693/9/1 3329/2/1
f 2693/9/1 2678/7/1 3329/2/1
f 3329/2/1 264/8/1 2689/3/1
f 2200/5/4 2173/3/4 271/1/4
f 315/4/4 3330/2/4 2200/5/4
f 2201/9/4 2202/7/4 3330/2/4
f 3330/2/4 263/8/4 2173/3/4
f 307/1/6 3331/2/6 2199/3/6
f 315/4/6 3331/2/6 2201/5/6
f 2203/9/6 2692/7/6 3331/2/6
f 3331/2/6 308/8/6 2199/3/6
f 1662/5/1 2691/3/1 314/1/1
f 1662/5/1 1105/9/1 3332/2/1
f 1105/9/1 2694/7/1 3332/2/1
f 3332/2/1 312/8/1 2691/3/1
f 1663/5/4 2204/3/4 318/1/4
f 1663/5/4 1106/9/4 3333/2/4
f 1106/9/4 2205/7/4 3333/2/4
f 3333/2/4 311/8/4 2204/3/4
f 1107/5/3 2694/3/3 317/1/3
f 318/4/3 3334/2/3 1107/5/3
f 2204/9/3 2198/7/3 3334/2/3
f 3334/2/3 312/8/3 2694/3/3
f 316/1/1 3335/2/1 2693/3/1
f 322/4/1 3335/2/1 2695/5/1
f 2696/9/1 2682/7/1 3335/2/1
f 3335/2/1 272/8/1 2693/3/1
f 322/1/5 3336/2/5 2696/3/5
f 321/4/5 3336/2/5 1108/5/5
f 2206/9/5 2178/7/5 3336/2/5
f 3336/2/5 280/8/5 2696/3/5
f 317/1/1 3337/2/1 2697/3/1
f 324/4/1 3337/2/1 1109/5/1
f 1664/9/1 2695/7/1 3337/2/1
f 3337/2/1 316/8/1 2697/3/1
f 1110/5/4 2207/3/4 321/1/4
f 323/4/4 3338/2/4 1110/5/4
f 3338/2/4 318/6/4 2208/7/4
f 3338/2/4 315/8/4 2207/3/4
f 315/1/2 3339/2/2 2203/3/2
f 318/4/2 3339/2/2 2208/5/2
f 1107/9/2 2697/7/2 3339/2/2
f 3339/2/2 316/8/2 2203/3/2
f 2209/5/5 1664/3/5 324/1/5
f 323/4/5 3340/2/5 2209/5/5
f 3340/2/5 321/6/5 1108/7/5
f 3340/2/5 322/8/5 1664/3/5
f 320/1/1 3341/2/1 1105/3/1
f 2698/5/1 2699/9/1 3341/2/1
f 2699/9/1 1109/7/1 3341/2/1
f 3341/2/1 317/8/1 1105/3/1
f 326/1/5 3342/2/5 2699/3/5
f 325/4/5 3342/2/5 1111/5/5
f 3342/2/5 323/6/5 2209/7/5
f 3342/2/5 324/8/5 2699/3/5
f 2700/5/2 2124/3/2 196/1/2
f 327/4/2 3343/2/2 2700/5/2
f 1112/9/2 2196/7/2 3343/2/2
f 2124/3/2 2196/7/2 183/8/2
f 2211/5/5 2202/3/5 307/1/5
f 328/4/5 3344/2/5 2211/5/5
f 2701/9/5 2181/7/5 3344/2/5
f 2202/3/5 2181/7/5 263/8/5
f 2212/5/6 1112/3/6 327/1/6
f 328/4/6 3345/2/6 2212/5/6
f 2211/9/6 1099/7/6 3345/2/6
f 1112/3/6 1099/7/6 305/8/6
f 2213/5/2 1113/3/2 329/1/2
f 239/4/2 3346/2/2 2213/5/2
f 1615/9/2 1661/7/2 3346/2/2
f 1113/3/2 1661/7/2 309/8/2
f 1114/5/5 2205/3/5 313/1/5
f 331/4/5 3347/2/5 1114/5/5
f 1666/9/5 2214/7/5 3347/2/5
f 3347/2/5 311/8/5 2205/3/5
f 2214/5/3 1100/3/3 311/1/3
f 330/4/3 3348/2/3 2214/5/3
f 1115/9/3 1113/7/3 3348/2/3
f 1100/3/3 1113/7/3 309/8/3
f 1667/5/2 2187/3/2 290/1/2
f 332/4/2 3349/2/2 1667/5/2
f 2215/9/2 2200/7/2 3349/2/2
f 2187/3/2 2200/7/2 271/8/2
f 1116/5/5 2206/3/5 321/1/5
f 333/4/5 3350/2/5 1116/5/5
f 2702/9/5 2188/7/5 3350/2/5
f 2206/3/5 2188/7/5 279/8/5
f 332/1/6 3351/2/6 2215/3/6
f 2703/5/6 1116/9/6 3351/2/6
f 1116/9/6 2207/7/6 3351/2/6
f 3351/2/6 315/8/6 2215/3/6
f 1669/5/2 1668/3/2 334/1/2
f 335/4/2 3352/2/2 1669/5/2
f 2216/9/2 1663/7/2 3352/2/2
f 1668/3/2 1663/7/2 318/8/2
f 1117/5/5 2210/3/5 325/1/5
f 337/4/5 3353/2/5 1117/5/5
f 2704/9/5 2217/7/5 3353/2/5
f 3353/2/5 323/8/5 2210/3/5
f 2217/5/3 1665/3/3 323/1/3
f 336/4/3 3354/2/3 2217/5/3
f 3354/2/3 334/6/3 1668/7/3
f 3354/2/3 318/8/3 1665/3/3
f 2706/5/4 2705/3/4 296/1/4
f 339/4/4 3355/2/4 2706/5/4
f 1671/9/4 2707/7/4 3355/2/4
f 3355/2/4 208/8/4 2705/3/4
f 2707/5/2 2651/3/2 208/1/2
f 338/4/2 3356/2/2 2707/5/2
f 2218/9/2 2700/7/2 3356/2/2
f 3356/2/2 196/8/2 2651/3/2
f 1115/5/1 2219/3/1 329/1/1
f 330/4/1 3357/2/1 1115/5/1
f 2708/9/1 2212/7/1 3357/2/1
f 3357/2/1 327/8/1 2219/3/1
f 2220/5/4 1671/3/4 339/1/4
f 341/4/4 3358/2/4 2220/5/4
f 2709/9/4 1672/7/4 3358/2/4
f 3358/2/4 338/8/4 1671/3/4
f 1672/5/2 2218/3/2 338/1/2
f 340/4/2 3359/2/2 1672/5/2
f 1118/9/2 2219/7/2 3359/2/2
f 3359/2/2 327/8/2 2218/3/2
f 1673/5/5 2708/3/5 330/1/5
f 341/4/5 3360/2/5 1673/5/5
f 3360/2/5 339/6/5 2710/7/5
f 2708/3/5 2710/7/5 328/8/5
f 1119/5/4 2709/3/4 341/1/4
f 342/4/4 3361/2/4 1119/5/4
f 1120/9/4 1121/7/4 3361/2/4
f 3361/2/4 340/8/4 2709/3/4
f 1121/5/2 1118/3/2 340/1/2
f 253/4/2 3362/2/2 1121/5/2
f 2165/9/2 2213/7/2 3362/2/2
f 3362/2/2 329/8/2 1118/3/2
f 2711/5/1 2701/3/1 328/1/1
f 2711/5/1 1667/9/1 3363/2/1
f 1667/9/1 2684/7/1 3363/2/1
f 3363/2/1 284/8/1 2701/3/1
f 2713/5/4 2712/3/4 300/1/4
f 343/4/4 3364/2/4 2713/5/4
f 2221/9/4 2706/7/4 3364/2/4
f 3364/2/4 296/8/4 2712/3/4
f 2221/5/6 2710/3/6 339/1/6
f 2221/5/6 2714/9/6 3365/2/6
f 2714/9/6 2711/7/6 3365/2/6
f 3365/2/6 328/8/6 2710/3/6
f 2222/5/1 1666/3/1 331/1/1
f 2222/5/1 1669/9/1 3366/2/1
f 1669/9/1 1674/7/1 3366/2/1
f 3366/2/1 330/8/1 1666/3/1
f 2715/5/4 1122/3/4 344/1/4
f 2715/5/4 1675/9/4 3367/2/4
f 1675/9/4 1119/7/4 3367/2/4
f 3367/2/4 341/8/4 1122/3/4
f 1676/5/3 1674/3/3 334/1/3
f 1676/5/3 1122/9/3 3368/2/3
f 1122/9/3 1673/7/3 3368/2/3
f 1674/3/3 1673/7/3 330/8/3
f 2717/5/4 2716/3/4 304/1/4
f 346/4/4 3369/2/4 2717/5/4
f 3369/2/4 343/6/4 2713/7/4
f 3369/2/4 300/8/4 2716/3/4
f 333/1/5 3370/2/5 2702/3/5
f 346/4/5 3370/2/5 1123/5/5
f 3370/2/5 304/6/5 2687/7/5
f 2702/3/5 2687/7/5 292/8/5
f 334/1/1 3371/2/1 2718/3/1
f 336/4/1 3371/2/1 1670/5/1
f 1124/9/1 2703/7/1 3371/2/1
f 3371/2/1 332/8/1 2718/3/1
f 1677/5/4 2223/3/4 346/1/4
f 347/4/4 3372/2/4 1677/5/4
f 3372/2/4 344/6/4 2224/7/4
f 3372/2/4 343/8/4 2223/3/4
f 2224/5/2 2714/3/2 343/1/2
f 344/4/2 3373/2/2 2224/5/2
f 1676/9/2 2718/7/2 3373/2/2
f 3373/2/2 332/8/2 2714/3/2
f 2720/5/5 1124/3/5 336/1/5
f 347/4/5 3374/2/5 2720/5/5
f 3374/2/5 346/6/5 1123/7/5
f 1124/3/5 1123/7/5 333/8/5
f 347/1/4 3375/2/4 2719/3/4
f 348/4/4 3375/2/4 2225/5/4
f 3375/2/4 345/6/4 2715/7/4
f 3375/2/4 344/8/4 2719/3/4
f 1126/5/5 2704/3/5 337/1/5
f 348/4/5 3376/2/5 1126/5/5
f 3376/2/5 347/6/5 2720/7/5
f 3376/2/5 336/8/5 2704/3/5
f 2721/5/1 1045/3/1 228/1/1
f 350/4/1 3377/2/1 2721/5/1
f 1678/9/1 1104/7/1 3377/2/1
f 3377/2/1 225/8/1 1045/3/1
f 1679/5/1 2660/3/1 230/1/1
f 1679/5/1 1680/9/1 3378/2/1
f 1680/9/1 2721/7/1 3378/2/1
f 3378/2/1 228/8/1 2660/3/1
f 1127/5/4 2226/3/4 349/1/4
f 1127/5/4 1128/9/4 3379/2/4
f 1128/9/4 2146/7/4 3379/2/4
f 3379/2/4 227/8/4 2226/3/4
f 2227/5/5 1680/3/5 352/1/5
f 351/4/5 3380/2/5 2227/5/5
f 1127/9/5 1129/7/5 3380/2/5
f 3380/2/5 350/8/5 1680/3/5
f 2722/5/1 1612/3/1 232/1/1
f 354/4/1 3381/2/1 2722/5/1
f 3381/2/1 352/6/1 1679/7/1
f 3381/2/1 230/8/1 1612/3/1
f 231/1/6 3382/2/6 2149/3/6
f 353/4/6 3382/2/6 2228/5/6
f 1130/9/6 2722/7/6 3382/2/6
f 3382/2/6 232/8/6 2149/3/6
f 1681/5/1 1678/3/1 350/1/1
f 1681/5/1 2724/9/1 3383/2/1
f 2724/9/1 1662/7/1 3383/2/1
f 3383/2/1 314/8/1 1678/3/1
f 2229/5/4 1106/3/4 319/1/4
f 2229/5/4 1131/9/4 3384/2/4
f 1131/9/4 1132/7/4 3384/2/4
f 3384/2/4 313/8/4 1106/3/4
f 349/1/6 3385/2/6 1129/3/6
f 355/4/6 3385/2/6 1131/5/6
f 2230/9/6 1681/7/6 3385/2/6
f 3385/2/6 350/8/6 1129/3/6
f 1682/5/1 2723/3/1 354/1/1
f 1682/5/1 1133/9/1 3386/2/1
f 1133/9/1 2725/7/1 3386/2/1
f 3386/2/1 352/8/1 2723/3/1
f 358/1/4 3387/2/4 2231/3/4
f 1683/5/4 1134/9/4 3387/2/4
f 1134/9/4 2232/7/4 3387/2/4
f 3387/2/4 351/8/4 2231/3/4
f 1135/5/3 2725/3/3 357/1/3
f 358/4/3 3388/2/3 1135/5/3
f 2231/9/3 2227/7/3 3388/2/3
f 3388/2/3 352/8/3 2725/3/3
f 353/1/6 3389/2/6 1130/3/6
f 359/4/6 3389/2/6 1134/5/6
f 2233/9/6 1682/7/6 3389/2/6
f 1130/3/6 1682/7/6 354/8/6
f 356/1/1 3390/2/1 2724/3/1
f 362/4/1 3390/2/1 2726/5/1
f 1684/9/1 2698/7/1 3390/2/1
f 3390/2/1 320/8/1 2724/3/1
f 1136/5/5 1684/3/5 362/1/5
f 361/4/5 3391/2/5 1136/5/5
f 3391/2/5 325/6/5 1111/7/5
f 3391/2/5 326/8/5 1684/3/5
f 357/1/1 3392/2/1 2727/3/1
f 1138/5/1 1685/9/1 3392/2/1
f 1685/9/1 2726/7/1 3392/2/1
f 3392/2/1 356/8/1 2727/3/1
f 1139/5/4 2234/3/4 361/1/4
f 1139/5/4 1686/9/4 3393/2/4
f 1686/9/4 2235/7/4 3393/2/4
f 3393/2/4 355/8/4 2234/3/4
f 355/1/2 3394/2/2 2230/3/2
f 358/4/2 3394/2/2 2235/5/2
f 1135/9/2 2727/7/2 3394/2/2
f 2230/3/2 2727/7/2 356/8/2
f 2236/5/5 1685/3/5 364/1/5
f 363/4/5 3395/2/5 2236/5/5
f 1139/9/5 1136/7/5 3395/2/5
f 3395/2/5 362/8/5 1685/3/5
f 360/1/1 3396/2/1 1133/3/1
f 2728/5/1 2729/9/1 3396/2/1
f 3396/2/1 364/6/1 1138/7/1
f 3396/2/1 357/8/1 1133/3/1
f 366/1/5 3397/2/5 2729/3/5
f 365/4/5 3397/2/5 1140/5/5
f 3397/2/5 363/6/5 2236/7/5
f 3397/2/5 364/8/5 2729/3/5
f 359/1/6 3398/2/6 2233/3/6
f 365/4/6 3398/2/6 2238/5/6
f 1140/9/6 2728/7/6 3398/2/6
f 3398/2/6 360/8/6 2233/3/6
f 1141/5/5 1132/3/5 349/1/5
f 367/4/5 3399/2/5 1141/5/5
f 2239/9/5 1114/7/5 3399/2/5
f 1132/3/5 1114/7/5 313/8/5
f 2730/5/6 2155/3/6 240/1/6
f 367/4/6 3400/2/6 2730/5/6
f 1141/9/6 2226/7/6 3400/2/6
f 2155/3/6 2226/7/6 227/8/6
f 1142/5/5 2232/3/5 353/1/5
f 369/4/5 3401/2/5 1142/5/5
f 3401/2/5 368/6/5 2240/7/5
f 3401/2/5 351/8/5 2232/3/5
f 2240/5/3 1128/3/3 351/1/3
f 368/4/3 3402/2/3 2240/5/3
f 2241/9/3 1054/7/3 3402/2/3
f 1128/3/3 1054/7/3 229/8/3
f 2732/5/6 2157/3/6 244/1/6
f 369/4/6 3403/2/6 2732/5/6
f 1142/9/6 2228/7/6 3403/2/6
f 2157/3/6 2228/7/6 231/8/6
f 2242/5/2 2216/3/2 335/1/2
f 370/4/2 3404/2/2 2242/5/2
f 2243/9/2 2229/7/2 3404/2/2
f 2216/3/2 2229/7/2 319/8/2
f 1143/5/5 1137/3/5 361/1/5
f 371/4/5 3405/2/5 1143/5/5
f 1144/9/5 1117/7/5 3405/2/5
f 1137/3/5 1117/7/5 325/8/5
f 370/1/6 3406/2/6 2243/3/6
f 1687/5/6 1143/9/6 3406/2/6
f 1143/9/6 2234/7/6 3406/2/6
f 3406/2/6 355/8/6 2243/3/6
f 372/1/2 3407/2/2 1688/3/2
f 2733/5/2 2244/9/2 3407/2/2
f 2244/9/2 1683/7/2 3407/2/2
f 3407/2/2 358/8/2 1688/3/2
f 1145/5/5 2237/3/5 365/1/5
f 1145/5/5 1689/9/5 3408/2/5
f 3408/2/5 374/6/5 2245/7/5
f 3408/2/5 363/8/5 2237/3/5
f 2245/5/3 1686/3/3 363/1/3
f 374/4/3 3409/2/3 2245/5/3
f 3409/2/3 372/6/3 1688/7/3
f 3409/2/3 358/8/3 1686/3/3
f 373/1/6 3410/2/6 2244/3/6
f 1146/5/6 1145/9/6 3410/2/6
f 1145/9/6 2238/7/6 3410/2/6
f 3410/2/6 359/8/6 2244/3/6
f 2241/5/1 2671/3/1 243/1/1
f 2241/5/1 2246/9/1 3411/2/1
f 2246/9/1 2730/7/1 3411/2/1
f 3411/2/1 240/8/1 2671/3/1
f 2735/5/5 2246/3/5 368/1/5
f 2735/5/5 2736/9/5 3412/2/5
f 2736/9/5 2247/7/5 3412/2/5
f 2246/3/5 2247/7/5 367/8/5
f 2737/5/6 2673/3/6 256/1/6
f 378/4/6 3413/2/6 2737/5/6
f 1147/9/6 2732/7/6 3413/2/6
f 3413/2/6 244/8/6 2673/3/6
f 2248/5/1 2239/3/1 367/1/1
f 2248/5/1 2242/9/1 3414/2/1
f 2242/9/1 2222/7/1 3414/2/1
f 3414/2/1 331/8/1 2239/3/1
f 2738/5/6 2247/3/6 376/1/6
f 2738/5/6 1690/9/6 3415/2/6
f 1690/9/6 2248/7/6 3415/2/6
f 3415/2/6 367/8/6 2247/3/6
f 1148/5/1 2731/3/1 369/1/1
f 1148/5/1 2733/9/1 3416/2/1
f 3416/2/1 372/6/1 2739/7/1
f 3416/2/1 368/8/1 2731/3/1
f 2740/5/3 2739/3/3 372/1/3
f 2740/5/3 1149/9/3 3417/2/3
f 1149/9/3 2735/7/3 3417/2/3
f 2739/3/3 2735/7/3 368/8/3
f 1691/5/6 1147/3/6 378/1/6
f 1691/5/6 1150/9/6 3418/2/6
f 1150/9/6 1148/7/6 3418/2/6
f 3418/2/6 369/8/6 1147/3/6
f 2249/5/5 1144/3/5 371/1/5
f 382/4/5 3419/2/5 2249/5/5
f 3419/2/5 348/6/5 1126/7/5
f 3419/2/5 337/8/5 1144/3/5
f 372/1/1 3420/2/1 1692/3/1
f 2734/5/1 2250/9/1 3420/2/1
f 2250/9/1 1687/7/1 3420/2/1
f 3420/2/1 370/8/1 1692/3/1
f 2251/5/2 1690/3/2 379/1/2
f 2251/5/2 2740/9/2 3421/2/2
f 2740/9/2 1692/7/2 3421/2/2
f 3421/2/2 370/8/2 1690/3/2
f 1693/5/5 2250/3/5 374/1/5
f 1693/5/5 1694/9/5 3422/2/5
f 1694/9/5 2249/7/5 3422/2/5
f 2250/3/5 2249/7/5 371/8/5
f 2252/5/5 1689/3/5 375/1/5
f 384/4/5 3423/2/5 2252/5/5
f 3423/2/5 383/6/5 1693/7/5
f 3423/2/5 374/8/5 1689/3/5
f 381/1/6 3424/2/6 1150/3/6
f 384/4/6 3424/2/6 1151/5/6
f 2252/9/6 1146/7/6 3424/2/6
f 3424/2/6 373/8/6 1150/3/6
f 385/1/2 3425/2/2 1152/3/2
f 386/4/2 3425/2/2 1153/5/2
f 1695/9/2 927/7/2 3425/2/2
f 3425/2/2 49/8/2 1152/3/2
f 51/1/3 3426/2/3 928/3/3
f 387/4/3 3426/2/3 2254/5/3
f 1154/9/3 1152/7/3 3426/2/3
f 3426/2/3 49/8/3 928/3/3
f 388/1/4 3427/2/4 1696/3/4
f 390/4/4 3427/2/4 2742/5/4
f 1155/9/4 1697/7/4 3427/2/4
f 1696/3/4 1697/7/4 386/8/4
f 1697/5/2 1695/3/2 386/1/2
f 389/4/2 3428/2/2 1697/5/2
f 1156/9/2 1524/7/2 3428/2/2
f 1695/3/2 1524/7/2 50/8/2
f 1698/5/5 2583/3/5 54/1/5
f 390/4/5 3429/2/5 1698/5/5
f 2742/9/5 2743/7/5 3429/2/5
f 2583/3/5 2743/7/5 52/8/5
f 389/1/2 3430/2/2 1156/3/2
f 391/4/2 3430/2/2 1157/5/2
f 3430/2/2 55/6/2 930/7/2
f 1156/3/2 930/7/2 53/8/2
f 391/1/6 3431/2/6 2255/3/6
f 392/4/6 3431/2/6 2256/5/6
f 3431/2/6 56/6/6 2064/7/6
f 3431/2/6 55/8/6 2255/3/6
f 393/1/4 3432/2/4 2257/3/4
f 394/4/4 3432/2/4 1158/5/4
f 2745/9/4 2258/7/4 3432/2/4
f 2257/3/4 2258/7/4 387/8/4
f 1159/5/3 2034/3/3 57/1/3
f 393/4/3 3433/2/3 1159/5/3
f 2257/9/3 2254/7/3 3433/2/3
f 2034/3/3 2254/7/3 51/8/3
f 2745/5/6 2743/3/6 388/1/6
f 394/4/6 3434/2/6 2745/5/6
f 1699/9/6 2586/7/6 3434/2/6
f 2743/3/6 2586/7/6 52/8/6
f 2259/5/4 1700/3/4 395/1/4
f 396/4/4 3435/2/4 2259/5/4
f 2746/9/4 1701/7/4 3435/2/4
f 1700/3/4 1701/7/4 390/8/4
f 2260/5/3 1527/3/3 59/1/3
f 395/4/3 3436/2/3 2260/5/3
f 1700/9/3 1698/7/3 3436/2/3
f 1527/3/3 1698/7/3 54/8/3
f 2746/5/6 2744/3/6 392/1/6
f 396/4/6 3437/2/6 2746/5/6
f 2747/9/6 2606/7/6 3437/2/6
f 2744/3/6 2606/7/6 56/8/6
f 62/1/5 3438/2/5 1025/3/5
f 398/4/5 3438/2/5 1702/5/5
f 1160/9/5 1161/7/5 3438/2/5
f 3438/2/5 61/8/5 1025/3/5
f 1161/5/3 933/3/3 61/1/3
f 397/4/3 3439/2/3 1161/5/3
f 1162/9/3 1159/7/3 3439/2/3
f 3439/2/3 57/8/3 933/3/3
f 1704/5/4 1703/3/4 398/1/4
f 399/4/4 3440/2/4 1704/5/4
f 2261/9/4 1705/7/4 3440/2/4
f 1703/3/4 1705/7/4 394/8/4
f 1705/5/2 1699/3/2 394/1/2
f 395/4/2 3441/2/2 1705/5/2
f 2260/9/2 1529/7/2 3441/2/2
f 1699/3/2 1529/7/2 58/8/2
f 2262/5/5 1593/3/5 63/1/5
f 399/4/5 3442/2/5 2262/5/5
f 1704/9/5 1702/7/5 3442/2/5
f 1593/3/5 1702/7/5 62/8/5
f 2748/5/5 2128/3/5 64/1/5
f 400/4/5 3443/2/5 2748/5/5
f 2263/9/5 2262/7/5 3443/2/5
f 3443/2/5 63/8/5 2128/3/5
f 396/1/6 3444/2/6 2747/3/6
f 400/4/6 3444/2/6 2749/5/6
f 3444/2/6 64/6/6 2610/7/6
f 2747/3/6 2610/7/6 60/8/6
f 401/1/2 3445/2/2 1163/3/2
f 402/4/2 3445/2/2 1164/5/2
f 3445/2/2 386/6/2 1153/7/2
f 3445/2/2 385/8/2 1163/3/2
f 388/1/5 3446/2/5 2258/3/5
f 404/4/5 3446/2/5 2750/5/5
f 2264/9/5 2265/7/5 3446/2/5
f 3446/2/5 387/8/5 2258/3/5
f 387/1/3 3447/2/3 1154/3/3
f 403/4/3 3447/2/3 2265/5/3
f 1165/9/3 1163/7/3 3447/2/3
f 3447/2/3 385/8/3 1154/3/3
f 1707/5/6 1706/3/6 402/1/6
f 404/4/6 3448/2/6 1707/5/6
f 3448/2/6 388/6/6 1696/7/6
f 3448/2/6 386/8/6 1706/3/6
f 1167/5/2 1166/3/2 405/1/2
f 406/4/2 3449/2/2 1167/5/2
f 3449/2/2 391/6/2 1157/7/2
f 1166/3/2 1157/7/2 389/8/2
f 2751/5/5 1701/3/5 392/1/5
f 408/4/5 3450/2/5 2751/5/5
f 2267/9/5 1708/7/5 3450/2/5
f 3450/2/5 390/8/5 1701/3/5
f 390/1/3 3451/2/3 1155/3/3
f 407/4/3 3451/2/3 1708/5/3
f 1168/9/3 1166/7/3 3451/2/3
f 3451/2/3 389/8/3 1155/3/3
f 1709/5/6 2266/3/6 406/1/6
f 408/4/6 3452/2/6 1709/5/6
f 3452/2/6 392/6/6 2256/7/6
f 3452/2/6 391/8/6 2266/3/6
f 1170/5/2 1169/3/2 409/1/2
f 410/4/2 3453/2/2 1170/5/2
f 3453/2/2 394/6/2 1158/7/2
f 3453/2/2 393/8/2 1169/3/2
f 398/1/5 3454/2/5 1160/3/5
f 412/4/5 3454/2/5 1711/5/5
f 2268/9/5 1171/7/5 3454/2/5
f 3454/2/5 397/8/5 1160/3/5
f 1171/5/3 1162/3/3 397/1/3
f 411/4/3 3455/2/3 1171/5/3
f 1172/9/3 1169/7/3 3455/2/3
f 3455/2/3 393/8/3 1162/3/3
f 1712/5/6 1710/3/6 410/1/6
f 412/4/6 3456/2/6 1712/5/6
f 3456/2/6 398/6/6 1703/7/6
f 1710/3/6 1703/7/6 394/8/6
f 1173/5/2 2269/3/2 413/1/2
f 414/4/2 3457/2/2 1173/5/2
f 3457/2/2 396/6/2 2259/7/2
f 2269/3/2 2259/7/2 395/8/2
f 2753/5/5 2263/3/5 400/1/5
f 416/4/5 3458/2/5 2753/5/5
f 2270/9/5 2271/7/5 3458/2/5
f 3458/2/5 399/8/5 2263/3/5
f 2271/5/3 2261/3/3 399/1/3
f 415/4/3 3459/2/3 2271/5/3
f 1174/9/3 2269/7/3 3459/2/3
f 3459/2/3 395/8/3 2261/3/3
f 1713/5/6 2752/3/6 414/1/6
f 416/4/6 3460/2/6 1713/5/6
f 3460/2/6 400/6/6 2749/7/6
f 2752/3/6 2749/7/6 396/8/6
f 417/1/2 3461/2/2 1175/3/2
f 418/4/2 3461/2/2 1176/5/2
f 3461/2/2 402/6/2 1164/7/2
f 3461/2/2 401/8/2 1175/3/2
f 403/1/3 3462/2/3 1165/3/3
f 419/4/3 3462/2/3 2272/5/3
f 1177/9/3 1175/7/3 3462/2/3
f 3462/2/3 401/8/3 1165/3/3
f 1168/5/1 1715/3/1 405/1/1
f 407/4/1 3463/2/1 1168/5/1
f 2754/9/1 1707/7/1 3463/2/1
f 1715/3/1 1707/7/1 402/8/1
f 1716/5/2 1714/3/2 418/1/2
f 421/4/2 3464/2/2 1716/5/2
f 1178/9/2 1715/7/2 3464/2/2
f 3464/2/2 402/8/2 1714/3/2
f 2273/5/5 2754/3/5 407/1/5
f 422/4/5 3465/2/5 2273/5/5
f 2755/9/5 2756/7/5 3465/2/5
f 2754/3/5 2756/7/5 404/8/5
f 1179/5/2 1178/3/2 421/1/2
f 423/4/2 3466/2/2 1179/5/2
f 3466/2/2 406/6/2 1167/7/2
f 3466/2/2 405/8/2 1178/3/2
f 2274/5/6 1717/3/6 423/1/6
f 424/4/6 3467/2/6 2274/5/6
f 3467/2/6 408/6/6 1709/7/6
f 3467/2/6 406/8/6 1717/3/6
f 404/1/1 3468/2/1 2264/3/1
f 410/4/1 3468/2/1 2758/5/1
f 1170/9/1 2275/7/1 3468/2/1
f 2264/3/1 2275/7/1 403/8/1
f 1180/5/3 2275/3/3 409/1/3
f 425/4/3 3469/2/3 1180/5/3
f 2276/9/3 2272/7/3 3469/2/3
f 2275/3/3 2272/7/3 403/8/3
f 2759/5/6 2756/3/6 420/1/6
f 426/4/6 3470/2/6 2759/5/6
f 1718/9/6 2758/7/6 3470/2/6
f 3470/2/6 404/8/6 2756/3/6
f 2760/5/1 2267/3/1 408/1/1
f 414/4/1 3471/2/1 2760/5/1
f 1173/9/1 2277/7/1 3471/2/1
f 2267/3/1 2277/7/1 407/8/1
f 1181/5/3 2277/3/3 413/1/3
f 427/4/3 3472/2/3 1181/5/3
f 1719/9/3 2273/7/3 3472/2/3
f 2277/3/3 2273/7/3 407/8/3
f 2761/5/6 2757/3/6 424/1/6
f 428/4/6 3473/2/6 2761/5/6
f 1720/9/6 2760/7/6 3473/2/6
f 3473/2/6 408/8/6 2757/3/6
f 412/1/5 3474/2/5 2268/3/5
f 430/4/5 3474/2/5 2762/5/5
f 1182/9/5 2278/7/5 3474/2/5
f 3474/2/5 411/8/5 2268/3/5
f 2278/5/3 1172/3/3 411/1/3
f 429/4/3 3475/2/3 2278/5/3
f 1183/9/3 1180/7/3 3475/2/3
f 3475/2/3 409/8/3 1172/3/3
f 1174/5/1 1721/3/1 413/1/1
f 415/4/1 3476/2/1 1174/5/1
f 2763/9/1 1712/7/1 3476/2/1
f 1721/3/1 1712/7/1 410/8/1
f 1722/5/2 1718/3/2 426/1/2
f 427/4/2 3477/2/2 1722/5/2
f 1181/9/2 1721/7/2 3477/2/2
f 3477/2/2 410/8/2 1718/3/2
f 2279/5/5 2763/3/5 415/1/5
f 431/4/5 3478/2/5 2279/5/5
f 1723/9/5 2762/7/5 3478/2/5
f 2763/3/5 2762/7/5 412/8/5
f 2764/5/5 2270/3/5 416/1/5
f 432/4/5 3479/2/5 2764/5/5
f 2280/9/5 2279/7/5 3479/2/5
f 3479/2/5 415/8/5 2270/3/5
f 2765/5/6 1720/3/6 428/1/6
f 432/4/6 3480/2/6 2765/5/6
f 3480/2/6 416/6/6 1713/7/6
f 3480/2/6 414/8/6 1720/3/6
f 1185/5/2 1184/3/2 433/1/2
f 434/4/2 3481/2/2 1185/5/2
f 1186/9/2 991/7/2 3481/2/2
f 3481/2/2 105/8/2 1184/3/2
f 106/1/3 3482/2/3 962/3/3
f 435/4/3 3482/2/3 1724/5/3
f 1187/9/3 1184/7/3 3482/2/3
f 3482/2/3 105/8/3 962/3/3
f 436/1/4 3483/2/4 1725/3/4
f 438/4/4 3483/2/4 2766/5/4
f 1188/9/4 1726/7/4 3483/2/4
f 1725/3/4 1726/7/4 434/8/4
f 1726/5/2 1186/3/2 434/1/2
f 1726/5/2 2281/9/2 3484/2/2
f 2281/9/2 994/7/2 3484/2/2
f 3484/2/2 149/8/2 1186/3/2
f 2767/5/5 1565/3/5 152/1/5
f 438/4/5 3485/2/5 2767/5/5
f 2766/9/5 1727/7/5 3485/2/5
f 3485/2/5 150/8/5 1565/3/5
f 437/1/2 3486/2/2 2281/3/2
f 439/4/2 3486/2/2 1189/5/2
f 1190/9/2 2098/7/2 3486/2/2
f 3486/2/2 151/8/2 2281/3/2
f 439/1/6 3487/2/6 1190/3/6
f 440/4/6 3487/2/6 2282/5/6
f 1728/9/6 996/7/6 3487/2/6
f 3487/2/6 153/8/6 1190/3/6
f 1191/5/4 2283/3/4 441/1/4
f 442/4/4 3488/2/4 1191/5/4
f 2768/9/4 2284/7/4 3488/2/4
f 2283/3/4 2284/7/4 435/8/4
f 1192/5/3 1548/3/3 109/1/3
f 441/4/3 3489/2/3 1192/5/3
f 2283/9/3 1724/7/3 3489/2/3
f 1548/3/3 1724/7/3 106/8/3
f 2768/5/6 1727/3/6 436/1/6
f 442/4/6 3490/2/6 2768/5/6
f 2285/9/6 1569/7/6 3490/2/6
f 1727/3/6 1569/7/6 150/8/6
f 443/1/4 3491/2/4 1729/3/4
f 2286/5/4 2769/9/4 3491/2/4
f 2769/9/4 1730/7/4 3491/2/4
f 3491/2/4 438/8/4 1729/3/4
f 2770/5/3 2631/3/3 156/1/3
f 443/4/3 3492/2/3 2770/5/3
f 1729/9/3 2767/7/3 3492/2/3
f 2631/3/3 2767/7/3 152/8/3
f 2769/5/6 1728/3/6 440/1/6
f 444/4/6 3493/2/6 2769/5/6
f 1193/9/6 1571/7/6 3493/2/6
f 1728/3/6 1571/7/6 154/8/6
f 1731/5/5 2666/3/5 158/1/5
f 446/4/5 3494/2/5 1731/5/5
f 1194/9/5 2771/7/5 3494/2/5
f 3494/2/5 112/8/5 2666/3/5
f 2771/5/3 965/3/3 112/1/3
f 445/4/3 3495/2/3 2771/5/3
f 1195/9/3 1192/7/3 3495/2/3
f 3495/2/3 109/8/3 965/3/3
f 1733/5/4 1732/3/4 446/1/4
f 1733/5/4 2287/9/4 3496/2/4
f 2287/9/4 1734/7/4 3496/2/4
f 3496/2/4 442/8/4 1732/3/4
f 1734/5/2 2285/3/2 442/1/2
f 1734/5/2 2770/9/2 3497/2/2
f 2770/9/2 2101/7/2 3497/2/2
f 3497/2/2 155/8/2 2285/3/2
f 2288/5/5 1622/3/5 159/1/5
f 447/4/5 3498/2/5 2288/5/5
f 1733/9/5 1731/7/5 3498/2/5
f 3498/2/5 158/8/5 1622/3/5
f 2772/5/5 2161/3/5 160/1/5
f 448/4/5 3499/2/5 2772/5/5
f 3499/2/5 447/6/5 2288/7/5
f 3499/2/5 159/8/5 2161/3/5
f 444/1/6 3500/2/6 1193/3/6
f 448/4/6 3500/2/6 2773/5/6
f 3500/2/6 160/6/6 999/7/6
f 1193/3/6 999/7/6 157/8/6
f 1197/5/2 1196/3/2 449/1/2
f 450/4/2 3501/2/2 1197/5/2
f 1735/9/2 1185/7/2 3501/2/2
f 3501/2/2 433/8/2 1196/3/2
f 2774/5/5 2284/3/5 436/1/5
f 452/4/5 3502/2/5 2774/5/5
f 2290/9/5 2291/7/5 3502/2/5
f 3502/2/5 435/8/5 2284/3/5
f 435/1/3 3503/2/3 1187/3/3
f 451/4/3 3503/2/3 2291/5/3
f 1198/9/3 1196/7/3 3503/2/3
f 3503/2/3 433/8/3 1187/3/3
f 1736/5/6 1735/3/6 450/1/6
f 452/4/6 3504/2/6 1736/5/6
f 3504/2/6 436/6/6 1725/7/6
f 3504/2/6 434/8/6 1735/3/6
f 453/1/2 3505/2/2 1199/3/2
f 454/4/2 3505/2/2 1200/5/2
f 3505/2/2 439/6/2 1189/7/2
f 3505/2/2 437/8/2 1199/3/2
f 2775/5/5 1730/3/5 440/1/5
f 456/4/5 3506/2/5 2775/5/5
f 3506/2/5 455/6/5 1737/7/5
f 3506/2/5 438/8/5 1730/3/5
f 438/1/3 3507/2/3 1188/3/3
f 455/4/3 3507/2/3 1737/5/3
f 1201/9/3 1199/7/3 3507/2/3
f 3507/2/3 437/8/3 1188/3/3
f 1738/5/6 2292/3/6 454/1/6
f 456/4/6 3508/2/6 1738/5/6
f 3508/2/6 440/6/6 2282/7/6
f 3508/2/6 439/8/6 2292/3/6
f 1203/5/2 1202/3/2 457/1/2
f 458/4/2 3509/2/2 1203/5/2
f 1739/9/2 1191/7/2 3509/2/2
f 3509/2/2 441/8/2 1202/3/2
f 1740/5/5 1194/3/5 446/1/5
f 460/4/5 3510/2/5 1740/5/5
f 2294/9/5 1204/7/5 3510/2/5
f 3510/2/5 445/8/5 1194/3/5
f 1204/5/3 1195/3/3 445/1/3
f 459/4/3 3511/2/3 1204/5/3
f 1205/9/3 1202/7/3 3511/2/3
f 3511/2/3 441/8/3 1195/3/3
f 1741/5/6 1739/3/6 458/1/6
f 460/4/6 3512/2/6 1741/5/6
f 3512/2/6 446/6/6 1732/7/6
f 1739/3/6 1732/7/6 442/8/6
f 461/1/2 3513/2/2 2295/3/2
f 462/4/2 3513/2/2 1206/5/2
f 2776/9/2 2286/7/2 3513/2/2
f 3513/2/2 443/8/2 2295/3/2
f 2777/5/5 2289/3/5 448/1/5
f 464/4/5 3514/2/5 2777/5/5
f 3514/2/5 463/6/5 2297/7/5
f 3514/2/5 447/8/5 2289/3/5
f 2297/5/3 2287/3/3 447/1/3
f 463/4/3 3515/2/3 2297/5/3
f 1207/9/3 2295/7/3 3515/2/3
f 3515/2/3 443/8/3 2287/3/3
f 1742/5/6 2776/3/6 462/1/6
f 464/4/6 3516/2/6 1742/5/6
f 3516/2/6 448/6/6 2773/7/6
f 2776/3/6 2773/7/6 444/8/6
f 1209/5/2 1208/3/2 465/1/2
f 466/4/2 3517/2/2 1209/5/2
f 1743/9/2 1197/7/2 3517/2/2
f 3517/2/2 449/8/2 1208/3/2
f 451/1/3 3518/2/3 1198/3/3
f 467/4/3 3518/2/3 2298/5/3
f 1210/9/3 1208/7/3 3518/2/3
f 3518/2/3 449/8/3 1198/3/3
f 1201/5/1 1744/3/1 453/1/1
f 455/4/1 3519/2/1 1201/5/1
f 2778/9/1 1736/7/1 3519/2/1
f 3519/2/1 450/8/1 1744/3/1
f 1745/5/2 1743/3/2 466/1/2
f 1745/5/2 1211/9/2 3520/2/2
f 1211/9/2 1744/7/2 3520/2/2
f 3520/2/2 450/8/2 1743/3/2
f 2299/5/5 2778/3/5 455/1/5
f 2299/5/5 2779/9/5 3521/2/5
f 2779/9/5 2780/7/5 3521/2/5
f 3521/2/5 452/8/5 2778/3/5
f 469/1/2 3522/2/2 1211/3/2
f 1212/5/2 1746/9/2 3522/2/2
f 1746/9/2 1200/7/2 3522/2/2
f 3522/2/2 453/8/2 1211/3/2
f 2300/5/6 1746/3/6 471/1/6
f 472/4/6 3523/2/6 2300/5/6
f 3523/2/6 456/6/6 1738/7/6
f 3523/2/6 454/8/6 1746/3/6
f 2782/5/1 2290/3/1 452/1/1
f 458/4/1 3524/2/1 2782/5/1
f 1203/9/1 2301/7/1 3524/2/1
f 2290/3/1 2301/7/1 451/8/1
f 1213/5/3 2301/3/3 457/1/3
f 473/4/3 3525/2/3 1213/5/3
f 2302/9/3 2298/7/3 3525/2/3
f 2301/3/3 2298/7/3 451/8/3
f 2783/5/6 2780/3/6 468/1/6
f 474/4/6 3526/2/6 2783/5/6
f 1747/9/6 2782/7/6 3526/2/6
f 3526/2/6 452/8/6 2780/3/6
f 2784/5/1 2293/3/1 456/1/1
f 2784/5/1 1206/9/1 3527/2/1
f 3527/2/1 461/6/1 2303/7/1
f 3527/2/1 455/8/1 2293/3/1
f 1214/5/3 2303/3/3 461/1/3
f 475/4/3 3528/2/3 1214/5/3
f 1748/9/3 2299/7/3 3528/2/3
f 2303/3/3 2299/7/3 455/8/3
f 2785/5/6 2781/3/6 472/1/6
f 476/4/6 3529/2/6 2785/5/6
f 1749/9/6 2784/7/6 3529/2/6
f 3529/2/6 456/8/6 2781/3/6
f 2786/5/5 2294/3/5 460/1/5
f 478/4/5 3530/2/5 2786/5/5
f 1215/9/5 2304/7/5 3530/2/5
f 3530/2/5 459/8/5 2294/3/5
f 2304/5/3 1205/3/3 459/1/3
f 477/4/3 3531/2/3 2304/5/3
f 1216/9/3 1213/7/3 3531/2/3
f 3531/2/3 457/8/3 1205/3/3
f 1207/5/1 1750/3/1 461/1/1
f 1207/5/1 2787/9/1 3532/2/1
f 2787/9/1 1741/7/1 3532/2/1
f 1750/3/1 1741/7/1 458/8/1
f 1751/5/2 1747/3/2 474/1/2
f 1751/5/2 1214/9/2 3533/2/2
f 1214/9/2 1750/7/2 3533/2/2
f 3533/2/2 458/8/2 1747/3/2
f 2305/5/5 2787/3/5 463/1/5
f 2305/5/5 1752/9/5 3534/2/5
f 1752/9/5 2786/7/5 3534/2/5
f 3534/2/5 460/8/5 2787/3/5
f 464/1/5 3535/2/5 2296/3/5
f 480/4/5 3535/2/5 2788/5/5
f 3535/2/5 479/6/5 2305/7/5
f 3535/2/5 463/8/5 2296/3/5
f 2789/5/6 1749/3/6 476/1/6
f 480/4/6 3536/2/6 2789/5/6
f 3536/2/6 464/6/6 1742/7/6
f 3536/2/6 462/8/6 1749/3/6
f 481/1/2 3537/2/2 1217/3/2
f 482/4/2 3537/2/2 1218/5/2
f 1753/9/2 1033/7/2 3537/2/2
f 3537/2/2 205/8/2 1217/3/2
f 1219/5/3 1091/3/3 293/1/3
f 483/4/3 3538/2/3 1219/5/3
f 1220/9/3 1217/7/3 3538/2/3
f 3538/2/3 205/8/3 1091/3/3
f 2790/5/4 1754/3/4 484/1/4
f 486/4/4 3539/2/4 2790/5/4
f 1221/9/4 1755/7/4 3539/2/4
f 1754/3/4 1755/7/4 482/8/4
f 1755/5/2 1753/3/2 482/1/2
f 485/4/2 3540/2/2 1755/5/2
f 2307/9/2 1601/7/2 3540/2/2
f 1753/3/2 1601/7/2 206/8/2
f 2308/5/5 1650/3/5 295/1/5
f 486/4/5 3541/2/5 2308/5/5
f 2790/9/5 1756/7/5 3541/2/5
f 1650/3/5 1756/7/5 294/8/5
f 485/1/2 3542/2/2 2307/3/2
f 487/4/2 3542/2/2 1222/5/2
f 3542/2/2 208/6/2 2134/7/2
f 2307/3/2 2134/7/2 207/8/2
f 2309/5/6 2791/3/6 487/1/6
f 488/4/6 3543/2/6 2309/5/6
f 2792/9/6 2705/7/6 3543/2/6
f 3543/2/6 208/8/6 2791/3/6
f 1223/5/4 2310/3/4 489/1/4
f 490/4/4 3544/2/4 1223/5/4
f 2793/9/4 2311/7/4 3544/2/4
f 3544/2/4 483/8/4 2310/3/4
f 1224/5/3 1094/3/3 297/1/3
f 489/4/3 3545/2/3 1224/5/3
f 2310/9/3 1219/7/3 3545/2/3
f 3545/2/3 293/8/3 1094/3/3
f 2793/5/6 1756/3/6 484/1/6
f 2793/5/6 1757/9/6 3546/2/6
f 1757/9/6 1653/7/6 3546/2/6
f 3546/2/6 294/8/6 1756/3/6
f 2312/5/4 1758/3/4 491/1/4
f 2312/5/4 2794/9/4 3547/2/4
f 2794/9/4 1759/7/4 3547/2/4
f 1758/3/4 1759/7/4 486/8/4
f 2313/5/3 2192/3/3 299/1/3
f 491/4/3 3548/2/3 2313/5/3
f 1758/9/3 2308/7/3 3548/2/3
f 3548/2/3 295/8/3 2192/3/3
f 2794/5/6 2792/3/6 488/1/6
f 2794/5/6 2795/9/6 3549/2/6
f 2795/9/6 2712/7/6 3549/2/6
f 3549/2/6 296/8/6 2792/3/6
f 302/1/5 3550/2/5 1096/3/5
f 494/4/5 3550/2/5 1760/5/5
f 1225/9/5 1226/7/5 3550/2/5
f 1096/3/5 1226/7/5 301/8/5
f 1226/5/3 1097/3/3 301/1/3
f 493/4/3 3551/2/3 1226/5/3
f 3551/2/3 489/6/3 1224/7/3
f 3551/2/3 297/8/3 1097/3/3
f 1762/5/4 1761/3/4 494/1/4
f 495/4/4 3552/2/4 1762/5/4
f 3552/2/4 491/6/4 1763/7/4
f 3552/2/4 490/8/4 1761/3/4
f 1763/5/2 1757/3/2 490/1/2
f 491/4/2 3553/2/2 1763/5/2
f 2313/9/2 1656/7/2 3553/2/2
f 1757/3/2 1656/7/2 298/8/2
f 2315/5/5 1657/3/5 303/1/5
f 495/4/5 3554/2/5 2315/5/5
f 1762/9/5 1760/7/5 3554/2/5
f 1657/3/5 1760/7/5 302/8/5
f 2796/5/5 2195/3/5 304/1/5
f 496/4/5 3555/2/5 2796/5/5
f 2316/9/5 2315/7/5 3555/2/5
f 3555/2/5 303/8/5 2195/3/5
f 492/1/6 3556/2/6 2795/3/6
f 496/4/6 3556/2/6 2797/5/6
f 2796/9/6 2716/7/6 3556/2/6
f 3556/2/6 300/8/6 2795/3/6
f 1229/5/2 1228/3/2 497/1/2
f 498/4/2 3557/2/2 1229/5/2
f 3557/2/2 482/6/2 1218/7/2
f 3557/2/2 481/8/2 1228/3/2
f 484/1/5 3558/2/5 2311/3/5
f 500/4/5 3558/2/5 2798/5/5
f 2317/9/5 2318/7/5 3558/2/5
f 3558/2/5 483/8/5 2311/3/5
f 2318/5/3 1220/3/3 483/1/3
f 499/4/3 3559/2/3 2318/5/3
f 1230/9/3 1228/7/3 3559/2/3
f 3559/2/3 481/8/3 1220/3/3
f 1765/5/6 1764/3/6 498/1/6
f 500/4/6 3560/2/6 1765/5/6
f 2798/9/6 1754/7/6 3560/2/6
f 3560/2/6 482/8/6 1764/3/6
f 1232/5/2 1231/3/2 501/1/2
f 502/4/2 3561/2/2 1232/5/2
f 3561/2/2 487/6/2 1222/7/2
f 1231/3/2 1222/7/2 485/8/2
f 2799/5/5 1759/3/5 488/1/5
f 504/4/5 3562/2/5 2799/5/5
f 2320/9/5 1766/7/5 3562/2/5
f 3562/2/5 486/8/5 1759/3/5
f 1766/5/3 1221/3/3 486/1/3
f 503/4/3 3563/2/3 1766/5/3
f 1233/9/3 1231/7/3 3563/2/3
f 3563/2/3 485/8/3 1221/3/3
f 1767/5/6 2319/3/6 502/1/6
f 504/4/6 3564/2/6 1767/5/6
f 2799/9/6 2309/7/6 3564/2/6
f 3564/2/6 487/8/6 2319/3/6
f 1235/5/2 1234/3/2 505/1/2
f 506/4/2 3565/2/2 1235/5/2
f 3565/2/2 490/6/2 1223/7/2
f 3565/2/2 489/8/2 1234/3/2
f 494/1/5 3566/2/5 1225/3/5
f 508/4/5 3566/2/5 1769/5/5
f 3566/2/5 507/6/5 1236/7/5
f 3566/2/5 493/8/5 1225/3/5
f 1236/5/3 1227/3/3 493/1/3
f 507/4/3 3567/2/3 1236/5/3
f 3567/2/3 505/6/3 1234/7/3
f 3567/2/3 489/8/3 1227/3/3
f 506/1/6 3568/2/6 1768/3/6
f 508/4/6 3568/2/6 1770/5/6
f 1769/9/6 1761/7/6 3568/2/6
f 3568/2/6 490/8/6 1768/3/6
f 1238/5/2 2322/3/2 509/1/2
f 510/4/2 3569/2/2 1238/5/2
f 3569/2/2 492/6/2 2312/7/2
f 2322/3/2 2312/7/2 491/8/2
f 2801/5/5 2316/3/5 496/1/5
f 512/4/5 3570/2/5 2801/5/5
f 2323/9/5 2324/7/5 3570/2/5
f 3570/2/5 495/8/5 2316/3/5
f 2324/5/3 2314/3/3 495/1/3
f 511/4/3 3571/2/3 2324/5/3
f 3571/2/3 509/6/3 2322/7/3
f 3571/2/3 491/8/3 2314/3/3
f 510/1/6 3572/2/6 2800/3/6
f 512/4/6 3572/2/6 1771/5/6
f 2801/9/6 2797/7/6 3572/2/6
f 3572/2/6 492/8/6 2800/3/6
f 1241/5/2 1240/3/2 513/1/2
f 514/4/2 3573/2/2 1241/5/2
f 3573/2/2 498/6/2 1229/7/2
f 3573/2/2 497/8/2 1240/3/2
f 2325/5/3 1230/3/3 499/1/3
f 515/4/3 3574/2/3 2325/5/3
f 1242/9/3 1240/7/3 3574/2/3
f 3574/2/3 497/8/3 1230/3/3
f 1233/5/1 1773/3/1 501/1/1
f 503/4/1 3575/2/1 1233/5/1
f 2802/9/1 1765/7/1 3575/2/1
f 1773/3/1 1765/7/1 498/8/1
f 1774/5/2 1772/3/2 514/1/2
f 517/4/2 3576/2/2 1774/5/2
f 1243/9/2 1773/7/2 3576/2/2
f 3576/2/2 498/8/2 1772/3/2
f 2326/5/5 2802/3/5 503/1/5
f 518/4/5 3577/2/5 2326/5/5
f 2803/9/5 2804/7/5 3577/2/5
f 2802/3/5 2804/7/5 500/8/5
f 1244/5/2 1243/3/2 517/1/2
f 519/4/2 3578/2/2 1244/5/2
f 3578/2/2 502/6/2 1232/7/2
f 3578/2/2 501/8/2 1243/3/2
f 2327/5/6 1775/3/6 519/1/6
f 520/4/6 3579/2/6 2327/5/6
f 2805/9/6 1767/7/6 3579/2/6
f 3579/2/6 502/8/6 1775/3/6
f 500/1/1 3580/2/1 2317/3/1
f 506/4/1 3580/2/1 2806/5/1
f 1235/9/1 2328/7/1 3580/2/1
f 2317/3/1 2328/7/1 499/8/1
f 1245/5/3 2328/3/3 505/1/3
f 1245/5/3 2329/9/3 3581/2/3
f 2329/9/3 2325/7/3 3581/2/3
f 3581/2/3 499/8/3 2328/3/3
f 2807/5/6 2804/3/6 516/1/6
f 2807/5/6 1776/9/6 3582/2/6
f 1776/9/6 2806/7/6 3582/2/6
f 3582/2/6 500/8/6 2804/3/6
f 2808/5/1 2320/3/1 504/1/1
f 2808/5/1 1238/9/1 3583/2/1
f 1238/9/1 2330/7/1 3583/2/1
f 3583/2/1 503/8/1 2320/3/1
f 1246/5/3 2330/3/3 509/1/3
f 1246/5/3 1777/9/3 3584/2/3
f 1777/9/3 2326/7/3 3584/2/3
f 3584/2/3 503/8/3 2330/3/3
f 2809/5/6 2805/3/6 520/1/6
f 2809/5/6 1778/9/6 3585/2/6
f 1778/9/6 2808/7/6 3585/2/6
f 3585/2/6 504/8/6 2805/3/6
f 508/1/5 3586/2/5 2321/3/5
f 526/4/5 3586/2/5 2810/5/5
f 1247/9/5 2331/7/5 3586/2/5
f 3586/2/5 507/8/5 2321/3/5
f 507/1/3 3587/2/3 1237/3/3
f 525/4/3 3587/2/3 2331/5/3
f 3587/2/3 521/6/3 1245/7/3
f 3587/2/3 505/8/3 1237/3/3
f 509/1/1 3588/2/1 1779/3/1
f 511/4/1 3588/2/1 1239/5/1
f 2811/9/1 1770/7/1 3588/2/1
f 3588/2/1 506/8/1 1779/3/1
f 1780/5/2 1776/3/2 522/1/2
f 523/4/2 3589/2/2 1780/5/2
f 1246/9/2 1779/7/2 3589/2/2
f 3589/2/2 506/8/2 1776/3/2
f 2332/5/5 2811/3/5 511/1/5
f 527/4/5 3590/2/5 2332/5/5
f 1781/9/5 2810/7/5 3590/2/5
f 2811/3/5 2810/7/5 508/8/5
f 2812/5/5 2323/3/5 512/1/5
f 528/4/5 3591/2/5 2812/5/5
f 2333/9/5 2332/7/5 3591/2/5
f 3591/2/5 511/8/5 2323/3/5
f 524/1/6 3592/2/6 1778/3/6
f 528/4/6 3592/2/6 2813/5/6
f 2812/9/6 1771/7/6 3592/2/6
f 3592/2/6 510/8/6 1778/3/6
f 1250/5/2 1249/3/2 529/1/2
f 530/4/2 3593/2/2 1250/5/2
f 1782/9/2 1064/7/2 3593/2/2
f 3593/2/2 253/8/2 1249/3/2
f 1783/5/3 1120/3/3 342/1/3
f 531/4/3 3594/2/3 1783/5/3
f 1251/9/3 1249/7/3 3594/2/3
f 3594/2/3 253/8/3 1120/3/3
f 2814/5/4 1784/3/4 532/1/4
f 2814/5/4 1252/9/4 3595/2/4
f 1252/9/4 1785/7/4 3595/2/4
f 3595/2/4 530/8/4 1784/3/4
f 1785/5/2 1782/3/2 530/1/2
f 1785/5/2 2334/9/2 3596/2/2
f 2334/9/2 1630/7/2 3596/2/2
f 3596/2/2 254/8/2 1782/3/2
f 1253/5/5 2736/3/5 377/1/5
f 534/4/5 3597/2/5 1253/5/5
f 2814/9/5 2815/7/5 3597/2/5
f 3597/2/5 376/8/5 2736/3/5
f 533/1/2 3598/2/2 2334/3/2
f 535/4/2 3598/2/2 1254/5/2
f 2816/9/2 2167/7/2 3598/2/2
f 3598/2/2 255/8/2 2334/3/2
f 2335/5/6 2816/3/6 535/1/6
f 536/4/6 3599/2/6 2335/5/6
f 1786/9/6 2737/7/6 3599/2/6
f 3599/2/6 256/8/6 2816/3/6
f 1255/5/4 2336/3/4 537/1/4
f 1255/5/4 2817/9/4 3600/2/4
f 2817/9/4 2337/7/4 3600/2/4
f 3600/2/4 531/8/4 2336/3/4
f 1256/5/3 1675/3/3 345/1/3
f 537/4/3 3601/2/3 1256/5/3
f 2336/9/3 1783/7/3 3601/2/3
f 3601/2/3 342/8/3 1675/3/3
f 2817/5/6 2815/3/6 532/1/6
f 2817/5/6 2338/9/6 3602/2/6
f 2338/9/6 2738/7/6 3602/2/6
f 3602/2/6 376/8/6 2815/3/6
f 539/1/4 3603/2/4 1787/3/4
f 2339/5/4 2818/9/4 3603/2/4
f 2818/9/4 1788/7/4 3603/2/4
f 3603/2/4 534/8/4 1787/3/4
f 2819/5/3 1149/3/3 380/1/3
f 539/4/3 3604/2/3 2819/5/3
f 1787/9/3 1253/7/3 3604/2/3
f 3604/2/3 377/8/3 1149/3/3
f 2818/5/6 1786/3/6 536/1/6
f 2818/5/6 1257/9/6 3605/2/6
f 1257/9/6 1691/7/6 3605/2/6
f 3605/2/6 378/8/6 1786/3/6
f 1789/5/5 2741/3/5 382/1/5
f 542/4/5 3606/2/5 1789/5/5
f 1258/9/5 2820/7/5 3606/2/5
f 3606/2/5 348/8/5 2741/3/5
f 2820/5/3 1125/3/3 348/1/3
f 541/4/3 3607/2/3 2820/5/3
f 3607/2/3 537/6/3 1256/7/3
f 3607/2/3 345/8/3 1125/3/3
f 1791/5/4 1790/3/4 542/1/4
f 1791/5/4 2340/9/4 3608/2/4
f 2340/9/4 1792/7/4 3608/2/4
f 3608/2/4 538/8/4 1790/3/4
f 1792/5/2 2338/3/2 538/1/2
f 1792/5/2 2819/9/2 3609/2/2
f 2819/9/2 2251/7/2 3609/2/2
f 3609/2/2 379/8/2 2338/3/2
f 2341/5/5 1694/3/5 383/1/5
f 543/4/5 3610/2/5 2341/5/5
f 1791/9/5 1789/7/5 3610/2/5
f 3610/2/5 382/8/5 1694/3/5
f 2821/5/5 2253/3/5 384/1/5
f 544/4/5 3611/2/5 2821/5/5
f 3611/2/5 543/6/5 2341/7/5
f 3611/2/5 383/8/5 2253/3/5
f 540/1/6 3612/2/6 1257/3/6
f 544/4/6 3612/2/6 2822/5/6
f 2821/9/6 1151/7/6 3612/2/6
f 3612/2/6 381/8/6 1257/3/6
f 1261/5/2 1260/3/2 545/1/2
f 546/4/2 3613/2/2 1261/5/2
f 1793/9/2 1250/7/2 3613/2/2
f 3613/2/2 529/8/2 1260/3/2
f 2823/5/5 2337/3/5 532/1/5
f 548/4/5 3614/2/5 2823/5/5
f 2343/9/5 2344/7/5 3614/2/5
f 3614/2/5 531/8/5 2337/3/5
f 2344/5/3 1251/3/3 531/1/3
f 547/4/3 3615/2/3 2344/5/3
f 1262/9/3 1260/7/3 3615/2/3
f 3615/2/3 529/8/3 1251/3/3
f 1794/5/6 1793/3/6 546/1/6
f 548/4/6 3616/2/6 1794/5/6
f 2823/9/6 1784/7/6 3616/2/6
f 3616/2/6 530/8/6 1793/3/6
f 549/1/2 3617/2/2 1263/3/2
f 550/4/2 3617/2/2 1264/5/2
f 2345/9/2 1254/7/2 3617/2/2
f 3617/2/2 533/8/2 1263/3/2
f 2824/5/5 1788/3/5 536/1/5
f 552/4/5 3618/2/5 2824/5/5
f 3618/2/5 551/6/5 1795/7/5
f 3618/2/5 534/8/5 1788/3/5
f 1795/5/3 1252/3/3 534/1/3
f 551/4/3 3619/2/3 1795/5/3
f 1265/9/3 1263/7/3 3619/2/3
f 3619/2/3 533/8/3 1252/3/3
f 1796/5/6 2345/3/6 550/1/6
f 552/4/6 3620/2/6 1796/5/6
f 2824/9/6 2335/7/6 3620/2/6
f 3620/2/6 535/8/6 2345/3/6
f 1267/5/2 1266/3/2 553/1/2
f 554/4/2 3621/2/2 1267/5/2
f 1797/9/2 1255/7/2 3621/2/2
f 3621/2/2 537/8/2 1266/3/2
f 1798/5/5 1258/3/5 542/1/5
f 556/4/5 3622/2/5 1798/5/5
f 2347/9/5 1268/7/5 3622/2/5
f 3622/2/5 541/8/5 1258/3/5
f 1268/5/3 1259/3/3 541/1/3
f 555/4/3 3623/2/3 1268/5/3
f 3623/2/3 553/6/3 1266/7/3
f 3623/2/3 537/8/3 1259/3/3
f 554/1/6 3624/2/6 1797/3/6
f 556/4/6 3624/2/6 1799/5/6
f 1798/9/6 1790/7/6 3624/2/6
f 3624/2/6 538/8/6 1797/3/6
f 557/1/2 3625/2/2 2348/3/2
f 558/4/2 3625/2/2 1270/5/2
f 2825/9/2 2339/7/2 3625/2/2
f 3625/2/2 539/8/2 2348/3/2
f 2826/5/5 2342/3/5 544/1/5
f 560/4/5 3626/2/5 2826/5/5
f 3626/2/5 559/6/5 2350/7/5
f 3626/2/5 543/8/5 2342/3/5
f 2350/5/3 2340/3/3 543/1/3
f 559/4/3 3627/2/3 2350/5/3
f 3627/2/3 557/6/3 2348/7/3
f 3627/2/3 539/8/3 2340/3/3
f 558/1/6 3628/2/6 2825/3/6
f 560/4/6 3628/2/6 1800/5/6
f 2826/9/6 2822/7/6 3628/2/6
f 3628/2/6 540/8/6 2825/3/6
f 1273/5/2 1272/3/2 561/1/2
f 562/4/2 3629/2/2 1273/5/2
f 1801/9/2 1261/7/2 3629/2/2
f 3629/2/2 545/8/2 1272/3/2
f 2351/5/3 1262/3/3 547/1/3
f 563/4/3 3630/2/3 2351/5/3
f 1274/9/3 1272/7/3 3630/2/3
f 3630/2/3 545/8/3 1262/3/3
f 1265/5/1 1802/3/1 549/1/1
f 1265/5/1 2827/9/1 3631/2/1
f 2827/9/1 1794/7/1 3631/2/1
f 3631/2/1 546/8/1 1802/3/1
f 1803/5/2 1801/3/2 562/1/2
f 1803/5/2 1275/9/2 3632/2/2
f 1275/9/2 1802/7/2 3632/2/2
f 3632/2/2 546/8/2 1801/3/2
f 2352/5/5 2827/3/5 551/1/5
f 2352/5/5 2828/9/5 3633/2/5
f 2828/9/5 2829/7/5 3633/2/5
f 3633/2/5 548/8/5 2827/3/5
f 565/1/2 3634/2/2 1275/3/2
f 567/4/2 3634/2/2 1276/5/2
f 1804/9/2 1264/7/2 3634/2/2
f 3634/2/2 549/8/2 1275/3/2
f 2353/5/6 1804/3/6 567/1/6
f 568/4/6 3635/2/6 2353/5/6
f 2830/9/6 1796/7/6 3635/2/6
f 3635/2/6 550/8/6 1804/3/6
f 2831/5/1 2343/3/1 548/1/1
f 2831/5/1 1267/9/1 3636/2/1
f 1267/9/1 2354/7/1 3636/2/1
f 3636/2/1 547/8/1 2343/3/1
f 1277/5/3 2354/3/3 553/1/3
f 1277/5/3 2355/9/3 3637/2/3
f 2355/9/3 2351/7/3 3637/2/3
f 3637/2/3 547/8/3 2354/3/3
f 2832/5/6 2829/3/6 564/1/6
f 2832/5/6 1805/9/6 3638/2/6
f 1805/9/6 2831/7/6 3638/2/6
f 3638/2/6 548/8/6 2829/3/6
f 2833/5/1 2346/3/1 552/1/1
f 2833/5/1 1270/9/1 3639/2/1
f 3639/2/1 557/6/1 2356/7/1
f 3639/2/1 551/8/1 2346/3/1
f 1278/5/3 2356/3/3 557/1/3
f 1278/5/3 1806/9/3 3640/2/3
f 1806/9/3 2352/7/3 3640/2/3
f 3640/2/3 551/8/3 2356/3/3
f 2834/5/6 2830/3/6 568/1/6
f 2834/5/6 1807/9/6 3641/2/6
f 1807/9/6 2833/7/6 3641/2/6
f 3641/2/6 552/8/6 2830/3/6
f 2835/5/5 2347/3/5 556/1/5
f 574/4/5 3642/2/5 2835/5/5
f 1279/9/5 2357/7/5 3642/2/5
f 3642/2/5 555/8/5 2347/3/5
f 555/1/3 3643/2/3 1269/3/3
f 573/4/3 3643/2/3 2357/5/3
f 3643/2/3 569/6/3 1277/7/3
f 3643/2/3 553/8/3 1269/3/3
f 557/1/1 3644/2/1 1808/3/1
f 1271/5/1 2836/9/1 3644/2/1
f 2836/9/1 1799/7/1 3644/2/1
f 3644/2/1 554/8/1 1808/3/1
f 1809/5/2 1805/3/2 570/1/2
f 1809/5/2 1278/9/2 3645/2/2
f 1278/9/2 1808/7/2 3645/2/2
f 3645/2/2 554/8/2 1805/3/2
f 2358/5/5 2836/3/5 559/1/5
f 2358/5/5 1810/9/5 3646/2/5
f 1810/9/5 2835/7/5 3646/2/5
f 3646/2/5 556/8/5 2836/3/5
f 2837/5/5 2349/3/5 560/1/5
f 576/4/5 3647/2/5 2837/5/5
f 3647/2/5 575/6/5 2358/7/5
f 3647/2/5 559/8/5 2349/3/5
f 572/1/6 3648/2/6 1807/3/6
f 576/4/6 3648/2/6 2838/5/6
f 2837/9/6 1800/7/6 3648/2/6
f 3648/2/6 558/8/6 1807/3/6
f 1282/5/2 1281/3/2 577/1/2
f 578/4/2 3649/2/2 1282/5/2
f 3649/2/2 418/6/2 1176/7/2
f 3649/2/2 417/8/2 1281/3/2
f 419/1/3 3650/2/3 1177/3/3
f 579/4/3 3650/2/3 2360/5/3
f 1283/9/3 1281/7/3 3650/2/3
f 3650/2/3 417/8/3 1177/3/3
f 580/1/4 3651/2/4 1812/3/4
f 582/4/4 3651/2/4 2839/5/4
f 1284/9/4 1813/7/4 3651/2/4
f 1812/3/4 1813/7/4 578/8/4
f 1813/5/2 1811/3/2 578/1/2
f 581/4/2 3652/2/2 1813/5/2
f 1285/9/2 1716/7/2 3652/2/2
f 1811/3/2 1716/7/2 418/8/2
f 1814/5/5 2755/3/5 422/1/5
f 582/4/5 3653/2/5 1814/5/5
f 2839/9/5 2840/7/5 3653/2/5
f 2755/3/5 2840/7/5 420/8/5
f 1286/5/2 1285/3/2 581/1/2
f 583/4/2 3654/2/2 1286/5/2
f 3654/2/2 423/6/2 1179/7/2
f 3654/2/2 421/8/2 1285/3/2
f 585/1/4 3655/2/4 2362/3/4
f 586/4/4 3655/2/4 1287/5/4
f 2841/9/4 2363/7/4 3655/2/4
f 2362/3/4 2363/7/4 579/8/4
f 1288/5/3 2276/3/3 425/1/3
f 585/4/3 3656/2/3 1288/5/3
f 2362/9/3 2360/7/3 3656/2/3
f 2276/3/3 2360/7/3 419/8/3
f 2841/5/6 2840/3/6 580/1/6
f 586/4/6 3657/2/6 2841/5/6
f 1815/9/6 2759/7/6 3657/2/6
f 2840/3/6 2759/7/6 420/8/6
f 2364/5/4 1816/3/4 587/1/4
f 588/4/4 3658/2/4 2364/5/4
f 2842/9/4 1817/7/4 3658/2/4
f 1816/3/4 1817/7/4 582/8/4
f 2365/5/3 1719/3/3 427/1/3
f 587/4/3 3659/2/3 2365/5/3
f 1816/9/3 1814/7/3 3659/2/3
f 1719/3/3 1814/7/3 422/8/3
f 1289/5/3 1183/3/3 429/1/3
f 589/4/3 3660/2/3 1289/5/3
f 1290/9/3 1288/7/3 3660/2/3
f 3660/2/3 425/8/3 1183/3/3
f 1819/5/4 1818/3/4 590/1/4
f 591/4/4 3661/2/4 1819/5/4
f 2366/9/4 1820/7/4 3661/2/4
f 1818/3/4 1820/7/4 586/8/4
f 1820/5/2 1815/3/2 586/1/2
f 587/4/2 3662/2/2 1820/5/2
f 2365/9/2 1722/7/2 3662/2/2
f 1815/3/2 1722/7/2 426/8/2
f 1292/5/2 1291/3/2 593/1/2
f 594/4/2 3663/2/2 1292/5/2
f 1821/9/2 1282/7/2 3663/2/2
f 1291/3/2 1282/7/2 577/8/2
f 580/1/5 3664/2/5 2363/3/5
f 596/4/5 3664/2/5 2843/5/5
f 2367/9/5 2368/7/5 3664/2/5
f 3664/2/5 579/8/5 2363/3/5
f 579/1/3 3665/2/3 1283/3/3
f 595/4/3 3665/2/3 2368/5/3
f 1293/9/3 1291/7/3 3665/2/3
f 1283/3/3 1291/7/3 577/8/3
f 1822/5/6 1821/3/6 594/1/6
f 596/4/6 3666/2/6 1822/5/6
f 2843/9/6 1812/7/6 3666/2/6
f 1821/3/6 1812/7/6 578/8/6
f 1295/5/2 1294/3/2 597/1/2
f 1295/5/2 2369/9/2 3667/2/2
f 2369/9/2 1286/7/2 3667/2/2
f 1294/3/2 1286/7/2 581/8/2
f 2844/5/5 1817/3/5 584/1/5
f 2844/5/5 2370/9/5 3668/2/5
f 2370/9/5 1823/7/5 3668/2/5
f 3668/2/5 582/8/5 1817/3/5
f 582/1/3 3669/2/3 1284/3/3
f 599/4/3 3669/2/3 1823/5/3
f 1296/9/3 1294/7/3 3669/2/3
f 1284/3/3 1294/7/3 581/8/3
f 1298/5/2 1297/3/2 601/1/2
f 602/4/2 3670/2/2 1298/5/2
f 1824/9/2 1287/7/2 3670/2/2
f 3670/2/2 585/8/2 1297/3/2
f 1299/5/3 1290/3/3 589/1/3
f 1299/5/3 1300/9/3 3671/2/3
f 1300/9/3 1297/7/3 3671/2/3
f 3671/2/3 585/8/3 1290/3/3
f 1825/5/6 1824/3/6 602/1/6
f 1825/5/6 1826/9/6 3672/2/6
f 1826/9/6 1818/7/6 3672/2/6
f 1824/3/6 1818/7/6 586/8/6
f 1301/5/2 2371/3/2 605/1/2
f 1301/5/2 2845/9/2 3673/2/2
f 2845/9/2 2364/7/2 3673/2/2
f 2371/3/2 2364/7/2 587/8/2
f 2372/5/3 2366/3/3 591/1/3
f 2372/5/3 1302/9/3 3674/2/3
f 1302/9/3 2371/7/3 3674/2/3
f 3674/2/3 587/8/3 2366/3/3
f 611/1/4 3675/2/4 1303/3/4
f 612/4/4 3675/2/4 2373/5/4
f 3675/2/4 610/6/4 1304/7/4
f 3675/2/4 609/8/4 1303/3/4
f 609/1/2 3676/2/2 1305/3/2
f 610/4/2 3676/2/2 1304/5/2
f 3676/2/2 594/6/2 1292/7/2
f 3676/2/2 593/8/2 1305/3/2
f 595/1/3 3677/2/3 1293/3/3
f 611/4/3 3677/2/3 2374/5/3
f 1303/9/3 1305/7/3 3677/2/3
f 3677/2/3 593/8/3 1293/3/3
f 1296/5/1 1829/3/1 597/1/1
f 599/4/1 3678/2/1 1296/5/1
f 2846/9/1 1822/7/1 3678/2/1
f 1829/3/1 1822/7/1 594/8/1
f 612/1/4 3679/2/4 1827/3/4
f 614/4/4 3679/2/4 2847/5/4
f 1306/9/4 1830/7/4 3679/2/4
f 1827/3/4 1830/7/4 610/8/4
f 1830/5/2 1828/3/2 610/1/2
f 1830/5/2 1307/9/2 3680/2/2
f 3680/2/2 597/6/2 1829/7/2
f 3680/2/2 594/8/2 1828/3/2
f 599/1/5 3681/2/5 2846/3/5
f 2375/5/5 2847/9/5 3681/2/5
f 2847/9/5 2848/7/5 3681/2/5
f 3681/2/5 596/8/5 2846/3/5
f 614/1/4 3682/2/4 1306/3/4
f 616/4/4 3682/2/4 1831/5/4
f 2376/9/4 1308/7/4 3682/2/4
f 1306/3/4 1308/7/4 613/8/4
f 1308/5/2 1307/3/2 613/1/2
f 615/4/2 3683/2/2 1308/5/2
f 3683/2/2 598/6/2 1295/7/2
f 3683/2/2 597/8/2 1307/3/2
f 596/1/1 3684/2/1 2367/3/1
f 602/4/1 3684/2/1 2849/5/1
f 1298/9/1 2377/7/1 3684/2/1
f 2367/3/1 2377/7/1 595/8/1
f 617/1/4 3685/2/4 2378/3/4
f 618/4/4 3685/2/4 1309/5/4
f 2850/9/4 2373/7/4 3685/2/4
f 2378/3/4 2373/7/4 611/8/4
f 601/1/3 3686/2/3 2377/3/3
f 1310/5/3 2378/9/3 3686/2/3
f 2378/9/3 2374/7/3 3686/2/3
f 3686/2/3 595/8/3 2377/3/3
f 2850/5/6 2848/3/6 612/1/6
f 618/4/6 3687/2/6 2850/5/6
f 3687/2/6 602/6/6 2849/7/6
f 3687/2/6 596/8/6 2848/3/6
f 2851/5/1 2370/3/1 600/1/1
f 606/4/1 3688/2/1 2851/5/1
f 1301/9/1 2379/7/1 3688/2/1
f 2370/3/1 2379/7/1 599/8/1
f 2380/5/4 1834/3/4 619/1/4
f 620/4/4 3689/2/4 2380/5/4
f 2852/9/4 1831/7/4 3689/2/4
f 1834/3/4 1831/7/4 614/8/4
f 605/1/3 3690/2/3 2379/3/3
f 1311/5/3 1834/9/3 3690/2/3
f 1834/9/3 2375/7/3 3690/2/3
f 3690/2/3 599/8/3 2379/3/3
f 621/1/4 3691/2/4 1312/3/4
f 622/4/4 3691/2/4 1313/5/4
f 3691/2/4 618/6/4 1309/7/4
f 3691/2/4 617/8/4 1312/3/4
f 603/1/3 3692/2/3 1300/3/3
f 621/4/3 3692/2/3 2381/5/3
f 1312/9/3 1310/7/3 3692/2/3
f 3692/2/3 601/8/3 1300/3/3
f 1302/5/1 1836/3/1 605/1/1
f 607/4/1 3693/2/1 1302/5/1
f 2853/9/1 1825/7/1 3693/2/1
f 1836/3/1 1825/7/1 602/8/1
f 1837/5/4 1835/3/4 622/1/4
f 623/4/4 3694/2/4 1837/5/4
f 2382/9/4 1838/7/4 3694/2/4
f 1835/3/4 1838/7/4 618/8/4
f 1838/5/2 1833/3/2 618/1/2
f 1838/5/2 1311/9/2 3695/2/2
f 3695/2/2 605/6/2 1836/7/2
f 3695/2/2 602/8/2 1833/3/2
f 2383/5/4 2382/3/4 623/1/4
f 624/4/4 3696/2/4 2383/5/4
f 3696/2/4 620/6/4 2380/7/4
f 3696/2/4 619/8/4 2382/3/4
f 626/1/1 3697/2/1 2384/3/1
f 628/4/1 3697/2/1 1839/5/1
f 2855/9/1 2274/7/1 3697/2/1
f 3697/2/1 423/8/1 2384/3/1
f 2385/5/2 2361/3/2 583/1/2
f 625/4/2 3698/2/2 2385/5/2
f 1314/9/2 2384/7/2 3698/2/2
f 3698/2/2 423/8/2 2361/3/2
f 1841/5/1 1840/3/1 630/1/1
f 632/4/1 3699/2/1 1841/5/1
f 3699/2/1 628/6/1 1839/7/1
f 3699/2/1 626/8/1 1840/3/1
f 627/1/4 3700/2/4 1315/3/4
f 631/4/4 3700/2/4 2386/5/4
f 1316/9/4 1317/7/4 3700/2/4
f 3700/2/4 625/8/4 1315/3/4
f 1317/5/2 1314/3/2 625/1/2
f 629/4/2 3701/2/2 1317/5/2
f 1318/9/2 1840/7/2 3701/2/2
f 3701/2/2 626/8/2 1314/3/2
f 2387/5/5 2856/3/5 632/1/5
f 631/4/5 3702/2/5 2387/5/5
f 2386/9/5 2388/7/5 3702/2/5
f 3702/2/5 628/8/5 2856/3/5
f 1210/5/1 1319/3/1 465/1/1
f 467/4/1 3703/2/1 1210/5/1
f 3703/2/1 632/6/1 1841/7/1
f 3703/2/1 630/8/1 1319/3/1
f 1320/5/2 1318/3/2 629/1/2
f 633/4/2 3704/2/2 1320/5/2
f 1321/9/2 1319/7/2 3704/2/2
f 3704/2/2 630/8/2 1318/3/2
f 2857/5/1 2855/3/1 628/1/1
f 636/4/1 3705/2/1 2857/5/1
f 2858/9/1 2761/7/1 3705/2/1
f 2855/3/1 2761/7/1 424/8/1
f 2859/5/4 2842/3/4 588/1/4
f 635/4/4 3706/2/4 2859/5/4
f 2390/9/4 2860/7/4 3706/2/4
f 2842/3/4 2860/7/4 584/8/4
f 2390/5/6 2388/3/6 627/1/6
f 635/4/6 3707/2/6 2390/5/6
f 2391/9/6 2857/7/6 3707/2/6
f 2388/3/6 2857/7/6 628/8/6
f 2302/5/1 2389/3/1 467/1/1
f 473/4/1 3708/2/1 2302/5/1
f 1322/9/1 2861/7/1 3708/2/1
f 3708/2/1 632/8/1 2389/3/1
f 1842/5/4 2392/3/4 638/1/4
f 639/4/4 3709/2/4 1842/5/4
f 1843/9/4 2393/7/4 3709/2/4
f 2392/3/4 2393/7/4 631/8/4
f 1323/5/3 2861/3/3 637/1/3
f 638/4/3 3710/2/3 1323/5/3
f 2392/9/3 2387/7/3 3710/2/3
f 2861/3/3 2387/7/3 632/8/3
f 636/1/1 3711/2/1 2858/3/1
f 641/4/1 3711/2/1 2862/5/1
f 3711/2/1 432/6/1 2765/7/1
f 2858/3/1 2765/7/1 428/8/1
f 2864/5/5 2863/3/5 641/1/5
f 640/4/5 3712/2/5 2864/5/5
f 2865/9/5 2866/7/5 3712/2/5
f 3712/2/5 432/8/5 2863/3/5
f 1324/5/1 2867/3/1 637/1/1
f 643/4/1 3713/2/1 1324/5/1
f 3713/2/1 641/6/1 2862/7/1
f 2867/3/1 2862/7/1 636/8/1
f 2868/5/4 2394/3/4 640/1/4
f 642/4/4 3714/2/4 2868/5/4
f 1844/9/4 2395/7/4 3714/2/4
f 3714/2/4 635/8/4 2394/3/4
f 2395/5/2 2391/3/2 635/1/2
f 638/4/2 3715/2/2 2395/5/2
f 1323/9/2 2867/7/2 3715/2/2
f 3715/2/2 636/8/2 2391/3/2
f 1845/5/5 1325/3/5 643/1/5
f 642/4/5 3716/2/5 1845/5/5
f 2868/9/5 2864/7/5 3716/2/5
f 3716/2/5 641/8/5 1325/3/5
f 1216/5/1 1322/3/1 473/1/1
f 477/4/1 3717/2/1 1216/5/1
f 3717/2/1 643/6/1 1324/7/1
f 3717/2/1 637/8/1 1322/3/1
f 1327/5/5 1326/3/5 477/1/5
f 644/4/5 3718/2/5 1327/5/5
f 1846/9/5 1845/7/5 3718/2/5
f 3718/2/5 643/8/5 1326/3/5
f 1847/5/2 2369/3/2 598/1/2
f 645/4/2 3719/2/2 1847/5/2
f 1328/9/2 2385/7/2 3719/2/2
f 3719/2/2 583/8/2 2369/3/2
f 2396/5/5 2860/3/5 627/1/5
f 2396/5/5 2869/9/5 3720/2/5
f 2869/9/5 2844/7/5 3720/2/5
f 3720/2/5 584/8/5 2860/3/5
f 1329/5/6 1328/3/6 645/1/6
f 646/4/6 3721/2/6 1329/5/6
f 2396/9/6 1315/7/6 3721/2/6
f 1328/3/6 1315/7/6 625/8/6
f 2397/5/2 1330/3/2 647/1/2
f 2397/5/2 1331/9/2 3722/2/2
f 1331/9/2 1320/7/2 3722/2/2
f 3722/2/2 629/8/2 1330/3/2
f 1848/5/5 2393/3/5 634/1/5
f 1848/5/5 1332/9/5 3723/2/5
f 1332/9/5 2398/7/5 3723/2/5
f 3723/2/5 631/8/5 2393/3/5
f 631/1/3 3724/2/3 1316/3/3
f 649/4/3 3724/2/3 2398/5/3
f 2399/9/3 1330/7/3 3724/2/3
f 1316/3/3 1330/7/3 629/8/3
f 1849/5/2 2845/3/2 606/1/2
f 651/4/2 3725/2/2 1849/5/2
f 2400/9/2 2859/7/2 3725/2/2
f 3725/2/2 588/8/2 2845/3/2
f 2870/5/5 2865/3/5 640/1/5
f 2870/5/5 2871/9/5 3726/2/5
f 2871/9/5 2872/7/5 3726/2/5
f 3726/2/5 592/8/5 2865/3/5
f 2401/5/6 2400/3/6 651/1/6
f 2401/5/6 2870/9/6 3727/2/6
f 2870/9/6 2394/7/6 3727/2/6
f 2400/3/6 2394/7/6 635/8/6
f 1333/5/2 1850/3/2 653/1/2
f 1333/5/2 2402/9/2 3728/2/2
f 2402/9/2 1842/7/2 3728/2/2
f 3728/2/2 638/8/2 1850/3/2
f 2873/5/5 1846/3/5 644/1/5
f 2873/5/5 2403/9/5 3729/2/5
f 2403/9/5 1851/7/5 3729/2/5
f 3729/2/5 642/8/5 1846/3/5
f 1851/5/3 1844/3/3 642/1/3
f 1851/5/3 1334/9/3 3730/2/3
f 1334/9/3 1850/7/3 3730/2/3
f 3730/2/3 638/8/3 1844/3/3
f 616/1/4 3731/2/4 2376/3/4
f 658/4/4 3731/2/4 2874/5/4
f 1335/9/4 2404/7/4 3731/2/4
f 2376/3/4 2404/7/4 615/8/4
f 2404/5/2 1832/3/2 615/1/2
f 657/4/2 3732/2/2 2404/5/2
f 3732/2/2 645/6/2 1847/7/2
f 3732/2/2 598/8/2 1832/3/2
f 2399/5/1 1337/3/1 647/1/1
f 649/4/1 3733/2/1 2399/5/1
f 3733/2/1 646/6/1 1329/7/1
f 3733/2/1 645/8/1 1337/3/1
f 658/1/4 3734/2/4 1335/3/4
f 660/4/4 3734/2/4 1853/5/4
f 2405/9/4 1338/7/4 3734/2/4
f 3734/2/4 657/8/4 1335/3/4
f 1338/5/2 1336/3/2 657/1/2
f 659/4/2 3735/2/2 1338/5/2
f 3735/2/2 647/6/2 1337/7/2
f 3735/2/2 645/8/2 1336/3/2
f 649/1/5 3736/2/5 1852/3/5
f 660/4/5 3736/2/5 1339/5/5
f 1853/9/5 1854/7/5 3736/2/5
f 3736/2/5 646/8/5 1852/3/5
f 660/1/4 3737/2/4 2405/3/4
f 662/4/4 3737/2/4 2875/5/4
f 1340/9/4 2407/7/4 3737/2/4
f 3737/2/4 659/8/4 2405/3/4
f 2407/5/2 2406/3/2 659/1/2
f 661/4/2 3738/2/2 2407/5/2
f 3738/2/2 648/6/2 2397/7/2
f 3738/2/2 647/8/2 2406/3/2
f 1855/5/1 2869/3/1 646/1/1
f 651/4/1 3739/2/1 1855/5/1
f 1849/9/1 2851/7/1 3739/2/1
f 2869/3/1 2851/7/1 600/8/1
f 2877/5/4 2852/3/4 620/1/4
f 663/4/4 3740/2/4 2877/5/4
f 1856/9/4 2874/7/4 3740/2/4
f 2852/3/4 2874/7/4 616/8/4
f 1856/5/6 1854/3/6 658/1/6
f 663/4/6 3741/2/6 1856/5/6
f 3741/2/6 651/6/6 1855/7/6
f 3741/2/6 646/8/6 1854/3/6
f 1857/5/1 1332/3/1 650/1/1
f 654/4/1 3742/2/1 1857/5/1
f 1333/9/1 1341/7/1 3742/2/1
f 3742/2/1 649/8/1 1332/3/1
f 2879/5/4 2878/3/4 664/1/4
f 665/4/4 3743/2/4 2879/5/4
f 1858/9/4 2875/7/4 3743/2/4
f 2878/3/4 2875/7/4 660/8/4
f 653/1/3 3744/2/3 1341/3/3
f 1342/5/3 2878/9/3 3744/2/3
f 2878/9/3 1339/7/3 3744/2/3
f 3744/2/3 649/8/3 1341/3/3
f 2880/5/4 2854/3/4 624/1/4
f 666/4/4 3745/2/4 2880/5/4
f 2409/9/4 2877/7/4 3745/2/4
f 3745/2/4 620/8/4 2854/3/4
f 652/1/5 3746/2/5 2871/3/5
f 666/4/5 3746/2/5 2881/5/5
f 2880/9/5 2882/7/5 3746/2/5
f 3746/2/5 608/8/5 2871/3/5
f 1334/5/1 2410/3/1 653/1/1
f 655/4/1 3747/2/1 1334/5/1
f 3747/2/1 652/6/1 2401/7/1
f 2410/3/1 2401/7/1 651/8/1
f 1859/5/4 2409/3/4 666/1/4
f 667/4/4 3748/2/4 1859/5/4
f 2884/9/4 2411/7/4 3748/2/4
f 3748/2/4 663/8/4 2409/3/4
f 2411/5/2 2408/3/2 663/1/2
f 664/4/2 3749/2/2 2411/5/2
f 3749/2/2 653/6/2 2410/7/2
f 3749/2/2 651/8/2 2408/3/2
f 655/1/5 3750/2/5 2883/3/5
f 667/4/5 3750/2/5 2412/5/5
f 1859/9/5 2881/7/5 3750/2/5
f 3750/2/5 652/8/5 2883/3/5
f 2413/5/4 2884/3/4 667/1/4
f 668/4/4 3751/2/4 2413/5/4
f 1343/9/4 2879/7/4 3751/2/4
f 3751/2/4 664/8/4 2884/3/4
f 656/1/5 3752/2/5 2403/3/5
f 668/4/5 3752/2/5 2885/5/5
f 2413/9/5 2412/7/5 3752/2/5
f 3752/2/5 655/8/5 2403/3/5
f 1344/5/2 1321/3/2 633/1/2
f 669/4/2 3753/2/2 1344/5/2
f 1860/9/2 1209/7/2 3753/2/2
f 3753/2/2 465/8/2 1321/3/2
f 670/1/4 3754/2/4 1345/3/4
f 672/4/4 3754/2/4 1861/5/4
f 2414/9/4 1346/7/4 3754/2/4
f 1345/3/4 1346/7/4 669/8/4
f 1346/5/2 1860/3/2 669/1/2
f 1346/5/2 1347/9/2 3755/2/2
f 1347/9/2 1745/7/2 3755/2/2
f 3755/2/2 466/8/2 1860/3/2
f 1862/5/5 2779/3/5 470/1/5
f 1862/5/5 1861/9/5 3756/2/5
f 1861/9/5 2886/7/5 3756/2/5
f 3756/2/5 468/8/5 2779/3/5
f 671/1/2 3757/2/2 1347/3/2
f 673/4/2 3757/2/2 2415/5/2
f 2416/9/2 1212/7/2 3757/2/2
f 3757/2/2 469/8/2 1347/3/2
f 1348/5/6 2416/3/6 673/1/6
f 674/4/6 3758/2/6 1348/5/6
f 3758/2/6 472/6/6 2300/7/6
f 3758/2/6 471/8/6 2416/3/6
f 2417/5/4 1843/3/4 639/1/4
f 675/4/4 3759/2/4 2417/5/4
f 1863/9/4 1864/7/4 3759/2/4
f 1843/3/4 1864/7/4 634/8/4
f 1863/5/6 2886/3/6 670/1/6
f 675/4/6 3760/2/6 1863/5/6
f 1865/9/6 2783/7/6 3760/2/6
f 2886/3/6 2783/7/6 468/8/6
f 676/1/4 3761/2/4 2888/3/4
f 2889/5/4 1866/9/4 3761/2/4
f 1866/9/4 2890/7/4 3761/2/4
f 3761/2/4 672/8/4 2888/3/4
f 2418/5/3 1748/3/3 475/1/3
f 676/4/3 3762/2/3 2418/5/3
f 2888/9/3 1862/7/3 3762/2/3
f 1748/3/3 1862/7/3 470/8/3
f 1866/5/6 2887/3/6 674/1/6
f 677/4/6 3763/2/6 1866/5/6
f 2891/9/6 2785/7/6 3763/2/6
f 2887/3/6 2785/7/6 472/8/6
f 1867/5/4 2419/3/4 678/1/4
f 1867/5/4 2892/9/4 3764/2/4
f 2892/9/4 2420/7/4 3764/2/4
f 3764/2/4 675/8/4 2419/3/4
f 2420/5/2 1865/3/2 675/1/2
f 2420/5/2 2418/9/2 3765/2/2
f 2418/9/2 1751/7/2 3765/2/2
f 3765/2/2 474/8/2 1865/3/2
f 1349/5/6 2891/3/6 677/1/6
f 680/4/6 3766/2/6 1349/5/6
f 3766/2/6 480/6/6 2789/7/6
f 3766/2/6 476/8/6 2891/3/6
f 2894/5/2 1331/3/2 648/1/2
f 2894/5/2 1350/9/2 3767/2/2
f 1350/9/2 1344/7/2 3767/2/2
f 3767/2/2 633/8/2 1331/3/2
f 1868/5/5 1864/3/5 670/1/5
f 1868/5/5 1869/9/5 3768/2/5
f 1869/9/5 1848/7/5 3768/2/5
f 3768/2/5 634/8/5 1864/3/5
f 1351/5/6 1350/3/6 681/1/6
f 682/4/6 3769/2/6 1351/5/6
f 1868/9/6 1345/7/6 3769/2/6
f 1350/3/6 1345/7/6 669/8/6
f 683/1/2 3770/2/2 2421/3/2
f 2422/5/2 1352/9/2 3770/2/2
f 1352/9/2 2415/7/2 3770/2/2
f 3770/2/2 671/8/2 2421/3/2
f 1870/5/5 2890/3/5 674/1/5
f 1870/5/5 1353/9/5 3771/2/5
f 1353/9/5 2895/7/5 3771/2/5
f 3771/2/5 672/8/5 2890/3/5
f 672/1/3 3772/2/3 2414/3/3
f 685/4/3 3772/2/3 2895/5/3
f 2423/9/3 2421/7/3 3772/2/3
f 2414/3/3 2421/7/3 671/8/3
f 2896/5/6 1352/3/6 684/1/6
f 686/4/6 3773/2/6 2896/5/6
f 1870/9/6 1348/7/6 3773/2/6
f 3773/2/6 673/8/6 1352/3/6
f 1871/5/2 2402/3/2 654/1/2
f 1871/5/2 2424/9/2 3774/2/2
f 2424/9/2 2417/7/2 3774/2/2
f 3774/2/2 639/8/2 2402/3/2
f 2425/5/6 2424/3/6 687/1/6
f 2425/5/6 1872/9/6 3775/2/6
f 1872/9/6 2419/7/6 3775/2/6
f 2424/3/6 2419/7/6 675/8/6
f 689/1/2 3776/2/2 2897/3/2
f 1354/5/2 1355/9/2 3776/2/2
f 1355/9/2 2889/7/2 3776/2/2
f 3776/2/2 676/8/2 2897/3/2
f 2426/5/3 2892/3/3 679/1/3
f 2426/5/3 1356/9/3 3777/2/3
f 1356/9/3 2897/7/3 3777/2/3
f 3777/2/3 676/8/3 2892/3/3
f 1873/5/6 1355/3/6 690/1/6
f 1873/5/6 2898/9/6 3778/2/6
f 2898/9/6 1349/7/6 3778/2/6
f 1355/3/6 1349/7/6 677/8/6
f 662/1/4 3779/2/4 1340/3/4
f 694/4/4 3779/2/4 1874/5/4
f 1357/9/4 1358/7/4 3779/2/4
f 3779/2/4 661/8/4 1340/3/4
f 1358/5/2 2876/3/2 661/1/2
f 693/4/2 3780/2/2 1358/5/2
f 3780/2/2 681/6/2 2894/7/2
f 3780/2/2 648/8/2 2876/3/2
f 2423/5/1 1360/3/1 683/1/1
f 685/4/1 3781/2/1 2423/5/1
f 1875/9/1 1351/7/1 3781/2/1
f 3781/2/1 681/8/1 1360/3/1
f 694/1/4 3782/2/4 1357/3/4
f 696/4/4 3782/2/4 1876/5/4
f 2427/9/4 1361/7/4 3782/2/4
f 3782/2/4 693/8/4 1357/3/4
f 1361/5/2 1359/3/2 693/1/2
f 1361/5/2 2428/9/2 3783/2/2
f 2428/9/2 1360/7/2 3783/2/2
f 3783/2/2 681/8/2 1359/3/2
f 685/1/5 3784/2/5 1875/3/5
f 1362/5/5 1876/9/5 3784/2/5
f 1876/9/5 1877/7/5 3784/2/5
f 3784/2/5 682/8/5 1875/3/5
f 696/1/4 3785/2/4 2427/3/4
f 698/4/4 3785/2/4 2899/5/4
f 1363/9/4 2429/7/4 3785/2/4
f 3785/2/4 695/8/4 2427/3/4
f 695/1/2 3786/2/2 2428/3/2
f 2429/5/2 2900/9/2 3786/2/2
f 3786/2/2 684/6/2 2422/7/2
f 3786/2/2 683/8/2 2428/3/2
f 1363/5/6 2900/3/6 697/1/6
f 698/4/6 3787/2/6 1363/5/6
f 3787/2/6 686/6/6 2896/7/6
f 3787/2/6 684/8/6 2900/3/6
f 1879/5/1 1869/3/1 682/1/1
f 687/4/1 3788/2/1 1879/5/1
f 1871/9/1 1857/7/1 3788/2/1
f 1869/3/1 1857/7/1 650/8/1
f 1364/5/4 1858/3/4 665/1/4
f 699/4/4 3789/2/4 1364/5/4
f 1880/9/4 1874/7/4 3789/2/4
f 1858/3/4 1874/7/4 662/8/4
f 1880/5/6 1877/3/6 694/1/6
f 699/4/6 3790/2/6 1880/5/6
f 3790/2/6 687/6/6 1879/7/6
f 3790/2/6 682/8/6 1877/3/6
f 1881/5/1 1353/3/1 686/1/1
f 1881/5/1 1354/9/1 3791/2/1
f 3791/2/1 689/6/1 1365/7/1
f 3791/2/1 685/8/1 1353/3/1
f 700/1/4 3792/2/4 2901/3/4
f 2902/5/4 1882/9/4 3792/2/4
f 1882/9/4 2899/7/4 3792/2/4
f 3792/2/4 696/8/4 2901/3/4
f 689/1/3 3793/2/3 1365/3/3
f 1366/5/3 2901/9/3 3793/2/3
f 2901/9/3 1362/7/3 3793/2/3
f 3793/2/3 685/8/3 1365/3/3
f 1882/5/6 1878/3/6 698/1/6
f 701/4/6 3794/2/6 1882/5/6
f 3794/2/6 690/6/6 1881/7/6
f 3794/2/6 686/8/6 1878/3/6
f 2903/5/4 1343/3/4 668/1/4
f 702/4/4 3795/2/4 2903/5/4
f 2431/9/4 1364/7/4 3795/2/4
f 3795/2/4 665/8/4 1343/3/4
f 1356/5/1 2432/3/1 689/1/1
f 1356/5/1 2904/9/1 3796/2/1
f 2904/9/1 2425/7/1 3796/2/1
f 2432/3/1 2425/7/1 687/8/1
f 1884/5/4 2431/3/4 702/1/4
f 1884/5/4 2905/9/4 3797/2/4
f 2905/9/4 2433/7/4 3797/2/4
f 3797/2/4 699/8/4 2431/3/4
f 2433/5/2 2430/3/2 699/1/2
f 2433/5/2 1366/9/2 3798/2/2
f 3798/2/2 689/6/2 2432/7/2
f 3798/2/2 687/8/2 2430/3/2
f 703/1/4 3799/2/4 2905/3/4
f 2434/5/4 1367/9/4 3799/2/4
f 1367/9/4 2902/7/4 3799/2/4
f 3799/2/4 700/8/4 2905/3/4
f 1367/5/6 1883/3/6 701/1/6
f 704/4/6 3800/2/6 1367/5/6
f 3800/2/6 692/6/6 1873/7/6
f 3800/2/6 690/8/6 1883/3/6
f 430/1/1 3801/2/1 1182/3/1
f 708/4/1 3801/2/1 1885/5/1
f 1368/9/1 1369/7/1 3801/2/1
f 3801/2/1 429/8/1 1182/3/1
f 1370/5/3 1369/3/3 705/1/3
f 706/4/3 3802/2/3 1370/5/3
f 1371/9/3 1289/7/3 3802/2/3
f 3802/2/3 429/8/3 1369/3/3
f 2435/5/1 1723/3/1 431/1/1
f 710/4/1 3803/2/1 2435/5/1
f 2907/9/1 1885/7/1 3803/2/1
f 1723/3/1 1885/7/1 430/8/1
f 2436/5/4 1886/3/4 707/1/4
f 709/4/4 3804/2/4 2436/5/4
f 2437/9/4 1819/7/4 3804/2/4
f 1886/3/4 1819/7/4 590/8/4
f 1372/5/5 2907/3/5 710/1/5
f 709/4/5 3805/2/5 1372/5/5
f 2436/9/5 2438/7/5 3805/2/5
f 2907/3/5 2438/7/5 708/8/5
f 2908/5/1 2280/3/1 432/1/1
f 712/4/1 3806/2/1 2908/5/1
f 1887/9/1 2435/7/1 3806/2/1
f 3806/2/1 431/8/1 2280/3/1
f 2909/5/6 2866/3/6 592/1/6
f 711/4/6 3807/2/6 2909/5/6
f 2439/9/6 2908/7/6 3807/2/6
f 3807/2/6 432/8/6 2866/3/6
f 708/1/1 3808/2/1 1368/3/1
f 716/4/1 3808/2/1 2910/5/1
f 1373/9/1 1374/7/1 3808/2/1
f 3808/2/1 705/8/1 1368/3/1
f 1889/5/4 1888/3/4 714/1/4
f 715/4/4 3809/2/4 1889/5/4
f 3809/2/4 707/6/4 1890/7/4
f 3809/2/4 706/8/4 1888/3/4
f 1375/5/3 1374/3/3 713/1/3
f 714/4/3 3810/2/3 1375/5/3
f 1888/9/3 1370/7/3 3810/2/3
f 3810/2/3 705/8/3 1374/3/3
f 2440/5/6 2438/3/6 707/1/6
f 715/4/6 3811/2/6 2440/5/6
f 2441/9/6 2910/7/6 3811/2/6
f 3811/2/6 708/8/6 2438/3/6
f 2911/5/1 1887/3/1 712/1/1
f 720/4/1 3812/2/1 2911/5/1
f 1376/9/1 1891/7/1 3812/2/1
f 3812/2/1 710/8/1 1887/3/1
f 1892/5/4 1377/3/4 718/1/4
f 719/4/4 3813/2/4 1892/5/4
f 3813/2/4 711/6/4 1378/7/4
f 1377/3/4 1378/7/4 709/8/4
f 1379/5/3 1891/3/3 717/1/3
f 718/4/3 3814/2/3 1379/5/3
f 1377/9/3 1372/7/3 3814/2/3
f 3814/2/3 710/8/3 1891/3/3
f 2442/5/6 2439/3/6 711/1/6
f 719/4/6 3815/2/6 2442/5/6
f 2443/9/6 2911/7/6 3815/2/6
f 3815/2/6 712/8/6 2439/3/6
f 716/1/1 3816/2/1 1373/3/1
f 514/4/1 3816/2/1 1893/5/1
f 1241/9/1 1380/7/1 3816/2/1
f 3816/2/1 713/8/1 1373/3/1
f 1381/5/3 1380/3/3 513/1/3
f 721/4/3 3817/2/3 1381/5/3
f 1894/9/3 1375/7/3 3817/2/3
f 3817/2/3 713/8/3 1380/3/3
f 1382/5/1 2912/3/1 717/1/1
f 517/4/1 3818/2/1 1382/5/1
f 1774/9/1 1893/7/1 3818/2/1
f 2912/3/1 1893/7/1 716/8/1
f 1895/5/4 2444/3/4 722/1/4
f 723/4/4 3819/2/4 1895/5/4
f 1896/9/4 2445/7/4 3819/2/4
f 3819/2/4 715/8/4 2444/3/4
f 2445/5/2 2441/3/2 715/1/2
f 718/4/2 3820/2/2 2445/5/2
f 1379/9/2 2912/7/2 3820/2/2
f 2441/3/2 2912/7/2 716/8/2
f 2446/5/1 1376/3/1 720/1/1
f 519/4/1 3821/2/1 2446/5/1
f 1244/9/1 1382/7/1 3821/2/1
f 3821/2/1 717/8/1 1376/3/1
f 2447/5/6 2443/3/6 719/1/6
f 724/4/6 3822/2/6 2447/5/6
f 2448/9/6 2446/7/6 3822/2/6
f 3822/2/6 720/8/6 2443/3/6
f 707/1/5 3823/2/5 1890/3/5
f 726/4/5 3823/2/5 2449/5/5
f 1383/9/5 1897/7/5 3823/2/5
f 3823/2/5 706/8/5 1890/3/5
f 1897/5/3 1371/3/3 706/1/3
f 1897/5/3 2450/9/3 3824/2/3
f 2450/9/3 1299/7/3 3824/2/3
f 3824/2/3 589/8/3 1371/3/3
f 2913/5/6 1826/3/6 604/1/6
f 726/4/6 3825/2/6 2913/5/6
f 2449/9/6 1886/7/6 3825/2/6
f 3825/2/6 590/8/6 1826/3/6
f 2451/5/5 1378/3/5 711/1/5
f 2451/5/5 2452/9/5 3826/2/5
f 2452/9/5 1384/7/5 3826/2/5
f 3826/2/5 709/8/5 1378/3/5
f 1384/5/3 2437/3/3 709/1/3
f 1384/5/3 2453/9/3 3827/2/3
f 2453/9/3 2372/7/3 3827/2/3
f 3827/2/3 591/8/3 2437/3/3
f 2914/5/6 2872/3/6 608/1/6
f 728/4/6 3828/2/6 2914/5/6
f 2451/9/6 2909/7/6 3828/2/6
f 3828/2/6 592/8/6 2872/3/6
f 1385/5/2 1898/3/2 729/1/2
f 730/4/2 3829/2/2 1385/5/2
f 2454/9/2 1889/7/2 3829/2/2
f 3829/2/2 714/8/2 1898/3/2
f 1386/5/3 1894/3/3 721/1/3
f 1386/5/3 1387/9/3 3830/2/3
f 1387/9/3 1898/7/3 3830/2/3
f 3830/2/3 714/8/3 1894/3/3
f 1899/5/6 2454/3/6 730/1/6
f 1899/5/6 1900/9/6 3831/2/6
f 1900/9/6 2444/7/6 3831/2/6
f 3831/2/6 715/8/6 2454/3/6
f 1388/5/2 1901/3/2 733/1/2
f 1388/5/2 2455/9/2 3832/2/2
f 2455/9/2 1892/7/2 3832/2/2
f 1901/3/2 1892/7/2 718/8/2
f 2456/5/3 1896/3/3 723/1/3
f 2456/5/3 1389/9/3 3833/2/3
f 1389/9/3 1901/7/3 3833/2/3
f 3833/2/3 718/8/3 1896/3/3
f 1902/5/6 2455/3/6 734/1/6
f 1902/5/6 2915/9/6 3834/2/6
f 2915/9/6 2447/7/6 3834/2/6
f 3834/2/6 719/8/6 2455/3/6
f 737/1/4 3835/2/4 1390/3/4
f 738/4/4 3835/2/4 1391/5/4
f 1903/9/4 1313/7/4 3835/2/4
f 3835/2/4 621/8/4 1390/3/4
f 725/1/3 3836/2/3 2450/3/3
f 737/4/3 3836/2/3 1392/5/3
f 1390/9/3 2381/7/3 3836/2/3
f 3836/2/3 603/8/3 2450/3/3
f 2453/5/1 2853/3/1 607/1/1
f 727/4/1 3837/2/1 2453/5/1
f 1904/9/1 2913/7/1 3837/2/1
f 2853/3/1 2913/7/1 604/8/1
f 1905/5/4 1903/3/4 738/1/4
f 739/4/4 3838/2/4 1905/5/4
f 2457/9/4 1837/7/4 3838/2/4
f 1903/3/4 1837/7/4 622/8/4
f 727/1/5 3839/2/5 1904/3/5
f 2458/5/5 1905/9/5 3839/2/5
f 1905/9/5 1906/7/5 3839/2/5
f 3839/2/5 726/8/5 1904/3/5
f 739/1/4 3840/2/4 2457/3/4
f 740/4/4 3840/2/4 2459/5/4
f 3840/2/4 624/6/4 2383/7/4
f 2457/3/4 2383/7/4 623/8/4
f 2916/5/6 2882/3/6 624/1/6
f 740/4/6 3841/2/6 2916/5/6
f 3841/2/6 728/6/6 2914/7/6
f 3841/2/6 608/8/6 2882/3/6
f 726/1/1 3842/2/1 1383/3/1
f 730/4/1 3842/2/1 1907/5/1
f 1385/9/1 1393/7/1 3842/2/1
f 3842/2/1 725/8/1 1383/3/1
f 741/1/4 3843/2/4 1394/3/4
f 742/4/4 3843/2/4 1395/5/4
f 3843/2/4 738/6/4 1391/7/4
f 3843/2/4 737/8/4 1394/3/4
f 729/1/3 3844/2/3 1393/3/3
f 741/4/3 3844/2/3 1396/5/3
f 1394/9/3 1392/7/3 3844/2/3
f 3844/2/3 725/8/3 1393/3/3
f 1908/5/6 1906/3/6 738/1/6
f 742/4/6 3845/2/6 1908/5/6
f 3845/2/6 730/6/6 1907/7/6
f 3845/2/6 726/8/6 1906/3/6
f 2918/5/1 2452/3/1 728/1/1
f 734/4/1 3846/2/1 2918/5/1
f 1388/9/1 2460/7/1 3846/2/1
f 3846/2/1 727/8/1 2452/3/1
f 2462/5/4 2461/3/4 743/1/4
f 744/4/4 3847/2/4 2462/5/4
f 3847/2/4 740/6/4 2459/7/4
f 2461/3/4 2459/7/4 739/8/4
f 733/1/3 3848/2/3 2460/3/3
f 743/4/3 3848/2/3 1397/5/3
f 2461/9/3 2458/7/3 3848/2/3
f 3848/2/3 727/8/3 2460/3/3
f 2919/5/6 2917/3/6 740/1/6
f 744/4/6 3849/2/6 2919/5/6
f 3849/2/6 734/6/6 2918/7/6
f 3849/2/6 728/8/6 2917/3/6
f 745/1/4 3850/2/4 1398/3/4
f 746/4/4 3850/2/4 1399/5/4
f 3850/2/4 742/6/4 1395/7/4
f 3850/2/4 741/8/4 1398/3/4
f 731/1/3 3851/2/3 1387/3/3
f 745/4/3 3851/2/3 2463/5/3
f 1398/9/3 1396/7/3 3851/2/3
f 3851/2/3 729/8/3 1387/3/3
f 1389/5/1 1912/3/1 733/1/1
f 735/4/1 3852/2/1 1389/5/1
f 2920/9/1 1899/7/1 3852/2/1
f 1912/3/1 1899/7/1 730/8/1
f 1913/5/4 1911/3/4 746/1/4
f 747/4/4 3853/2/4 1913/5/4
f 2464/9/4 1914/7/4 3853/2/4
f 3853/2/4 742/8/4 1911/3/4
f 1914/5/2 1909/3/2 742/1/2
f 1914/5/2 1397/9/2 3854/2/2
f 3854/2/2 733/6/2 1912/7/2
f 3854/2/2 730/8/2 1909/3/2
f 2465/5/4 2464/3/4 747/1/4
f 748/4/4 3855/2/4 2465/5/4
f 3855/2/4 744/6/4 2462/7/4
f 3855/2/4 743/8/4 2464/3/4
f 744/1/6 3856/2/6 1910/3/6
f 748/4/6 3856/2/6 2921/5/6
f 3856/2/6 736/6/6 1902/7/6
f 3856/2/6 734/8/6 1910/3/6
f 1915/5/1 1215/3/1 478/1/1
f 752/4/1 3857/2/1 1915/5/1
f 1400/9/1 1401/7/1 3857/2/1
f 3857/2/1 477/8/1 1215/3/1
f 1402/5/3 1401/3/3 749/1/3
f 750/4/3 3858/2/3 1402/5/3
f 2923/9/3 1327/7/3 3858/2/3
f 3858/2/3 477/8/3 1401/3/3
f 2466/5/1 1752/3/1 479/1/1
f 754/4/1 3859/2/1 2466/5/1
f 2924/9/1 1915/7/1 3859/2/1
f 3859/2/1 478/8/1 1752/3/1
f 2467/5/4 1916/3/4 751/1/4
f 2467/5/4 2468/9/4 3860/2/4
f 2468/9/4 1867/7/4 3860/2/4
f 3860/2/4 678/8/4 1916/3/4
f 1403/5/5 2924/3/5 754/1/5
f 1403/5/5 2467/9/5 3861/2/5
f 2467/9/5 2469/7/5 3861/2/5
f 3861/2/5 752/8/5 2924/3/5
f 2925/5/1 2306/3/1 480/1/1
f 756/4/1 3862/2/1 2925/5/1
f 3862/2/1 754/6/1 2466/7/1
f 3862/2/1 479/8/1 2306/3/1
f 2926/5/6 2893/3/6 680/1/6
f 755/4/6 3863/2/6 2926/5/6
f 2470/9/6 2925/7/6 3863/2/6
f 3863/2/6 480/8/6 2893/3/6
f 2927/5/1 1400/3/1 752/1/1
f 760/4/1 3864/2/1 2927/5/1
f 1404/9/1 1405/7/1 3864/2/1
f 3864/2/1 749/8/1 1400/3/1
f 1919/5/4 1918/3/4 758/1/4
f 759/4/4 3865/2/4 1919/5/4
f 2471/9/4 1920/7/4 3865/2/4
f 3865/2/4 750/8/4 1918/3/4
f 1406/5/3 1405/3/3 757/1/3
f 758/4/3 3866/2/3 1406/5/3
f 1918/9/3 1402/7/3 3866/2/3
f 3866/2/3 749/8/3 1405/3/3
f 2471/5/6 2469/3/6 751/1/6
f 759/4/6 3867/2/6 2471/5/6
f 2472/9/6 2927/7/6 3867/2/6
f 3867/2/6 752/8/6 2469/3/6
f 2928/5/1 1917/3/1 756/1/1
f 764/4/1 3868/2/1 2928/5/1
f 3868/2/1 761/6/1 1921/7/1
f 3868/2/1 754/8/1 1917/3/1
f 762/1/4 3869/2/4 1408/3/4
f 763/4/4 3869/2/4 1922/5/4
f 2473/9/4 1409/7/4 3869/2/4
f 3869/2/4 753/8/4 1408/3/4
f 1410/5/3 1921/3/3 761/1/3
f 762/4/3 3870/2/3 1410/5/3
f 1408/9/3 1403/7/3 3870/2/3
f 3870/2/3 754/8/3 1921/3/3
f 2473/5/6 2470/3/6 755/1/6
f 763/4/6 3871/2/6 2473/5/6
f 2474/9/6 2928/7/6 3871/2/6
f 3871/2/6 756/8/6 2470/3/6
f 1923/5/1 1404/3/1 760/1/1
f 562/4/1 3872/2/1 1923/5/1
f 1273/9/1 1411/7/1 3872/2/1
f 3872/2/1 757/8/1 1404/3/1
f 1412/5/3 1411/3/3 561/1/3
f 765/4/3 3873/2/3 1412/5/3
f 1924/9/3 1406/7/3 3873/2/3
f 3873/2/3 757/8/3 1411/3/3
f 1413/5/1 2929/3/1 761/1/1
f 1413/5/1 1803/9/1 3874/2/1
f 1803/9/1 1923/7/1 3874/2/1
f 3874/2/1 760/8/1 2929/3/1
f 1925/5/4 2475/3/4 766/1/4
f 1925/5/4 1926/9/4 3875/2/4
f 1926/9/4 2476/7/4 3875/2/4
f 3875/2/4 759/8/4 2475/3/4
f 2476/5/2 2472/3/2 759/1/2
f 2476/5/2 1410/9/2 3876/2/2
f 1410/9/2 2929/7/2 3876/2/2
f 3876/2/2 760/8/2 2472/3/2
f 764/1/1 3877/2/1 1407/3/1
f 567/4/1 3877/2/1 2477/5/1
f 3877/2/1 565/6/1 1413/7/1
f 3877/2/1 761/8/1 1407/3/1
f 2478/5/6 2474/3/6 763/1/6
f 768/4/6 3878/2/6 2478/5/6
f 2479/9/6 2477/7/6 3878/2/6
f 3878/2/6 764/8/6 2474/3/6
f 2480/5/5 1920/3/5 751/1/5
f 2480/5/5 1414/9/5 3879/2/5
f 1414/9/5 1927/7/5 3879/2/5
f 3879/2/5 750/8/5 1920/3/5
f 1927/5/3 2923/3/3 750/1/3
f 1927/5/3 2930/9/3 3880/2/3
f 2930/9/3 2873/7/3 3880/2/3
f 3880/2/3 644/8/3 2923/3/3
f 2931/5/6 1872/3/6 688/1/6
f 770/4/6 3881/2/6 2931/5/6
f 2480/9/6 1916/7/6 3881/2/6
f 3881/2/6 678/8/6 1872/3/6
f 2481/5/5 1409/3/5 755/1/5
f 2481/5/5 2482/9/5 3882/2/5
f 2482/9/5 1415/7/5 3882/2/5
f 3882/2/5 753/8/5 1409/3/5
f 1415/5/3 2468/3/3 753/1/3
f 1415/5/3 2483/9/3 3883/2/3
f 2483/9/3 2426/7/3 3883/2/3
f 3883/2/3 679/8/3 2468/3/3
f 2932/5/6 2898/3/6 692/1/6
f 772/4/6 3884/2/6 2932/5/6
f 2481/9/6 2926/7/6 3884/2/6
f 3884/2/6 680/8/6 2898/3/6
f 1416/5/2 1928/3/2 773/1/2
f 1416/5/2 2484/9/2 3885/2/2
f 2484/9/2 1919/7/2 3885/2/2
f 3885/2/2 758/8/2 1928/3/2
f 1417/5/3 1924/3/3 765/1/3
f 1417/5/3 1418/9/3 3886/2/3
f 1418/9/3 1928/7/3 3886/2/3
f 3886/2/3 758/8/3 1924/3/3
f 1929/5/6 2484/3/6 774/1/6
f 1929/5/6 1930/9/6 3887/2/6
f 1930/9/6 2475/7/6 3887/2/6
f 3887/2/6 759/8/6 2484/3/6
f 777/1/2 3888/2/2 1931/3/2
f 1419/5/2 2485/9/2 3888/2/2
f 2485/9/2 1922/7/2 3888/2/2
f 3888/2/2 762/8/2 1931/3/2
f 2486/5/3 1926/3/3 767/1/3
f 2486/5/3 1420/9/3 3889/2/3
f 1420/9/3 1931/7/3 3889/2/3
f 3889/2/3 762/8/3 1926/3/3
f 1932/5/6 2485/3/6 778/1/6
f 1932/5/6 2933/9/6 3890/2/6
f 2933/9/6 2478/7/6 3890/2/6
f 3890/2/6 763/8/6 2485/3/6
f 1421/5/4 2934/3/4 781/1/4
f 782/4/4 3891/2/4 1421/5/4
f 1933/9/4 2903/7/4 3891/2/4
f 3891/2/4 668/8/4 2934/3/4
f 769/1/3 3892/2/3 2930/3/3
f 781/4/3 3892/2/3 1422/5/3
f 2934/9/3 2885/7/3 3892/2/3
f 3892/2/3 656/8/3 2930/3/3
f 2483/5/1 2904/3/1 691/1/1
f 771/4/1 3893/2/1 2483/5/1
f 1934/9/1 2931/7/1 3893/2/1
f 3893/2/1 688/8/1 2904/3/1
f 1935/5/4 1933/3/4 782/1/4
f 1935/5/4 2487/9/4 3894/2/4
f 2487/9/4 1884/7/4 3894/2/4
f 3894/2/4 702/8/4 1933/3/4
f 771/1/5 3895/2/5 1934/3/5
f 2488/5/5 1935/9/5 3895/2/5
f 1935/9/5 1936/7/5 3895/2/5
f 3895/2/5 770/8/5 1934/3/5
f 783/1/4 3896/2/4 2487/3/4
f 784/4/4 3896/2/4 2489/5/4
f 2935/9/4 2434/7/4 3896/2/4
f 3896/2/4 703/8/4 2487/3/4
f 2935/5/6 2906/3/6 704/1/6
f 784/4/6 3897/2/6 2935/5/6
f 3897/2/6 772/6/6 2932/7/6
f 3897/2/6 692/8/6 2906/3/6
f 1937/5/1 1414/3/1 770/1/1
f 774/4/1 3898/2/1 1937/5/1
f 1416/9/1 1423/7/1 3898/2/1
f 3898/2/1 769/8/1 1414/3/1
f 1425/5/4 1424/3/4 785/1/4
f 786/4/4 3899/2/4 1425/5/4
f 1938/9/4 1421/7/4 3899/2/4
f 3899/2/4 781/8/4 1424/3/4
f 773/1/3 3900/2/3 1423/3/3
f 785/4/3 3900/2/3 1426/5/3
f 1424/9/3 1422/7/3 3900/2/3
f 3900/2/3 769/8/3 1423/3/3
f 1938/5/6 1936/3/6 782/1/6
f 786/4/6 3901/2/6 1938/5/6
f 3901/2/6 774/6/6 1937/7/6
f 3901/2/6 770/8/6 1936/3/6
f 2937/5/1 2482/3/1 772/1/1
f 778/4/1 3902/2/1 2937/5/1
f 3902/2/1 777/6/1 2490/7/1
f 3902/2/1 771/8/1 2482/3/1
f 787/1/4 3903/2/4 2491/3/4
f 788/4/4 3903/2/4 2492/5/4
f 3903/2/4 784/6/4 2489/7/4
f 3903/2/4 783/8/4 2491/3/4
f 777/1/3 3904/2/3 2490/3/3
f 787/4/3 3904/2/3 1427/5/3
f 2491/9/3 2488/7/3 3904/2/3
f 3904/2/3 771/8/3 2490/3/3
f 2938/5/6 2936/3/6 784/1/6
f 788/4/6 3905/2/6 2938/5/6
f 3905/2/6 778/6/6 2937/7/6
f 3905/2/6 772/8/6 2936/3/6
f 1429/5/4 1428/3/4 789/1/4
f 790/4/4 3906/2/4 1429/5/4
f 1941/9/4 1425/7/4 3906/2/4
f 3906/2/4 785/8/4 1428/3/4
f 775/1/3 3907/2/3 1418/3/3
f 789/4/3 3907/2/3 2493/5/3
f 1428/9/3 1426/7/3 3907/2/3
f 3907/2/3 773/8/3 1418/3/3
f 1420/5/1 1942/3/1 777/1/1
f 1420/5/1 2939/9/1 3908/2/1
f 2939/9/1 1929/7/1 3908/2/1
f 3908/2/1 774/8/1 1942/3/1
f 1943/5/4 1941/3/4 790/1/4
f 1943/5/4 2494/9/4 3909/2/4
f 2494/9/4 1944/7/4 3909/2/4
f 3909/2/4 786/8/4 1941/3/4
f 1944/5/2 1939/3/2 786/1/2
f 1944/5/2 1427/9/2 3910/2/2
f 3910/2/2 777/6/2 1942/7/2
f 3910/2/2 774/8/2 1939/3/2
f 791/1/4 3911/2/4 2494/3/4
f 2495/5/4 2940/9/4 3911/2/4
f 2940/9/4 2492/7/4 3911/2/4
f 3911/2/4 787/8/4 2494/3/4
f 788/1/6 3912/2/6 1940/3/6
f 792/4/6 3912/2/6 2940/5/6
f 3912/2/6 780/6/6 1932/7/6
f 3912/2/6 778/8/6 1940/3/6
f 2496/5/3 1242/3/3 515/1/3
f 793/4/3 3913/2/3 2496/5/3
f 1430/9/3 1381/7/3 3913/2/3
f 3913/2/3 513/8/3 1242/3/3
f 1946/5/4 1945/3/4 794/1/4
f 795/4/4 3914/2/4 1946/5/4
f 2497/9/4 1895/7/4 3914/2/4
f 1945/3/4 1895/7/4 722/8/4
f 1947/5/5 2803/3/5 518/1/5
f 795/4/5 3915/2/5 1947/5/5
f 1946/9/5 2942/7/5 3915/2/5
f 2803/3/5 2942/7/5 516/8/5
f 1432/5/4 1431/3/4 797/1/4
f 798/4/4 3916/2/4 1432/5/4
f 1948/9/4 1433/7/4 3916/2/4
f 3916/2/4 793/8/4 1431/3/4
f 1434/5/3 2329/3/3 521/1/3
f 1434/5/3 1431/9/3 3917/2/3
f 1431/9/3 2496/7/3 3917/2/3
f 3917/2/3 515/8/3 2329/3/3
f 1948/5/6 2942/3/6 794/1/6
f 1948/5/6 1949/9/6 3918/2/6
f 1949/9/6 2807/7/6 3918/2/6
f 3918/2/6 516/8/6 2942/3/6
f 2499/5/4 2498/3/4 799/1/4
f 2499/5/4 2943/9/4 3919/2/4
f 2943/9/4 2500/7/4 3919/2/4
f 2498/3/4 2500/7/4 795/8/4
f 2501/5/3 1777/3/3 523/1/3
f 2501/5/3 2498/9/3 3920/2/3
f 2498/9/3 1947/7/3 3920/2/3
f 3920/2/3 518/8/3 1777/3/3
f 526/1/5 3921/2/5 1247/3/5
f 802/4/5 3921/2/5 1950/5/5
f 1435/9/5 1436/7/5 3921/2/5
f 1247/3/5 1436/7/5 525/8/5
f 1436/5/3 1248/3/3 525/1/3
f 801/4/3 3922/2/3 1436/5/3
f 3922/2/3 797/6/3 1434/7/3
f 3922/2/3 521/8/3 1248/3/3
f 1952/5/4 1951/3/4 802/1/4
f 803/4/4 3923/2/4 1952/5/4
f 3923/2/4 799/6/4 1953/7/4
f 3923/2/4 798/8/4 1951/3/4
f 1953/5/2 1949/3/2 798/1/2
f 799/4/2 3924/2/2 1953/5/2
f 2501/9/2 1780/7/2 3924/2/2
f 1949/3/2 1780/7/2 522/8/2
f 2503/5/5 1781/3/5 527/1/5
f 803/4/5 3925/2/5 2503/5/5
f 1952/9/5 1950/7/5 3925/2/5
f 1781/3/5 1950/7/5 526/8/5
f 2944/5/5 2333/3/5 528/1/5
f 804/4/5 3926/2/5 2944/5/5
f 2504/9/5 2503/7/5 3926/2/5
f 3926/2/5 527/8/5 2333/3/5
f 794/1/5 3927/2/5 1433/3/5
f 806/4/5 3927/2/5 1954/5/5
f 1438/9/5 1439/7/5 3927/2/5
f 3927/2/5 793/8/5 1433/3/5
f 1439/5/3 1430/3/3 793/1/3
f 1439/5/3 2505/9/3 3928/2/3
f 2505/9/3 1386/7/3 3928/2/3
f 3928/2/3 721/8/3 1430/3/3
f 2945/5/6 1900/3/6 732/1/6
f 2945/5/6 1954/9/6 3929/2/6
f 1954/9/6 1945/7/6 3929/2/6
f 3929/2/6 722/8/6 1900/3/6
f 2946/5/5 2500/3/5 796/1/5
f 2946/5/5 2506/9/5 3930/2/5
f 2506/9/5 2507/7/5 3930/2/5
f 3930/2/5 795/8/5 2500/3/5
f 2507/5/3 2497/3/3 795/1/3
f 2507/5/3 2508/9/3 3931/2/3
f 2508/9/3 2456/7/3 3931/2/3
f 3931/2/3 723/8/3 2497/3/3
f 1441/5/2 1440/3/2 809/1/2
f 810/4/2 3932/2/2 1441/5/2
f 1955/9/2 1432/7/2 3932/2/2
f 3932/2/2 797/8/2 1440/3/2
f 802/1/5 3933/2/5 1435/3/5
f 812/4/5 3933/2/5 1956/5/5
f 2509/9/5 1442/7/5 3933/2/5
f 1435/3/5 1442/7/5 801/8/5
f 1442/5/3 1437/3/3 801/1/3
f 1442/5/3 1443/9/3 3934/2/3
f 1443/9/3 1440/7/3 3934/2/3
f 3934/2/3 797/8/3 1437/3/3
f 810/1/6 3935/2/6 1955/3/6
f 1957/5/6 1956/9/6 3935/2/6
f 1956/9/6 1951/7/6 3935/2/6
f 3935/2/6 798/8/6 1955/3/6
f 1444/5/2 2510/3/2 813/1/2
f 1444/5/2 2947/9/2 3936/2/2
f 2947/9/2 2499/7/2 3936/2/2
f 2510/3/2 2499/7/2 799/8/2
f 2948/5/5 2504/3/5 804/1/5
f 2948/5/5 2511/9/5 3937/2/5
f 2511/9/5 2512/7/5 3937/2/5
f 3937/2/5 803/8/5 2504/3/5
f 2512/5/3 2502/3/3 803/1/3
f 2512/5/3 1445/9/3 3938/2/3
f 1445/9/3 2510/7/3 3938/2/3
f 3938/2/3 799/8/3 2502/3/3
f 1447/5/4 1446/3/4 817/1/4
f 818/4/4 3939/2/4 1447/5/4
f 3939/2/4 746/6/4 1399/7/4
f 3939/2/4 745/8/4 1446/3/4
f 805/1/3 3940/2/3 2505/3/3
f 817/4/3 3940/2/3 1448/5/3
f 1446/9/3 2463/7/3 3940/2/3
f 3940/2/3 731/8/3 2505/3/3
f 2508/5/1 2920/3/1 735/1/1
f 807/4/1 3941/2/1 2508/5/1
f 1959/9/1 2945/7/1 3941/2/1
f 2920/3/1 2945/7/1 732/8/1
f 1960/5/4 1958/3/4 818/1/4
f 819/4/4 3942/2/4 1960/5/4
f 2513/9/4 1913/7/4 3942/2/4
f 1958/3/4 1913/7/4 746/8/4
f 807/1/5 3943/2/5 1959/3/5
f 2514/5/5 1960/9/5 3943/2/5
f 1960/9/5 1961/7/5 3943/2/5
f 3943/2/5 806/8/5 1959/3/5
f 2515/5/4 2513/3/4 819/1/4
f 820/4/4 3944/2/4 2515/5/4
f 3944/2/4 748/6/4 2465/7/4
f 3944/2/4 747/8/4 2513/3/4
f 806/1/1 3945/2/1 1438/3/1
f 810/4/1 3945/2/1 1962/5/1
f 1441/9/1 1449/7/1 3945/2/1
f 1438/3/1 1449/7/1 805/8/1
f 1451/5/4 1450/3/4 821/1/4
f 822/4/4 3946/2/4 1451/5/4
f 1963/9/4 1447/7/4 3946/2/4
f 1450/3/4 1447/7/4 817/8/4
f 809/1/3 3947/2/3 1449/3/3
f 1452/5/3 1450/9/3 3947/2/3
f 1450/9/3 1448/7/3 3947/2/3
f 3947/2/3 805/8/3 1449/3/3
f 1963/5/6 1961/3/6 818/1/6
f 1963/5/6 1964/9/6 3948/2/6
f 1964/9/6 1962/7/6 3948/2/6
f 3948/2/6 806/8/6 1961/3/6
f 2950/5/1 2506/3/1 808/1/1
f 2950/5/1 1444/9/1 3949/2/1
f 1444/9/1 2516/7/1 3949/2/1
f 3949/2/1 807/8/1 2506/3/1
f 2518/5/4 2517/3/4 823/1/4
f 2518/5/4 2951/9/4 3950/2/4
f 2951/9/4 2515/7/4 3950/2/4
f 2517/3/4 2515/7/4 819/8/4
f 813/1/3 3951/2/3 2516/3/3
f 1453/5/3 2517/9/3 3951/2/3
f 2517/9/3 2514/7/3 3951/2/3
f 3951/2/3 807/8/3 2516/3/3
f 825/1/4 3952/2/4 1454/3/4
f 826/4/4 3952/2/4 1455/5/4
f 3952/2/4 822/6/4 1451/7/4
f 3952/2/4 821/8/4 1454/3/4
f 812/1/5 3953/2/5 2509/3/5
f 826/4/5 3953/2/5 2952/5/5
f 1455/9/5 2519/7/5 3953/2/5
f 3953/2/5 811/8/5 2509/3/5
f 811/1/3 3954/2/3 1443/3/3
f 825/4/3 3954/2/3 2519/5/3
f 3954/2/3 821/6/3 1452/7/3
f 3954/2/3 809/8/3 1443/3/3
f 813/1/1 3955/2/1 1966/3/1
f 815/4/1 3955/2/1 1445/5/1
f 2953/9/1 1957/7/1 3955/2/1
f 3955/2/1 810/8/1 1966/3/1
f 1967/5/4 1965/3/4 826/1/4
f 1967/5/4 2520/9/4 3956/2/4
f 3956/2/4 823/6/4 1968/7/4
f 3956/2/4 822/8/4 1965/3/4
f 1968/5/2 1964/3/2 822/1/2
f 1968/5/2 1453/9/2 3957/2/2
f 3957/2/2 813/6/2 1966/7/2
f 3957/2/2 810/8/2 1964/3/2
f 815/1/5 3958/2/5 2953/3/5
f 827/4/5 3958/2/5 2521/5/5
f 1967/9/5 2952/7/5 3958/2/5
f 3958/2/5 812/8/5 2953/3/5
f 2522/5/4 2520/3/4 827/1/4
f 828/4/4 3959/2/4 2522/5/4
f 3959/2/4 824/6/4 2518/7/4
f 3959/2/4 823/8/4 2520/3/4
f 816/1/5 3960/2/5 2511/3/5
f 828/4/5 3960/2/5 2955/5/5
f 2522/9/5 2521/7/5 3960/2/5
f 3960/2/5 815/8/5 2511/3/5
f 1969/5/1 2523/3/1 830/1/1
f 832/4/1 3961/2/1 1969/5/1
f 2956/9/1 2327/7/1 3961/2/1
f 3961/2/1 519/8/1 2523/3/1
f 2957/5/2 2448/3/2 724/1/2
f 829/4/2 3962/2/2 2957/5/2
f 1456/9/2 2523/7/2 3962/2/2
f 3962/2/2 519/8/2 2448/3/2
f 1971/5/1 1970/3/1 834/1/1
f 836/4/1 3963/2/1 1971/5/1
f 2958/9/1 1969/7/1 3963/2/1
f 3963/2/1 830/8/1 1970/3/1
f 2524/5/4 1457/3/4 831/1/4
f 835/4/4 3964/2/4 2524/5/4
f 1458/9/4 1459/7/4 3964/2/4
f 3964/2/4 829/8/4 1457/3/4
f 1459/5/2 1456/3/2 829/1/2
f 833/4/2 3965/2/2 1459/5/2
f 1460/9/2 1970/7/2 3965/2/2
f 3965/2/2 830/8/2 1456/3/2
f 2525/5/5 2958/3/5 836/1/5
f 835/4/5 3966/2/5 2525/5/5
f 2524/9/5 2526/7/5 3966/2/5
f 3966/2/5 832/8/5 2958/3/5
f 1274/5/1 1461/3/1 561/1/1
f 563/4/1 3967/2/1 1274/5/1
f 2527/9/1 1971/7/1 3967/2/1
f 3967/2/1 834/8/1 1461/3/1
f 1462/5/2 1460/3/2 833/1/2
f 765/4/2 3968/2/2 1462/5/2
f 1412/9/2 1461/7/2 3968/2/2
f 3968/2/2 834/8/2 1460/3/2
f 2959/5/1 2956/3/1 832/1/1
f 2959/5/1 2960/9/1 3969/2/1
f 2960/9/1 2809/7/1 3969/2/1
f 3969/2/1 520/8/1 2956/3/1
f 2961/5/4 2943/3/4 800/1/4
f 838/4/4 3970/2/4 2961/5/4
f 2528/9/4 2962/7/4 3970/2/4
f 3970/2/4 796/8/4 2943/3/4
f 2528/5/6 2526/3/6 831/1/6
f 2528/5/6 1972/9/6 3971/2/6
f 1972/9/6 2959/7/6 3971/2/6
f 3971/2/6 832/8/6 2526/3/6
f 2355/5/1 2527/3/1 563/1/1
f 2355/5/1 1463/9/1 3972/2/1
f 1463/9/1 2963/7/1 3972/2/1
f 3972/2/1 836/8/1 2527/3/1
f 1464/5/4 2529/3/4 841/1/4
f 1464/5/4 1465/9/4 3973/2/4
f 1465/9/4 2530/7/4 3973/2/4
f 3973/2/4 835/8/4 2529/3/4
f 2964/5/3 2963/3/3 840/1/3
f 2964/5/3 2529/9/3 3974/2/3
f 2529/9/3 2525/7/3 3974/2/3
f 3974/2/3 836/8/3 2963/3/3
f 839/1/1 3975/2/1 2960/3/1
f 844/4/1 3975/2/1 2531/5/1
f 2965/9/1 2813/7/1 3975/2/1
f 3975/2/1 524/8/1 2960/3/1
f 2532/5/5 2965/3/5 844/1/5
f 843/4/5 3976/2/5 2532/5/5
f 2966/9/5 2944/7/5 3976/2/5
f 3976/2/5 528/8/5 2965/3/5
f 840/1/1 3977/2/1 2533/3/1
f 846/4/1 3977/2/1 2967/5/1
f 2968/9/1 2531/7/1 3977/2/1
f 3977/2/1 839/8/1 2533/3/1
f 2534/5/4 1973/3/4 843/1/4
f 845/4/4 3978/2/4 2534/5/4
f 3978/2/4 841/6/4 1974/7/4
f 3978/2/4 838/8/4 1973/3/4
f 1974/5/2 1972/3/2 838/1/2
f 841/4/2 3979/2/2 1974/5/2
f 2964/9/2 2533/7/2 3979/2/2
f 3979/2/2 839/8/2 1972/3/2
f 1467/5/5 2968/3/5 846/1/5
f 845/4/5 3980/2/5 1467/5/5
f 2534/9/5 2532/7/5 3980/2/5
f 3980/2/5 844/8/5 2968/3/5
f 569/1/1 3981/2/1 1463/3/1
f 573/4/1 3981/2/1 1280/5/1
f 1468/9/1 2967/7/1 3981/2/1
f 3981/2/1 840/8/1 1463/3/1
f 1469/5/5 1468/3/5 573/1/5
f 847/4/5 3982/2/5 1469/5/5
f 1470/9/5 1467/7/5 3982/2/5
f 3982/2/5 846/8/5 1468/3/5
f 2969/5/2 2915/3/2 736/1/2
f 848/4/2 3983/2/2 2969/5/2
f 1471/9/2 2957/7/2 3983/2/2
f 3983/2/2 724/8/2 2915/3/2
f 2535/5/5 2962/3/5 831/1/5
f 2535/5/5 2970/9/5 3984/2/5
f 2970/9/5 2946/7/5 3984/2/5
f 3984/2/5 796/8/5 2962/3/5
f 2971/5/6 1471/3/6 848/1/6
f 2971/5/6 2535/9/6 3985/2/6
f 2535/9/6 1457/7/6 3985/2/6
f 3985/2/6 829/8/6 1471/3/6
f 2536/5/2 1472/3/2 850/1/2
f 2536/5/2 1417/9/2 3986/2/2
f 1417/9/2 1462/7/2 3986/2/2
f 3986/2/2 833/8/2 1472/3/2
f 1473/5/5 2530/3/5 837/1/5
f 1473/5/5 2537/9/5 3987/2/5
f 2537/9/5 2538/7/5 3987/2/5
f 3987/2/5 835/8/5 2530/3/5
f 2538/5/3 1458/3/3 835/1/3
f 2538/5/3 1975/9/3 3988/2/3
f 1975/9/3 1472/7/3 3988/2/3
f 3988/2/3 833/8/3 1458/3/3
f 1976/5/2 2947/3/2 814/1/2
f 853/4/2 3989/2/2 1976/5/2
f 1977/9/2 2961/7/2 3989/2/2
f 3989/2/2 800/8/2 2947/3/2
f 2539/5/5 2966/3/5 843/1/5
f 2539/5/5 2972/9/5 3990/2/5
f 2972/9/5 2948/7/5 3990/2/5
f 3990/2/5 804/8/5 2966/3/5
f 853/1/6 3991/2/6 1977/3/6
f 1474/5/6 2539/9/6 3991/2/6
f 2539/9/6 1973/7/6 3991/2/6
f 3991/2/6 838/8/6 1977/3/6
f 2540/5/2 1475/3/2 855/1/2
f 2540/5/2 1978/9/2 3992/2/2
f 1978/9/2 1464/7/2 3992/2/2
f 3992/2/2 841/8/2 1475/3/2
f 2541/5/5 1470/3/5 847/1/5
f 2541/5/5 1476/9/5 3993/2/5
f 1476/9/5 1477/7/5 3993/2/5
f 3993/2/5 845/8/5 1470/3/5
f 1477/5/3 1466/3/3 845/1/3
f 1477/5/3 2542/9/3 3994/2/3
f 2542/9/3 1475/7/3 3994/2/3
f 3994/2/3 841/8/3 1466/3/3
f 2973/5/4 2949/3/4 820/1/4
f 860/4/4 3995/2/4 2973/5/4
f 2543/9/4 2974/7/4 3995/2/4
f 3995/2/4 748/8/4 2949/3/4
f 2974/5/2 2922/3/2 748/1/2
f 859/4/2 3996/2/2 2974/5/2
f 3996/2/2 848/6/2 2969/7/2
f 3996/2/2 736/8/2 2922/3/2
f 1975/5/1 2976/3/1 850/1/1
f 851/4/1 3997/2/1 1975/5/1
f 1478/9/1 2971/7/1 3997/2/1
f 3997/2/1 848/8/1 2976/3/1
f 2977/5/4 2543/3/4 860/1/4
f 862/4/4 3998/2/4 2977/5/4
f 1479/9/4 2544/7/4 3998/2/4
f 3998/2/4 859/8/4 2543/3/4
f 2544/5/2 2975/3/2 859/1/2
f 861/4/2 3999/2/2 2544/5/2
f 3999/2/2 850/6/2 2976/7/2
f 3999/2/2 848/8/2 2975/3/2
f 851/1/5 4000/2/5 1478/3/5
f 862/4/5 4000/2/5 2545/5/5
f 2977/9/5 1480/7/5 4000/2/5
f 4000/2/5 849/8/5 1478/3/5
f 1980/5/4 1479/3/4 862/1/4
f 863/4/4 4001/2/4 1980/5/4
f 1481/9/4 1482/7/4 4001/2/4
f 4001/2/4 861/8/4 1479/3/4
f 861/1/2 4002/2/2 1979/3/2
f 789/4/2 4002/2/2 1482/5/2
f 4002/2/2 775/6/2 2536/7/2
f 4002/2/2 850/8/2 1979/3/2
f 1483/5/1 2970/3/1 849/1/1
f 1483/5/1 1976/9/1 4003/2/1
f 1976/9/1 2950/7/1 4003/2/1
f 4003/2/1 808/8/1 2970/3/1
f 2978/5/4 2951/3/4 824/1/4
f 864/4/4 4004/2/4 2978/5/4
f 2979/9/4 2973/7/4 4004/2/4
f 4004/2/4 820/8/4 2951/3/4
f 2979/5/6 1480/3/6 860/1/6
f 2979/5/6 1484/9/6 4005/2/6
f 1484/9/6 1483/7/6 4005/2/6
f 4005/2/6 849/8/6 1480/3/6
f 2980/5/1 2537/3/1 852/1/1
f 2980/5/1 2540/9/1 4006/2/1
f 2540/9/1 2546/7/1 4006/2/1
f 4006/2/1 851/8/1 2537/3/1
f 1485/5/4 1981/3/4 865/1/4
f 1485/5/4 2547/9/4 4007/2/4
f 2547/9/4 1980/7/4 4007/2/4
f 4007/2/4 862/8/4 1981/3/4
f 855/1/3 4008/2/3 2546/3/3
f 2548/5/3 1981/9/3 4008/2/3
f 1981/9/3 2545/7/3 4008/2/3
f 4008/2/3 851/8/3 2546/3/3
f 2981/5/4 2954/3/4 828/1/4
f 867/4/4 4009/2/4 2981/5/4
f 4009/2/4 864/6/4 2978/7/4
f 4009/2/4 824/8/4 2954/3/4
f 854/1/5 4010/2/5 2972/3/5
f 867/4/5 4010/2/5 1982/5/5
f 2981/9/5 2955/7/5 4010/2/5
f 4010/2/5 816/8/5 2972/3/5
f 855/1/1 4011/2/1 1486/3/1
f 857/4/1 4011/2/1 2542/5/1
f 1983/9/1 1474/7/1 4011/2/1
f 4011/2/1 853/8/1 1486/3/1
f 2549/5/4 2982/3/4 867/1/4
f 868/4/4 4012/2/4 2549/5/4
f 4012/2/4 865/6/4 2983/7/4
f 4012/2/4 864/8/4 2982/3/4
f 2983/5/2 1484/3/2 864/1/2
f 865/4/2 4013/2/2 2983/5/2
f 4013/2/2 855/6/2 1486/7/2
f 4013/2/2 853/8/2 1484/3/2
f 857/1/5 4014/2/5 1983/3/5
f 868/4/5 4014/2/5 1488/5/5
f 2549/9/5 1982/7/5 4014/2/5
f 4014/2/5 854/8/5 1983/3/5
f 2984/5/4 1487/3/4 868/1/4
f 869/4/4 4015/2/4 2984/5/4
f 4015/2/4 866/6/4 1485/7/4
f 4015/2/4 865/8/4 1487/3/4
f 858/1/5 4016/2/5 1476/3/5
f 1985/5/5 2984/9/5 4016/2/5
f 2984/9/5 1488/7/5 4016/2/5
f 4016/2/5 857/8/5 1476/3/5
f 1987/5/4 1986/3/4 870/1/4
f 1987/5/4 2550/9/4 4017/2/4
f 2550/9/4 1925/7/4 4017/2/4
f 4017/2/4 766/8/4 1986/3/4
f 1988/5/5 2828/3/5 566/1/5
f 1988/5/5 1987/9/5 4018/2/5
f 1987/9/5 2985/7/5 4018/2/5
f 4018/2/5 564/8/5 2828/3/5
f 2986/5/6 2479/3/6 768/1/6
f 872/4/6 4019/2/6 2986/5/6
f 2987/9/6 2353/7/6 4019/2/6
f 4019/2/6 567/8/6 2479/3/6
f 1989/5/4 1465/3/4 842/1/4
f 1989/5/4 1990/9/4 4020/2/4
f 1990/9/4 1489/7/4 4020/2/4
f 4020/2/4 837/8/4 1465/3/4
f 1990/5/6 2985/3/6 870/1/6
f 1990/5/6 1991/9/6 4021/2/6
f 1991/9/6 2832/7/6 4021/2/6
f 4021/2/6 564/8/6 2985/3/6
f 874/1/4 4022/2/4 2551/3/4
f 1992/5/4 2988/9/4 4022/2/4
f 2988/9/4 2552/7/4 4022/2/4
f 4022/2/4 871/8/4 2551/3/4
f 2553/5/3 1806/3/3 571/1/3
f 2553/5/3 2551/9/3 4023/2/3
f 2551/9/3 1988/7/3 4023/2/3
f 4023/2/3 566/8/3 1806/3/3
f 2988/5/6 2987/3/6 872/1/6
f 2988/5/6 2989/9/6 4024/2/6
f 2989/9/6 2834/7/6 4024/2/6
f 4024/2/6 568/8/6 2987/3/6
f 1993/5/5 1279/3/5 574/1/5
f 876/4/5 4025/2/5 1993/5/5
f 2554/9/5 1469/7/5 4025/2/5
f 4025/2/5 573/8/5 1279/3/5
f 2990/5/4 1490/3/4 876/1/4
f 2990/5/4 1994/9/4 4026/2/4
f 1994/9/4 1491/7/4 4026/2/4
f 4026/2/4 873/8/4 1490/3/4
f 1491/5/2 1991/3/2 873/1/2
f 1491/5/2 2553/9/2 4027/2/2
f 2553/9/2 1809/7/2 4027/2/2
f 4027/2/2 570/8/2 1991/3/2
f 2555/5/5 1810/3/5 575/1/5
f 2555/5/5 2990/9/5 4028/2/5
f 2990/9/5 1993/7/5 4028/2/5
f 4028/2/5 574/8/5 1810/3/5
f 2991/5/5 2359/3/5 576/1/5
f 878/4/5 4029/2/5 2991/5/5
f 4029/2/5 877/6/5 2555/7/5
f 4029/2/5 575/8/5 2359/3/5
f 875/1/6 4030/2/6 2989/3/6
f 878/4/6 4030/2/6 2556/5/6
f 2991/9/6 2838/7/6 4030/2/6
f 4030/2/6 572/8/6 2989/3/6
f 1995/5/5 1489/3/5 870/1/5
f 1995/5/5 2992/9/5 4031/2/5
f 2992/9/5 1473/7/5 4031/2/5
f 4031/2/5 837/8/5 1489/3/5
f 2993/5/6 1930/3/6 776/1/6
f 2993/5/6 1995/9/6 4032/2/6
f 1995/9/6 1986/7/6 4032/2/6
f 4032/2/6 766/8/6 1930/3/6
f 2994/5/5 2552/3/5 872/1/5
f 2994/5/5 2995/9/5 4033/2/5
f 2995/9/5 2557/7/5 4033/2/5
f 4033/2/5 871/8/5 2552/3/5
f 2557/5/3 2550/3/3 871/1/3
f 2557/5/3 2558/9/3 4034/2/3
f 2558/9/3 2486/7/3 4034/2/3
f 4034/2/3 767/8/3 2550/3/3
f 2996/5/6 2933/3/6 780/1/6
f 2996/5/6 2994/9/6 4035/2/6
f 2994/9/6 2986/7/6 4035/2/6
f 4035/2/6 768/8/6 2933/3/6
f 2997/5/2 1978/3/2 856/1/2
f 2997/5/2 1493/9/2 4036/2/2
f 1493/9/2 1989/7/2 4036/2/2
f 4036/2/2 842/8/2 1978/3/2
f 2998/5/5 2554/3/5 876/1/5
f 2998/5/5 1996/9/5 4037/2/5
f 1996/9/5 2541/7/5 4037/2/5
f 4037/2/5 847/8/5 2554/3/5
f 882/1/6 4038/2/6 1493/3/6
f 1997/5/6 2998/9/6 4038/2/6
f 2998/9/6 1490/7/6 4038/2/6
f 4038/2/6 873/8/6 1493/3/6
f 884/1/2 4039/2/2 1998/3/2
f 2999/5/2 2559/9/2 4039/2/2
f 2559/9/2 1992/7/2 4039/2/2
f 4039/2/2 874/8/2 1998/3/2
f 1999/5/5 1492/3/5 878/1/5
f 1999/5/5 2000/9/5 4040/2/5
f 2000/9/5 1494/7/5 4040/2/5
f 4040/2/5 877/8/5 1492/3/5
f 1494/5/3 1994/3/3 877/1/3
f 1494/5/3 3000/9/3 4041/2/3
f 3000/9/3 1998/7/3 4041/2/3
f 4041/2/3 874/8/3 1994/3/3
f 885/1/6 4042/2/6 2559/3/6
f 1495/5/6 1999/9/6 4042/2/6
f 1999/9/6 2556/7/6 4042/2/6
f 4042/2/6 875/8/6 2559/3/6
f 2560/5/4 1481/3/4 863/1/4
f 888/4/4 4043/2/4 2560/5/4
f 2001/9/4 1429/7/4 4043/2/4
f 4043/2/4 789/8/4 1481/3/4
f 2558/5/1 2939/3/1 779/1/1
f 2558/5/1 2561/9/1 4044/2/1
f 2561/9/1 2993/7/1 4044/2/1
f 4044/2/1 776/8/1 2939/3/1
f 3001/5/4 2001/3/4 888/1/4
f 3001/5/4 2562/9/4 4045/2/4
f 2562/9/4 1943/7/4 4045/2/4
f 4045/2/4 790/8/4 2001/3/4
f 880/1/5 4046/2/5 2561/3/5
f 3002/5/5 3001/9/5 4046/2/5
f 3001/9/5 2563/7/5 4046/2/5
f 4046/2/5 879/8/5 2561/3/5
f 889/1/4 4047/2/4 2562/3/4
f 890/4/4 4047/2/4 1496/5/4
f 3003/9/4 2495/7/4 4047/2/4
f 4047/2/4 791/8/4 2562/3/4
f 3003/5/6 2941/3/6 792/1/6
f 890/4/6 4048/2/6 3003/5/6
f 4048/2/6 881/6/6 2996/7/6
f 4048/2/6 780/8/6 2941/3/6
f 2564/5/1 2992/3/1 879/1/1
f 2564/5/1 2997/9/1 4049/2/1
f 2997/9/1 2980/7/1 4049/2/1
f 4049/2/1 852/8/1 2992/3/1
f 2002/5/4 2547/3/4 866/1/4
f 2002/5/4 3004/9/4 4050/2/4
f 3004/9/4 2560/7/4 4050/2/4
f 4050/2/4 863/8/4 2547/3/4
f 3004/5/6 2563/3/6 888/1/6
f 3004/5/6 2003/9/6 4051/2/6
f 2003/9/6 2564/7/6 4051/2/6
f 4051/2/6 879/8/6 2563/3/6
f 1498/5/1 2995/3/1 881/1/1
f 1498/5/1 2999/9/1 4052/2/1
f 4052/2/1 884/6/1 3005/7/1
f 4052/2/1 880/8/1 2995/3/1
f 892/1/4 4053/2/4 1499/3/4
f 3006/5/4 2004/9/4 4053/2/4
f 2004/9/4 1496/7/4 4053/2/4
f 4053/2/4 889/8/4 1499/3/4
f 884/1/3 4054/2/3 3005/3/3
f 3007/5/3 1499/9/3 4054/2/3
f 1499/9/3 3002/7/3 4054/2/3
f 4054/2/3 880/8/3 3005/3/3
f 2004/5/6 1497/3/6 890/1/6
f 2004/5/6 1500/9/6 4055/2/6
f 1500/9/6 1498/7/6 4055/2/6
f 4055/2/6 881/8/6 1497/3/6
f 1501/5/4 1984/3/4 869/1/4
f 894/4/4 4056/2/4 1501/5/4
f 4056/2/4 891/6/4 2002/7/4
f 4056/2/4 866/8/4 1984/3/4
f 883/1/5 4057/2/5 1996/3/5
f 894/4/5 4057/2/5 2566/5/5
f 1501/9/5 1985/7/5 4057/2/5
f 4057/2/5 858/8/5 1996/3/5
f 884/1/1 4058/2/1 2005/3/1
f 3000/5/1 2567/9/1 4058/2/1
f 2567/9/1 1997/7/1 4058/2/1
f 4058/2/1 882/8/1 2005/3/1
f 2006/5/4 2565/3/4 894/1/4
f 2006/5/4 3008/9/4 4059/2/4
f 3008/9/4 2568/7/4 4059/2/4
f 4059/2/4 891/8/4 2565/3/4
f 2568/5/2 2003/3/2 891/1/2
f 2568/5/2 3007/9/2 4060/2/2
f 4060/2/2 884/6/2 2005/7/2
f 4060/2/2 882/8/2 2003/3/2
f 886/1/5 4061/2/5 2567/3/5
f 2007/5/5 2006/9/5 4061/2/5
f 2006/9/5 2566/7/5 4061/2/5
f 4061/2/5 883/8/5 2567/3/5
f 895/1/4 4062/2/4 3008/3/4
f 2569/5/4 1502/9/4 4062/2/4
f 4062/2/4 893/6/4 3006/7/4
f 4062/2/4 892/8/4 3008/3/4
f 887/1/5 4063/2/5 2000/3/5
f 2570/5/5 2569/9/5 4063/2/5
f 4063/2/5 895/6/5 2007/7/5
f 4063/2/5 886/8/5 2000/3/5
f 893/1/6 4064/2/6 1500/3/6
f 1502/5/6 2570/9/6 4064/2/6
f 4064/2/6 887/6/6 1495/7/6
f 4064/2/6 885/8/6 1500/3/6
f 4/1/1 2571/5/1 3009/2/1
f 8/4/1 898/9/1 3009/2/1
f 3009/2/1 898/9/1 5/6/1
f 3009/2/1 899/7/1 1/8/1
f 2/1/2 1503/5/2 3010/2/2
f 3/4/2 2008/9/2 3010/2/2
f 3010/2/2 2008/9/2 4/6/2
f 900/3/2 3010/2/2 897/7/2
f 5/1/3 901/5/3 3011/2/3
f 6/4/3 1504/9/3 3011/2/3
f 1504/9/3 2/6/3 900/7/3
f 3011/2/3 900/7/3 1/8/3
f 1505/5/1 3012/2/1 2572/3/1
f 12/4/1 2573/9/1 3012/2/1
f 2573/9/1 8/6/1 2571/7/1
f 2572/3/1 3012/2/1 2571/7/1
f 7/1/4 2010/5/4 3013/2/4
f 11/4/4 902/9/4 3013/2/4
f 902/9/4 9/6/4 2011/7/4
f 2009/3/4 3013/2/4 2011/7/4
f 3/1/2 2011/5/2 3014/2/2
f 9/4/2 903/9/2 3014/2/2
f 903/9/2 10/6/2 2572/7/2
f 2008/3/2 3014/2/2 2572/7/2
f 12/1/5 2012/5/5 3015/2/5
f 11/4/5 2010/9/5 3015/2/5
f 2010/9/5 7/6/5 2013/7/5
f 2573/3/5 3015/2/5 2013/7/5
f 1507/5/1 3016/2/1 1506/3/1
f 16/4/1 2574/9/1 3016/2/1
f 3016/2/1 2574/9/1 12/6/1
f 3016/2/1 1505/7/1 10/8/1
f 9/1/2 904/5/2 3017/2/2
f 13/4/2 905/9/2 3017/2/2
f 905/9/2 14/6/2 1506/7/2
f 903/3/2 3017/2/2 1506/7/2
f 8/1/1 2575/5/1 3018/2/1
f 20/4/1 906/9/1 3018/2/1
f 906/9/1 17/6/1 907/7/1
f 898/3/1 3018/2/1 907/7/1
f 18/1/4 1509/5/4 3019/2/4
f 19/4/4 2014/9/4 3019/2/4
f 2014/9/4 7/6/4 1510/7/4
f 1508/3/4 3019/2/4 1510/7/4
f 17/1/3 908/5/3 3020/2/3
f 18/4/3 1508/9/3 3020/2/3
f 1508/9/3 6/6/3 901/7/3
f 907/3/3 3020/2/3 901/7/3
f 7/1/6 2014/5/6 3021/2/6
f 19/4/6 2015/9/6 3021/2/6
f 2015/9/6 20/6/6 2575/7/6
f 2013/3/6 3021/2/6 2575/7/6
f 2576/5/1 3022/2/1 2574/3/1
f 24/4/1 909/9/1 3022/2/1
f 909/9/1 21/6/1 2577/7/1
f 2574/3/1 3022/2/1 2577/7/1
f 1511/5/4 3023/2/4 2016/3/4
f 23/4/4 2017/9/4 3023/2/4
f 2017/9/4 15/6/4 2018/7/4
f 2016/3/4 3023/2/4 2018/7/4
f 21/1/3 910/5/3 3024/2/3
f 22/4/3 2016/9/3 3024/2/3
f 2016/9/3 11/6/3 2012/7/3
f 2577/3/3 3024/2/3 2012/7/3
f 20/1/1 2578/5/1 3025/2/1
f 28/4/1 911/9/1 3025/2/1
f 911/9/1 25/6/1 912/7/1
f 906/3/1 3025/2/1 912/7/1
f 913/5/3 3026/2/3 912/3/3
f 26/4/3 1512/9/3 3026/2/3
f 3026/2/3 1512/9/3 18/6/3
f 3026/2/3 908/7/3 17/8/3
f 914/5/1 3027/2/1 2579/3/1
f 30/4/1 2580/9/1 3027/2/1
f 2580/9/1 28/6/1 2578/7/1
f 2579/3/1 3027/2/1 2578/7/1
f 2020/5/4 3028/2/4 2019/3/4
f 29/4/4 1513/9/4 3028/2/4
f 1513/9/4 22/6/4 2021/7/4
f 2019/3/4 3028/2/4 2021/7/4
f 19/1/2 2021/5/2 3029/2/2
f 22/4/2 910/9/2 3029/2/2
f 910/9/2 21/6/2 2579/7/2
f 2015/3/2 3029/2/2 2579/7/2
f 2581/5/1 3030/2/1 909/3/1
f 32/4/1 1514/9/1 3030/2/1
f 3030/2/1 1514/9/1 30/6/1
f 3030/2/1 914/7/1 21/8/1
f 33/1/2 915/5/2 3031/2/2
f 34/4/2 2022/9/2 3031/2/2
f 2022/9/2 3/6/2 1503/7/2
f 1515/3/2 3031/2/2 1503/7/2
f 7/1/5 2023/5/5 3032/2/5
f 36/4/5 2024/9/5 3032/2/5
f 2024/9/5 35/6/5 1516/7/5
f 1510/3/5 3032/2/5 1516/7/5
f 6/1/3 1516/5/3 3033/2/3
f 35/4/3 916/9/3 3033/2/3
f 916/9/3 33/6/3 1515/7/3
f 1504/3/3 3033/2/3 1515/7/3
f 34/1/6 1517/5/6 3034/2/6
f 36/4/6 2023/9/6 3034/2/6
f 2023/9/6 7/6/6 2009/7/6
f 2022/3/6 3034/2/6 2009/7/6
f 918/5/2 3035/2/2 917/3/2
f 38/4/2 919/9/2 3035/2/2
f 919/9/2 13/6/2 904/7/2
f 917/3/2 3035/2/2 904/7/2
f 2025/5/5 3036/2/5 2018/3/5
f 40/4/5 2026/9/5 3036/2/5
f 2026/9/5 39/6/5 2027/7/5
f 2018/3/5 3036/2/5 2027/7/5
f 11/1/3 2027/5/3 3037/2/3
f 39/4/3 920/9/3 3037/2/3
f 920/9/3 37/6/3 917/7/3
f 902/3/3 3037/2/3 917/7/3
f 41/1/2 921/5/2 3038/2/2
f 42/4/2 2028/9/2 3038/2/2
f 2028/9/2 19/6/2 1509/7/2
f 1518/3/2 3038/2/2 1509/7/2
f 1519/5/3 3039/2/3 1512/3/3
f 43/4/3 922/9/3 3039/2/3
f 922/9/3 41/6/3 1518/7/3
f 1512/3/3 3039/2/3 1518/7/3
f 1520/5/6 3040/2/6 2028/3/6
f 44/4/6 2029/9/6 3040/2/6
f 2029/9/6 27/6/6 2019/7/6
f 2028/3/6 3040/2/6 2019/7/6
f 923/5/2 3041/2/2 1521/3/2
f 46/4/2 2030/9/2 3041/2/2
f 2030/9/2 23/6/2 1511/7/2
f 1521/3/2 3041/2/2 1511/7/2
f 924/5/3 3042/2/3 1513/3/3
f 47/4/3 925/9/3 3042/2/3
f 925/9/3 45/6/3 1521/7/3
f 1513/3/3 3042/2/3 1521/7/3
f 49/1/2 927/5/2 3043/2/2
f 50/4/2 1522/9/2 3043/2/2
f 3043/2/2 1522/9/2 34/6/2
f 3043/2/2 915/7/2 33/8/2
f 35/1/3 2031/5/3 3044/2/3
f 51/4/3 928/9/3 3044/2/3
f 928/9/3 49/6/3 926/7/3
f 916/3/3 3044/2/3 926/7/3
f 920/5/1 3045/2/1 1523/3/1
f 39/4/1 2582/9/1 3045/2/1
f 2582/9/1 36/6/1 1517/7/1
f 1523/3/1 3045/2/1 1517/7/1
f 1524/5/2 3046/2/2 1522/3/2
f 53/4/2 929/9/2 3046/2/2
f 929/9/2 37/6/2 1523/7/2
f 1522/3/2 3046/2/2 1523/7/2
f 2032/5/5 3047/2/5 2582/3/5
f 54/4/5 2583/9/5 3047/2/5
f 2583/9/5 52/6/5 2584/7/5
f 2582/3/5 3047/2/5 2584/7/5
f 930/5/2 3048/2/2 929/3/2
f 55/4/2 1525/9/2 3048/2/2
f 3048/2/2 1525/9/2 38/6/2
f 3048/2/2 918/7/2 37/8/2
f 36/1/1 2585/5/1 3049/2/1
f 42/4/1 921/9/1 3049/2/1
f 921/9/1 41/6/1 2033/7/1
f 2024/3/1 3049/2/1 2033/7/1
f 931/5/3 3050/2/3 2033/3/3
f 57/4/3 2034/9/3 3050/2/3
f 2034/9/3 51/6/3 2031/7/3
f 2033/3/3 3050/2/3 2031/7/3
f 2586/5/6 3051/2/6 2584/3/6
f 58/4/6 1526/9/6 3051/2/6
f 1526/9/6 42/6/6 2585/7/6
f 2584/3/6 3051/2/6 2585/7/6
f 2587/5/1 3052/2/1 2026/3/1
f 46/4/1 923/9/1 3052/2/1
f 923/9/1 45/6/1 2035/7/1
f 2026/3/1 3052/2/1 2035/7/1
f 932/5/3 3053/2/3 2035/3/3
f 59/4/3 1527/9/3 3053/2/3
f 1527/9/3 54/6/3 2032/7/3
f 2035/3/3 3053/2/3 2032/7/3
f 2036/5/3 3054/2/3 922/3/3
f 61/4/3 933/9/3 3054/2/3
f 3054/2/3 933/9/3 57/6/3
f 3054/2/3 931/7/3 41/8/3
f 925/5/1 3055/2/1 1528/3/1
f 47/4/1 2588/9/1 3055/2/1
f 2588/9/1 44/6/1 1520/7/1
f 1528/3/1 3055/2/1 1520/7/1
f 1529/5/2 3056/2/2 1526/3/2
f 59/4/2 932/9/2 3056/2/2
f 932/9/2 45/6/2 1528/7/2
f 1526/3/2 3056/2/2 1528/7/2
f 66/1/1 1531/5/1 3057/2/1
f 68/4/1 2589/9/1 3057/2/1
f 2589/9/1 16/6/1 1507/7/1
f 3057/2/1 1507/7/1 14/8/1
f 13/1/2 934/5/2 3058/2/2
f 65/4/2 935/9/2 3058/2/2
f 935/9/2 66/6/2 1530/7/2
f 905/3/2 3058/2/2 1530/7/2
f 1533/5/1 3059/2/1 1532/3/1
f 72/4/1 2590/9/1 3059/2/1
f 3059/2/1 2590/9/1 68/6/1
f 3059/2/1 1531/7/1 66/8/1
f 67/1/4 2037/5/4 3060/2/4
f 71/4/4 937/9/4 3060/2/4
f 937/9/4 69/6/4 938/7/4
f 3060/2/4 938/7/4 65/8/4
f 65/1/2 938/5/2 3061/2/2
f 69/4/2 939/9/2 3061/2/2
f 939/9/2 70/6/2 1532/7/2
f 3061/2/2 1532/7/2 66/8/2
f 2038/5/5 3062/2/5 2590/3/5
f 71/4/5 2037/9/5 3062/2/5
f 3062/2/5 2037/9/5 67/6/5
f 3062/2/5 2039/7/5 68/8/5
f 74/1/1 1535/5/1 3063/2/1
f 76/4/1 2591/9/1 3063/2/1
f 3063/2/1 2591/9/1 72/6/1
f 3063/2/1 1533/7/1 70/8/1
f 69/1/2 940/5/2 3064/2/2
f 73/4/2 941/9/2 3064/2/2
f 941/9/2 74/6/2 1534/7/2
f 3064/2/2 1534/7/2 70/8/2
f 2592/5/1 3065/2/1 2589/3/1
f 78/4/1 2593/9/1 3065/2/1
f 2593/9/1 24/6/1 2576/7/1
f 2589/3/1 3065/2/1 2576/7/1
f 2040/5/4 3066/2/4 2017/3/4
f 77/4/4 2041/9/4 3066/2/4
f 2041/9/4 67/6/4 2042/7/4
f 2017/3/4 3066/2/4 2042/7/4
f 67/1/6 2041/5/6 3067/2/6
f 77/4/6 942/9/6 3067/2/6
f 942/9/6 78/6/6 2592/7/6
f 2039/3/6 3067/2/6 2592/7/6
f 2594/5/1 3068/2/1 2591/3/1
f 82/4/1 2043/9/1 3068/2/1
f 2043/9/1 79/6/1 2595/7/1
f 3068/2/1 2595/7/1 72/8/1
f 2596/5/4 3069/2/4 2044/3/4
f 81/4/4 2045/9/4 3069/2/4
f 2045/9/4 75/6/4 2046/7/4
f 2044/3/4 3069/2/4 2046/7/4
f 79/1/3 2047/5/3 3070/2/3
f 80/4/3 2044/9/3 3070/2/3
f 2044/9/3 71/6/3 2038/7/3
f 2595/3/3 3070/2/3 2038/7/3
f 78/1/1 1536/5/1 3071/2/1
f 84/4/1 2597/9/1 3071/2/1
f 3071/2/1 2597/9/1 32/6/1
f 2593/3/1 3071/2/1 2581/7/1
f 84/1/5 2048/5/5 3072/2/5
f 83/4/5 2049/9/5 3072/2/5
f 2049/9/5 31/6/5 2050/7/5
f 3072/2/5 2050/7/5 32/8/5
f 2051/5/1 3073/2/1 1537/3/1
f 86/4/1 2598/9/1 3073/2/1
f 3073/2/1 2598/9/1 84/6/1
f 1537/3/1 3073/2/1 1536/7/1
f 2052/5/4 3074/2/4 943/3/4
f 85/4/4 2599/9/4 3074/2/4
f 2599/9/4 80/6/4 944/7/4
f 3074/2/4 944/7/4 77/8/4
f 77/1/2 944/5/2 3075/2/2
f 80/4/2 2047/9/2 3075/2/2
f 2047/9/2 79/6/2 1537/7/2
f 3075/2/2 1537/7/2 78/8/2
f 945/5/5 3076/2/5 2598/3/5
f 85/4/5 2052/9/5 3076/2/5
f 3076/2/5 2052/9/5 83/6/5
f 3076/2/5 2048/7/5 84/8/5
f 1538/5/1 3077/2/1 2043/3/1
f 88/4/1 1539/9/1 3077/2/1
f 3077/2/1 1539/9/1 86/6/1
f 3077/2/1 2051/7/1 79/8/1
f 2053/5/5 3078/2/5 1539/3/5
f 87/4/5 946/9/5 3078/2/5
f 3078/2/5 946/9/5 85/6/5
f 3078/2/5 945/7/5 86/8/5
f 1540/5/2 3079/2/2 919/3/2
f 89/4/2 947/9/2 3079/2/2
f 947/9/2 65/6/2 934/7/2
f 919/3/2 3079/2/2 934/7/2
f 2054/5/5 3080/2/5 2042/3/5
f 90/4/5 2600/9/5 3080/2/5
f 2600/9/5 40/6/5 2025/7/5
f 2042/3/5 3080/2/5 2025/7/5
f 89/1/6 948/5/6 3081/2/6
f 90/4/6 2054/9/6 3081/2/6
f 2054/9/6 67/6/6 936/7/6
f 947/3/6 3081/2/6 936/7/6
f 2055/5/2 3082/2/2 949/3/2
f 92/4/2 950/9/2 3082/2/2
f 950/9/2 73/6/2 940/7/2
f 949/3/2 3082/2/2 940/7/2
f 2056/5/5 3083/2/5 2046/3/5
f 94/4/5 951/9/5 3083/2/5
f 951/9/5 93/6/5 2057/7/5
f 3083/2/5 2057/7/5 71/8/5
f 71/1/3 2057/5/3 3084/2/3
f 93/4/3 2058/9/3 3084/2/3
f 2058/9/3 91/6/3 949/7/3
f 937/3/3 3084/2/3 949/7/3
f 1541/5/2 3085/2/2 2030/3/2
f 95/4/2 952/9/2 3085/2/2
f 952/9/2 77/6/2 2040/7/2
f 2030/3/2 3085/2/2 2040/7/2
f 2059/5/5 3086/2/5 2049/3/5
f 96/4/5 2601/9/5 3086/2/5
f 2601/9/5 48/6/5 2060/7/5
f 2049/3/5 3086/2/5 2060/7/5
f 2061/5/6 3087/2/6 952/3/6
f 96/4/6 2059/9/6 3087/2/6
f 2059/9/6 83/6/6 943/7/6
f 952/3/6 3087/2/6 943/7/6
f 953/5/2 3088/2/2 2602/3/2
f 98/4/2 954/9/2 3088/2/2
f 954/9/2 81/6/2 2596/7/2
f 2602/3/2 3088/2/2 2596/7/2
f 2062/5/5 3089/2/5 946/3/5
f 100/4/5 2063/9/5 3089/2/5
f 2063/9/5 99/6/5 955/7/5
f 3089/2/5 955/7/5 85/8/5
f 955/5/3 3090/2/3 2599/3/3
f 99/4/3 956/9/3 3090/2/3
f 956/9/3 97/6/3 2602/7/3
f 2599/3/3 3090/2/3 2602/7/3
f 56/1/4 2603/5/4 3091/2/4
f 102/4/4 957/9/4 3091/2/4
f 957/9/4 101/6/4 2065/7/4
f 3091/2/4 2065/7/4 55/8/4
f 2065/5/2 3092/2/2 1525/3/2
f 101/4/2 958/9/2 3092/2/2
f 958/9/2 89/6/2 1540/7/2
f 3092/2/2 1540/7/2 38/8/2
f 2058/5/1 3093/2/1 959/3/1
f 93/4/1 1542/9/1 3093/2/1
f 3093/2/1 1542/9/1 90/6/1
f 3093/2/1 948/7/1 89/8/1
f 102/1/4 1543/5/4 3094/2/4
f 104/4/4 2066/9/4 3094/2/4
f 2066/9/4 103/6/4 960/7/4
f 3094/2/4 960/7/4 101/8/4
f 960/5/2 3095/2/2 958/3/2
f 103/4/2 2067/9/2 3095/2/2
f 2067/9/2 91/6/2 959/7/2
f 3095/2/2 959/7/2 89/8/2
f 961/5/5 3096/2/5 1542/3/5
f 104/4/5 1543/9/5 3096/2/5
f 3096/2/5 1543/9/5 102/6/5
f 1542/3/5 3096/2/5 1544/7/5
f 104/1/4 2604/5/4 3097/2/4
f 106/4/4 962/9/4 3097/2/4
f 962/9/4 105/6/4 2068/7/4
f 3097/2/4 2068/7/4 103/8/4
f 2068/5/2 3098/2/2 2067/3/2
f 105/4/2 2605/9/2 3098/2/2
f 2605/9/2 92/6/2 2055/7/2
f 3098/2/2 2055/7/2 91/8/2
f 1545/5/1 3099/2/1 2600/3/1
f 95/4/1 1541/9/1 3099/2/1
f 1541/9/1 46/6/1 2587/7/1
f 2600/3/1 3099/2/1 2587/7/1
f 2607/5/4 3100/2/4 2606/3/4
f 107/4/4 1546/9/4 3100/2/4
f 1546/9/4 102/6/4 2603/7/4
f 2606/3/4 3100/2/4 2603/7/4
f 1546/5/6 3101/2/6 1544/3/6
f 107/4/6 2069/9/6 3101/2/6
f 2069/9/6 95/6/6 1545/7/6
f 1544/3/6 3101/2/6 1545/7/6
f 1547/5/1 3102/2/1 951/3/1
f 98/4/1 953/9/1 3102/2/1
f 953/9/1 97/6/1 963/7/1
f 3102/2/1 963/7/1 93/8/1
f 2609/5/4 3103/2/4 2608/3/4
f 109/4/4 1548/9/4 3103/2/4
f 1548/9/4 106/6/4 2604/7/4
f 2608/3/4 3103/2/4 2604/7/4
f 964/5/3 3104/2/3 963/3/3
f 108/4/3 2608/9/3 3104/2/3
f 2608/9/3 104/6/3 961/7/3
f 963/3/3 3104/2/3 961/7/3
f 2611/5/4 3105/2/4 2610/3/4
f 110/4/4 2070/9/4 3105/2/4
f 2070/9/4 107/6/4 2607/7/4
f 3105/2/4 2607/7/4 60/8/4
f 96/1/5 2612/5/5 3106/2/5
f 110/4/5 2611/9/5 3106/2/5
f 3106/2/5 2611/9/5 64/6/5
f 2601/3/5 3106/2/5 2613/7/5
f 956/5/1 3107/2/1 2071/3/1
f 99/4/1 2614/9/1 3107/2/1
f 3107/2/1 2614/9/1 96/6/1
f 2071/3/1 3107/2/1 2061/7/1
f 1549/5/4 3108/2/4 2070/3/4
f 111/4/4 2615/9/4 3108/2/4
f 2615/9/4 108/6/4 2072/7/4
f 3108/2/4 2072/7/4 107/8/4
f 2072/5/2 3109/2/2 2069/3/2
f 108/4/2 964/9/2 3109/2/2
f 964/9/2 97/6/2 2071/7/2
f 3109/2/2 2071/7/2 95/8/2
f 2073/5/5 3110/2/5 2614/3/5
f 111/4/5 1549/9/5 3110/2/5
f 3110/2/5 1549/9/5 110/6/5
f 2614/3/5 3110/2/5 2612/7/5
f 2074/5/4 3111/2/4 2615/3/4
f 112/4/4 965/9/4 3111/2/4
f 965/9/4 109/6/4 2609/7/4
f 3111/2/4 2609/7/4 108/8/4
f 2616/5/5 3112/2/5 2063/3/5
f 112/4/5 2074/9/5 3112/2/5
f 3112/2/5 2074/9/5 111/6/5
f 3112/2/5 2073/7/5 99/8/5
f 1551/5/1 3113/2/1 1550/3/1
f 116/4/1 2617/9/1 3113/2/1
f 3113/2/1 2617/9/1 76/6/1
f 3113/2/1 1535/7/1 74/8/1
f 73/1/2 966/5/2 3114/2/2
f 113/4/2 967/9/2 3114/2/2
f 967/9/2 114/6/2 1550/7/2
f 3114/2/2 1550/7/2 74/8/2
f 1553/5/1 3115/2/1 1552/3/1
f 120/4/1 2618/9/1 3115/2/1
f 2618/9/1 116/6/1 1551/7/1
f 3115/2/1 1551/7/1 114/8/1
f 115/1/4 2075/5/4 3116/2/4
f 119/4/4 969/9/4 3116/2/4
f 969/9/4 117/6/4 970/7/4
f 968/3/4 3116/2/4 970/7/4
f 113/1/2 970/5/2 3117/2/2
f 117/4/2 971/9/2 3117/2/2
f 971/9/2 118/6/2 1552/7/2
f 3117/2/2 1552/7/2 114/8/2
f 2076/5/5 3118/2/5 2618/3/5
f 119/4/5 2075/9/5 3118/2/5
f 2075/9/5 115/6/5 2077/7/5
f 3118/2/5 2077/7/5 116/8/5
f 122/1/1 1555/5/1 3119/2/1
f 124/4/1 2619/9/1 3119/2/1
f 3119/2/1 2619/9/1 120/6/1
f 3119/2/1 1553/7/1 118/8/1
f 117/1/2 972/5/2 3120/2/2
f 121/4/2 973/9/2 3120/2/2
f 973/9/2 122/6/2 1554/7/2
f 3120/2/2 1554/7/2 118/8/2
f 121/1/6 974/5/6 3121/2/6
f 123/4/6 2078/9/6 3121/2/6
f 2078/9/6 124/6/6 1555/7/6
f 3121/2/6 1555/7/6 122/8/6
f 2620/5/1 3122/2/1 2617/3/1
f 126/4/1 1556/9/1 3122/2/1
f 1556/9/1 82/6/1 2594/7/1
f 2617/3/1 3122/2/1 2594/7/1
f 975/5/4 3123/2/4 2045/3/4
f 125/4/4 2079/9/4 3123/2/4
f 2079/9/4 115/6/4 2080/7/4
f 2045/3/4 3123/2/4 2080/7/4
f 115/1/6 2079/5/6 3124/2/6
f 125/4/6 976/9/6 3124/2/6
f 976/9/6 126/6/6 2620/7/6
f 2077/3/6 3124/2/6 2620/7/6
f 2621/5/1 3125/2/1 2619/3/1
f 2621/5/1 130/4/1 2081/9/1
f 3125/2/1 2081/9/1 127/6/1
f 3125/2/1 2622/7/1 120/8/1
f 128/1/4 2623/5/4 3126/2/4
f 2623/5/4 129/4/4 2083/9/4
f 2083/9/4 123/6/4 2084/7/4
f 3126/2/4 2084/7/4 119/8/4
f 127/1/3 2085/5/3 3127/2/3
f 128/4/3 2082/9/3 3127/2/3
f 2082/9/3 119/6/3 2076/7/3
f 2622/3/3 3127/2/3 2076/7/3
f 123/1/6 2083/5/6 3128/2/6
f 129/4/6 977/9/6 3128/2/6
f 977/9/6 130/6/6 2621/7/6
f 2078/3/6 3128/2/6 2621/7/6
f 1557/5/1 3129/2/1 1556/3/1
f 132/4/1 2624/9/1 3129/2/1
f 3129/2/1 2624/9/1 88/6/1
f 3129/2/1 1538/7/1 82/8/1
f 2086/5/1 3130/2/1 1558/3/1
f 2086/5/1 134/4/1 2625/9/1
f 2625/9/1 132/6/1 1557/7/1
f 1558/3/1 3130/2/1 1557/7/1
f 2087/5/4 3131/2/4 978/3/4
f 2087/5/4 133/4/4 2626/9/4
f 2626/9/4 128/6/4 979/7/4
f 3131/2/4 979/7/4 125/8/4
f 125/1/2 979/5/2 3132/2/2
f 128/4/2 2085/9/2 3132/2/2
f 2085/9/2 127/6/2 1558/7/2
f 976/3/2 3132/2/2 1558/7/2
f 1559/5/1 3133/2/1 2081/3/1
f 136/4/1 1560/9/1 3133/2/1
f 3133/2/1 1560/9/1 134/6/1
f 3133/2/1 2086/7/1 127/8/1
f 129/1/6 980/5/6 3134/2/6
f 135/4/6 2088/9/6 3134/2/6
f 2088/9/6 136/6/6 1559/7/6
f 977/3/6 3134/2/6 1559/7/6
f 2627/5/2 3135/2/2 950/3/2
f 137/4/2 981/9/2 3135/2/2
f 981/9/2 113/6/2 966/7/2
f 950/3/2 3135/2/2 966/7/2
f 2089/5/5 3136/2/5 2080/3/5
f 138/4/5 1561/9/5 3136/2/5
f 1561/9/5 94/6/5 2056/7/5
f 2080/3/5 3136/2/5 2056/7/5
f 137/1/6 982/5/6 3137/2/6
f 138/4/6 2089/9/6 3137/2/6
f 2089/9/6 115/6/6 968/7/6
f 981/3/6 3137/2/6 968/7/6
f 139/1/2 2090/5/2 3138/2/2
f 2090/5/2 140/4/2 984/9/2
f 984/9/2 121/6/2 972/7/2
f 3138/2/2 972/7/2 117/8/2
f 2091/5/5 3139/2/5 2084/3/5
f 142/4/5 985/9/5 3139/2/5
f 3139/2/5 985/9/5 141/6/5
f 3139/2/5 2092/7/5 119/8/5
f 119/1/3 2092/5/3 3140/2/3
f 141/4/3 2093/9/3 3140/2/3
f 2093/9/3 139/6/3 983/7/3
f 969/3/3 3140/2/3 983/7/3
f 140/1/6 2628/5/6 3141/2/6
f 142/4/6 2091/9/6 3141/2/6
f 2091/9/6 123/6/6 974/7/6
f 984/3/6 3141/2/6 974/7/6
f 1562/5/2 3142/2/2 954/3/2
f 143/4/2 986/9/2 3142/2/2
f 986/9/2 125/6/2 975/7/2
f 954/3/2 3142/2/2 975/7/2
f 2094/5/6 3143/2/6 986/3/6
f 144/4/6 2095/9/6 3143/2/6
f 2095/9/6 131/6/6 978/7/6
f 986/3/6 3143/2/6 978/7/6
f 145/1/2 987/5/2 3144/2/2
f 987/5/2 146/4/2 988/9/2
f 988/9/2 129/6/2 2623/7/2
f 3144/2/2 2623/7/2 128/8/2
f 989/5/3 3145/2/3 2626/3/3
f 147/4/3 990/9/3 3145/2/3
f 990/9/3 145/6/3 2629/7/3
f 2626/3/3 3145/2/3 2629/7/3
f 1563/5/6 3146/2/6 988/3/6
f 148/4/6 2096/9/6 3146/2/6
f 2096/9/6 135/6/6 980/7/6
f 988/3/6 3146/2/6 980/7/6
f 991/5/2 3147/2/2 2605/3/2
f 149/4/2 992/9/2 3147/2/2
f 992/9/2 137/6/2 2627/7/2
f 3147/2/2 2627/7/2 92/8/2
f 2093/5/1 3148/2/1 993/3/1
f 141/4/1 1564/9/1 3148/2/1
f 1564/9/1 138/6/1 982/7/1
f 3148/2/1 982/7/1 137/8/1
f 994/5/2 3149/2/2 992/3/2
f 994/5/2 151/4/2 2097/9/2
f 2097/9/2 139/6/2 993/7/2
f 3149/2/2 993/7/2 137/8/2
f 995/5/5 3150/2/5 1564/3/5
f 995/5/5 152/4/5 1565/9/5
f 1565/9/5 150/6/5 1566/7/5
f 1564/3/5 3150/2/5 1566/7/5
f 151/1/2 2098/5/2 3151/2/2
f 2098/5/2 153/4/2 2630/9/2
f 2630/9/2 140/6/2 2090/7/2
f 3151/2/2 2090/7/2 139/8/2
f 996/5/6 3152/2/6 2630/3/6
f 154/4/6 1567/9/6 3152/2/6
f 3152/2/6 1567/9/6 142/6/6
f 3152/2/6 2628/7/6 140/8/6
f 1568/5/1 3153/2/1 1561/3/1
f 143/4/1 1562/9/1 3153/2/1
f 1562/9/1 98/6/1 1547/7/1
f 1561/3/1 3153/2/1 1547/7/1
f 1569/5/6 3154/2/6 1566/3/6
f 155/4/6 2099/9/6 3154/2/6
f 2099/9/6 143/6/6 1568/7/6
f 1566/3/6 3154/2/6 1568/7/6
f 1570/5/1 3155/2/1 985/3/1
f 1570/5/1 146/4/1 987/9/1
f 3155/2/1 987/9/1 145/6/1
f 3155/2/1 997/7/1 141/8/1
f 998/5/3 3156/2/3 997/3/3
f 156/4/3 2631/9/3 3156/2/3
f 2631/9/3 152/6/3 995/7/3
f 997/3/3 3156/2/3 995/7/3
f 1571/5/6 3157/2/6 1567/3/6
f 157/4/6 1572/9/6 3157/2/6
f 1572/9/6 146/6/6 1570/7/6
f 1567/3/6 3157/2/6 1570/7/6
f 990/5/1 3158/2/1 2100/3/1
f 990/5/1 147/4/1 2632/9/1
f 2632/9/1 144/6/1 2094/7/1
f 2100/3/1 3158/2/1 2094/7/1
f 2101/5/2 3159/2/2 2099/3/2
f 2101/5/2 156/4/2 998/9/2
f 998/9/2 145/6/2 2100/7/2
f 3159/2/2 2100/7/2 143/8/2
f 999/5/6 3160/2/6 1572/3/6
f 160/4/6 2633/9/6 3160/2/6
f 3160/2/6 2633/9/6 148/6/6
f 3160/2/6 1563/7/6 146/8/6
f 28/1/1 2634/5/1 3161/2/1
f 164/4/1 1000/9/1 3161/2/1
f 1000/9/1 161/6/1 1001/7/1
f 911/3/1 3161/2/1 1001/7/1
f 161/1/3 1002/5/3 3162/2/3
f 162/4/3 1573/9/3 3162/2/3
f 1573/9/3 26/6/3 913/7/3
f 3162/2/3 913/7/3 25/8/3
f 1574/5/1 3163/2/1 2580/3/1
f 166/4/1 2635/9/1 3163/2/1
f 2635/9/1 164/6/1 2634/7/1
f 2580/3/1 3163/2/1 2634/7/1
f 2103/5/4 3164/2/4 2102/3/4
f 165/4/4 1003/9/4 3164/2/4
f 1003/9/4 29/6/4 2020/7/4
f 2102/3/4 3164/2/4 2020/7/4
f 166/1/5 1004/5/5 3165/2/5
f 165/4/5 2103/9/5 3165/2/5
f 2103/9/5 163/6/5 2104/7/5
f 2635/3/5 3165/2/5 2104/7/5
f 2636/5/1 3166/2/1 1514/3/1
f 168/4/1 1575/9/1 3166/2/1
f 1575/9/1 166/6/1 1574/7/1
f 3166/2/1 1574/7/1 30/8/1
f 31/1/6 2105/5/6 3167/2/6
f 167/4/6 2106/9/6 3167/2/6
f 2106/9/6 168/6/6 2636/7/6
f 3167/2/6 2636/7/6 32/8/6
f 164/1/1 2637/5/1 3168/2/1
f 172/4/1 1005/9/1 3168/2/1
f 3168/2/1 1005/9/1 169/6/1
f 3168/2/1 1006/7/1 161/8/1
f 1577/5/4 3169/2/4 1576/3/4
f 171/4/4 2107/9/4 3169/2/4
f 3169/2/4 2107/9/4 163/6/4
f 3169/2/4 1578/7/4 162/8/4
f 1007/5/3 3170/2/3 1006/3/3
f 170/4/3 1576/9/3 3170/2/3
f 3170/2/3 1576/9/3 162/6/3
f 3170/2/3 1002/7/3 161/8/3
f 163/1/6 2107/5/6 3171/2/6
f 171/4/6 2108/9/6 3171/2/6
f 2108/9/6 172/6/6 2637/7/6
f 3171/2/6 2637/7/6 164/8/6
f 2638/5/1 3172/2/1 1575/3/1
f 176/4/1 1008/9/1 3172/2/1
f 1008/9/1 173/6/1 1579/7/1
f 3172/2/1 1579/7/1 166/8/1
f 1580/5/4 3173/2/4 1009/3/4
f 175/4/4 2109/9/4 3173/2/4
f 3173/2/4 2109/9/4 167/6/4
f 1009/3/4 3173/2/4 1010/7/4
f 1011/5/3 3174/2/3 1579/3/3
f 174/4/3 1009/9/3 3174/2/3
f 3174/2/3 1009/9/3 165/6/3
f 3174/2/3 1004/7/3 166/8/3
f 167/1/6 2109/5/6 3175/2/6
f 175/4/6 2110/9/6 3175/2/6
f 2110/9/6 176/6/6 2638/7/6
f 3175/2/6 2638/7/6 168/8/6
f 172/1/1 2639/5/1 3176/2/1
f 180/4/1 1012/9/1 3176/2/1
f 1012/9/1 177/6/1 1013/7/1
f 3176/2/1 1013/7/1 169/8/1
f 1014/5/3 3177/2/3 1013/3/3
f 178/4/3 1581/9/3 3177/2/3
f 3177/2/3 1581/9/3 170/6/3
f 3177/2/3 1007/7/3 169/8/3
f 1015/5/1 3178/2/1 2640/3/1
f 182/4/1 2641/9/1 3178/2/1
f 2641/9/1 180/6/1 2639/7/1
f 2640/3/1 3178/2/1 2639/7/1
f 2112/5/4 3179/2/4 2111/3/4
f 181/4/4 1582/9/4 3179/2/4
f 1582/9/4 174/6/4 2113/7/4
f 3179/2/4 2113/7/4 171/8/4
f 171/1/2 2113/5/2 3180/2/2
f 174/4/2 1011/9/2 3180/2/2
f 1011/9/2 173/6/2 2640/7/2
f 2108/3/2 3180/2/2 2640/7/2
f 2642/5/1 3181/2/1 1008/3/1
f 184/4/1 1583/9/1 3181/2/1
f 1583/9/1 182/6/1 1015/7/1
f 3181/2/1 1015/7/1 173/8/1
f 175/1/6 2114/5/6 3182/2/6
f 183/4/6 2115/9/6 3182/2/6
f 2115/9/6 184/6/6 2642/7/6
f 3182/2/6 2642/7/6 176/8/6
f 163/1/5 2116/5/5 3183/2/5
f 186/4/5 1016/9/5 3183/2/5
f 1016/9/5 185/6/5 1584/7/5
f 1578/3/5 3183/2/5 1584/7/5
f 1584/5/3 3184/2/3 1573/3/3
f 185/4/3 2117/9/3 3184/2/3
f 2117/9/3 43/6/3 1519/7/3
f 1573/3/3 3184/2/3 1519/7/3
f 2643/5/6 3185/2/6 2029/3/6
f 186/4/6 2116/9/6 3185/2/6
f 2116/9/6 163/6/6 2102/7/6
f 2029/3/6 3185/2/6 2102/7/6
f 2118/5/5 3186/2/5 1010/3/5
f 188/4/5 2119/9/5 3186/2/5
f 2119/9/5 187/6/5 1017/7/5
f 1010/3/5 3186/2/5 1017/7/5
f 1017/5/3 3187/2/3 1003/3/3
f 187/4/3 2120/9/3 3187/2/3
f 2120/9/3 47/6/3 924/7/3
f 1003/3/3 3187/2/3 924/7/3
f 2644/5/6 3188/2/6 2060/3/6
f 188/4/6 2118/9/6 3188/2/6
f 2118/9/6 167/6/6 2105/7/6
f 2060/3/6 3188/2/6 2105/7/6
f 189/1/2 1018/5/2 3189/2/2
f 190/4/2 2121/9/2 3189/2/2
f 2121/9/2 171/6/2 1577/7/2
f 1585/3/2 3189/2/2 1577/7/2
f 1586/5/3 3190/2/3 1581/3/3
f 191/4/3 1019/9/3 3190/2/3
f 1019/9/3 189/6/3 1585/7/3
f 3190/2/3 1585/7/3 170/8/3
f 1587/5/6 3191/2/6 2121/3/6
f 192/4/6 2122/9/6 3191/2/6
f 2122/9/6 179/6/6 2111/7/6
f 2121/3/6 3191/2/6 2111/7/6
f 1020/5/2 3192/2/2 1588/3/2
f 194/4/2 2123/9/2 3192/2/2
f 2123/9/2 175/6/2 1580/7/2
f 1588/3/2 3192/2/2 1580/7/2
f 1021/5/3 3193/2/3 1582/3/3
f 195/4/3 1022/9/3 3193/2/3
f 1022/9/3 193/6/3 1588/7/3
f 3193/2/3 1588/7/3 174/8/3
f 1589/5/6 3194/2/6 2123/3/6
f 196/4/6 2124/9/6 3194/2/6
f 2124/9/6 183/6/6 2114/7/6
f 2123/3/6 3194/2/6 2114/7/6
f 197/1/4 1024/5/4 3195/2/4
f 198/4/4 1590/9/4 3195/2/4
f 1590/9/4 62/6/4 1025/7/4
f 3195/2/4 1025/7/4 61/8/4
f 185/1/3 1026/5/3 3196/2/3
f 197/4/3 1023/9/3 3196/2/3
f 3196/2/3 1023/9/3 61/6/3
f 2117/3/3 3196/2/3 2036/7/3
f 2120/5/1 3197/2/1 2588/3/1
f 187/4/1 1591/9/1 3197/2/1
f 1591/9/1 186/6/1 2643/7/1
f 2588/3/1 3197/2/1 2643/7/1
f 1592/5/4 3198/2/4 1590/3/4
f 199/4/4 2125/9/4 3198/2/4
f 2125/9/4 63/6/4 1593/7/4
f 1590/3/4 3198/2/4 1593/7/4
f 2126/5/5 3199/2/5 1591/3/5
f 199/4/5 1592/9/5 3199/2/5
f 1592/9/5 198/6/5 1594/7/5
f 1591/3/5 3199/2/5 1594/7/5
f 199/1/4 2127/5/4 3200/2/4
f 200/4/4 2645/9/4 3200/2/4
f 3200/2/4 2645/9/4 64/6/4
f 2125/3/4 3200/2/4 2128/7/4
f 2645/5/6 3201/2/6 2613/3/6
f 200/4/6 2646/9/6 3201/2/6
f 2646/9/6 188/6/6 2644/7/6
f 3201/2/6 2644/7/6 48/8/6
f 186/1/1 1595/5/1 3202/2/1
f 190/4/1 1018/9/1 3202/2/1
f 1018/9/1 189/6/1 1027/7/1
f 3202/2/1 1027/7/1 185/8/1
f 1029/5/4 3203/2/4 1028/3/4
f 202/4/4 1596/9/4 3203/2/4
f 3203/2/4 1596/9/4 198/6/4
f 3203/2/4 1024/7/4 197/8/4
f 1030/5/3 3204/2/3 1027/3/3
f 201/4/3 1028/9/3 3204/2/3
f 3204/2/3 1028/9/3 197/6/3
f 1027/3/3 3204/2/3 1026/7/3
f 1596/5/6 3205/2/6 1594/3/6
f 202/4/6 1597/9/6 3205/2/6
f 1597/9/6 190/6/6 1595/7/6
f 3205/2/6 1595/7/6 186/8/6
f 2647/5/1 3206/2/1 2119/3/1
f 194/4/1 1020/9/1 3206/2/1
f 1020/9/1 193/6/1 2129/7/1
f 3206/2/1 2129/7/1 187/8/1
f 2131/5/4 3207/2/4 2130/3/4
f 204/4/4 2648/9/4 3207/2/4
f 3207/2/4 2648/9/4 200/6/4
f 2130/3/4 3207/2/4 2127/7/4
f 1031/5/3 3208/2/3 2129/3/3
f 203/4/3 2130/9/3 3208/2/3
f 3208/2/3 2130/9/3 199/6/3
f 2129/3/3 3208/2/3 2126/7/3
f 2648/5/6 3209/2/6 2646/3/6
f 204/4/6 1598/9/6 3209/2/6
f 1598/9/6 194/6/6 2647/7/6
f 3209/2/6 2647/7/6 188/8/6
f 1033/5/4 3210/2/4 1032/3/4
f 206/4/4 1599/9/4 3210/2/4
f 3210/2/4 1599/9/4 202/6/4
f 3210/2/4 1029/7/4 201/8/4
f 2132/5/3 3211/2/3 1019/3/3
f 205/4/3 1032/9/3 3211/2/3
f 3211/2/3 1032/9/3 201/6/3
f 3211/2/3 1030/7/3 189/8/3
f 1022/5/1 3212/2/1 1600/3/1
f 195/4/1 2649/9/1 3212/2/1
f 2649/9/1 192/6/1 1587/7/1
f 1600/3/1 3212/2/1 1587/7/1
f 1601/5/4 3213/2/4 1599/3/4
f 207/4/4 2133/9/4 3213/2/4
f 2133/9/4 203/6/4 1602/7/4
f 3213/2/4 1602/7/4 202/8/4
f 1602/5/2 3214/2/2 1597/3/2
f 203/4/2 1031/9/2 3214/2/2
f 1031/9/2 193/6/2 1600/7/2
f 1597/3/2 3214/2/2 1600/7/2
f 2134/5/4 3215/2/4 2133/3/4
f 208/4/4 2650/9/4 3215/2/4
f 3215/2/4 2650/9/4 204/6/4
f 3215/2/4 2131/7/4 203/8/4
f 2650/5/6 3216/2/6 1598/3/6
f 208/4/6 2651/9/6 3216/2/6
f 2651/9/6 196/6/6 1589/7/6
f 3216/2/6 1589/7/6 194/8/6
f 2652/5/1 3217/2/1 2624/3/1
f 212/4/1 1034/9/1 3217/2/1
f 1034/9/1 209/6/1 2653/7/1
f 3217/2/1 2653/7/1 88/8/1
f 209/1/3 1035/5/3 3218/2/3
f 210/4/3 2135/9/3 3218/2/3
f 2135/9/3 87/6/3 2053/7/3
f 3218/2/3 2053/7/3 88/8/3
f 1603/5/1 3219/2/1 2625/3/1
f 214/4/1 2654/9/1 3219/2/1
f 2654/9/1 212/6/1 2652/7/1
f 3219/2/1 2652/7/1 132/8/1
f 2137/5/4 3220/2/4 2136/3/4
f 2137/5/4 213/4/4 1036/9/4
f 1036/9/4 133/6/4 2087/7/4
f 3220/2/4 2087/7/4 131/8/4
f 1037/5/5 3221/2/5 2654/3/5
f 213/4/5 2137/9/5 3221/2/5
f 2137/9/5 211/6/5 2138/7/5
f 3221/2/5 2138/7/5 212/8/5
f 2655/5/1 3222/2/1 1560/3/1
f 216/4/1 1604/9/1 3222/2/1
f 3222/2/1 1604/9/1 214/6/1
f 3222/2/1 1603/7/1 134/8/1
f 135/1/6 2139/5/6 3223/2/6
f 215/4/6 2140/9/6 3223/2/6
f 2140/9/6 216/6/6 2655/7/6
f 3223/2/6 2655/7/6 136/8/6
f 2656/5/1 3224/2/1 1034/3/1
f 220/4/1 1038/9/1 3224/2/1
f 1038/9/1 217/6/1 1039/7/1
f 3224/2/1 1039/7/1 209/8/1
f 1606/5/4 3225/2/4 1605/3/4
f 219/4/4 2141/9/4 3225/2/4
f 2141/9/4 211/6/4 1607/7/4
f 3225/2/4 1607/7/4 210/8/4
f 1040/5/3 3226/2/3 1039/3/3
f 218/4/3 1605/9/3 3226/2/3
f 3226/2/3 1605/9/3 210/6/3
f 3226/2/3 1035/7/3 209/8/3
f 211/1/6 2141/5/6 3227/2/6
f 219/4/6 2142/9/6 3227/2/6
f 2142/9/6 220/6/6 2656/7/6
f 3227/2/6 2656/7/6 212/8/6
f 2657/5/1 3228/2/1 1604/3/1
f 224/4/1 1041/9/1 3228/2/1
f 3228/2/1 1041/9/1 221/6/1
f 3228/2/1 1608/7/1 214/8/1
f 222/1/4 1609/5/4 3229/2/4
f 223/4/4 2143/9/4 3229/2/4
f 2143/9/4 215/6/4 1043/7/4
f 3229/2/4 1043/7/4 213/8/4
f 1044/5/3 3230/2/3 1608/3/3
f 222/4/3 1042/9/3 3230/2/3
f 3230/2/3 1042/9/3 213/6/3
f 3230/2/3 1037/7/3 214/8/3
f 215/1/6 2143/5/6 3231/2/6
f 223/4/6 2144/9/6 3231/2/6
f 2144/9/6 224/6/6 2657/7/6
f 3231/2/6 2657/7/6 216/8/6
f 2658/5/1 3232/2/1 1038/3/1
f 228/4/1 1045/9/1 3232/2/1
f 1045/9/1 225/6/1 1046/7/1
f 3232/2/1 1046/7/1 217/8/1
f 1047/5/3 3233/2/3 1046/3/3
f 226/4/3 1610/9/3 3233/2/3
f 3233/2/3 1610/9/3 218/6/3
f 3233/2/3 1040/7/3 217/8/3
f 1048/5/1 3234/2/1 2659/3/1
f 1048/5/1 230/4/1 2660/9/1
f 2660/9/1 228/6/1 2658/7/1
f 3234/2/1 2658/7/1 220/8/1
f 2146/5/4 3235/2/4 2145/3/4
f 2146/5/4 229/4/4 1611/9/4
f 1611/9/4 222/6/4 2147/7/4
f 3235/2/4 2147/7/4 219/8/4
f 219/1/2 2147/5/2 3236/2/2
f 222/4/2 1044/9/2 3236/2/2
f 1044/9/2 221/6/2 2659/7/2
f 2142/3/2 3236/2/2 2659/7/2
f 2661/5/1 3237/2/1 1041/3/1
f 232/4/1 1612/9/1 3237/2/1
f 3237/2/1 1612/9/1 230/6/1
f 3237/2/1 1048/7/1 221/8/1
f 223/1/6 2148/5/6 3238/2/6
f 231/4/6 2149/9/6 3238/2/6
f 2149/9/6 232/6/6 2661/7/6
f 3238/2/6 2661/7/6 224/8/6
f 2150/5/5 3239/2/5 1607/3/5
f 234/4/5 1049/9/5 3239/2/5
f 1049/9/5 233/6/5 1613/7/5
f 1607/3/5 3239/2/5 1613/7/5
f 1613/5/3 3240/2/3 2135/3/3
f 233/4/3 2662/9/3 3240/2/3
f 2662/9/3 100/6/3 2062/7/3
f 2135/3/3 3240/2/3 2062/7/3
f 2663/5/6 3241/2/6 2095/3/6
f 234/4/6 2150/9/6 3241/2/6
f 2150/9/6 211/6/6 2136/7/6
f 2095/3/6 3241/2/6 2136/7/6
f 2151/5/5 3242/2/5 1043/3/5
f 236/4/5 2152/9/5 3242/2/5
f 3242/2/5 2152/9/5 235/6/5
f 3242/2/5 1050/7/5 213/8/5
f 1050/5/3 3243/2/3 1036/3/3
f 235/4/3 2153/9/3 3243/2/3
f 2153/9/3 147/6/3 989/7/3
f 1036/3/3 3243/2/3 989/7/3
f 2664/5/6 3244/2/6 2096/3/6
f 236/4/6 2151/9/6 3244/2/6
f 2151/9/6 215/6/6 2139/7/6
f 2096/3/6 3244/2/6 2139/7/6
f 1051/5/2 3245/2/2 1614/3/2
f 238/4/2 2154/9/2 3245/2/2
f 2154/9/2 219/6/2 1606/7/2
f 1614/3/2 3245/2/2 1606/7/2
f 1615/5/3 3246/2/3 1610/3/3
f 239/4/3 1052/9/3 3246/2/3
f 1052/9/3 237/6/3 1614/7/3
f 3246/2/3 1614/7/3 218/8/3
f 1616/5/6 3247/2/6 2154/3/6
f 240/4/6 2155/9/6 3247/2/6
f 2155/9/6 227/6/6 2145/7/6
f 2154/3/6 3247/2/6 2145/7/6
f 241/1/2 1053/5/2 3248/2/2
f 1053/5/2 242/4/2 2156/9/2
f 2156/9/2 223/6/2 1609/7/2
f 3248/2/2 1609/7/2 222/8/2
f 1054/5/3 3249/2/3 1611/3/3
f 243/4/3 1055/9/3 3249/2/3
f 1055/9/3 241/6/3 1617/7/3
f 3249/2/3 1617/7/3 222/8/3
f 1618/5/6 3250/2/6 2156/3/6
f 244/4/6 2157/9/6 3250/2/6
f 2157/9/6 231/6/6 2148/7/6
f 2156/3/6 3250/2/6 2148/7/6
f 1056/5/4 3251/2/4 2665/3/4
f 246/4/4 1619/9/4 3251/2/4
f 1619/9/4 158/6/4 2666/7/4
f 3251/2/4 2666/7/4 112/8/4
f 233/1/3 1057/5/3 3252/2/3
f 245/4/3 2665/9/3 3252/2/3
f 3252/2/3 2665/9/3 112/6/3
f 2662/3/3 3252/2/3 2616/7/3
f 2153/5/1 3253/2/1 2632/3/1
f 235/4/1 1620/9/1 3253/2/1
f 1620/9/1 234/6/1 2663/7/1
f 3253/2/1 2663/7/1 144/8/1
f 1621/5/4 3254/2/4 1619/3/4
f 1621/5/4 247/4/4 2158/9/4
f 2158/9/4 159/6/4 1622/7/4
f 3254/2/4 1622/7/4 158/8/4
f 2159/5/5 3255/2/5 1620/3/5
f 2159/5/5 247/4/5 1621/9/5
f 1621/9/5 246/6/5 1623/7/5
f 1620/3/5 3255/2/5 1623/7/5
f 247/1/4 2160/5/4 3256/2/4
f 248/4/4 2667/9/4 3256/2/4
f 2667/9/4 160/6/4 2161/7/4
f 3256/2/4 2161/7/4 159/8/4
f 2667/5/6 3257/2/6 2633/3/6
f 248/4/6 2668/9/6 3257/2/6
f 2668/9/6 236/6/6 2664/7/6
f 3257/2/6 2664/7/6 148/8/6
f 1624/5/1 3258/2/1 1049/3/1
f 238/4/1 1051/9/1 3258/2/1
f 1051/9/1 237/6/1 1058/7/1
f 3258/2/1 1058/7/1 233/8/1
f 1060/5/4 3259/2/4 1059/3/4
f 250/4/4 1625/9/4 3259/2/4
f 1625/9/4 246/6/4 1056/7/4
f 3259/2/4 1056/7/4 245/8/4
f 1061/5/3 3260/2/3 1058/3/3
f 249/4/3 1059/9/3 3260/2/3
f 3260/2/3 1059/9/3 245/6/3
f 1058/3/3 3260/2/3 1057/7/3
f 1625/5/6 3261/2/6 1623/3/6
f 250/4/6 1626/9/6 3261/2/6
f 1626/9/6 238/6/6 1624/7/6
f 3261/2/6 1624/7/6 234/8/6
f 2669/5/1 3262/2/1 2152/3/1
f 242/4/1 1053/9/1 3262/2/1
f 3262/2/1 1053/9/1 241/6/1
f 3262/2/1 2162/7/1 235/8/1
f 251/1/4 2164/5/4 3263/2/4
f 252/4/4 2670/9/4 3263/2/4
f 2670/9/4 248/6/4 2160/7/4
f 3263/2/4 2160/7/4 247/8/4
f 1062/5/3 3264/2/3 2162/3/3
f 251/4/3 2163/9/3 3264/2/3
f 3264/2/3 2163/9/3 247/6/3
f 2162/3/3 3264/2/3 2159/7/3
f 2670/5/6 3265/2/6 2668/3/6
f 252/4/6 1627/9/6 3265/2/6
f 1627/9/6 242/6/6 2669/7/6
f 3265/2/6 2669/7/6 236/8/6
f 1064/5/4 3266/2/4 1063/3/4
f 254/4/4 1628/9/4 3266/2/4
f 1628/9/4 250/6/4 1060/7/4
f 3266/2/4 1060/7/4 249/8/4
f 2165/5/3 3267/2/3 1052/3/3
f 253/4/3 1063/9/3 3267/2/3
f 3267/2/3 1063/9/3 249/6/3
f 3267/2/3 1061/7/3 237/8/3
f 1055/5/1 3268/2/1 1629/3/1
f 1055/5/1 243/4/1 2671/9/1
f 2671/9/1 240/6/1 1616/7/1
f 3268/2/1 1616/7/1 238/8/1
f 1630/5/4 3269/2/4 1628/3/4
f 1630/5/4 255/4/4 2166/9/4
f 2166/9/4 251/6/4 1631/7/4
f 3269/2/4 1631/7/4 250/8/4
f 1631/5/2 3270/2/2 1626/3/2
f 1631/5/2 251/4/2 1062/9/2
f 1062/9/2 241/6/2 1629/7/2
f 3270/2/2 1629/7/2 238/8/2
f 255/1/4 2167/5/4 3271/2/4
f 256/4/4 2672/9/4 3271/2/4
f 2672/9/4 252/6/4 2164/7/4
f 3271/2/4 2164/7/4 251/8/4
f 2672/5/6 3272/2/6 1627/3/6
f 256/4/6 2673/9/6 3272/2/6
f 2673/9/6 244/6/6 1618/7/6
f 3272/2/6 1618/7/6 242/8/6
f 180/1/1 2674/5/1 3273/2/1
f 260/4/1 1065/9/1 3273/2/1
f 1065/9/1 257/6/1 1066/7/1
f 1012/3/1 3273/2/1 1066/7/1
f 1067/5/3 3274/2/3 1066/3/3
f 258/4/3 1632/9/3 3274/2/3
f 3274/2/3 1632/9/3 178/6/3
f 3274/2/3 1014/7/3 177/8/3
f 1633/5/1 3275/2/1 2641/3/1
f 262/4/1 2675/9/1 3275/2/1
f 2675/9/1 260/6/1 2674/7/1
f 2641/3/1 3275/2/1 2674/7/1
f 2169/5/4 3276/2/4 2168/3/4
f 261/4/4 1068/9/4 3276/2/4
f 1068/9/4 181/6/4 2112/7/4
f 2168/3/4 3276/2/4 2112/7/4
f 262/1/5 1069/5/5 3277/2/5
f 261/4/5 2169/9/5 3277/2/5
f 2169/9/5 259/6/5 2170/7/5
f 2675/3/5 3277/2/5 2170/7/5
f 2676/5/1 3278/2/1 1583/3/1
f 264/4/1 1634/9/1 3278/2/1
f 1634/9/1 262/6/1 1633/7/1
f 3278/2/1 1633/7/1 182/8/1
f 260/1/1 2677/5/1 3279/2/1
f 268/4/1 1070/9/1 3279/2/1
f 1070/9/1 265/6/1 1071/7/1
f 1065/3/1 3279/2/1 1071/7/1
f 1636/5/4 3280/2/4 1635/3/4
f 267/4/4 2171/9/4 3280/2/4
f 2171/9/4 259/6/4 1637/7/4
f 3280/2/4 1637/7/4 258/8/4
f 1072/5/3 3281/2/3 1071/3/3
f 266/4/3 1635/9/3 3281/2/3
f 1635/9/3 258/6/3 1067/7/3
f 3281/2/3 1067/7/3 257/8/3
f 259/1/6 2171/5/6 3282/2/6
f 267/4/6 2172/9/6 3282/2/6
f 2172/9/6 268/6/6 2677/7/6
f 3282/2/6 2677/7/6 260/8/6
f 2678/5/1 3283/2/1 1634/3/1
f 2678/5/1 272/4/1 1073/9/1
f 1073/9/1 269/6/1 1638/7/1
f 3283/2/1 1638/7/1 262/8/1
f 1639/5/4 3284/2/4 1074/3/4
f 1639/5/4 271/4/4 2173/9/4
f 2173/9/4 263/6/4 1075/7/4
f 1074/3/4 3284/2/4 1075/7/4
f 1076/5/3 3285/2/3 1638/3/3
f 270/4/3 1074/9/3 3285/2/3
f 1074/9/3 261/6/3 1069/7/3
f 3285/2/3 1069/7/3 262/8/3
f 268/1/1 2679/5/1 3286/2/1
f 276/4/1 1077/9/1 3286/2/1
f 1077/9/1 273/6/1 1078/7/1
f 3286/2/1 1078/7/1 265/8/1
f 276/1/5 2174/5/5 3287/2/5
f 275/4/5 1640/9/5 3287/2/5
f 3287/2/5 1640/9/5 274/6/5
f 3287/2/5 1079/7/5 273/8/5
f 1079/5/3 3288/2/3 1078/3/3
f 274/4/3 1641/9/3 3288/2/3
f 3288/2/3 1641/9/3 266/6/3
f 3288/2/3 1072/7/3 265/8/3
f 269/1/1 1080/5/1 3289/2/1
f 278/4/1 2681/9/1 3289/2/1
f 2681/9/1 276/6/1 2679/7/1
f 3289/2/1 2679/7/1 268/8/1
f 2176/5/4 3290/2/4 2175/3/4
f 277/4/4 1642/9/4 3290/2/4
f 3290/2/4 1642/9/4 270/6/4
f 3290/2/4 2177/7/4 267/8/4
f 267/1/2 2177/5/2 3291/2/2
f 270/4/2 1076/9/2 3291/2/2
f 1076/9/2 269/6/2 2680/7/2
f 2172/3/2 3291/2/2 2680/7/2
f 1081/5/5 3292/2/5 2681/3/5
f 277/4/5 2176/9/5 3292/2/5
f 2176/9/5 275/6/5 2174/7/5
f 2681/3/5 3292/2/5 2174/7/5
f 272/1/1 2682/5/1 3293/2/1
f 280/4/1 1643/9/1 3293/2/1
f 1643/9/1 278/6/1 1080/7/1
f 3293/2/1 1080/7/1 269/8/1
f 2178/5/5 3294/2/5 1643/3/5
f 279/4/5 1082/9/5 3294/2/5
f 3294/2/5 1082/9/5 277/6/5
f 3294/2/5 1081/7/5 278/8/5
f 259/1/5 2179/5/5 3295/2/5
f 282/4/5 1083/9/5 3295/2/5
f 1083/9/5 281/6/5 1644/7/5
f 1637/3/5 3295/2/5 1644/7/5
f 1644/5/3 3296/2/3 1632/3/3
f 281/4/3 2180/9/3 3296/2/3
f 2180/9/3 191/6/3 1586/7/3
f 1632/3/3 3296/2/3 1586/7/3
f 2683/5/6 3297/2/6 2122/3/6
f 282/4/6 2179/9/6 3297/2/6
f 2179/9/6 259/6/6 2168/7/6
f 2122/3/6 3297/2/6 2168/7/6
f 2181/5/5 3298/2/5 1075/3/5
f 284/4/5 2182/9/5 3298/2/5
f 2182/9/5 283/6/5 1084/7/5
f 1075/3/5 3298/2/5 1084/7/5
f 1084/5/3 3299/2/3 1068/3/3
f 283/4/3 2183/9/3 3299/2/3
f 2183/9/3 195/6/3 1021/7/3
f 1068/3/3 3299/2/3 1021/7/3
f 285/1/2 1085/5/2 3300/2/2
f 286/4/2 2184/9/2 3300/2/2
f 2184/9/2 267/6/2 1636/7/2
f 1645/3/2 3300/2/2 1636/7/2
f 275/1/5 2185/5/5 3301/2/5
f 288/4/5 2186/9/5 3301/2/5
f 2186/9/5 287/6/5 1646/7/5
f 1640/3/5 3301/2/5 1646/7/5
f 1646/5/3 3302/2/3 1641/3/3
f 287/4/3 1086/9/3 3302/2/3
f 3302/2/3 1086/9/3 285/6/3
f 3302/2/3 1645/7/3 266/8/3
f 286/1/6 1647/5/6 3303/2/6
f 1647/5/6 288/4/6 2185/9/6
f 2185/9/6 275/6/6 2175/7/6
f 3303/2/6 2175/7/6 267/8/6
f 1087/5/2 3304/2/2 1648/3/2
f 290/4/2 2187/9/2 3304/2/2
f 2187/9/2 271/6/2 1639/7/2
f 1648/3/2 3304/2/2 1639/7/2
f 2188/5/5 3305/2/5 1082/3/5
f 292/4/5 2189/9/5 3305/2/5
f 2189/9/5 291/6/5 1088/7/5
f 1082/3/5 3305/2/5 1088/7/5
f 1088/5/3 3306/2/3 1642/3/3
f 291/4/3 1089/9/3 3306/2/3
f 3306/2/3 1089/9/3 289/6/3
f 3306/2/3 1648/7/3 270/8/3
f 1090/5/3 3307/2/3 2180/3/3
f 293/4/3 1091/9/3 3307/2/3
f 3307/2/3 1091/9/3 205/6/3
f 3307/2/3 2132/7/3 191/8/3
f 2183/5/1 3308/2/1 2649/3/1
f 283/4/1 1649/9/1 3308/2/1
f 1649/9/1 282/6/1 2683/7/1
f 2649/3/1 3308/2/1 2683/7/1
f 2190/5/5 3309/2/5 1649/3/5
f 295/4/5 1650/9/5 3309/2/5
f 1650/9/5 294/6/5 1651/7/5
f 1649/3/5 3309/2/5 1651/7/5
f 282/1/1 1652/5/1 3310/2/1
f 286/4/1 1085/9/1 3310/2/1
f 1085/9/1 285/6/1 1092/7/1
f 1083/3/1 3310/2/1 1092/7/1
f 1093/5/3 3311/2/3 1092/3/3
f 1093/5/3 297/4/3 1094/9/3
f 1094/9/3 293/6/3 1090/7/3
f 1092/3/3 3311/2/3 1090/7/3
f 1653/5/6 3312/2/6 1651/3/6
f 1653/5/6 298/4/6 1654/9/6
f 1654/9/6 286/6/6 1652/7/6
f 3312/2/6 1652/7/6 282/8/6
f 2684/5/1 3313/2/1 2182/3/1
f 2684/5/1 290/4/1 1087/9/1
f 1087/9/1 289/6/1 2191/7/1
f 3313/2/1 2191/7/1 283/8/1
f 1095/5/3 3314/2/3 2191/3/3
f 1095/5/3 299/4/3 2192/9/3
f 2192/9/3 295/6/3 2190/7/3
f 2191/3/3 3314/2/3 2190/7/3
f 288/1/5 2685/5/5 3315/2/5
f 302/4/5 1096/9/5 3315/2/5
f 1096/9/5 301/6/5 2193/7/5
f 2186/3/5 3315/2/5 2193/7/5
f 2193/5/3 3316/2/3 1086/3/3
f 301/4/3 1097/9/3 3316/2/3
f 3316/2/3 1097/9/3 297/6/3
f 3316/2/3 1093/7/3 285/8/3
f 289/1/1 1089/5/1 3317/2/1
f 291/4/1 2686/9/1 3317/2/1
f 2686/9/1 288/6/1 1647/7/1
f 3317/2/1 1647/7/1 286/8/1
f 1656/5/2 3318/2/2 1654/3/2
f 299/4/2 1095/9/2 3318/2/2
f 1095/9/2 289/6/2 1655/7/2
f 1654/3/2 3318/2/2 1655/7/2
f 2194/5/5 3319/2/5 2686/3/5
f 303/4/5 1657/9/5 3319/2/5
f 1657/9/5 302/6/5 2685/7/5
f 2686/3/5 3319/2/5 2685/7/5
f 2687/5/5 3320/2/5 2189/3/5
f 304/4/5 2195/9/5 3320/2/5
f 3320/2/5 2195/9/5 303/6/5
f 3320/2/5 2194/7/5 291/8/5
f 1658/5/1 3321/2/1 2688/3/1
f 308/4/1 2689/9/1 3321/2/1
f 2689/9/1 264/6/1 2676/7/1
f 3321/2/1 2676/7/1 184/8/1
f 183/1/2 2196/5/2 3322/2/2
f 305/4/2 1098/9/2 3322/2/2
f 1098/9/2 306/6/2 2688/7/2
f 3322/2/2 2688/7/2 184/8/2
f 1660/5/1 3323/2/1 1659/3/1
f 312/4/1 2690/9/1 3323/2/1
f 2690/9/1 308/6/1 1658/7/1
f 3323/2/1 1658/7/1 306/8/1
f 2197/5/4 3324/2/4 1099/3/4
f 311/4/4 1100/9/4 3324/2/4
f 1100/9/4 309/6/4 1101/7/4
f 3324/2/4 1101/7/4 305/8/4
f 305/1/2 1101/5/2 3325/2/2
f 309/4/2 1102/9/2 3325/2/2
f 1102/9/2 310/6/2 1659/7/2
f 3325/2/2 1659/7/2 306/8/2
f 2198/5/5 3326/2/5 2690/3/5
f 311/4/5 2197/9/5 3326/2/5
f 3326/2/5 2197/9/5 307/6/5
f 3326/2/5 2199/7/5 308/8/5
f 1104/5/1 3327/2/1 1103/3/1
f 314/4/1 2691/9/1 3327/2/1
f 2691/9/1 312/6/1 1660/7/1
f 3327/2/1 1660/7/1 310/8/1
f 309/1/2 1661/5/2 3328/2/2
f 226/4/2 1047/9/2 3328/2/2
f 1047/9/2 225/6/2 1103/7/2
f 3328/2/2 1103/7/2 310/8/2
f 2692/5/1 3329/2/1 2689/3/1
f 2692/5/1 316/4/1 2693/9/1
f 2693/9/1 272/6/1 2678/7/1
f 3329/2/1 2678/7/1 264/8/1
f 2200/5/4 3330/2/4 2173/3/4
f 315/4/4 2201/9/4 3330/2/4
f 2201/9/4 307/6/4 2202/7/4
f 3330/2/4 2202/7/4 263/8/4
f 307/1/6 2201/5/6 3331/2/6
f 315/4/6 2203/9/6 3331/2/6
f 2203/9/6 316/6/6 2692/7/6
f 3331/2/6 2692/7/6 308/8/6
f 1662/5/1 3332/2/1 2691/3/1
f 1662/5/1 320/4/1 1105/9/1
f 1105/9/1 317/6/1 2694/7/1
f 3332/2/1 2694/7/1 312/8/1
f 1663/5/4 3333/2/4 2204/3/4
f 1663/5/4 319/4/4 1106/9/4
f 1106/9/4 313/6/4 2205/7/4
f 3333/2/4 2205/7/4 311/8/4
f 1107/5/3 3334/2/3 2694/3/3
f 318/4/3 2204/9/3 3334/2/3
f 2204/9/3 311/6/3 2198/7/3
f 3334/2/3 2198/7/3 312/8/3
f 316/1/1 2695/5/1 3335/2/1
f 322/4/1 2696/9/1 3335/2/1
f 2696/9/1 280/6/1 2682/7/1
f 3335/2/1 2682/7/1 272/8/1
f 322/1/5 1108/5/5 3336/2/5
f 321/4/5 2206/9/5 3336/2/5
f 2206/9/5 279/6/5 2178/7/5
f 3336/2/5 2178/7/5 280/8/5
f 317/1/1 1109/5/1 3337/2/1
f 324/4/1 1664/9/1 3337/2/1
f 1664/9/1 322/6/1 2695/7/1
f 3337/2/1 2695/7/1 316/8/1
f 1110/5/4 3338/2/4 2207/3/4
f 323/4/4 1665/9/4 3338/2/4
f 3338/2/4 1665/9/4 318/6/4
f 3338/2/4 2208/7/4 315/8/4
f 315/1/2 2208/5/2 3339/2/2
f 318/4/2 1107/9/2 3339/2/2
f 1107/9/2 317/6/2 2697/7/2
f 3339/2/2 2697/7/2 316/8/2
f 2209/5/5 3340/2/5 1664/3/5
f 323/4/5 1110/9/5 3340/2/5
f 3340/2/5 1110/9/5 321/6/5
f 3340/2/5 1108/7/5 322/8/5
f 320/1/1 2698/5/1 3341/2/1
f 2698/5/1 326/4/1 2699/9/1
f 2699/9/1 324/6/1 1109/7/1
f 3341/2/1 1109/7/1 317/8/1
f 326/1/5 1111/5/5 3342/2/5
f 325/4/5 2210/9/5 3342/2/5
f 3342/2/5 2210/9/5 323/6/5
f 3342/2/5 2209/7/5 324/8/5
f 2700/5/2 3343/2/2 2124/3/2
f 327/4/2 1112/9/2 3343/2/2
f 1112/9/2 305/6/2 2196/7/2
f 2124/3/2 3343/2/2 2196/7/2
f 2211/5/5 3344/2/5 2202/3/5
f 328/4/5 2701/9/5 3344/2/5
f 2701/9/5 284/6/5 2181/7/5
f 2202/3/5 3344/2/5 2181/7/5
f 2212/5/6 3345/2/6 1112/3/6
f 328/4/6 2211/9/6 3345/2/6
f 2211/9/6 307/6/6 1099/7/6
f 1112/3/6 3345/2/6 1099/7/6
f 2213/5/2 3346/2/2 1113/3/2
f 239/4/2 1615/9/2 3346/2/2
f 1615/9/2 226/6/2 1661/7/2
f 1113/3/2 3346/2/2 1661/7/2
f 1114/5/5 3347/2/5 2205/3/5
f 331/4/5 1666/9/5 3347/2/5
f 1666/9/5 330/6/5 2214/7/5
f 3347/2/5 2214/7/5 311/8/5
f 2214/5/3 3348/2/3 1100/3/3
f 330/4/3 1115/9/3 3348/2/3
f 1115/9/3 329/6/3 1113/7/3
f 1100/3/3 3348/2/3 1113/7/3
f 1667/5/2 3349/2/2 2187/3/2
f 332/4/2 2215/9/2 3349/2/2
f 2215/9/2 315/6/2 2200/7/2
f 2187/3/2 3349/2/2 2200/7/2
f 1116/5/5 3350/2/5 2206/3/5
f 333/4/5 2702/9/5 3350/2/5
f 2702/9/5 292/6/5 2188/7/5
f 2206/3/5 3350/2/5 2188/7/5
f 332/1/6 2703/5/6 3351/2/6
f 2703/5/6 333/4/6 1116/9/6
f 1116/9/6 321/6/6 2207/7/6
f 3351/2/6 2207/7/6 315/8/6
f 1669/5/2 3352/2/2 1668/3/2
f 335/4/2 2216/9/2 3352/2/2
f 2216/9/2 319/6/2 1663/7/2
f 1668/3/2 3352/2/2 1663/7/2
f 1117/5/5 3353/2/5 2210/3/5
f 337/4/5 2704/9/5 3353/2/5
f 2704/9/5 336/6/5 2217/7/5
f 3353/2/5 2217/7/5 323/8/5
f 2217/5/3 3354/2/3 1665/3/3
f 336/4/3 1670/9/3 3354/2/3
f 3354/2/3 1670/9/3 334/6/3
f 3354/2/3 1668/7/3 318/8/3
f 2706/5/4 3355/2/4 2705/3/4
f 339/4/4 1671/9/4 3355/2/4
f 1671/9/4 338/6/4 2707/7/4
f 3355/2/4 2707/7/4 208/8/4
f 2707/5/2 3356/2/2 2651/3/2
f 338/4/2 2218/9/2 3356/2/2
f 2218/9/2 327/6/2 2700/7/2
f 3356/2/2 2700/7/2 196/8/2
f 1115/5/1 3357/2/1 2219/3/1
f 330/4/1 2708/9/1 3357/2/1
f 2708/9/1 328/6/1 2212/7/1
f 3357/2/1 2212/7/1 327/8/1
f 2220/5/4 3358/2/4 1671/3/4
f 341/4/4 2709/9/4 3358/2/4
f 2709/9/4 340/6/4 1672/7/4
f 3358/2/4 1672/7/4 338/8/4
f 1672/5/2 3359/2/2 2218/3/2
f 340/4/2 1118/9/2 3359/2/2
f 1118/9/2 329/6/2 2219/7/2
f 3359/2/2 2219/7/2 327/8/2
f 1673/5/5 3360/2/5 2708/3/5
f 341/4/5 2220/9/5 3360/2/5
f 3360/2/5 2220/9/5 339/6/5
f 2708/3/5 3360/2/5 2710/7/5
f 1119/5/4 3361/2/4 2709/3/4
f 342/4/4 1120/9/4 3361/2/4
f 1120/9/4 253/6/4 1121/7/4
f 3361/2/4 1121/7/4 340/8/4
f 1121/5/2 3362/2/2 1118/3/2
f 253/4/2 2165/9/2 3362/2/2
f 2165/9/2 239/6/2 2213/7/2
f 3362/2/2 2213/7/2 329/8/2
f 2711/5/1 3363/2/1 2701/3/1
f 2711/5/1 332/4/1 1667/9/1
f 1667/9/1 290/6/1 2684/7/1
f 3363/2/1 2684/7/1 284/8/1
f 2713/5/4 3364/2/4 2712/3/4
f 343/4/4 2221/9/4 3364/2/4
f 2221/9/4 339/6/4 2706/7/4
f 3364/2/4 2706/7/4 296/8/4
f 2221/5/6 3365/2/6 2710/3/6
f 2221/5/6 343/4/6 2714/9/6
f 2714/9/6 332/6/6 2711/7/6
f 3365/2/6 2711/7/6 328/8/6
f 2222/5/1 3366/2/1 1666/3/1
f 2222/5/1 335/4/1 1669/9/1
f 1669/9/1 334/6/1 1674/7/1
f 3366/2/1 1674/7/1 330/8/1
f 2715/5/4 3367/2/4 1122/3/4
f 2715/5/4 345/4/4 1675/9/4
f 1675/9/4 342/6/4 1119/7/4
f 3367/2/4 1119/7/4 341/8/4
f 1676/5/3 3368/2/3 1674/3/3
f 1676/5/3 344/4/3 1122/9/3
f 1122/9/3 341/6/3 1673/7/3
f 1674/3/3 3368/2/3 1673/7/3
f 2717/5/4 3369/2/4 2716/3/4
f 346/4/4 2223/9/4 3369/2/4
f 3369/2/4 2223/9/4 343/6/4
f 3369/2/4 2713/7/4 300/8/4
f 333/1/5 1123/5/5 3370/2/5
f 346/4/5 2717/9/5 3370/2/5
f 3370/2/5 2717/9/5 304/6/5
f 2702/3/5 3370/2/5 2687/7/5
f 334/1/1 1670/5/1 3371/2/1
f 336/4/1 1124/9/1 3371/2/1
f 1124/9/1 333/6/1 2703/7/1
f 3371/2/1 2703/7/1 332/8/1
f 1677/5/4 3372/2/4 2223/3/4
f 347/4/4 2719/9/4 3372/2/4
f 3372/2/4 2719/9/4 344/6/4
f 3372/2/4 2224/7/4 343/8/4
f 2224/5/2 3373/2/2 2714/3/2
f 344/4/2 1676/9/2 3373/2/2
f 1676/9/2 334/6/2 2718/7/2
f 3373/2/2 2718/7/2 332/8/2
f 2720/5/5 3374/2/5 1124/3/5
f 347/4/5 1677/9/5 3374/2/5
f 3374/2/5 1677/9/5 346/6/5
f 1124/3/5 3374/2/5 1123/7/5
f 347/1/4 2225/5/4 3375/2/4
f 348/4/4 1125/9/4 3375/2/4
f 3375/2/4 1125/9/4 345/6/4
f 3375/2/4 2715/7/4 344/8/4
f 1126/5/5 3376/2/5 2704/3/5
f 348/4/5 2225/9/5 3376/2/5
f 3376/2/5 2225/9/5 347/6/5
f 3376/2/5 2720/7/5 336/8/5
f 2721/5/1 3377/2/1 1045/3/1
f 350/4/1 1678/9/1 3377/2/1
f 1678/9/1 314/6/1 1104/7/1
f 3377/2/1 1104/7/1 225/8/1
f 1679/5/1 3378/2/1 2660/3/1
f 1679/5/1 352/4/1 1680/9/1
f 1680/9/1 350/6/1 2721/7/1
f 3378/2/1 2721/7/1 228/8/1
f 1127/5/4 3379/2/4 2226/3/4
f 1127/5/4 351/4/4 1128/9/4
f 1128/9/4 229/6/4 2146/7/4
f 3379/2/4 2146/7/4 227/8/4
f 2227/5/5 3380/2/5 1680/3/5
f 351/4/5 1127/9/5 3380/2/5
f 1127/9/5 349/6/5 1129/7/5
f 3380/2/5 1129/7/5 350/8/5
f 2722/5/1 3381/2/1 1612/3/1
f 354/4/1 2723/9/1 3381/2/1
f 3381/2/1 2723/9/1 352/6/1
f 3381/2/1 1679/7/1 230/8/1
f 231/1/6 2228/5/6 3382/2/6
f 353/4/6 1130/9/6 3382/2/6
f 1130/9/6 354/6/6 2722/7/6
f 3382/2/6 2722/7/6 232/8/6
f 1681/5/1 3383/2/1 1678/3/1
f 1681/5/1 356/4/1 2724/9/1
f 2724/9/1 320/6/1 1662/7/1
f 3383/2/1 1662/7/1 314/8/1
f 2229/5/4 3384/2/4 1106/3/4
f 2229/5/4 355/4/4 1131/9/4
f 1131/9/4 349/6/4 1132/7/4
f 3384/2/4 1132/7/4 313/8/4
f 349/1/6 1131/5/6 3385/2/6
f 355/4/6 2230/9/6 3385/2/6
f 2230/9/6 356/6/6 1681/7/6
f 3385/2/6 1681/7/6 350/8/6
f 1682/5/1 3386/2/1 2723/3/1
f 1682/5/1 360/4/1 1133/9/1
f 1133/9/1 357/6/1 2725/7/1
f 3386/2/1 2725/7/1 352/8/1
f 358/1/4 1683/5/4 3387/2/4
f 1683/5/4 359/4/4 1134/9/4
f 1134/9/4 353/6/4 2232/7/4
f 3387/2/4 2232/7/4 351/8/4
f 1135/5/3 3388/2/3 2725/3/3
f 358/4/3 2231/9/3 3388/2/3
f 2231/9/3 351/6/3 2227/7/3
f 3388/2/3 2227/7/3 352/8/3
f 353/1/6 1134/5/6 3389/2/6
f 359/4/6 2233/9/6 3389/2/6
f 2233/9/6 360/6/6 1682/7/6
f 1130/3/6 3389/2/6 1682/7/6
f 356/1/1 2726/5/1 3390/2/1
f 362/4/1 1684/9/1 3390/2/1
f 1684/9/1 326/6/1 2698/7/1
f 3390/2/1 2698/7/1 320/8/1
f 1136/5/5 3391/2/5 1684/3/5
f 361/4/5 1137/9/5 3391/2/5
f 3391/2/5 1137/9/5 325/6/5
f 3391/2/5 1111/7/5 326/8/5
f 357/1/1 1138/5/1 3392/2/1
f 1138/5/1 364/4/1 1685/9/1
f 1685/9/1 362/6/1 2726/7/1
f 3392/2/1 2726/7/1 356/8/1
f 1139/5/4 3393/2/4 2234/3/4
f 1139/5/4 363/4/4 1686/9/4
f 1686/9/4 358/6/4 2235/7/4
f 3393/2/4 2235/7/4 355/8/4
f 355/1/2 2235/5/2 3394/2/2
f 358/4/2 1135/9/2 3394/2/2
f 1135/9/2 357/6/2 2727/7/2
f 2230/3/2 3394/2/2 2727/7/2
f 2236/5/5 3395/2/5 1685/3/5
f 363/4/5 1139/9/5 3395/2/5
f 1139/9/5 361/6/5 1136/7/5
f 3395/2/5 1136/7/5 362/8/5
f 360/1/1 2728/5/1 3396/2/1
f 2728/5/1 366/4/1 2729/9/1
f 3396/2/1 2729/9/1 364/6/1
f 3396/2/1 1138/7/1 357/8/1
f 366/1/5 1140/5/5 3397/2/5
f 365/4/5 2237/9/5 3397/2/5
f 3397/2/5 2237/9/5 363/6/5
f 3397/2/5 2236/7/5 364/8/5
f 359/1/6 2238/5/6 3398/2/6
f 365/4/6 1140/9/6 3398/2/6
f 1140/9/6 366/6/6 2728/7/6
f 3398/2/6 2728/7/6 360/8/6
f 1141/5/5 3399/2/5 1132/3/5
f 367/4/5 2239/9/5 3399/2/5
f 2239/9/5 331/6/5 1114/7/5
f 1132/3/5 3399/2/5 1114/7/5
f 2730/5/6 3400/2/6 2155/3/6
f 367/4/6 1141/9/6 3400/2/6
f 1141/9/6 349/6/6 2226/7/6
f 2155/3/6 3400/2/6 2226/7/6
f 1142/5/5 3401/2/5 2232/3/5
f 369/4/5 2731/9/5 3401/2/5
f 3401/2/5 2731/9/5 368/6/5
f 3401/2/5 2240/7/5 351/8/5
f 2240/5/3 3402/2/3 1128/3/3
f 368/4/3 2241/9/3 3402/2/3
f 2241/9/3 243/6/3 1054/7/3
f 1128/3/3 3402/2/3 1054/7/3
f 2732/5/6 3403/2/6 2157/3/6
f 369/4/6 1142/9/6 3403/2/6
f 1142/9/6 353/6/6 2228/7/6
f 2157/3/6 3403/2/6 2228/7/6
f 2242/5/2 3404/2/2 2216/3/2
f 370/4/2 2243/9/2 3404/2/2
f 2243/9/2 355/6/2 2229/7/2
f 2216/3/2 3404/2/2 2229/7/2
f 1143/5/5 3405/2/5 1137/3/5
f 371/4/5 1144/9/5 3405/2/5
f 1144/9/5 337/6/5 1117/7/5
f 1137/3/5 3405/2/5 1117/7/5
f 370/1/6 1687/5/6 3406/2/6
f 1687/5/6 371/4/6 1143/9/6
f 1143/9/6 361/6/6 2234/7/6
f 3406/2/6 2234/7/6 355/8/6
f 372/1/2 2733/5/2 3407/2/2
f 2733/5/2 373/4/2 2244/9/2
f 2244/9/2 359/6/2 1683/7/2
f 3407/2/2 1683/7/2 358/8/2
f 1145/5/5 3408/2/5 2237/3/5
f 1145/5/5 375/4/5 1689/9/5
f 3408/2/5 1689/9/5 374/6/5
f 3408/2/5 2245/7/5 363/8/5
f 2245/5/3 3409/2/3 1686/3/3
f 374/4/3 2734/9/3 3409/2/3
f 3409/2/3 2734/9/3 372/6/3
f 3409/2/3 1688/7/3 358/8/3
f 373/1/6 1146/5/6 3410/2/6
f 1146/5/6 375/4/6 1145/9/6
f 1145/9/6 365/6/6 2238/7/6
f 3410/2/6 2238/7/6 359/8/6
f 2241/5/1 3411/2/1 2671/3/1
f 2241/5/1 368/4/1 2246/9/1
f 2246/9/1 367/6/1 2730/7/1
f 3411/2/1 2730/7/1 240/8/1
f 2735/5/5 3412/2/5 2246/3/5
f 2735/5/5 377/4/5 2736/9/5
f 2736/9/5 376/6/5 2247/7/5
f 2246/3/5 3412/2/5 2247/7/5
f 2737/5/6 3413/2/6 2673/3/6
f 378/4/6 1147/9/6 3413/2/6
f 1147/9/6 369/6/6 2732/7/6
f 3413/2/6 2732/7/6 244/8/6
f 2248/5/1 3414/2/1 2239/3/1
f 2248/5/1 370/4/1 2242/9/1
f 2242/9/1 335/6/1 2222/7/1
f 3414/2/1 2222/7/1 331/8/1
f 2738/5/6 3415/2/6 2247/3/6
f 2738/5/6 379/4/6 1690/9/6
f 1690/9/6 370/6/6 2248/7/6
f 3415/2/6 2248/7/6 367/8/6
f 1148/5/1 3416/2/1 2731/3/1
f 1148/5/1 373/4/1 2733/9/1
f 3416/2/1 2733/9/1 372/6/1
f 3416/2/1 2739/7/1 368/8/1
f 2740/5/3 3417/2/3 2739/3/3
f 2740/5/3 380/4/3 1149/9/3
f 1149/9/3 377/6/3 2735/7/3
f 2739/3/3 3417/2/3 2735/7/3
f 1691/5/6 3418/2/6 1147/3/6
f 1691/5/6 381/4/6 1150/9/6
f 1150/9/6 373/6/6 1148/7/6
f 3418/2/6 1148/7/6 369/8/6
f 2249/5/5 3419/2/5 1144/3/5
f 382/4/5 2741/9/5 3419/2/5
f 3419/2/5 2741/9/5 348/6/5
f 3419/2/5 1126/7/5 337/8/5
f 372/1/1 2734/5/1 3420/2/1
f 2734/5/1 374/4/1 2250/9/1
f 2250/9/1 371/6/1 1687/7/1
f 3420/2/1 1687/7/1 370/8/1
f 2251/5/2 3421/2/2 1690/3/2
f 2251/5/2 380/4/2 2740/9/2
f 2740/9/2 372/6/2 1692/7/2
f 3421/2/2 1692/7/2 370/8/2
f 1693/5/5 3422/2/5 2250/3/5
f 1693/5/5 383/4/5 1694/9/5
f 1694/9/5 382/6/5 2249/7/5
f 2250/3/5 3422/2/5 2249/7/5
f 2252/5/5 3423/2/5 1689/3/5
f 384/4/5 2253/9/5 3423/2/5
f 3423/2/5 2253/9/5 383/6/5
f 3423/2/5 1693/7/5 374/8/5
f 381/1/6 1151/5/6 3424/2/6
f 384/4/6 2252/9/6 3424/2/6
f 2252/9/6 375/6/6 1146/7/6
f 3424/2/6 1146/7/6 373/8/6
f 385/1/2 1153/5/2 3425/2/2
f 386/4/2 1695/9/2 3425/2/2
f 1695/9/2 50/6/2 927/7/2
f 3425/2/2 927/7/2 49/8/2
f 51/1/3 2254/5/3 3426/2/3
f 387/4/3 1154/9/3 3426/2/3
f 1154/9/3 385/6/3 1152/7/3
f 3426/2/3 1152/7/3 49/8/3
f 388/1/4 2742/5/4 3427/2/4
f 390/4/4 1155/9/4 3427/2/4
f 1155/9/4 389/6/4 1697/7/4
f 1696/3/4 3427/2/4 1697/7/4
f 1697/5/2 3428/2/2 1695/3/2
f 389/4/2 1156/9/2 3428/2/2
f 1156/9/2 53/6/2 1524/7/2
f 1695/3/2 3428/2/2 1524/7/2
f 1698/5/5 3429/2/5 2583/3/5
f 390/4/5 2742/9/5 3429/2/5
f 2742/9/5 388/6/5 2743/7/5
f 2583/3/5 3429/2/5 2743/7/5
f 389/1/2 1157/5/2 3430/2/2
f 391/4/2 2255/9/2 3430/2/2
f 3430/2/2 2255/9/2 55/6/2
f 1156/3/2 3430/2/2 930/7/2
f 391/1/6 2256/5/6 3431/2/6
f 392/4/6 2744/9/6 3431/2/6
f 3431/2/6 2744/9/6 56/6/6
f 3431/2/6 2064/7/6 55/8/6
f 393/1/4 1158/5/4 3432/2/4
f 394/4/4 2745/9/4 3432/2/4
f 2745/9/4 388/6/4 2258/7/4
f 2257/3/4 3432/2/4 2258/7/4
f 1159/5/3 3433/2/3 2034/3/3
f 393/4/3 2257/9/3 3433/2/3
f 2257/9/3 387/6/3 2254/7/3
f 2034/3/3 3433/2/3 2254/7/3
f 2745/5/6 3434/2/6 2743/3/6
f 394/4/6 1699/9/6 3434/2/6
f 1699/9/6 58/6/6 2586/7/6
f 2743/3/6 3434/2/6 2586/7/6
f 2259/5/4 3435/2/4 1700/3/4
f 396/4/4 2746/9/4 3435/2/4
f 2746/9/4 392/6/4 1701/7/4
f 1700/3/4 3435/2/4 1701/7/4
f 2260/5/3 3436/2/3 1527/3/3
f 395/4/3 1700/9/3 3436/2/3
f 1700/9/3 390/6/3 1698/7/3
f 1527/3/3 3436/2/3 1698/7/3
f 2746/5/6 3437/2/6 2744/3/6
f 396/4/6 2747/9/6 3437/2/6
f 2747/9/6 60/6/6 2606/7/6
f 2744/3/6 3437/2/6 2606/7/6
f 62/1/5 1702/5/5 3438/2/5
f 398/4/5 1160/9/5 3438/2/5
f 1160/9/5 397/6/5 1161/7/5
f 3438/2/5 1161/7/5 61/8/5
f 1161/5/3 3439/2/3 933/3/3
f 397/4/3 1162/9/3 3439/2/3
f 1162/9/3 393/6/3 1159/7/3
f 3439/2/3 1159/7/3 57/8/3
f 1704/5/4 3440/2/4 1703/3/4
f 399/4/4 2261/9/4 3440/2/4
f 2261/9/4 395/6/4 1705/7/4
f 1703/3/4 3440/2/4 1705/7/4
f 1705/5/2 3441/2/2 1699/3/2
f 395/4/2 2260/9/2 3441/2/2
f 2260/9/2 59/6/2 1529/7/2
f 1699/3/2 3441/2/2 1529/7/2
f 2262/5/5 3442/2/5 1593/3/5
f 399/4/5 1704/9/5 3442/2/5
f 1704/9/5 398/6/5 1702/7/5
f 1593/3/5 3442/2/5 1702/7/5
f 2748/5/5 3443/2/5 2128/3/5
f 400/4/5 2263/9/5 3443/2/5
f 2263/9/5 399/6/5 2262/7/5
f 3443/2/5 2262/7/5 63/8/5
f 396/1/6 2749/5/6 3444/2/6
f 400/4/6 2748/9/6 3444/2/6
f 3444/2/6 2748/9/6 64/6/6
f 2747/3/6 3444/2/6 2610/7/6
f 401/1/2 1164/5/2 3445/2/2
f 402/4/2 1706/9/2 3445/2/2
f 3445/2/2 1706/9/2 386/6/2
f 3445/2/2 1153/7/2 385/8/2
f 388/1/5 2750/5/5 3446/2/5
f 404/4/5 2264/9/5 3446/2/5
f 2264/9/5 403/6/5 2265/7/5
f 3446/2/5 2265/7/5 387/8/5
f 387/1/3 2265/5/3 3447/2/3
f 403/4/3 1165/9/3 3447/2/3
f 1165/9/3 401/6/3 1163/7/3
f 3447/2/3 1163/7/3 385/8/3
f 1707/5/6 3448/2/6 1706/3/6
f 404/4/6 2750/9/6 3448/2/6
f 3448/2/6 2750/9/6 388/6/6
f 3448/2/6 1696/7/6 386/8/6
f 1167/5/2 3449/2/2 1166/3/2
f 406/4/2 2266/9/2 3449/2/2
f 3449/2/2 2266/9/2 391/6/2
f 1166/3/2 3449/2/2 1157/7/2
f 2751/5/5 3450/2/5 1701/3/5
f 408/4/5 2267/9/5 3450/2/5
f 2267/9/5 407/6/5 1708/7/5
f 3450/2/5 1708/7/5 390/8/5
f 390/1/3 1708/5/3 3451/2/3
f 407/4/3 1168/9/3 3451/2/3
f 1168/9/3 405/6/3 1166/7/3
f 3451/2/3 1166/7/3 389/8/3
f 1709/5/6 3452/2/6 2266/3/6
f 408/4/6 2751/9/6 3452/2/6
f 3452/2/6 2751/9/6 392/6/6
f 3452/2/6 2256/7/6 391/8/6
f 1170/5/2 3453/2/2 1169/3/2
f 410/4/2 1710/9/2 3453/2/2
f 3453/2/2 1710/9/2 394/6/2
f 3453/2/2 1158/7/2 393/8/2
f 398/1/5 1711/5/5 3454/2/5
f 412/4/5 2268/9/5 3454/2/5
f 2268/9/5 411/6/5 1171/7/5
f 3454/2/5 1171/7/5 397/8/5
f 1171/5/3 3455/2/3 1162/3/3
f 411/4/3 1172/9/3 3455/2/3
f 1172/9/3 409/6/3 1169/7/3
f 3455/2/3 1169/7/3 393/8/3
f 1712/5/6 3456/2/6 1710/3/6
f 412/4/6 1711/9/6 3456/2/6
f 3456/2/6 1711/9/6 398/6/6
f 1710/3/6 3456/2/6 1703/7/6
f 1173/5/2 3457/2/2 2269/3/2
f 414/4/2 2752/9/2 3457/2/2
f 3457/2/2 2752/9/2 396/6/2
f 2269/3/2 3457/2/2 2259/7/2
f 2753/5/5 3458/2/5 2263/3/5
f 416/4/5 2270/9/5 3458/2/5
f 2270/9/5 415/6/5 2271/7/5
f 3458/2/5 2271/7/5 399/8/5
f 2271/5/3 3459/2/3 2261/3/3
f 415/4/3 1174/9/3 3459/2/3
f 1174/9/3 413/6/3 2269/7/3
f 3459/2/3 2269/7/3 395/8/3
f 1713/5/6 3460/2/6 2752/3/6
f 416/4/6 2753/9/6 3460/2/6
f 3460/2/6 2753/9/6 400/6/6
f 2752/3/6 3460/2/6 2749/7/6
f 417/1/2 1176/5/2 3461/2/2
f 418/4/2 1714/9/2 3461/2/2
f 3461/2/2 1714/9/2 402/6/2
f 3461/2/2 1164/7/2 401/8/2
f 403/1/3 2272/5/3 3462/2/3
f 419/4/3 1177/9/3 3462/2/3
f 1177/9/3 417/6/3 1175/7/3
f 3462/2/3 1175/7/3 401/8/3
f 1168/5/1 3463/2/1 1715/3/1
f 407/4/1 2754/9/1 3463/2/1
f 2754/9/1 404/6/1 1707/7/1
f 1715/3/1 3463/2/1 1707/7/1
f 1716/5/2 3464/2/2 1714/3/2
f 421/4/2 1178/9/2 3464/2/2
f 1178/9/2 405/6/2 1715/7/2
f 3464/2/2 1715/7/2 402/8/2
f 2273/5/5 3465/2/5 2754/3/5
f 422/4/5 2755/9/5 3465/2/5
f 2755/9/5 420/6/5 2756/7/5
f 2754/3/5 3465/2/5 2756/7/5
f 1179/5/2 3466/2/2 1178/3/2
f 423/4/2 1717/9/2 3466/2/2
f 3466/2/2 1717/9/2 406/6/2
f 3466/2/2 1167/7/2 405/8/2
f 2274/5/6 3467/2/6 1717/3/6
f 424/4/6 2757/9/6 3467/2/6
f 3467/2/6 2757/9/6 408/6/6
f 3467/2/6 1709/7/6 406/8/6
f 404/1/1 2758/5/1 3468/2/1
f 410/4/1 1170/9/1 3468/2/1
f 1170/9/1 409/6/1 2275/7/1
f 2264/3/1 3468/2/1 2275/7/1
f 1180/5/3 3469/2/3 2275/3/3
f 425/4/3 2276/9/3 3469/2/3
f 2276/9/3 419/6/3 2272/7/3
f 2275/3/3 3469/2/3 2272/7/3
f 2759/5/6 3470/2/6 2756/3/6
f 426/4/6 1718/9/6 3470/2/6
f 1718/9/6 410/6/6 2758/7/6
f 3470/2/6 2758/7/6 404/8/6
f 2760/5/1 3471/2/1 2267/3/1
f 414/4/1 1173/9/1 3471/2/1
f 1173/9/1 413/6/1 2277/7/1
f 2267/3/1 3471/2/1 2277/7/1
f 1181/5/3 3472/2/3 2277/3/3
f 427/4/3 1719/9/3 3472/2/3
f 1719/9/3 422/6/3 2273/7/3
f 2277/3/3 3472/2/3 2273/7/3
f 2761/5/6 3473/2/6 2757/3/6
f 428/4/6 1720/9/6 3473/2/6
f 1720/9/6 414/6/6 2760/7/6
f 3473/2/6 2760/7/6 408/8/6
f 412/1/5 2762/5/5 3474/2/5
f 430/4/5 1182/9/5 3474/2/5
f 1182/9/5 429/6/5 2278/7/5
f 3474/2/5 2278/7/5 411/8/5
f 2278/5/3 3475/2/3 1172/3/3
f 429/4/3 1183/9/3 3475/2/3
f 1183/9/3 425/6/3 1180/7/3
f 3475/2/3 1180/7/3 409/8/3
f 1174/5/1 3476/2/1 1721/3/1
f 415/4/1 2763/9/1 3476/2/1
f 2763/9/1 412/6/1 1712/7/1
f 1721/3/1 3476/2/1 1712/7/1
f 1722/5/2 3477/2/2 1718/3/2
f 427/4/2 1181/9/2 3477/2/2
f 1181/9/2 413/6/2 1721/7/2
f 3477/2/2 1721/7/2 410/8/2
f 2279/5/5 3478/2/5 2763/3/5
f 431/4/5 1723/9/5 3478/2/5
f 1723/9/5 430/6/5 2762/7/5
f 2763/3/5 3478/2/5 2762/7/5
f 2764/5/5 3479/2/5 2270/3/5
f 432/4/5 2280/9/5 3479/2/5
f 2280/9/5 431/6/5 2279/7/5
f 3479/2/5 2279/7/5 415/8/5
f 2765/5/6 3480/2/6 1720/3/6
f 432/4/6 2764/9/6 3480/2/6
f 3480/2/6 2764/9/6 416/6/6
f 3480/2/6 1713/7/6 414/8/6
f 1185/5/2 3481/2/2 1184/3/2
f 434/4/2 1186/9/2 3481/2/2
f 1186/9/2 149/6/2 991/7/2
f 3481/2/2 991/7/2 105/8/2
f 106/1/3 1724/5/3 3482/2/3
f 435/4/3 1187/9/3 3482/2/3
f 1187/9/3 433/6/3 1184/7/3
f 3482/2/3 1184/7/3 105/8/3
f 436/1/4 2766/5/4 3483/2/4
f 438/4/4 1188/9/4 3483/2/4
f 1188/9/4 437/6/4 1726/7/4
f 1725/3/4 3483/2/4 1726/7/4
f 1726/5/2 3484/2/2 1186/3/2
f 1726/5/2 437/4/2 2281/9/2
f 2281/9/2 151/6/2 994/7/2
f 3484/2/2 994/7/2 149/8/2
f 2767/5/5 3485/2/5 1565/3/5
f 438/4/5 2766/9/5 3485/2/5
f 2766/9/5 436/6/5 1727/7/5
f 3485/2/5 1727/7/5 150/8/5
f 437/1/2 1189/5/2 3486/2/2
f 439/4/2 1190/9/2 3486/2/2
f 1190/9/2 153/6/2 2098/7/2
f 3486/2/2 2098/7/2 151/8/2
f 439/1/6 2282/5/6 3487/2/6
f 440/4/6 1728/9/6 3487/2/6
f 1728/9/6 154/6/6 996/7/6
f 3487/2/6 996/7/6 153/8/6
f 1191/5/4 3488/2/4 2283/3/4
f 442/4/4 2768/9/4 3488/2/4
f 2768/9/4 436/6/4 2284/7/4
f 2283/3/4 3488/2/4 2284/7/4
f 1192/5/3 3489/2/3 1548/3/3
f 441/4/3 2283/9/3 3489/2/3
f 2283/9/3 435/6/3 1724/7/3
f 1548/3/3 3489/2/3 1724/7/3
f 2768/5/6 3490/2/6 1727/3/6
f 442/4/6 2285/9/6 3490/2/6
f 2285/9/6 155/6/6 1569/7/6
f 1727/3/6 3490/2/6 1569/7/6
f 443/1/4 2286/5/4 3491/2/4
f 2286/5/4 444/4/4 2769/9/4
f 2769/9/4 440/6/4 1730/7/4
f 3491/2/4 1730/7/4 438/8/4
f 2770/5/3 3492/2/3 2631/3/3
f 443/4/3 1729/9/3 3492/2/3
f 1729/9/3 438/6/3 2767/7/3
f 2631/3/3 3492/2/3 2767/7/3
f 2769/5/6 3493/2/6 1728/3/6
f 444/4/6 1193/9/6 3493/2/6
f 1193/9/6 157/6/6 1571/7/6
f 1728/3/6 3493/2/6 1571/7/6
f 1731/5/5 3494/2/5 2666/3/5
f 446/4/5 1194/9/5 3494/2/5
f 1194/9/5 445/6/5 2771/7/5
f 3494/2/5 2771/7/5 112/8/5
f 2771/5/3 3495/2/3 965/3/3
f 445/4/3 1195/9/3 3495/2/3
f 1195/9/3 441/6/3 1192/7/3
f 3495/2/3 1192/7/3 109/8/3
f 1733/5/4 3496/2/4 1732/3/4
f 1733/5/4 447/4/4 2287/9/4
f 2287/9/4 443/6/4 1734/7/4
f 3496/2/4 1734/7/4 442/8/4
f 1734/5/2 3497/2/2 2285/3/2
f 1734/5/2 443/4/2 2770/9/2
f 2770/9/2 156/6/2 2101/7/2
f 3497/2/2 2101/7/2 155/8/2
f 2288/5/5 3498/2/5 1622/3/5
f 447/4/5 1733/9/5 3498/2/5
f 1733/9/5 446/6/5 1731/7/5
f 3498/2/5 1731/7/5 158/8/5
f 2772/5/5 3499/2/5 2161/3/5
f 448/4/5 2289/9/5 3499/2/5
f 3499/2/5 2289/9/5 447/6/5
f 3499/2/5 2288/7/5 159/8/5
f 444/1/6 2773/5/6 3500/2/6
f 448/4/6 2772/9/6 3500/2/6
f 3500/2/6 2772/9/6 160/6/6
f 1193/3/6 3500/2/6 999/7/6
f 1197/5/2 3501/2/2 1196/3/2
f 450/4/2 1735/9/2 3501/2/2
f 1735/9/2 434/6/2 1185/7/2
f 3501/2/2 1185/7/2 433/8/2
f 2774/5/5 3502/2/5 2284/3/5
f 452/4/5 2290/9/5 3502/2/5
f 2290/9/5 451/6/5 2291/7/5
f 3502/2/5 2291/7/5 435/8/5
f 435/1/3 2291/5/3 3503/2/3
f 451/4/3 1198/9/3 3503/2/3
f 1198/9/3 449/6/3 1196/7/3
f 3503/2/3 1196/7/3 433/8/3
f 1736/5/6 3504/2/6 1735/3/6
f 452/4/6 2774/9/6 3504/2/6
f 3504/2/6 2774/9/6 436/6/6
f 3504/2/6 1725/7/6 434/8/6
f 453/1/2 1200/5/2 3505/2/2
f 454/4/2 2292/9/2 3505/2/2
f 3505/2/2 2292/9/2 439/6/2
f 3505/2/2 1189/7/2 437/8/2
f 2775/5/5 3506/2/5 1730/3/5
f 456/4/5 2293/9/5 3506/2/5
f 3506/2/5 2293/9/5 455/6/5
f 3506/2/5 1737/7/5 438/8/5
f 438/1/3 1737/5/3 3507/2/3
f 455/4/3 1201/9/3 3507/2/3
f 1201/9/3 453/6/3 1199/7/3
f 3507/2/3 1199/7/3 437/8/3
f 1738/5/6 3508/2/6 2292/3/6
f 456/4/6 2775/9/6 3508/2/6
f 3508/2/6 2775/9/6 440/6/6
f 3508/2/6 2282/7/6 439/8/6
f 1203/5/2 3509/2/2 1202/3/2
f 458/4/2 1739/9/2 3509/2/2
f 1739/9/2 442/6/2 1191/7/2
f 3509/2/2 1191/7/2 441/8/2
f 1740/5/5 3510/2/5 1194/3/5
f 460/4/5 2294/9/5 3510/2/5
f 2294/9/5 459/6/5 1204/7/5
f 3510/2/5 1204/7/5 445/8/5
f 1204/5/3 3511/2/3 1195/3/3
f 459/4/3 1205/9/3 3511/2/3
f 1205/9/3 457/6/3 1202/7/3
f 3511/2/3 1202/7/3 441/8/3
f 1741/5/6 3512/2/6 1739/3/6
f 460/4/6 1740/9/6 3512/2/6
f 3512/2/6 1740/9/6 446/6/6
f 1739/3/6 3512/2/6 1732/7/6
f 461/1/2 1206/5/2 3513/2/2
f 462/4/2 2776/9/2 3513/2/2
f 2776/9/2 444/6/2 2286/7/2
f 3513/2/2 2286/7/2 443/8/2
f 2777/5/5 3514/2/5 2289/3/5
f 464/4/5 2296/9/5 3514/2/5
f 3514/2/5 2296/9/5 463/6/5
f 3514/2/5 2297/7/5 447/8/5
f 2297/5/3 3515/2/3 2287/3/3
f 463/4/3 1207/9/3 3515/2/3
f 1207/9/3 461/6/3 2295/7/3
f 3515/2/3 2295/7/3 443/8/3
f 1742/5/6 3516/2/6 2776/3/6
f 464/4/6 2777/9/6 3516/2/6
f 3516/2/6 2777/9/6 448/6/6
f 2776/3/6 3516/2/6 2773/7/6
f 1209/5/2 3517/2/2 1208/3/2
f 466/4/2 1743/9/2 3517/2/2
f 1743/9/2 450/6/2 1197/7/2
f 3517/2/2 1197/7/2 449/8/2
f 451/1/3 2298/5/3 3518/2/3
f 467/4/3 1210/9/3 3518/2/3
f 1210/9/3 465/6/3 1208/7/3
f 3518/2/3 1208/7/3 449/8/3
f 1201/5/1 3519/2/1 1744/3/1
f 455/4/1 2778/9/1 3519/2/1
f 2778/9/1 452/6/1 1736/7/1
f 3519/2/1 1736/7/1 450/8/1
f 1745/5/2 3520/2/2 1743/3/2
f 1745/5/2 469/4/2 1211/9/2
f 1211/9/2 453/6/2 1744/7/2
f 3520/2/2 1744/7/2 450/8/2
f 2299/5/5 3521/2/5 2778/3/5
f 2299/5/5 470/4/5 2779/9/5
f 2779/9/5 468/6/5 2780/7/5
f 3521/2/5 2780/7/5 452/8/5
f 469/1/2 1212/5/2 3522/2/2
f 1212/5/2 471/4/2 1746/9/2
f 1746/9/2 454/6/2 1200/7/2
f 3522/2/2 1200/7/2 453/8/2
f 2300/5/6 3523/2/6 1746/3/6
f 472/4/6 2781/9/6 3523/2/6
f 3523/2/6 2781/9/6 456/6/6
f 3523/2/6 1738/7/6 454/8/6
f 2782/5/1 3524/2/1 2290/3/1
f 458/4/1 1203/9/1 3524/2/1
f 1203/9/1 457/6/1 2301/7/1
f 2290/3/1 3524/2/1 2301/7/1
f 1213/5/3 3525/2/3 2301/3/3
f 473/4/3 2302/9/3 3525/2/3
f 2302/9/3 467/6/3 2298/7/3
f 2301/3/3 3525/2/3 2298/7/3
f 2783/5/6 3526/2/6 2780/3/6
f 474/4/6 1747/9/6 3526/2/6
f 1747/9/6 458/6/6 2782/7/6
f 3526/2/6 2782/7/6 452/8/6
f 2784/5/1 3527/2/1 2293/3/1
f 2784/5/1 462/4/1 1206/9/1
f 3527/2/1 1206/9/1 461/6/1
f 3527/2/1 2303/7/1 455/8/1
f 1214/5/3 3528/2/3 2303/3/3
f 475/4/3 1748/9/3 3528/2/3
f 1748/9/3 470/6/3 2299/7/3
f 2303/3/3 3528/2/3 2299/7/3
f 2785/5/6 3529/2/6 2781/3/6
f 476/4/6 1749/9/6 3529/2/6
f 1749/9/6 462/6/6 2784/7/6
f 3529/2/6 2784/7/6 456/8/6
f 2786/5/5 3530/2/5 2294/3/5
f 478/4/5 1215/9/5 3530/2/5
f 1215/9/5 477/6/5 2304/7/5
f 3530/2/5 2304/7/5 459/8/5
f 2304/5/3 3531/2/3 1205/3/3
f 477/4/3 1216/9/3 3531/2/3
f 1216/9/3 473/6/3 1213/7/3
f 3531/2/3 1213/7/3 457/8/3
f 1207/5/1 3532/2/1 1750/3/1
f 1207/5/1 463/4/1 2787/9/1
f 2787/9/1 460/6/1 1741/7/1
f 1750/3/1 3532/2/1 1741/7/1
f 1751/5/2 3533/2/2 1747/3/2
f 1751/5/2 475/4/2 1214/9/2
f 1214/9/2 461/6/2 1750/7/2
f 3533/2/2 1750/7/2 458/8/2
f 2305/5/5 3534/2/5 2787/3/5
f 2305/5/5 479/4/5 1752/9/5
f 1752/9/5 478/6/5 2786/7/5
f 3534/2/5 2786/7/5 460/8/5
f 464/1/5 2788/5/5 3535/2/5
f 480/4/5 2306/9/5 3535/2/5
f 3535/2/5 2306/9/5 479/6/5
f 3535/2/5 2305/7/5 463/8/5
f 2789/5/6 3536/2/6 1749/3/6
f 480/4/6 2788/9/6 3536/2/6
f 3536/2/6 2788/9/6 464/6/6
f 3536/2/6 1742/7/6 462/8/6
f 481/1/2 1218/5/2 3537/2/2
f 482/4/2 1753/9/2 3537/2/2
f 1753/9/2 206/6/2 1033/7/2
f 3537/2/2 1033/7/2 205/8/2
f 1219/5/3 3538/2/3 1091/3/3
f 483/4/3 1220/9/3 3538/2/3
f 1220/9/3 481/6/3 1217/7/3
f 3538/2/3 1217/7/3 205/8/3
f 2790/5/4 3539/2/4 1754/3/4
f 486/4/4 1221/9/4 3539/2/4
f 1221/9/4 485/6/4 1755/7/4
f 1754/3/4 3539/2/4 1755/7/4
f 1755/5/2 3540/2/2 1753/3/2
f 485/4/2 2307/9/2 3540/2/2
f 2307/9/2 207/6/2 1601/7/2
f 1753/3/2 3540/2/2 1601/7/2
f 2308/5/5 3541/2/5 1650/3/5
f 486/4/5 2790/9/5 3541/2/5
f 2790/9/5 484/6/5 1756/7/5
f 1650/3/5 3541/2/5 1756/7/5
f 485/1/2 1222/5/2 3542/2/2
f 487/4/2 2791/9/2 3542/2/2
f 3542/2/2 2791/9/2 208/6/2
f 2307/3/2 3542/2/2 2134/7/2
f 2309/5/6 3543/2/6 2791/3/6
f 488/4/6 2792/9/6 3543/2/6
f 2792/9/6 296/6/6 2705/7/6
f 3543/2/6 2705/7/6 208/8/6
f 1223/5/4 3544/2/4 2310/3/4
f 490/4/4 2793/9/4 3544/2/4
f 2793/9/4 484/6/4 2311/7/4
f 3544/2/4 2311/7/4 483/8/4
f 1224/5/3 3545/2/3 1094/3/3
f 489/4/3 2310/9/3 3545/2/3
f 2310/9/3 483/6/3 1219/7/3
f 3545/2/3 1219/7/3 293/8/3
f 2793/5/6 3546/2/6 1756/3/6
f 2793/5/6 490/4/6 1757/9/6
f 1757/9/6 298/6/6 1653/7/6
f 3546/2/6 1653/7/6 294/8/6
f 2312/5/4 3547/2/4 1758/3/4
f 2312/5/4 492/4/4 2794/9/4
f 2794/9/4 488/6/4 1759/7/4
f 1758/3/4 3547/2/4 1759/7/4
f 2313/5/3 3548/2/3 2192/3/3
f 491/4/3 1758/9/3 3548/2/3
f 1758/9/3 486/6/3 2308/7/3
f 3548/2/3 2308/7/3 295/8/3
f 2794/5/6 3549/2/6 2792/3/6
f 2794/5/6 492/4/6 2795/9/6
f 2795/9/6 300/6/6 2712/7/6
f 3549/2/6 2712/7/6 296/8/6
f 302/1/5 1760/5/5 3550/2/5
f 494/4/5 1225/9/5 3550/2/5
f 1225/9/5 493/6/5 1226/7/5
f 1096/3/5 3550/2/5 1226/7/5
f 1226/5/3 3551/2/3 1097/3/3
f 493/4/3 1227/9/3 3551/2/3
f 3551/2/3 1227/9/3 489/6/3
f 3551/2/3 1224/7/3 297/8/3
f 1762/5/4 3552/2/4 1761/3/4
f 495/4/4 2314/9/4 3552/2/4
f 3552/2/4 2314/9/4 491/6/4
f 3552/2/4 1763/7/4 490/8/4
f 1763/5/2 3553/2/2 1757/3/2
f 491/4/2 2313/9/2 3553/2/2
f 2313/9/2 299/6/2 1656/7/2
f 1757/3/2 3553/2/2 1656/7/2
f 2315/5/5 3554/2/5 1657/3/5
f 495/4/5 1762/9/5 3554/2/5
f 1762/9/5 494/6/5 1760/7/5
f 1657/3/5 3554/2/5 1760/7/5
f 2796/5/5 3555/2/5 2195/3/5
f 496/4/5 2316/9/5 3555/2/5
f 2316/9/5 495/6/5 2315/7/5
f 3555/2/5 2315/7/5 303/8/5
f 492/1/6 2797/5/6 3556/2/6
f 496/4/6 2796/9/6 3556/2/6
f 2796/9/6 304/6/6 2716/7/6
f 3556/2/6 2716/7/6 300/8/6
f 1229/5/2 3557/2/2 1228/3/2
f 498/4/2 1764/9/2 3557/2/2
f 3557/2/2 1764/9/2 482/6/2
f 3557/2/2 1218/7/2 481/8/2
f 484/1/5 2798/5/5 3558/2/5
f 500/4/5 2317/9/5 3558/2/5
f 2317/9/5 499/6/5 2318/7/5
f 3558/2/5 2318/7/5 483/8/5
f 2318/5/3 3559/2/3 1220/3/3
f 499/4/3 1230/9/3 3559/2/3
f 1230/9/3 497/6/3 1228/7/3
f 3559/2/3 1228/7/3 481/8/3
f 1765/5/6 3560/2/6 1764/3/6
f 500/4/6 2798/9/6 3560/2/6
f 2798/9/6 484/6/6 1754/7/6
f 3560/2/6 1754/7/6 482/8/6
f 1232/5/2 3561/2/2 1231/3/2
f 502/4/2 2319/9/2 3561/2/2
f 3561/2/2 2319/9/2 487/6/2
f 1231/3/2 3561/2/2 1222/7/2
f 2799/5/5 3562/2/5 1759/3/5
f 504/4/5 2320/9/5 3562/2/5
f 2320/9/5 503/6/5 1766/7/5
f 3562/2/5 1766/7/5 486/8/5
f 1766/5/3 3563/2/3 1221/3/3
f 503/4/3 1233/9/3 3563/2/3
f 1233/9/3 501/6/3 1231/7/3
f 3563/2/3 1231/7/3 485/8/3
f 1767/5/6 3564/2/6 2319/3/6
f 504/4/6 2799/9/6 3564/2/6
f 2799/9/6 488/6/6 2309/7/6
f 3564/2/6 2309/7/6 487/8/6
f 1235/5/2 3565/2/2 1234/3/2
f 506/4/2 1768/9/2 3565/2/2
f 3565/2/2 1768/9/2 490/6/2
f 3565/2/2 1223/7/2 489/8/2
f 494/1/5 1769/5/5 3566/2/5
f 508/4/5 2321/9/5 3566/2/5
f 3566/2/5 2321/9/5 507/6/5
f 3566/2/5 1236/7/5 493/8/5
f 1236/5/3 3567/2/3 1227/3/3
f 507/4/3 1237/9/3 3567/2/3
f 3567/2/3 1237/9/3 505/6/3
f 3567/2/3 1234/7/3 489/8/3
f 506/1/6 1770/5/6 3568/2/6
f 508/4/6 1769/9/6 3568/2/6
f 1769/9/6 494/6/6 1761/7/6
f 3568/2/6 1761/7/6 490/8/6
f 1238/5/2 3569/2/2 2322/3/2
f 510/4/2 2800/9/2 3569/2/2
f 3569/2/2 2800/9/2 492/6/2
f 2322/3/2 3569/2/2 2312/7/2
f 2801/5/5 3570/2/5 2316/3/5
f 512/4/5 2323/9/5 3570/2/5
f 2323/9/5 511/6/5 2324/7/5
f 3570/2/5 2324/7/5 495/8/5
f 2324/5/3 3571/2/3 2314/3/3
f 511/4/3 1239/9/3 3571/2/3
f 3571/2/3 1239/9/3 509/6/3
f 3571/2/3 2322/7/3 491/8/3
f 510/1/6 1771/5/6 3572/2/6
f 512/4/6 2801/9/6 3572/2/6
f 2801/9/6 496/6/6 2797/7/6
f 3572/2/6 2797/7/6 492/8/6
f 1241/5/2 3573/2/2 1240/3/2
f 514/4/2 1772/9/2 3573/2/2
f 3573/2/2 1772/9/2 498/6/2
f 3573/2/2 1229/7/2 497/8/2
f 2325/5/3 3574/2/3 1230/3/3
f 515/4/3 1242/9/3 3574/2/3
f 1242/9/3 513/6/3 1240/7/3
f 3574/2/3 1240/7/3 497/8/3
f 1233/5/1 3575/2/1 1773/3/1
f 503/4/1 2802/9/1 3575/2/1
f 2802/9/1 500/6/1 1765/7/1
f 1773/3/1 3575/2/1 1765/7/1
f 1774/5/2 3576/2/2 1772/3/2
f 517/4/2 1243/9/2 3576/2/2
f 1243/9/2 501/6/2 1773/7/2
f 3576/2/2 1773/7/2 498/8/2
f 2326/5/5 3577/2/5 2802/3/5
f 518/4/5 2803/9/5 3577/2/5
f 2803/9/5 516/6/5 2804/7/5
f 2802/3/5 3577/2/5 2804/7/5
f 1244/5/2 3578/2/2 1243/3/2
f 519/4/2 1775/9/2 3578/2/2
f 3578/2/2 1775/9/2 502/6/2
f 3578/2/2 1232/7/2 501/8/2
f 2327/5/6 3579/2/6 1775/3/6
f 520/4/6 2805/9/6 3579/2/6
f 2805/9/6 504/6/6 1767/7/6
f 3579/2/6 1767/7/6 502/8/6
f 500/1/1 2806/5/1 3580/2/1
f 506/4/1 1235/9/1 3580/2/1
f 1235/9/1 505/6/1 2328/7/1
f 2317/3/1 3580/2/1 2328/7/1
f 1245/5/3 3581/2/3 2328/3/3
f 1245/5/3 521/4/3 2329/9/3
f 2329/9/3 515/6/3 2325/7/3
f 3581/2/3 2325/7/3 499/8/3
f 2807/5/6 3582/2/6 2804/3/6
f 2807/5/6 522/4/6 1776/9/6
f 1776/9/6 506/6/6 2806/7/6
f 3582/2/6 2806/7/6 500/8/6
f 2808/5/1 3583/2/1 2320/3/1
f 2808/5/1 510/4/1 1238/9/1
f 1238/9/1 509/6/1 2330/7/1
f 3583/2/1 2330/7/1 503/8/1
f 1246/5/3 3584/2/3 2330/3/3
f 1246/5/3 523/4/3 1777/9/3
f 1777/9/3 518/6/3 2326/7/3
f 3584/2/3 2326/7/3 503/8/3
f 2809/5/6 3585/2/6 2805/3/6
f 2809/5/6 524/4/6 1778/9/6
f 1778/9/6 510/6/6 2808/7/6
f 3585/2/6 2808/7/6 504/8/6
f 508/1/5 2810/5/5 3586/2/5
f 526/4/5 1247/9/5 3586/2/5
f 1247/9/5 525/6/5 2331/7/5
f 3586/2/5 2331/7/5 507/8/5
f 507/1/3 2331/5/3 3587/2/3
f 525/4/3 1248/9/3 3587/2/3
f 3587/2/3 1248/9/3 521/6/3
f 3587/2/3 1245/7/3 505/8/3
f 509/1/1 1239/5/1 3588/2/1
f 511/4/1 2811/9/1 3588/2/1
f 2811/9/1 508/6/1 1770/7/1
f 3588/2/1 1770/7/1 506/8/1
f 1780/5/2 3589/2/2 1776/3/2
f 523/4/2 1246/9/2 3589/2/2
f 1246/9/2 509/6/2 1779/7/2
f 3589/2/2 1779/7/2 506/8/2
f 2332/5/5 3590/2/5 2811/3/5
f 527/4/5 1781/9/5 3590/2/5
f 1781/9/5 526/6/5 2810/7/5
f 2811/3/5 3590/2/5 2810/7/5
f 2812/5/5 3591/2/5 2323/3/5
f 528/4/5 2333/9/5 3591/2/5
f 2333/9/5 527/6/5 2332/7/5
f 3591/2/5 2332/7/5 511/8/5
f 524/1/6 2813/5/6 3592/2/6
f 528/4/6 2812/9/6 3592/2/6
f 2812/9/6 512/6/6 1771/7/6
f 3592/2/6 1771/7/6 510/8/6
f 1250/5/2 3593/2/2 1249/3/2
f 530/4/2 1782/9/2 3593/2/2
f 1782/9/2 254/6/2 1064/7/2
f 3593/2/2 1064/7/2 253/8/2
f 1783/5/3 3594/2/3 1120/3/3
f 531/4/3 1251/9/3 3594/2/3
f 1251/9/3 529/6/3 1249/7/3
f 3594/2/3 1249/7/3 253/8/3
f 2814/5/4 3595/2/4 1784/3/4
f 2814/5/4 534/4/4 1252/9/4
f 1252/9/4 533/6/4 1785/7/4
f 3595/2/4 1785/7/4 530/8/4
f 1785/5/2 3596/2/2 1782/3/2
f 1785/5/2 533/4/2 2334/9/2
f 2334/9/2 255/6/2 1630/7/2
f 3596/2/2 1630/7/2 254/8/2
f 1253/5/5 3597/2/5 2736/3/5
f 534/4/5 2814/9/5 3597/2/5
f 2814/9/5 532/6/5 2815/7/5
f 3597/2/5 2815/7/5 376/8/5
f 533/1/2 1254/5/2 3598/2/2
f 535/4/2 2816/9/2 3598/2/2
f 2816/9/2 256/6/2 2167/7/2
f 3598/2/2 2167/7/2 255/8/2
f 2335/5/6 3599/2/6 2816/3/6
f 536/4/6 1786/9/6 3599/2/6
f 1786/9/6 378/6/6 2737/7/6
f 3599/2/6 2737/7/6 256/8/6
f 1255/5/4 3600/2/4 2336/3/4
f 1255/5/4 538/4/4 2817/9/4
f 2817/9/4 532/6/4 2337/7/4
f 3600/2/4 2337/7/4 531/8/4
f 1256/5/3 3601/2/3 1675/3/3
f 537/4/3 2336/9/3 3601/2/3
f 2336/9/3 531/6/3 1783/7/3
f 3601/2/3 1783/7/3 342/8/3
f 2817/5/6 3602/2/6 2815/3/6
f 2817/5/6 538/4/6 2338/9/6
f 2338/9/6 379/6/6 2738/7/6
f 3602/2/6 2738/7/6 376/8/6
f 539/1/4 2339/5/4 3603/2/4
f 2339/5/4 540/4/4 2818/9/4
f 2818/9/4 536/6/4 1788/7/4
f 3603/2/4 1788/7/4 534/8/4
f 2819/5/3 3604/2/3 1149/3/3
f 539/4/3 1787/9/3 3604/2/3
f 1787/9/3 534/6/3 1253/7/3
f 3604/2/3 1253/7/3 377/8/3
f 2818/5/6 3605/2/6 1786/3/6
f 2818/5/6 540/4/6 1257/9/6
f 1257/9/6 381/6/6 1691/7/6
f 3605/2/6 1691/7/6 378/8/6
f 1789/5/5 3606/2/5 2741/3/5
f 542/4/5 1258/9/5 3606/2/5
f 1258/9/5 541/6/5 2820/7/5
f 3606/2/5 2820/7/5 348/8/5
f 2820/5/3 3607/2/3 1125/3/3
f 541/4/3 1259/9/3 3607/2/3
f 3607/2/3 1259/9/3 537/6/3
f 3607/2/3 1256/7/3 345/8/3
f 1791/5/4 3608/2/4 1790/3/4
f 1791/5/4 543/4/4 2340/9/4
f 2340/9/4 539/6/4 1792/7/4
f 3608/2/4 1792/7/4 538/8/4
f 1792/5/2 3609/2/2 2338/3/2
f 1792/5/2 539/4/2 2819/9/2
f 2819/9/2 380/6/2 2251/7/2
f 3609/2/2 2251/7/2 379/8/2
f 2341/5/5 3610/2/5 1694/3/5
f 543/4/5 1791/9/5 3610/2/5
f 1791/9/5 542/6/5 1789/7/5
f 3610/2/5 1789/7/5 382/8/5
f 2821/5/5 3611/2/5 2253/3/5
f 544/4/5 2342/9/5 3611/2/5
f 3611/2/5 2342/9/5 543/6/5
f 3611/2/5 2341/7/5 383/8/5
f 540/1/6 2822/5/6 3612/2/6
f 544/4/6 2821/9/6 3612/2/6
f 2821/9/6 384/6/6 1151/7/6
f 3612/2/6 1151/7/6 381/8/6
f 1261/5/2 3613/2/2 1260/3/2
f 546/4/2 1793/9/2 3613/2/2
f 1793/9/2 530/6/2 1250/7/2
f 3613/2/2 1250/7/2 529/8/2
f 2823/5/5 3614/2/5 2337/3/5
f 548/4/5 2343/9/5 3614/2/5
f 2343/9/5 547/6/5 2344/7/5
f 3614/2/5 2344/7/5 531/8/5
f 2344/5/3 3615/2/3 1251/3/3
f 547/4/3 1262/9/3 3615/2/3
f 1262/9/3 545/6/3 1260/7/3
f 3615/2/3 1260/7/3 529/8/3
f 1794/5/6 3616/2/6 1793/3/6
f 548/4/6 2823/9/6 3616/2/6
f 2823/9/6 532/6/6 1784/7/6
f 3616/2/6 1784/7/6 530/8/6
f 549/1/2 1264/5/2 3617/2/2
f 550/4/2 2345/9/2 3617/2/2
f 2345/9/2 535/6/2 1254/7/2
f 3617/2/2 1254/7/2 533/8/2
f 2824/5/5 3618/2/5 1788/3/5
f 552/4/5 2346/9/5 3618/2/5
f 3618/2/5 2346/9/5 551/6/5
f 3618/2/5 1795/7/5 534/8/5
f 1795/5/3 3619/2/3 1252/3/3
f 551/4/3 1265/9/3 3619/2/3
f 1265/9/3 549/6/3 1263/7/3
f 3619/2/3 1263/7/3 533/8/3
f 1796/5/6 3620/2/6 2345/3/6
f 552/4/6 2824/9/6 3620/2/6
f 2824/9/6 536/6/6 2335/7/6
f 3620/2/6 2335/7/6 535/8/6
f 1267/5/2 3621/2/2 1266/3/2
f 554/4/2 1797/9/2 3621/2/2
f 1797/9/2 538/6/2 1255/7/2
f 3621/2/2 1255/7/2 537/8/2
f 1798/5/5 3622/2/5 1258/3/5
f 556/4/5 2347/9/5 3622/2/5
f 2347/9/5 555/6/5 1268/7/5
f 3622/2/5 1268/7/5 541/8/5
f 1268/5/3 3623/2/3 1259/3/3
f 555/4/3 1269/9/3 3623/2/3
f 3623/2/3 1269/9/3 553/6/3
f 3623/2/3 1266/7/3 537/8/3
f 554/1/6 1799/5/6 3624/2/6
f 556/4/6 1798/9/6 3624/2/6
f 1798/9/6 542/6/6 1790/7/6
f 3624/2/6 1790/7/6 538/8/6
f 557/1/2 1270/5/2 3625/2/2
f 558/4/2 2825/9/2 3625/2/2
f 2825/9/2 540/6/2 2339/7/2
f 3625/2/2 2339/7/2 539/8/2
f 2826/5/5 3626/2/5 2342/3/5
f 560/4/5 2349/9/5 3626/2/5
f 3626/2/5 2349/9/5 559/6/5
f 3626/2/5 2350/7/5 543/8/5
f 2350/5/3 3627/2/3 2340/3/3
f 559/4/3 1271/9/3 3627/2/3
f 3627/2/3 1271/9/3 557/6/3
f 3627/2/3 2348/7/3 539/8/3
f 558/1/6 1800/5/6 3628/2/6
f 560/4/6 2826/9/6 3628/2/6
f 2826/9/6 544/6/6 2822/7/6
f 3628/2/6 2822/7/6 540/8/6
f 1273/5/2 3629/2/2 1272/3/2
f 562/4/2 1801/9/2 3629/2/2
f 1801/9/2 546/6/2 1261/7/2
f 3629/2/2 1261/7/2 545/8/2
f 2351/5/3 3630/2/3 1262/3/3
f 563/4/3 1274/9/3 3630/2/3
f 1274/9/3 561/6/3 1272/7/3
f 3630/2/3 1272/7/3 545/8/3
f 1265/5/1 3631/2/1 1802/3/1
f 1265/5/1 551/4/1 2827/9/1
f 2827/9/1 548/6/1 1794/7/1
f 3631/2/1 1794/7/1 546/8/1
f 1803/5/2 3632/2/2 1801/3/2
f 1803/5/2 565/4/2 1275/9/2
f 1275/9/2 549/6/2 1802/7/2
f 3632/2/2 1802/7/2 546/8/2
f 2352/5/5 3633/2/5 2827/3/5
f 2352/5/5 566/4/5 2828/9/5
f 2828/9/5 564/6/5 2829/7/5
f 3633/2/5 2829/7/5 548/8/5
f 565/1/2 1276/5/2 3634/2/2
f 567/4/2 1804/9/2 3634/2/2
f 1804/9/2 550/6/2 1264/7/2
f 3634/2/2 1264/7/2 549/8/2
f 2353/5/6 3635/2/6 1804/3/6
f 568/4/6 2830/9/6 3635/2/6
f 2830/9/6 552/6/6 1796/7/6
f 3635/2/6 1796/7/6 550/8/6
f 2831/5/1 3636/2/1 2343/3/1
f 2831/5/1 554/4/1 1267/9/1
f 1267/9/1 553/6/1 2354/7/1
f 3636/2/1 2354/7/1 547/8/1
f 1277/5/3 3637/2/3 2354/3/3
f 1277/5/3 569/4/3 2355/9/3
f 2355/9/3 563/6/3 2351/7/3
f 3637/2/3 2351/7/3 547/8/3
f 2832/5/6 3638/2/6 2829/3/6
f 2832/5/6 570/4/6 1805/9/6
f 1805/9/6 554/6/6 2831/7/6
f 3638/2/6 2831/7/6 548/8/6
f 2833/5/1 3639/2/1 2346/3/1
f 2833/5/1 558/4/1 1270/9/1
f 3639/2/1 1270/9/1 557/6/1
f 3639/2/1 2356/7/1 551/8/1
f 1278/5/3 3640/2/3 2356/3/3
f 1278/5/3 571/4/3 1806/9/3
f 1806/9/3 566/6/3 2352/7/3
f 3640/2/3 2352/7/3 551/8/3
f 2834/5/6 3641/2/6 2830/3/6
f 2834/5/6 572/4/6 1807/9/6
f 1807/9/6 558/6/6 2833/7/6
f 3641/2/6 2833/7/6 552/8/6
f 2835/5/5 3642/2/5 2347/3/5
f 574/4/5 1279/9/5 3642/2/5
f 1279/9/5 573/6/5 2357/7/5
f 3642/2/5 2357/7/5 555/8/5
f 555/1/3 2357/5/3 3643/2/3
f 573/4/3 1280/9/3 3643/2/3
f 3643/2/3 1280/9/3 569/6/3
f 3643/2/3 1277/7/3 553/8/3
f 557/1/1 1271/5/1 3644/2/1
f 1271/5/1 559/4/1 2836/9/1
f 2836/9/1 556/6/1 1799/7/1
f 3644/2/1 1799/7/1 554/8/1
f 1809/5/2 3645/2/2 1805/3/2
f 1809/5/2 571/4/2 1278/9/2
f 1278/9/2 557/6/2 1808/7/2
f 3645/2/2 1808/7/2 554/8/2
f 2358/5/5 3646/2/5 2836/3/5
f 2358/5/5 575/4/5 1810/9/5
f 1810/9/5 574/6/5 2835/7/5
f 3646/2/5 2835/7/5 556/8/5
f 2837/5/5 3647/2/5 2349/3/5
f 576/4/5 2359/9/5 3647/2/5
f 3647/2/5 2359/9/5 575/6/5
f 3647/2/5 2358/7/5 559/8/5
f 572/1/6 2838/5/6 3648/2/6
f 576/4/6 2837/9/6 3648/2/6
f 2837/9/6 560/6/6 1800/7/6
f 3648/2/6 1800/7/6 558/8/6
f 1282/5/2 3649/2/2 1281/3/2
f 578/4/2 1811/9/2 3649/2/2
f 3649/2/2 1811/9/2 418/6/2
f 3649/2/2 1176/7/2 417/8/2
f 419/1/3 2360/5/3 3650/2/3
f 579/4/3 1283/9/3 3650/2/3
f 1283/9/3 577/6/3 1281/7/3
f 3650/2/3 1281/7/3 417/8/3
f 580/1/4 2839/5/4 3651/2/4
f 582/4/4 1284/9/4 3651/2/4
f 1284/9/4 581/6/4 1813/7/4
f 1812/3/4 3651/2/4 1813/7/4
f 1813/5/2 3652/2/2 1811/3/2
f 581/4/2 1285/9/2 3652/2/2
f 1285/9/2 421/6/2 1716/7/2
f 1811/3/2 3652/2/2 1716/7/2
f 1814/5/5 3653/2/5 2755/3/5
f 582/4/5 2839/9/5 3653/2/5
f 2839/9/5 580/6/5 2840/7/5
f 2755/3/5 3653/2/5 2840/7/5
f 1286/5/2 3654/2/2 1285/3/2
f 583/4/2 2361/9/2 3654/2/2
f 3654/2/2 2361/9/2 423/6/2
f 3654/2/2 1179/7/2 421/8/2
f 585/1/4 1287/5/4 3655/2/4
f 586/4/4 2841/9/4 3655/2/4
f 2841/9/4 580/6/4 2363/7/4
f 2362/3/4 3655/2/4 2363/7/4
f 1288/5/3 3656/2/3 2276/3/3
f 585/4/3 2362/9/3 3656/2/3
f 2362/9/3 579/6/3 2360/7/3
f 2276/3/3 3656/2/3 2360/7/3
f 2841/5/6 3657/2/6 2840/3/6
f 586/4/6 1815/9/6 3657/2/6
f 1815/9/6 426/6/6 2759/7/6
f 2840/3/6 3657/2/6 2759/7/6
f 2364/5/4 3658/2/4 1816/3/4
f 588/4/4 2842/9/4 3658/2/4
f 2842/9/4 584/6/4 1817/7/4
f 1816/3/4 3658/2/4 1817/7/4
f 2365/5/3 3659/2/3 1719/3/3
f 587/4/3 1816/9/3 3659/2/3
f 1816/9/3 582/6/3 1814/7/3
f 1719/3/3 3659/2/3 1814/7/3
f 1289/5/3 3660/2/3 1183/3/3
f 589/4/3 1290/9/3 3660/2/3
f 1290/9/3 585/6/3 1288/7/3
f 3660/2/3 1288/7/3 425/8/3
f 1819/5/4 3661/2/4 1818/3/4
f 591/4/4 2366/9/4 3661/2/4
f 2366/9/4 587/6/4 1820/7/4
f 1818/3/4 3661/2/4 1820/7/4
f 1820/5/2 3662/2/2 1815/3/2
f 587/4/2 2365/9/2 3662/2/2
f 2365/9/2 427/6/2 1722/7/2
f 1815/3/2 3662/2/2 1722/7/2
f 1292/5/2 3663/2/2 1291/3/2
f 594/4/2 1821/9/2 3663/2/2
f 1821/9/2 578/6/2 1282/7/2
f 1291/3/2 3663/2/2 1282/7/2
f 580/1/5 2843/5/5 3664/2/5
f 596/4/5 2367/9/5 3664/2/5
f 2367/9/5 595/6/5 2368/7/5
f 3664/2/5 2368/7/5 579/8/5
f 579/1/3 2368/5/3 3665/2/3
f 595/4/3 1293/9/3 3665/2/3
f 1293/9/3 593/6/3 1291/7/3
f 1283/3/3 3665/2/3 1291/7/3
f 1822/5/6 3666/2/6 1821/3/6
f 596/4/6 2843/9/6 3666/2/6
f 2843/9/6 580/6/6 1812/7/6
f 1821/3/6 3666/2/6 1812/7/6
f 1295/5/2 3667/2/2 1294/3/2
f 1295/5/2 598/4/2 2369/9/2
f 2369/9/2 583/6/2 1286/7/2
f 1294/3/2 3667/2/2 1286/7/2
f 2844/5/5 3668/2/5 1817/3/5
f 2844/5/5 600/4/5 2370/9/5
f 2370/9/5 599/6/5 1823/7/5
f 3668/2/5 1823/7/5 582/8/5
f 582/1/3 1823/5/3 3669/2/3
f 599/4/3 1296/9/3 3669/2/3
f 1296/9/3 597/6/3 1294/7/3
f 1284/3/3 3669/2/3 1294/7/3
f 1298/5/2 3670/2/2 1297/3/2
f 602/4/2 1824/9/2 3670/2/2
f 1824/9/2 586/6/2 1287/7/2
f 3670/2/2 1287/7/2 585/8/2
f 1299/5/3 3671/2/3 1290/3/3
f 1299/5/3 603/4/3 1300/9/3
f 1300/9/3 601/6/3 1297/7/3
f 3671/2/3 1297/7/3 585/8/3
f 1825/5/6 3672/2/6 1824/3/6
f 1825/5/6 604/4/6 1826/9/6
f 1826/9/6 590/6/6 1818/7/6
f 1824/3/6 3672/2/6 1818/7/6
f 1301/5/2 3673/2/2 2371/3/2
f 1301/5/2 606/4/2 2845/9/2
f 2845/9/2 588/6/2 2364/7/2
f 2371/3/2 3673/2/2 2364/7/2
f 2372/5/3 3674/2/3 2366/3/3
f 2372/5/3 607/4/3 1302/9/3
f 1302/9/3 605/6/3 2371/7/3
f 3674/2/3 2371/7/3 587/8/3
f 611/1/4 2373/5/4 3675/2/4
f 612/4/4 1827/9/4 3675/2/4
f 3675/2/4 1827/9/4 610/6/4
f 3675/2/4 1304/7/4 609/8/4
f 609/1/2 1304/5/2 3676/2/2
f 610/4/2 1828/9/2 3676/2/2
f 3676/2/2 1828/9/2 594/6/2
f 3676/2/2 1292/7/2 593/8/2
f 595/1/3 2374/5/3 3677/2/3
f 611/4/3 1303/9/3 3677/2/3
f 1303/9/3 609/6/3 1305/7/3
f 3677/2/3 1305/7/3 593/8/3
f 1296/5/1 3678/2/1 1829/3/1
f 599/4/1 2846/9/1 3678/2/1
f 2846/9/1 596/6/1 1822/7/1
f 1829/3/1 3678/2/1 1822/7/1
f 612/1/4 2847/5/4 3679/2/4
f 614/4/4 1306/9/4 3679/2/4
f 1306/9/4 613/6/4 1830/7/4
f 1827/3/4 3679/2/4 1830/7/4
f 1830/5/2 3680/2/2 1828/3/2
f 1830/5/2 613/4/2 1307/9/2
f 3680/2/2 1307/9/2 597/6/2
f 3680/2/2 1829/7/2 594/8/2
f 599/1/5 2375/5/5 3681/2/5
f 2375/5/5 614/4/5 2847/9/5
f 2847/9/5 612/6/5 2848/7/5
f 3681/2/5 2848/7/5 596/8/5
f 614/1/4 1831/5/4 3682/2/4
f 616/4/4 2376/9/4 3682/2/4
f 2376/9/4 615/6/4 1308/7/4
f 1306/3/4 3682/2/4 1308/7/4
f 1308/5/2 3683/2/2 1307/3/2
f 615/4/2 1832/9/2 3683/2/2
f 3683/2/2 1832/9/2 598/6/2
f 3683/2/2 1295/7/2 597/8/2
f 596/1/1 2849/5/1 3684/2/1
f 602/4/1 1298/9/1 3684/2/1
f 1298/9/1 601/6/1 2377/7/1
f 2367/3/1 3684/2/1 2377/7/1
f 617/1/4 1309/5/4 3685/2/4
f 618/4/4 2850/9/4 3685/2/4
f 2850/9/4 612/6/4 2373/7/4
f 2378/3/4 3685/2/4 2373/7/4
f 601/1/3 1310/5/3 3686/2/3
f 1310/5/3 617/4/3 2378/9/3
f 2378/9/3 611/6/3 2374/7/3
f 3686/2/3 2374/7/3 595/8/3
f 2850/5/6 3687/2/6 2848/3/6
f 618/4/6 1833/9/6 3687/2/6
f 3687/2/6 1833/9/6 602/6/6
f 3687/2/6 2849/7/6 596/8/6
f 2851/5/1 3688/2/1 2370/3/1
f 606/4/1 1301/9/1 3688/2/1
f 1301/9/1 605/6/1 2379/7/1
f 2370/3/1 3688/2/1 2379/7/1
f 2380/5/4 3689/2/4 1834/3/4
f 620/4/4 2852/9/4 3689/2/4
f 2852/9/4 616/6/4 1831/7/4
f 1834/3/4 3689/2/4 1831/7/4
f 605/1/3 1311/5/3 3690/2/3
f 1311/5/3 619/4/3 1834/9/3
f 1834/9/3 614/6/3 2375/7/3
f 3690/2/3 2375/7/3 599/8/3
f 621/1/4 1313/5/4 3691/2/4
f 622/4/4 1835/9/4 3691/2/4
f 3691/2/4 1835/9/4 618/6/4
f 3691/2/4 1309/7/4 617/8/4
f 603/1/3 2381/5/3 3692/2/3
f 621/4/3 1312/9/3 3692/2/3
f 1312/9/3 617/6/3 1310/7/3
f 3692/2/3 1310/7/3 601/8/3
f 1302/5/1 3693/2/1 1836/3/1
f 607/4/1 2853/9/1 3693/2/1
f 2853/9/1 604/6/1 1825/7/1
f 1836/3/1 3693/2/1 1825/7/1
f 1837/5/4 3694/2/4 1835/3/4
f 623/4/4 2382/9/4 3694/2/4
f 2382/9/4 619/6/4 1838/7/4
f 1835/3/4 3694/2/4 1838/7/4
f 1838/5/2 3695/2/2 1833/3/2
f 1838/5/2 619/4/2 1311/9/2
f 3695/2/2 1311/9/2 605/6/2
f 3695/2/2 1836/7/2 602/8/2
f 2383/5/4 3696/2/4 2382/3/4
f 624/4/4 2854/9/4 3696/2/4
f 3696/2/4 2854/9/4 620/6/4
f 3696/2/4 2380/7/4 619/8/4
f 626/1/1 1839/5/1 3697/2/1
f 628/4/1 2855/9/1 3697/2/1
f 2855/9/1 424/6/1 2274/7/1
f 3697/2/1 2274/7/1 423/8/1
f 2385/5/2 3698/2/2 2361/3/2
f 625/4/2 1314/9/2 3698/2/2
f 1314/9/2 626/6/2 2384/7/2
f 3698/2/2 2384/7/2 423/8/2
f 1841/5/1 3699/2/1 1840/3/1
f 632/4/1 2856/9/1 3699/2/1
f 3699/2/1 2856/9/1 628/6/1
f 3699/2/1 1839/7/1 626/8/1
f 627/1/4 2386/5/4 3700/2/4
f 631/4/4 1316/9/4 3700/2/4
f 1316/9/4 629/6/4 1317/7/4
f 3700/2/4 1317/7/4 625/8/4
f 1317/5/2 3701/2/2 1314/3/2
f 629/4/2 1318/9/2 3701/2/2
f 1318/9/2 630/6/2 1840/7/2
f 3701/2/2 1840/7/2 626/8/2
f 2387/5/5 3702/2/5 2856/3/5
f 631/4/5 2386/9/5 3702/2/5
f 2386/9/5 627/6/5 2388/7/5
f 3702/2/5 2388/7/5 628/8/5
f 1210/5/1 3703/2/1 1319/3/1
f 467/4/1 2389/9/1 3703/2/1
f 3703/2/1 2389/9/1 632/6/1
f 3703/2/1 1841/7/1 630/8/1
f 1320/5/2 3704/2/2 1318/3/2
f 633/4/2 1321/9/2 3704/2/2
f 1321/9/2 465/6/2 1319/7/2
f 3704/2/2 1319/7/2 630/8/2
f 2857/5/1 3705/2/1 2855/3/1
f 636/4/1 2858/9/1 3705/2/1
f 2858/9/1 428/6/1 2761/7/1
f 2855/3/1 3705/2/1 2761/7/1
f 2859/5/4 3706/2/4 2842/3/4
f 635/4/4 2390/9/4 3706/2/4
f 2390/9/4 627/6/4 2860/7/4
f 2842/3/4 3706/2/4 2860/7/4
f 2390/5/6 3707/2/6 2388/3/6
f 635/4/6 2391/9/6 3707/2/6
f 2391/9/6 636/6/6 2857/7/6
f 2388/3/6 3707/2/6 2857/7/6
f 2302/5/1 3708/2/1 2389/3/1
f 473/4/1 1322/9/1 3708/2/1
f 1322/9/1 637/6/1 2861/7/1
f 3708/2/1 2861/7/1 632/8/1
f 1842/5/4 3709/2/4 2392/3/4
f 639/4/4 1843/9/4 3709/2/4
f 1843/9/4 634/6/4 2393/7/4
f 2392/3/4 3709/2/4 2393/7/4
f 1323/5/3 3710/2/3 2861/3/3
f 638/4/3 2392/9/3 3710/2/3
f 2392/9/3 631/6/3 2387/7/3
f 2861/3/3 3710/2/3 2387/7/3
f 636/1/1 2862/5/1 3711/2/1
f 641/4/1 2863/9/1 3711/2/1
f 3711/2/1 2863/9/1 432/6/1
f 2858/3/1 3711/2/1 2765/7/1
f 2864/5/5 3712/2/5 2863/3/5
f 640/4/5 2865/9/5 3712/2/5
f 2865/9/5 592/6/5 2866/7/5
f 3712/2/5 2866/7/5 432/8/5
f 1324/5/1 3713/2/1 2867/3/1
f 643/4/1 1325/9/1 3713/2/1
f 3713/2/1 1325/9/1 641/6/1
f 2867/3/1 3713/2/1 2862/7/1
f 2868/5/4 3714/2/4 2394/3/4
f 642/4/4 1844/9/4 3714/2/4
f 1844/9/4 638/6/4 2395/7/4
f 3714/2/4 2395/7/4 635/8/4
f 2395/5/2 3715/2/2 2391/3/2
f 638/4/2 1323/9/2 3715/2/2
f 1323/9/2 637/6/2 2867/7/2
f 3715/2/2 2867/7/2 636/8/2
f 1845/5/5 3716/2/5 1325/3/5
f 642/4/5 2868/9/5 3716/2/5
f 2868/9/5 640/6/5 2864/7/5
f 3716/2/5 2864/7/5 641/8/5
f 1216/5/1 3717/2/1 1322/3/1
f 477/4/1 1326/9/1 3717/2/1
f 3717/2/1 1326/9/1 643/6/1
f 3717/2/1 1324/7/1 637/8/1
f 1327/5/5 3718/2/5 1326/3/5
f 644/4/5 1846/9/5 3718/2/5
f 1846/9/5 642/6/5 1845/7/5
f 3718/2/5 1845/7/5 643/8/5
f 1847/5/2 3719/2/2 2369/3/2
f 645/4/2 1328/9/2 3719/2/2
f 1328/9/2 625/6/2 2385/7/2
f 3719/2/2 2385/7/2 583/8/2
f 2396/5/5 3720/2/5 2860/3/5
f 2396/5/5 646/4/5 2869/9/5
f 2869/9/5 600/6/5 2844/7/5
f 3720/2/5 2844/7/5 584/8/5
f 1329/5/6 3721/2/6 1328/3/6
f 646/4/6 2396/9/6 3721/2/6
f 2396/9/6 627/6/6 1315/7/6
f 1328/3/6 3721/2/6 1315/7/6
f 2397/5/2 3722/2/2 1330/3/2
f 2397/5/2 648/4/2 1331/9/2
f 1331/9/2 633/6/2 1320/7/2
f 3722/2/2 1320/7/2 629/8/2
f 1848/5/5 3723/2/5 2393/3/5
f 1848/5/5 650/4/5 1332/9/5
f 1332/9/5 649/6/5 2398/7/5
f 3723/2/5 2398/7/5 631/8/5
f 631/1/3 2398/5/3 3724/2/3
f 649/4/3 2399/9/3 3724/2/3
f 2399/9/3 647/6/3 1330/7/3
f 1316/3/3 3724/2/3 1330/7/3
f 1849/5/2 3725/2/2 2845/3/2
f 651/4/2 2400/9/2 3725/2/2
f 2400/9/2 635/6/2 2859/7/2
f 3725/2/2 2859/7/2 588/8/2
f 2870/5/5 3726/2/5 2865/3/5
f 2870/5/5 652/4/5 2871/9/5
f 2871/9/5 608/6/5 2872/7/5
f 3726/2/5 2872/7/5 592/8/5
f 2401/5/6 3727/2/6 2400/3/6
f 2401/5/6 652/4/6 2870/9/6
f 2870/9/6 640/6/6 2394/7/6
f 2400/3/6 3727/2/6 2394/7/6
f 1333/5/2 3728/2/2 1850/3/2
f 1333/5/2 654/4/2 2402/9/2
f 2402/9/2 639/6/2 1842/7/2
f 3728/2/2 1842/7/2 638/8/2
f 2873/5/5 3729/2/5 1846/3/5
f 2873/5/5 656/4/5 2403/9/5
f 2403/9/5 655/6/5 1851/7/5
f 3729/2/5 1851/7/5 642/8/5
f 1851/5/3 3730/2/3 1844/3/3
f 1851/5/3 655/4/3 1334/9/3
f 1334/9/3 653/6/3 1850/7/3
f 3730/2/3 1850/7/3 638/8/3
f 616/1/4 2874/5/4 3731/2/4
f 658/4/4 1335/9/4 3731/2/4
f 1335/9/4 657/6/4 2404/7/4
f 2376/3/4 3731/2/4 2404/7/4
f 2404/5/2 3732/2/2 1832/3/2
f 657/4/2 1336/9/2 3732/2/2
f 3732/2/2 1336/9/2 645/6/2
f 3732/2/2 1847/7/2 598/8/2
f 2399/5/1 3733/2/1 1337/3/1
f 649/4/1 1852/9/1 3733/2/1
f 3733/2/1 1852/9/1 646/6/1
f 3733/2/1 1329/7/1 645/8/1
f 658/1/4 1853/5/4 3734/2/4
f 660/4/4 2405/9/4 3734/2/4
f 2405/9/4 659/6/4 1338/7/4
f 3734/2/4 1338/7/4 657/8/4
f 1338/5/2 3735/2/2 1336/3/2
f 659/4/2 2406/9/2 3735/2/2
f 3735/2/2 2406/9/2 647/6/2
f 3735/2/2 1337/7/2 645/8/2
f 649/1/5 1339/5/5 3736/2/5
f 660/4/5 1853/9/5 3736/2/5
f 1853/9/5 658/6/5 1854/7/5
f 3736/2/5 1854/7/5 646/8/5
f 660/1/4 2875/5/4 3737/2/4
f 662/4/4 1340/9/4 3737/2/4
f 1340/9/4 661/6/4 2407/7/4
f 3737/2/4 2407/7/4 659/8/4
f 2407/5/2 3738/2/2 2406/3/2
f 661/4/2 2876/9/2 3738/2/2
f 3738/2/2 2876/9/2 648/6/2
f 3738/2/2 2397/7/2 647/8/2
f 1855/5/1 3739/2/1 2869/3/1
f 651/4/1 1849/9/1 3739/2/1
f 1849/9/1 606/6/1 2851/7/1
f 2869/3/1 3739/2/1 2851/7/1
f 2877/5/4 3740/2/4 2852/3/4
f 663/4/4 1856/9/4 3740/2/4
f 1856/9/4 658/6/4 2874/7/4
f 2852/3/4 3740/2/4 2874/7/4
f 1856/5/6 3741/2/6 1854/3/6
f 663/4/6 2408/9/6 3741/2/6
f 3741/2/6 2408/9/6 651/6/6
f 3741/2/6 1855/7/6 646/8/6
f 1857/5/1 3742/2/1 1332/3/1
f 654/4/1 1333/9/1 3742/2/1
f 1333/9/1 653/6/1 1341/7/1
f 3742/2/1 1341/7/1 649/8/1
f 2879/5/4 3743/2/4 2878/3/4
f 665/4/4 1858/9/4 3743/2/4
f 1858/9/4 662/6/4 2875/7/4
f 2878/3/4 3743/2/4 2875/7/4
f 653/1/3 1342/5/3 3744/2/3
f 1342/5/3 664/4/3 2878/9/3
f 2878/9/3 660/6/3 1339/7/3
f 3744/2/3 1339/7/3 649/8/3
f 2880/5/4 3745/2/4 2854/3/4
f 666/4/4 2409/9/4 3745/2/4
f 2409/9/4 663/6/4 2877/7/4
f 3745/2/4 2877/7/4 620/8/4
f 652/1/5 2881/5/5 3746/2/5
f 666/4/5 2880/9/5 3746/2/5
f 2880/9/5 624/6/5 2882/7/5
f 3746/2/5 2882/7/5 608/8/5
f 1334/5/1 3747/2/1 2410/3/1
f 655/4/1 2883/9/1 3747/2/1
f 3747/2/1 2883/9/1 652/6/1
f 2410/3/1 3747/2/1 2401/7/1
f 1859/5/4 3748/2/4 2409/3/4
f 667/4/4 2884/9/4 3748/2/4
f 2884/9/4 664/6/4 2411/7/4
f 3748/2/4 2411/7/4 663/8/4
f 2411/5/2 3749/2/2 2408/3/2
f 664/4/2 1342/9/2 3749/2/2
f 3749/2/2 1342/9/2 653/6/2
f 3749/2/2 2410/7/2 651/8/2
f 655/1/5 2412/5/5 3750/2/5
f 667/4/5 1859/9/5 3750/2/5
f 1859/9/5 666/6/5 2881/7/5
f 3750/2/5 2881/7/5 652/8/5
f 2413/5/4 3751/2/4 2884/3/4
f 668/4/4 1343/9/4 3751/2/4
f 1343/9/4 665/6/4 2879/7/4
f 3751/2/4 2879/7/4 664/8/4
f 656/1/5 2885/5/5 3752/2/5
f 668/4/5 2413/9/5 3752/2/5
f 2413/9/5 667/6/5 2412/7/5
f 3752/2/5 2412/7/5 655/8/5
f 1344/5/2 3753/2/2 1321/3/2
f 669/4/2 1860/9/2 3753/2/2
f 1860/9/2 466/6/2 1209/7/2
f 3753/2/2 1209/7/2 465/8/2
f 670/1/4 1861/5/4 3754/2/4
f 672/4/4 2414/9/4 3754/2/4
f 2414/9/4 671/6/4 1346/7/4
f 1345/3/4 3754/2/4 1346/7/4
f 1346/5/2 3755/2/2 1860/3/2
f 1346/5/2 671/4/2 1347/9/2
f 1347/9/2 469/6/2 1745/7/2
f 3755/2/2 1745/7/2 466/8/2
f 1862/5/5 3756/2/5 2779/3/5
f 1862/5/5 672/4/5 1861/9/5
f 1861/9/5 670/6/5 2886/7/5
f 3756/2/5 2886/7/5 468/8/5
f 671/1/2 2415/5/2 3757/2/2
f 673/4/2 2416/9/2 3757/2/2
f 2416/9/2 471/6/2 1212/7/2
f 3757/2/2 1212/7/2 469/8/2
f 1348/5/6 3758/2/6 2416/3/6
f 674/4/6 2887/9/6 3758/2/6
f 3758/2/6 2887/9/6 472/6/6
f 3758/2/6 2300/7/6 471/8/6
f 2417/5/4 3759/2/4 1843/3/4
f 675/4/4 1863/9/4 3759/2/4
f 1863/9/4 670/6/4 1864/7/4
f 1843/3/4 3759/2/4 1864/7/4
f 1863/5/6 3760/2/6 2886/3/6
f 675/4/6 1865/9/6 3760/2/6
f 1865/9/6 474/6/6 2783/7/6
f 2886/3/6 3760/2/6 2783/7/6
f 676/1/4 2889/5/4 3761/2/4
f 2889/5/4 677/4/4 1866/9/4
f 1866/9/4 674/6/4 2890/7/4
f 3761/2/4 2890/7/4 672/8/4
f 2418/5/3 3762/2/3 1748/3/3
f 676/4/3 2888/9/3 3762/2/3
f 2888/9/3 672/6/3 1862/7/3
f 1748/3/3 3762/2/3 1862/7/3
f 1866/5/6 3763/2/6 2887/3/6
f 677/4/6 2891/9/6 3763/2/6
f 2891/9/6 476/6/6 2785/7/6
f 2887/3/6 3763/2/6 2785/7/6
f 1867/5/4 3764/2/4 2419/3/4
f 1867/5/4 679/4/4 2892/9/4
f 2892/9/4 676/6/4 2420/7/4
f 3764/2/4 2420/7/4 675/8/4
f 2420/5/2 3765/2/2 1865/3/2
f 2420/5/2 676/4/2 2418/9/2
f 2418/9/2 475/6/2 1751/7/2
f 3765/2/2 1751/7/2 474/8/2
f 1349/5/6 3766/2/6 2891/3/6
f 680/4/6 2893/9/6 3766/2/6
f 3766/2/6 2893/9/6 480/6/6
f 3766/2/6 2789/7/6 476/8/6
f 2894/5/2 3767/2/2 1331/3/2
f 2894/5/2 681/4/2 1350/9/2
f 1350/9/2 669/6/2 1344/7/2
f 3767/2/2 1344/7/2 633/8/2
f 1868/5/5 3768/2/5 1864/3/5
f 1868/5/5 682/4/5 1869/9/5
f 1869/9/5 650/6/5 1848/7/5
f 3768/2/5 1848/7/5 634/8/5
f 1351/5/6 3769/2/6 1350/3/6
f 682/4/6 1868/9/6 3769/2/6
f 1868/9/6 670/6/6 1345/7/6
f 1350/3/6 3769/2/6 1345/7/6
f 683/1/2 2422/5/2 3770/2/2
f 2422/5/2 684/4/2 1352/9/2
f 1352/9/2 673/6/2 2415/7/2
f 3770/2/2 2415/7/2 671/8/2
f 1870/5/5 3771/2/5 2890/3/5
f 1870/5/5 686/4/5 1353/9/5
f 1353/9/5 685/6/5 2895/7/5
f 3771/2/5 2895/7/5 672/8/5
f 672/1/3 2895/5/3 3772/2/3
f 685/4/3 2423/9/3 3772/2/3
f 2423/9/3 683/6/3 2421/7/3
f 2414/3/3 3772/2/3 2421/7/3
f 2896/5/6 3773/2/6 1352/3/6
f 686/4/6 1870/9/6 3773/2/6
f 1870/9/6 674/6/6 1348/7/6
f 3773/2/6 1348/7/6 673/8/6
f 1871/5/2 3774/2/2 2402/3/2
f 1871/5/2 687/4/2 2424/9/2
f 2424/9/2 675/6/2 2417/7/2
f 3774/2/2 2417/7/2 639/8/2
f 2425/5/6 3775/2/6 2424/3/6
f 2425/5/6 688/4/6 1872/9/6
f 1872/9/6 678/6/6 2419/7/6
f 2424/3/6 3775/2/6 2419/7/6
f 689/1/2 1354/5/2 3776/2/2
f 1354/5/2 690/4/2 1355/9/2
f 1355/9/2 677/6/2 2889/7/2
f 3776/2/2 2889/7/2 676/8/2
f 2426/5/3 3777/2/3 2892/3/3
f 2426/5/3 691/4/3 1356/9/3
f 1356/9/3 689/6/3 2897/7/3
f 3777/2/3 2897/7/3 676/8/3
f 1873/5/6 3778/2/6 1355/3/6
f 1873/5/6 692/4/6 2898/9/6
f 2898/9/6 680/6/6 1349/7/6
f 1355/3/6 3778/2/6 1349/7/6
f 662/1/4 1874/5/4 3779/2/4
f 694/4/4 1357/9/4 3779/2/4
f 1357/9/4 693/6/4 1358/7/4
f 3779/2/4 1358/7/4 661/8/4
f 1358/5/2 3780/2/2 2876/3/2
f 693/4/2 1359/9/2 3780/2/2
f 3780/2/2 1359/9/2 681/6/2
f 3780/2/2 2894/7/2 648/8/2
f 2423/5/1 3781/2/1 1360/3/1
f 685/4/1 1875/9/1 3781/2/1
f 1875/9/1 682/6/1 1351/7/1
f 3781/2/1 1351/7/1 681/8/1
f 694/1/4 1876/5/4 3782/2/4
f 696/4/4 2427/9/4 3782/2/4
f 2427/9/4 695/6/4 1361/7/4
f 3782/2/4 1361/7/4 693/8/4
f 1361/5/2 3783/2/2 1359/3/2
f 1361/5/2 695/4/2 2428/9/2
f 2428/9/2 683/6/2 1360/7/2
f 3783/2/2 1360/7/2 681/8/2
f 685/1/5 1362/5/5 3784/2/5
f 1362/5/5 696/4/5 1876/9/5
f 1876/9/5 694/6/5 1877/7/5
f 3784/2/5 1877/7/5 682/8/5
f 696/1/4 2899/5/4 3785/2/4
f 698/4/4 1363/9/4 3785/2/4
f 1363/9/4 697/6/4 2429/7/4
f 3785/2/4 2429/7/4 695/8/4
f 695/1/2 2429/5/2 3786/2/2
f 2429/5/2 697/4/2 2900/9/2
f 3786/2/2 2900/9/2 684/6/2
f 3786/2/2 2422/7/2 683/8/2
f 1363/5/6 3787/2/6 2900/3/6
f 698/4/6 1878/9/6 3787/2/6
f 3787/2/6 1878/9/6 686/6/6
f 3787/2/6 2896/7/6 684/8/6
f 1879/5/1 3788/2/1 1869/3/1
f 687/4/1 1871/9/1 3788/2/1
f 1871/9/1 654/6/1 1857/7/1
f 1869/3/1 3788/2/1 1857/7/1
f 1364/5/4 3789/2/4 1858/3/4
f 699/4/4 1880/9/4 3789/2/4
f 1880/9/4 694/6/4 1874/7/4
f 1858/3/4 3789/2/4 1874/7/4
f 1880/5/6 3790/2/6 1877/3/6
f 699/4/6 2430/9/6 3790/2/6
f 3790/2/6 2430/9/6 687/6/6
f 3790/2/6 1879/7/6 682/8/6
f 1881/5/1 3791/2/1 1353/3/1
f 1881/5/1 690/4/1 1354/9/1
f 3791/2/1 1354/9/1 689/6/1
f 3791/2/1 1365/7/1 685/8/1
f 700/1/4 2902/5/4 3792/2/4
f 2902/5/4 701/4/4 1882/9/4
f 1882/9/4 698/6/4 2899/7/4
f 3792/2/4 2899/7/4 696/8/4
f 689/1/3 1366/5/3 3793/2/3
f 1366/5/3 700/4/3 2901/9/3
f 2901/9/3 696/6/3 1362/7/3
f 3793/2/3 1362/7/3 685/8/3
f 1882/5/6 3794/2/6 1878/3/6
f 701/4/6 1883/9/6 3794/2/6
f 3794/2/6 1883/9/6 690/6/6
f 3794/2/6 1881/7/6 686/8/6
f 2903/5/4 3795/2/4 1343/3/4
f 702/4/4 2431/9/4 3795/2/4
f 2431/9/4 699/6/4 1364/7/4
f 3795/2/4 1364/7/4 665/8/4
f 1356/5/1 3796/2/1 2432/3/1
f 1356/5/1 691/4/1 2904/9/1
f 2904/9/1 688/6/1 2425/7/1
f 2432/3/1 3796/2/1 2425/7/1
f 1884/5/4 3797/2/4 2431/3/4
f 1884/5/4 703/4/4 2905/9/4
f 2905/9/4 700/6/4 2433/7/4
f 3797/2/4 2433/7/4 699/8/4
f 2433/5/2 3798/2/2 2430/3/2
f 2433/5/2 700/4/2 1366/9/2
f 3798/2/2 1366/9/2 689/6/2
f 3798/2/2 2432/7/2 687/8/2
f 703/1/4 2434/5/4 3799/2/4
f 2434/5/4 704/4/4 1367/9/4
f 1367/9/4 701/6/4 2902/7/4
f 3799/2/4 2902/7/4 700/8/4
f 1367/5/6 3800/2/6 1883/3/6
f 704/4/6 2906/9/6 3800/2/6
f 3800/2/6 2906/9/6 692/6/6
f 3800/2/6 1873/7/6 690/8/6
f 430/1/1 1885/5/1 3801/2/1
f 708/4/1 1368/9/1 3801/2/1
f 1368/9/1 705/6/1 1369/7/1
f 3801/2/1 1369/7/1 429/8/1
f 1370/5/3 3802/2/3 1369/3/3
f 706/4/3 1371/9/3 3802/2/3
f 1371/9/3 589/6/3 1289/7/3
f 3802/2/3 1289/7/3 429/8/3
f 2435/5/1 3803/2/1 1723/3/1
f 710/4/1 2907/9/1 3803/2/1
f 2907/9/1 708/6/1 1885/7/1
f 1723/3/1 3803/2/1 1885/7/1
f 2436/5/4 3804/2/4 1886/3/4
f 709/4/4 2437/9/4 3804/2/4
f 2437/9/4 591/6/4 1819/7/4
f 1886/3/4 3804/2/4 1819/7/4
f 1372/5/5 3805/2/5 2907/3/5
f 709/4/5 2436/9/5 3805/2/5
f 2436/9/5 707/6/5 2438/7/5
f 2907/3/5 3805/2/5 2438/7/5
f 2908/5/1 3806/2/1 2280/3/1
f 712/4/1 1887/9/1 3806/2/1
f 1887/9/1 710/6/1 2435/7/1
f 3806/2/1 2435/7/1 431/8/1
f 2909/5/6 3807/2/6 2866/3/6
f 711/4/6 2439/9/6 3807/2/6
f 2439/9/6 712/6/6 2908/7/6
f 3807/2/6 2908/7/6 432/8/6
f 708/1/1 2910/5/1 3808/2/1
f 716/4/1 1373/9/1 3808/2/1
f 1373/9/1 713/6/1 1374/7/1
f 3808/2/1 1374/7/1 705/8/1
f 1889/5/4 3809/2/4 1888/3/4
f 715/4/4 2440/9/4 3809/2/4
f 3809/2/4 2440/9/4 707/6/4
f 3809/2/4 1890/7/4 706/8/4
f 1375/5/3 3810/2/3 1374/3/3
f 714/4/3 1888/9/3 3810/2/3
f 1888/9/3 706/6/3 1370/7/3
f 3810/2/3 1370/7/3 705/8/3
f 2440/5/6 3811/2/6 2438/3/6
f 715/4/6 2441/9/6 3811/2/6
f 2441/9/6 716/6/6 2910/7/6
f 3811/2/6 2910/7/6 708/8/6
f 2911/5/1 3812/2/1 1887/3/1
f 720/4/1 1376/9/1 3812/2/1
f 1376/9/1 717/6/1 1891/7/1
f 3812/2/1 1891/7/1 710/8/1
f 1892/5/4 3813/2/4 1377/3/4
f 719/4/4 2442/9/4 3813/2/4
f 3813/2/4 2442/9/4 711/6/4
f 1377/3/4 3813/2/4 1378/7/4
f 1379/5/3 3814/2/3 1891/3/3
f 718/4/3 1377/9/3 3814/2/3
f 1377/9/3 709/6/3 1372/7/3
f 3814/2/3 1372/7/3 710/8/3
f 2442/5/6 3815/2/6 2439/3/6
f 719/4/6 2443/9/6 3815/2/6
f 2443/9/6 720/6/6 2911/7/6
f 3815/2/6 2911/7/6 712/8/6
f 716/1/1 1893/5/1 3816/2/1
f 514/4/1 1241/9/1 3816/2/1
f 1241/9/1 513/6/1 1380/7/1
f 3816/2/1 1380/7/1 713/8/1
f 1381/5/3 3817/2/3 1380/3/3
f 721/4/3 1894/9/3 3817/2/3
f 1894/9/3 714/6/3 1375/7/3
f 3817/2/3 1375/7/3 713/8/3
f 1382/5/1 3818/2/1 2912/3/1
f 517/4/1 1774/9/1 3818/2/1
f 1774/9/1 514/6/1 1893/7/1
f 2912/3/1 3818/2/1 1893/7/1
f 1895/5/4 3819/2/4 2444/3/4
f 723/4/4 1896/9/4 3819/2/4
f 1896/9/4 718/6/4 2445/7/4
f 3819/2/4 2445/7/4 715/8/4
f 2445/5/2 3820/2/2 2441/3/2
f 718/4/2 1379/9/2 3820/2/2
f 1379/9/2 717/6/2 2912/7/2
f 2441/3/2 3820/2/2 2912/7/2
f 2446/5/1 3821/2/1 1376/3/1
f 519/4/1 1244/9/1 3821/2/1
f 1244/9/1 517/6/1 1382/7/1
f 3821/2/1 1382/7/1 717/8/1
f 2447/5/6 3822/2/6 2443/3/6
f 724/4/6 2448/9/6 3822/2/6
f 2448/9/6 519/6/6 2446/7/6
f 3822/2/6 2446/7/6 720/8/6
f 707/1/5 2449/5/5 3823/2/5
f 726/4/5 1383/9/5 3823/2/5
f 1383/9/5 725/6/5 1897/7/5
f 3823/2/5 1897/7/5 706/8/5
f 1897/5/3 3824/2/3 1371/3/3
f 1897/5/3 725/4/3 2450/9/3
f 2450/9/3 603/6/3 1299/7/3
f 3824/2/3 1299/7/3 589/8/3
f 2913/5/6 3825/2/6 1826/3/6
f 726/4/6 2449/9/6 3825/2/6
f 2449/9/6 707/6/6 1886/7/6
f 3825/2/6 1886/7/6 590/8/6
f 2451/5/5 3826/2/5 1378/3/5
f 2451/5/5 728/4/5 2452/9/5
f 2452/9/5 727/6/5 1384/7/5
f 3826/2/5 1384/7/5 709/8/5
f 1384/5/3 3827/2/3 2437/3/3
f 1384/5/3 727/4/3 2453/9/3
f 2453/9/3 607/6/3 2372/7/3
f 3827/2/3 2372/7/3 591/8/3
f 2914/5/6 3828/2/6 2872/3/6
f 728/4/6 2451/9/6 3828/2/6
f 2451/9/6 711/6/6 2909/7/6
f 3828/2/6 2909/7/6 592/8/6
f 1385/5/2 3829/2/2 1898/3/2
f 730/4/2 2454/9/2 3829/2/2
f 2454/9/2 715/6/2 1889/7/2
f 3829/2/2 1889/7/2 714/8/2
f 1386/5/3 3830/2/3 1894/3/3
f 1386/5/3 731/4/3 1387/9/3
f 1387/9/3 729/6/3 1898/7/3
f 3830/2/3 1898/7/3 714/8/3
f 1899/5/6 3831/2/6 2454/3/6
f 1899/5/6 732/4/6 1900/9/6
f 1900/9/6 722/6/6 2444/7/6
f 3831/2/6 2444/7/6 715/8/6
f 1388/5/2 3832/2/2 1901/3/2
f 1388/5/2 734/4/2 2455/9/2
f 2455/9/2 719/6/2 1892/7/2
f 1901/3/2 3832/2/2 1892/7/2
f 2456/5/3 3833/2/3 1896/3/3
f 2456/5/3 735/4/3 1389/9/3
f 1389/9/3 733/6/3 1901/7/3
f 3833/2/3 1901/7/3 718/8/3
f 1902/5/6 3834/2/6 2455/3/6
f 1902/5/6 736/4/6 2915/9/6
f 2915/9/6 724/6/6 2447/7/6
f 3834/2/6 2447/7/6 719/8/6
f 737/1/4 1391/5/4 3835/2/4
f 738/4/4 1903/9/4 3835/2/4
f 1903/9/4 622/6/4 1313/7/4
f 3835/2/4 1313/7/4 621/8/4
f 725/1/3 1392/5/3 3836/2/3
f 737/4/3 1390/9/3 3836/2/3
f 1390/9/3 621/6/3 2381/7/3
f 3836/2/3 2381/7/3 603/8/3
f 2453/5/1 3837/2/1 2853/3/1
f 727/4/1 1904/9/1 3837/2/1
f 1904/9/1 726/6/1 2913/7/1
f 2853/3/1 3837/2/1 2913/7/1
f 1905/5/4 3838/2/4 1903/3/4
f 739/4/4 2457/9/4 3838/2/4
f 2457/9/4 623/6/4 1837/7/4
f 1903/3/4 3838/2/4 1837/7/4
f 727/1/5 2458/5/5 3839/2/5
f 2458/5/5 739/4/5 1905/9/5
f 1905/9/5 738/6/5 1906/7/5
f 3839/2/5 1906/7/5 726/8/5
f 739/1/4 2459/5/4 3840/2/4
f 740/4/4 2916/9/4 3840/2/4
f 3840/2/4 2916/9/4 624/6/4
f 2457/3/4 3840/2/4 2383/7/4
f 2916/5/6 3841/2/6 2882/3/6
f 740/4/6 2917/9/6 3841/2/6
f 3841/2/6 2917/9/6 728/6/6
f 3841/2/6 2914/7/6 608/8/6
f 726/1/1 1907/5/1 3842/2/1
f 730/4/1 1385/9/1 3842/2/1
f 1385/9/1 729/6/1 1393/7/1
f 3842/2/1 1393/7/1 725/8/1
f 741/1/4 1395/5/4 3843/2/4
f 742/4/4 1908/9/4 3843/2/4
f 3843/2/4 1908/9/4 738/6/4
f 3843/2/4 1391/7/4 737/8/4
f 729/1/3 1396/5/3 3844/2/3
f 741/4/3 1394/9/3 3844/2/3
f 1394/9/3 737/6/3 1392/7/3
f 3844/2/3 1392/7/3 725/8/3
f 1908/5/6 3845/2/6 1906/3/6
f 742/4/6 1909/9/6 3845/2/6
f 3845/2/6 1909/9/6 730/6/6
f 3845/2/6 1907/7/6 726/8/6
f 2918/5/1 3846/2/1 2452/3/1
f 734/4/1 1388/9/1 3846/2/1
f 1388/9/1 733/6/1 2460/7/1
f 3846/2/1 2460/7/1 727/8/1
f 2462/5/4 3847/2/4 2461/3/4
f 744/4/4 2919/9/4 3847/2/4
f 3847/2/4 2919/9/4 740/6/4
f 2461/3/4 3847/2/4 2459/7/4
f 733/1/3 1397/5/3 3848/2/3
f 743/4/3 2461/9/3 3848/2/3
f 2461/9/3 739/6/3 2458/7/3
f 3848/2/3 2458/7/3 727/8/3
f 2919/5/6 3849/2/6 2917/3/6
f 744/4/6 1910/9/6 3849/2/6
f 3849/2/6 1910/9/6 734/6/6
f 3849/2/6 2918/7/6 728/8/6
f 745/1/4 1399/5/4 3850/2/4
f 746/4/4 1911/9/4 3850/2/4
f 3850/2/4 1911/9/4 742/6/4
f 3850/2/4 1395/7/4 741/8/4
f 731/1/3 2463/5/3 3851/2/3
f 745/4/3 1398/9/3 3851/2/3
f 1398/9/3 741/6/3 1396/7/3
f 3851/2/3 1396/7/3 729/8/3
f 1389/5/1 3852/2/1 1912/3/1
f 735/4/1 2920/9/1 3852/2/1
f 2920/9/1 732/6/1 1899/7/1
f 1912/3/1 3852/2/1 1899/7/1
f 1913/5/4 3853/2/4 1911/3/4
f 747/4/4 2464/9/4 3853/2/4
f 2464/9/4 743/6/4 1914/7/4
f 3853/2/4 1914/7/4 742/8/4
f 1914/5/2 3854/2/2 1909/3/2
f 1914/5/2 743/4/2 1397/9/2
f 3854/2/2 1397/9/2 733/6/2
f 3854/2/2 1912/7/2 730/8/2
f 2465/5/4 3855/2/4 2464/3/4
f 748/4/4 2921/9/4 3855/2/4
f 3855/2/4 2921/9/4 744/6/4
f 3855/2/4 2462/7/4 743/8/4
f 744/1/6 2921/5/6 3856/2/6
f 748/4/6 2922/9/6 3856/2/6
f 3856/2/6 2922/9/6 736/6/6
f 3856/2/6 1902/7/6 734/8/6
f 1915/5/1 3857/2/1 1215/3/1
f 752/4/1 1400/9/1 3857/2/1
f 1400/9/1 749/6/1 1401/7/1
f 3857/2/1 1401/7/1 477/8/1
f 1402/5/3 3858/2/3 1401/3/3
f 750/4/3 2923/9/3 3858/2/3
f 2923/9/3 644/6/3 1327/7/3
f 3858/2/3 1327/7/3 477/8/3
f 2466/5/1 3859/2/1 1752/3/1
f 754/4/1 2924/9/1 3859/2/1
f 2924/9/1 752/6/1 1915/7/1
f 3859/2/1 1915/7/1 478/8/1
f 2467/5/4 3860/2/4 1916/3/4
f 2467/5/4 753/4/4 2468/9/4
f 2468/9/4 679/6/4 1867/7/4
f 3860/2/4 1867/7/4 678/8/4
f 1403/5/5 3861/2/5 2924/3/5
f 1403/5/5 753/4/5 2467/9/5
f 2467/9/5 751/6/5 2469/7/5
f 3861/2/5 2469/7/5 752/8/5
f 2925/5/1 3862/2/1 2306/3/1
f 756/4/1 1917/9/1 3862/2/1
f 3862/2/1 1917/9/1 754/6/1
f 3862/2/1 2466/7/1 479/8/1
f 2926/5/6 3863/2/6 2893/3/6
f 755/4/6 2470/9/6 3863/2/6
f 2470/9/6 756/6/6 2925/7/6
f 3863/2/6 2925/7/6 480/8/6
f 2927/5/1 3864/2/1 1400/3/1
f 760/4/1 1404/9/1 3864/2/1
f 1404/9/1 757/6/1 1405/7/1
f 3864/2/1 1405/7/1 749/8/1
f 1919/5/4 3865/2/4 1918/3/4
f 759/4/4 2471/9/4 3865/2/4
f 2471/9/4 751/6/4 1920/7/4
f 3865/2/4 1920/7/4 750/8/4
f 1406/5/3 3866/2/3 1405/3/3
f 758/4/3 1918/9/3 3866/2/3
f 1918/9/3 750/6/3 1402/7/3
f 3866/2/3 1402/7/3 749/8/3
f 2471/5/6 3867/2/6 2469/3/6
f 759/4/6 2472/9/6 3867/2/6
f 2472/9/6 760/6/6 2927/7/6
f 3867/2/6 2927/7/6 752/8/6
f 2928/5/1 3868/2/1 1917/3/1
f 764/4/1 1407/9/1 3868/2/1
f 3868/2/1 1407/9/1 761/6/1
f 3868/2/1 1921/7/1 754/8/1
f 762/1/4 1922/5/4 3869/2/4
f 763/4/4 2473/9/4 3869/2/4
f 2473/9/4 755/6/4 1409/7/4
f 3869/2/4 1409/7/4 753/8/4
f 1410/5/3 3870/2/3 1921/3/3
f 762/4/3 1408/9/3 3870/2/3
f 1408/9/3 753/6/3 1403/7/3
f 3870/2/3 1403/7/3 754/8/3
f 2473/5/6 3871/2/6 2470/3/6
f 763/4/6 2474/9/6 3871/2/6
f 2474/9/6 764/6/6 2928/7/6
f 3871/2/6 2928/7/6 756/8/6
f 1923/5/1 3872/2/1 1404/3/1
f 562/4/1 1273/9/1 3872/2/1
f 1273/9/1 561/6/1 1411/7/1
f 3872/2/1 1411/7/1 757/8/1
f 1412/5/3 3873/2/3 1411/3/3
f 765/4/3 1924/9/3 3873/2/3
f 1924/9/3 758/6/3 1406/7/3
f 3873/2/3 1406/7/3 757/8/3
f 1413/5/1 3874/2/1 2929/3/1
f 1413/5/1 565/4/1 1803/9/1
f 1803/9/1 562/6/1 1923/7/1
f 3874/2/1 1923/7/1 760/8/1
f 1925/5/4 3875/2/4 2475/3/4
f 1925/5/4 767/4/4 1926/9/4
f 1926/9/4 762/6/4 2476/7/4
f 3875/2/4 2476/7/4 759/8/4
f 2476/5/2 3876/2/2 2472/3/2
f 2476/5/2 762/4/2 1410/9/2
f 1410/9/2 761/6/2 2929/7/2
f 3876/2/2 2929/7/2 760/8/2
f 764/1/1 2477/5/1 3877/2/1
f 567/4/1 1276/9/1 3877/2/1
f 3877/2/1 1276/9/1 565/6/1
f 3877/2/1 1413/7/1 761/8/1
f 2478/5/6 3878/2/6 2474/3/6
f 768/4/6 2479/9/6 3878/2/6
f 2479/9/6 567/6/6 2477/7/6
f 3878/2/6 2477/7/6 764/8/6
f 2480/5/5 3879/2/5 1920/3/5
f 2480/5/5 770/4/5 1414/9/5
f 1414/9/5 769/6/5 1927/7/5
f 3879/2/5 1927/7/5 750/8/5
f 1927/5/3 3880/2/3 2923/3/3
f 1927/5/3 769/4/3 2930/9/3
f 2930/9/3 656/6/3 2873/7/3
f 3880/2/3 2873/7/3 644/8/3
f 2931/5/6 3881/2/6 1872/3/6
f 770/4/6 2480/9/6 3881/2/6
f 2480/9/6 751/6/6 1916/7/6
f 3881/2/6 1916/7/6 678/8/6
f 2481/5/5 3882/2/5 1409/3/5
f 2481/5/5 772/4/5 2482/9/5
f 2482/9/5 771/6/5 1415/7/5
f 3882/2/5 1415/7/5 753/8/5
f 1415/5/3 3883/2/3 2468/3/3
f 1415/5/3 771/4/3 2483/9/3
f 2483/9/3 691/6/3 2426/7/3
f 3883/2/3 2426/7/3 679/8/3
f 2932/5/6 3884/2/6 2898/3/6
f 772/4/6 2481/9/6 3884/2/6
f 2481/9/6 755/6/6 2926/7/6
f 3884/2/6 2926/7/6 680/8/6
f 1416/5/2 3885/2/2 1928/3/2
f 1416/5/2 774/4/2 2484/9/2
f 2484/9/2 759/6/2 1919/7/2
f 3885/2/2 1919/7/2 758/8/2
f 1417/5/3 3886/2/3 1924/3/3
f 1417/5/3 775/4/3 1418/9/3
f 1418/9/3 773/6/3 1928/7/3
f 3886/2/3 1928/7/3 758/8/3
f 1929/5/6 3887/2/6 2484/3/6
f 1929/5/6 776/4/6 1930/9/6
f 1930/9/6 766/6/6 2475/7/6
f 3887/2/6 2475/7/6 759/8/6
f 777/1/2 1419/5/2 3888/2/2
f 1419/5/2 778/4/2 2485/9/2
f 2485/9/2 763/6/2 1922/7/2
f 3888/2/2 1922/7/2 762/8/2
f 2486/5/3 3889/2/3 1926/3/3
f 2486/5/3 779/4/3 1420/9/3
f 1420/9/3 777/6/3 1931/7/3
f 3889/2/3 1931/7/3 762/8/3
f 1932/5/6 3890/2/6 2485/3/6
f 1932/5/6 780/4/6 2933/9/6
f 2933/9/6 768/6/6 2478/7/6
f 3890/2/6 2478/7/6 763/8/6
f 1421/5/4 3891/2/4 2934/3/4
f 782/4/4 1933/9/4 3891/2/4
f 1933/9/4 702/6/4 2903/7/4
f 3891/2/4 2903/7/4 668/8/4
f 769/1/3 1422/5/3 3892/2/3
f 781/4/3 2934/9/3 3892/2/3
f 2934/9/3 668/6/3 2885/7/3
f 3892/2/3 2885/7/3 656/8/3
f 2483/5/1 3893/2/1 2904/3/1
f 771/4/1 1934/9/1 3893/2/1
f 1934/9/1 770/6/1 2931/7/1
f 3893/2/1 2931/7/1 688/8/1
f 1935/5/4 3894/2/4 1933/3/4
f 1935/5/4 783/4/4 2487/9/4
f 2487/9/4 703/6/4 1884/7/4
f 3894/2/4 1884/7/4 702/8/4
f 771/1/5 2488/5/5 3895/2/5
f 2488/5/5 783/4/5 1935/9/5
f 1935/9/5 782/6/5 1936/7/5
f 3895/2/5 1936/7/5 770/8/5
f 783/1/4 2489/5/4 3896/2/4
f 784/4/4 2935/9/4 3896/2/4
f 2935/9/4 704/6/4 2434/7/4
f 3896/2/4 2434/7/4 703/8/4
f 2935/5/6 3897/2/6 2906/3/6
f 784/4/6 2936/9/6 3897/2/6
f 3897/2/6 2936/9/6 772/6/6
f 3897/2/6 2932/7/6 692/8/6
f 1937/5/1 3898/2/1 1414/3/1
f 774/4/1 1416/9/1 3898/2/1
f 1416/9/1 773/6/1 1423/7/1
f 3898/2/1 1423/7/1 769/8/1
f 1425/5/4 3899/2/4 1424/3/4
f 786/4/4 1938/9/4 3899/2/4
f 1938/9/4 782/6/4 1421/7/4
f 3899/2/4 1421/7/4 781/8/4
f 773/1/3 1426/5/3 3900/2/3
f 785/4/3 1424/9/3 3900/2/3
f 1424/9/3 781/6/3 1422/7/3
f 3900/2/3 1422/7/3 769/8/3
f 1938/5/6 3901/2/6 1936/3/6
f 786/4/6 1939/9/6 3901/2/6
f 3901/2/6 1939/9/6 774/6/6
f 3901/2/6 1937/7/6 770/8/6
f 2937/5/1 3902/2/1 2482/3/1
f 778/4/1 1419/9/1 3902/2/1
f 3902/2/1 1419/9/1 777/6/1
f 3902/2/1 2490/7/1 771/8/1
f 787/1/4 2492/5/4 3903/2/4
f 788/4/4 2938/9/4 3903/2/4
f 3903/2/4 2938/9/4 784/6/4
f 3903/2/4 2489/7/4 783/8/4
f 777/1/3 1427/5/3 3904/2/3
f 787/4/3 2491/9/3 3904/2/3
f 2491/9/3 783/6/3 2488/7/3
f 3904/2/3 2488/7/3 771/8/3
f 2938/5/6 3905/2/6 2936/3/6
f 788/4/6 1940/9/6 3905/2/6
f 3905/2/6 1940/9/6 778/6/6
f 3905/2/6 2937/7/6 772/8/6
f 1429/5/4 3906/2/4 1428/3/4
f 790/4/4 1941/9/4 3906/2/4
f 1941/9/4 786/6/4 1425/7/4
f 3906/2/4 1425/7/4 785/8/4
f 775/1/3 2493/5/3 3907/2/3
f 789/4/3 1428/9/3 3907/2/3
f 1428/9/3 785/6/3 1426/7/3
f 3907/2/3 1426/7/3 773/8/3
f 1420/5/1 3908/2/1 1942/3/1
f 1420/5/1 779/4/1 2939/9/1
f 2939/9/1 776/6/1 1929/7/1
f 3908/2/1 1929/7/1 774/8/1
f 1943/5/4 3909/2/4 1941/3/4
f 1943/5/4 791/4/4 2494/9/4
f 2494/9/4 787/6/4 1944/7/4
f 3909/2/4 1944/7/4 786/8/4
f 1944/5/2 3910/2/2 1939/3/2
f 1944/5/2 787/4/2 1427/9/2
f 3910/2/2 1427/9/2 777/6/2
f 3910/2/2 1942/7/2 774/8/2
f 791/1/4 2495/5/4 3911/2/4
f 2495/5/4 792/4/4 2940/9/4
f 2940/9/4 788/6/4 2492/7/4
f 3911/2/4 2492/7/4 787/8/4
f 788/1/6 2940/5/6 3912/2/6
f 792/4/6 2941/9/6 3912/2/6
f 3912/2/6 2941/9/6 780/6/6
f 3912/2/6 1932/7/6 778/8/6
f 2496/5/3 3913/2/3 1242/3/3
f 793/4/3 1430/9/3 3913/2/3
f 1430/9/3 721/6/3 1381/7/3
f 3913/2/3 1381/7/3 513/8/3
f 1946/5/4 3914/2/4 1945/3/4
f 795/4/4 2497/9/4 3914/2/4
f 2497/9/4 723/6/4 1895/7/4
f 1945/3/4 3914/2/4 1895/7/4
f 1947/5/5 3915/2/5 2803/3/5
f 795/4/5 1946/9/5 3915/2/5
f 1946/9/5 794/6/5 2942/7/5
f 2803/3/5 3915/2/5 2942/7/5
f 1432/5/4 3916/2/4 1431/3/4
f 798/4/4 1948/9/4 3916/2/4
f 1948/9/4 794/6/4 1433/7/4
f 3916/2/4 1433/7/4 793/8/4
f 1434/5/3 3917/2/3 2329/3/3
f 1434/5/3 797/4/3 1431/9/3
f 1431/9/3 793/6/3 2496/7/3
f 3917/2/3 2496/7/3 515/8/3
f 1948/5/6 3918/2/6 2942/3/6
f 1948/5/6 798/4/6 1949/9/6
f 1949/9/6 522/6/6 2807/7/6
f 3918/2/6 2807/7/6 516/8/6
f 2499/5/4 3919/2/4 2498/3/4
f 2499/5/4 800/4/4 2943/9/4
f 2943/9/4 796/6/4 2500/7/4
f 2498/3/4 3919/2/4 2500/7/4
f 2501/5/3 3920/2/3 1777/3/3
f 2501/5/3 799/4/3 2498/9/3
f 2498/9/3 795/6/3 1947/7/3
f 3920/2/3 1947/7/3 518/8/3
f 526/1/5 1950/5/5 3921/2/5
f 802/4/5 1435/9/5 3921/2/5
f 1435/9/5 801/6/5 1436/7/5
f 1247/3/5 3921/2/5 1436/7/5
f 1436/5/3 3922/2/3 1248/3/3
f 801/4/3 1437/9/3 3922/2/3
f 3922/2/3 1437/9/3 797/6/3
f 3922/2/3 1434/7/3 521/8/3
f 1952/5/4 3923/2/4 1951/3/4
f 803/4/4 2502/9/4 3923/2/4
f 3923/2/4 2502/9/4 799/6/4
f 3923/2/4 1953/7/4 798/8/4
f 1953/5/2 3924/2/2 1949/3/2
f 799/4/2 2501/9/2 3924/2/2
f 2501/9/2 523/6/2 1780/7/2
f 1949/3/2 3924/2/2 1780/7/2
f 2503/5/5 3925/2/5 1781/3/5
f 803/4/5 1952/9/5 3925/2/5
f 1952/9/5 802/6/5 1950/7/5
f 1781/3/5 3925/2/5 1950/7/5
f 2944/5/5 3926/2/5 2333/3/5
f 804/4/5 2504/9/5 3926/2/5
f 2504/9/5 803/6/5 2503/7/5
f 3926/2/5 2503/7/5 527/8/5
f 794/1/5 1954/5/5 3927/2/5
f 806/4/5 1438/9/5 3927/2/5
f 1438/9/5 805/6/5 1439/7/5
f 3927/2/5 1439/7/5 793/8/5
f 1439/5/3 3928/2/3 1430/3/3
f 1439/5/3 805/4/3 2505/9/3
f 2505/9/3 731/6/3 1386/7/3
f 3928/2/3 1386/7/3 721/8/3
f 2945/5/6 3929/2/6 1900/3/6
f 2945/5/6 806/4/6 1954/9/6
f 1954/9/6 794/6/6 1945/7/6
f 3929/2/6 1945/7/6 722/8/6
f 2946/5/5 3930/2/5 2500/3/5
f 2946/5/5 808/4/5 2506/9/5
f 2506/9/5 807/6/5 2507/7/5
f 3930/2/5 2507/7/5 795/8/5
f 2507/5/3 3931/2/3 2497/3/3
f 2507/5/3 807/4/3 2508/9/3
f 2508/9/3 735/6/3 2456/7/3
f 3931/2/3 2456/7/3 723/8/3
f 1441/5/2 3932/2/2 1440/3/2
f 810/4/2 1955/9/2 3932/2/2
f 1955/9/2 798/6/2 1432/7/2
f 3932/2/2 1432/7/2 797/8/2
f 802/1/5 1956/5/5 3933/2/5
f 812/4/5 2509/9/5 3933/2/5
f 2509/9/5 811/6/5 1442/7/5
f 1435/3/5 3933/2/5 1442/7/5
f 1442/5/3 3934/2/3 1437/3/3
f 1442/5/3 811/4/3 1443/9/3
f 1443/9/3 809/6/3 1440/7/3
f 3934/2/3 1440/7/3 797/8/3
f 810/1/6 1957/5/6 3935/2/6
f 1957/5/6 812/4/6 1956/9/6
f 1956/9/6 802/6/6 1951/7/6
f 3935/2/6 1951/7/6 798/8/6
f 1444/5/2 3936/2/2 2510/3/2
f 1444/5/2 814/4/2 2947/9/2
f 2947/9/2 800/6/2 2499/7/2
f 2510/3/2 3936/2/2 2499/7/2
f 2948/5/5 3937/2/5 2504/3/5
f 2948/5/5 816/4/5 2511/9/5
f 2511/9/5 815/6/5 2512/7/5
f 3937/2/5 2512/7/5 803/8/5
f 2512/5/3 3938/2/3 2502/3/3
f 2512/5/3 815/4/3 1445/9/3
f 1445/9/3 813/6/3 2510/7/3
f 3938/2/3 2510/7/3 799/8/3
f 1447/5/4 3939/2/4 1446/3/4
f 818/4/4 1958/9/4 3939/2/4
f 3939/2/4 1958/9/4 746/6/4
f 3939/2/4 1399/7/4 745/8/4
f 805/1/3 1448/5/3 3940/2/3
f 817/4/3 1446/9/3 3940/2/3
f 1446/9/3 745/6/3 2463/7/3
f 3940/2/3 2463/7/3 731/8/3
f 2508/5/1 3941/2/1 2920/3/1
f 807/4/1 1959/9/1 3941/2/1
f 1959/9/1 806/6/1 2945/7/1
f 2920/3/1 3941/2/1 2945/7/1
f 1960/5/4 3942/2/4 1958/3/4
f 819/4/4 2513/9/4 3942/2/4
f 2513/9/4 747/6/4 1913/7/4
f 1958/3/4 3942/2/4 1913/7/4
f 807/1/5 2514/5/5 3943/2/5
f 2514/5/5 819/4/5 1960/9/5
f 1960/9/5 818/6/5 1961/7/5
f 3943/2/5 1961/7/5 806/8/5
f 2515/5/4 3944/2/4 2513/3/4
f 820/4/4 2949/9/4 3944/2/4
f 3944/2/4 2949/9/4 748/6/4
f 3944/2/4 2465/7/4 747/8/4
f 806/1/1 1962/5/1 3945/2/1
f 810/4/1 1441/9/1 3945/2/1
f 1441/9/1 809/6/1 1449/7/1
f 1438/3/1 3945/2/1 1449/7/1
f 1451/5/4 3946/2/4 1450/3/4
f 822/4/4 1963/9/4 3946/2/4
f 1963/9/4 818/6/4 1447/7/4
f 1450/3/4 3946/2/4 1447/7/4
f 809/1/3 1452/5/3 3947/2/3
f 1452/5/3 821/4/3 1450/9/3
f 1450/9/3 817/6/3 1448/7/3
f 3947/2/3 1448/7/3 805/8/3
f 1963/5/6 3948/2/6 1961/3/6
f 1963/5/6 822/4/6 1964/9/6
f 1964/9/6 810/6/6 1962/7/6
f 3948/2/6 1962/7/6 806/8/6
f 2950/5/1 3949/2/1 2506/3/1
f 2950/5/1 814/4/1 1444/9/1
f 1444/9/1 813/6/1 2516/7/1
f 3949/2/1 2516/7/1 807/8/1
f 2518/5/4 3950/2/4 2517/3/4
f 2518/5/4 824/4/4 2951/9/4
f 2951/9/4 820/6/4 2515/7/4
f 2517/3/4 3950/2/4 2515/7/4
f 813/1/3 1453/5/3 3951/2/3
f 1453/5/3 823/4/3 2517/9/3
f 2517/9/3 819/6/3 2514/7/3
f 3951/2/3 2514/7/3 807/8/3
f 825/1/4 1455/5/4 3952/2/4
f 826/4/4 1965/9/4 3952/2/4
f 3952/2/4 1965/9/4 822/6/4
f 3952/2/4 1451/7/4 821/8/4
f 812/1/5 2952/5/5 3953/2/5
f 826/4/5 1455/9/5 3953/2/5
f 1455/9/5 825/6/5 2519/7/5
f 3953/2/5 2519/7/5 811/8/5
f 811/1/3 2519/5/3 3954/2/3
f 825/4/3 1454/9/3 3954/2/3
f 3954/2/3 1454/9/3 821/6/3
f 3954/2/3 1452/7/3 809/8/3
f 813/1/1 1445/5/1 3955/2/1
f 815/4/1 2953/9/1 3955/2/1
f 2953/9/1 812/6/1 1957/7/1
f 3955/2/1 1957/7/1 810/8/1
f 1967/5/4 3956/2/4 1965/3/4
f 1967/5/4 827/4/4 2520/9/4
f 3956/2/4 2520/9/4 823/6/4
f 3956/2/4 1968/7/4 822/8/4
f 1968/5/2 3957/2/2 1964/3/2
f 1968/5/2 823/4/2 1453/9/2
f 3957/2/2 1453/9/2 813/6/2
f 3957/2/2 1966/7/2 810/8/2
f 815/1/5 2521/5/5 3958/2/5
f 827/4/5 1967/9/5 3958/2/5
f 1967/9/5 826/6/5 2952/7/5
f 3958/2/5 2952/7/5 812/8/5
f 2522/5/4 3959/2/4 2520/3/4
f 828/4/4 2954/9/4 3959/2/4
f 3959/2/4 2954/9/4 824/6/4
f 3959/2/4 2518/7/4 823/8/4
f 816/1/5 2955/5/5 3960/2/5
f 828/4/5 2522/9/5 3960/2/5
f 2522/9/5 827/6/5 2521/7/5
f 3960/2/5 2521/7/5 815/8/5
f 1969/5/1 3961/2/1 2523/3/1
f 832/4/1 2956/9/1 3961/2/1
f 2956/9/1 520/6/1 2327/7/1
f 3961/2/1 2327/7/1 519/8/1
f 2957/5/2 3962/2/2 2448/3/2
f 829/4/2 1456/9/2 3962/2/2
f 1456/9/2 830/6/2 2523/7/2
f 3962/2/2 2523/7/2 519/8/2
f 1971/5/1 3963/2/1 1970/3/1
f 836/4/1 2958/9/1 3963/2/1
f 2958/9/1 832/6/1 1969/7/1
f 3963/2/1 1969/7/1 830/8/1
f 2524/5/4 3964/2/4 1457/3/4
f 835/4/4 1458/9/4 3964/2/4
f 1458/9/4 833/6/4 1459/7/4
f 3964/2/4 1459/7/4 829/8/4
f 1459/5/2 3965/2/2 1456/3/2
f 833/4/2 1460/9/2 3965/2/2
f 1460/9/2 834/6/2 1970/7/2
f 3965/2/2 1970/7/2 830/8/2
f 2525/5/5 3966/2/5 2958/3/5
f 835/4/5 2524/9/5 3966/2/5
f 2524/9/5 831/6/5 2526/7/5
f 3966/2/5 2526/7/5 832/8/5
f 1274/5/1 3967/2/1 1461/3/1
f 563/4/1 2527/9/1 3967/2/1
f 2527/9/1 836/6/1 1971/7/1
f 3967/2/1 1971/7/1 834/8/1
f 1462/5/2 3968/2/2 1460/3/2
f 765/4/2 1412/9/2 3968/2/2
f 1412/9/2 561/6/2 1461/7/2
f 3968/2/2 1461/7/2 834/8/2
f 2959/5/1 3969/2/1 2956/3/1
f 2959/5/1 839/4/1 2960/9/1
f 2960/9/1 524/6/1 2809/7/1
f 3969/2/1 2809/7/1 520/8/1
f 2961/5/4 3970/2/4 2943/3/4
f 838/4/4 2528/9/4 3970/2/4
f 2528/9/4 831/6/4 2962/7/4
f 3970/2/4 2962/7/4 796/8/4
f 2528/5/6 3971/2/6 2526/3/6
f 2528/5/6 838/4/6 1972/9/6
f 1972/9/6 839/6/6 2959/7/6
f 3971/2/6 2959/7/6 832/8/6
f 2355/5/1 3972/2/1 2527/3/1
f 2355/5/1 569/4/1 1463/9/1
f 1463/9/1 840/6/1 2963/7/1
f 3972/2/1 2963/7/1 836/8/1
f 1464/5/4 3973/2/4 2529/3/4
f 1464/5/4 842/4/4 1465/9/4
f 1465/9/4 837/6/4 2530/7/4
f 3973/2/4 2530/7/4 835/8/4
f 2964/5/3 3974/2/3 2963/3/3
f 2964/5/3 841/4/3 2529/9/3
f 2529/9/3 835/6/3 2525/7/3
f 3974/2/3 2525/7/3 836/8/3
f 839/1/1 2531/5/1 3975/2/1
f 844/4/1 2965/9/1 3975/2/1
f 2965/9/1 528/6/1 2813/7/1
f 3975/2/1 2813/7/1 524/8/1
f 2532/5/5 3976/2/5 2965/3/5
f 843/4/5 2966/9/5 3976/2/5
f 2966/9/5 804/6/5 2944/7/5
f 3976/2/5 2944/7/5 528/8/5
f 840/1/1 2967/5/1 3977/2/1
f 846/4/1 2968/9/1 3977/2/1
f 2968/9/1 844/6/1 2531/7/1
f 3977/2/1 2531/7/1 839/8/1
f 2534/5/4 3978/2/4 1973/3/4
f 845/4/4 1466/9/4 3978/2/4
f 3978/2/4 1466/9/4 841/6/4
f 3978/2/4 1974/7/4 838/8/4
f 1974/5/2 3979/2/2 1972/3/2
f 841/4/2 2964/9/2 3979/2/2
f 2964/9/2 840/6/2 2533/7/2
f 3979/2/2 2533/7/2 839/8/2
f 1467/5/5 3980/2/5 2968/3/5
f 845/4/5 2534/9/5 3980/2/5
f 2534/9/5 843/6/5 2532/7/5
f 3980/2/5 2532/7/5 844/8/5
f 569/1/1 1280/5/1 3981/2/1
f 573/4/1 1468/9/1 3981/2/1
f 1468/9/1 846/6/1 2967/7/1
f 3981/2/1 2967/7/1 840/8/1
f 1469/5/5 3982/2/5 1468/3/5
f 847/4/5 1470/9/5 3982/2/5
f 1470/9/5 845/6/5 1467/7/5
f 3982/2/5 1467/7/5 846/8/5
f 2969/5/2 3983/2/2 2915/3/2
f 848/4/2 1471/9/2 3983/2/2
f 1471/9/2 829/6/2 2957/7/2
f 3983/2/2 2957/7/2 724/8/2
f 2535/5/5 3984/2/5 2962/3/5
f 2535/5/5 849/4/5 2970/9/5
f 2970/9/5 808/6/5 2946/7/5
f 3984/2/5 2946/7/5 796/8/5
f 2971/5/6 3985/2/6 1471/3/6
f 2971/5/6 849/4/6 2535/9/6
f 2535/9/6 831/6/6 1457/7/6
f 3985/2/6 1457/7/6 829/8/6
f 2536/5/2 3986/2/2 1472/3/2
f 2536/5/2 775/4/2 1417/9/2
f 1417/9/2 765/6/2 1462/7/2
f 3986/2/2 1462/7/2 833/8/2
f 1473/5/5 3987/2/5 2530/3/5
f 1473/5/5 852/4/5 2537/9/5
f 2537/9/5 851/6/5 2538/7/5
f 3987/2/5 2538/7/5 835/8/5
f 2538/5/3 3988/2/3 1458/3/3
f 2538/5/3 851/4/3 1975/9/3
f 1975/9/3 850/6/3 1472/7/3
f 3988/2/3 1472/7/3 833/8/3
f 1976/5/2 3989/2/2 2947/3/2
f 853/4/2 1977/9/2 3989/2/2
f 1977/9/2 838/6/2 2961/7/2
f 3989/2/2 2961/7/2 800/8/2
f 2539/5/5 3990/2/5 2966/3/5
f 2539/5/5 854/4/5 2972/9/5
f 2972/9/5 816/6/5 2948/7/5
f 3990/2/5 2948/7/5 804/8/5
f 853/1/6 1474/5/6 3991/2/6
f 1474/5/6 854/4/6 2539/9/6
f 2539/9/6 843/6/6 1973/7/6
f 3991/2/6 1973/7/6 838/8/6
f 2540/5/2 3992/2/2 1475/3/2
f 2540/5/2 856/4/2 1978/9/2
f 1978/9/2 842/6/2 1464/7/2
f 3992/2/2 1464/7/2 841/8/2
f 2541/5/5 3993/2/5 1470/3/5
f 2541/5/5 858/4/5 1476/9/5
f 1476/9/5 857/6/5 1477/7/5
f 3993/2/5 1477/7/5 845/8/5
f 1477/5/3 3994/2/3 1466/3/3
f 1477/5/3 857/4/3 2542/9/3
f 2542/9/3 855/6/3 1475/7/3
f 3994/2/3 1475/7/3 841/8/3
f 2973/5/4 3995/2/4 2949/3/4
f 860/4/4 2543/9/4 3995/2/4
f 2543/9/4 859/6/4 2974/7/4
f 3995/2/4 2974/7/4 748/8/4
f 2974/5/2 3996/2/2 2922/3/2
f 859/4/2 2975/9/2 3996/2/2
f 3996/2/2 2975/9/2 848/6/2
f 3996/2/2 2969/7/2 736/8/2
f 1975/5/1 3997/2/1 2976/3/1
f 851/4/1 1478/9/1 3997/2/1
f 1478/9/1 849/6/1 2971/7/1
f 3997/2/1 2971/7/1 848/8/1
f 2977/5/4 3998/2/4 2543/3/4
f 862/4/4 1479/9/4 3998/2/4
f 1479/9/4 861/6/4 2544/7/4
f 3998/2/4 2544/7/4 859/8/4
f 2544/5/2 3999/2/2 2975/3/2
f 861/4/2 1979/9/2 3999/2/2
f 3999/2/2 1979/9/2 850/6/2
f 3999/2/2 2976/7/2 848/8/2
f 851/1/5 2545/5/5 4000/2/5
f 862/4/5 2977/9/5 4000/2/5
f 2977/9/5 860/6/5 1480/7/5
f 4000/2/5 1480/7/5 849/8/5
f 1980/5/4 4001/2/4 1479/3/4
f 863/4/4 1481/9/4 4001/2/4
f 1481/9/4 789/6/4 1482/7/4
f 4001/2/4 1482/7/4 861/8/4
f 861/1/2 1482/5/2 4002/2/2
f 789/4/2 2493/9/2 4002/2/2
f 4002/2/2 2493/9/2 775/6/2
f 4002/2/2 2536/7/2 850/8/2
f 1483/5/1 4003/2/1 2970/3/1
f 1483/5/1 853/4/1 1976/9/1
f 1976/9/1 814/6/1 2950/7/1
f 4003/2/1 2950/7/1 808/8/1
f 2978/5/4 4004/2/4 2951/3/4
f 864/4/4 2979/9/4 4004/2/4
f 2979/9/4 860/6/4 2973/7/4
f 4004/2/4 2973/7/4 820/8/4
f 2979/5/6 4005/2/6 1480/3/6
f 2979/5/6 864/4/6 1484/9/6
f 1484/9/6 853/6/6 1483/7/6
f 4005/2/6 1483/7/6 849/8/6
f 2980/5/1 4006/2/1 2537/3/1
f 2980/5/1 856/4/1 2540/9/1
f 2540/9/1 855/6/1 2546/7/1
f 4006/2/1 2546/7/1 851/8/1
f 1485/5/4 4007/2/4 1981/3/4
f 1485/5/4 866/4/4 2547/9/4
f 2547/9/4 863/6/4 1980/7/4
f 4007/2/4 1980/7/4 862/8/4
f 855/1/3 2548/5/3 4008/2/3
f 2548/5/3 865/4/3 1981/9/3
f 1981/9/3 862/6/3 2545/7/3
f 4008/2/3 2545/7/3 851/8/3
f 2981/5/4 4009/2/4 2954/3/4
f 867/4/4 2982/9/4 4009/2/4
f 4009/2/4 2982/9/4 864/6/4
f 4009/2/4 2978/7/4 824/8/4
f 854/1/5 1982/5/5 4010/2/5
f 867/4/5 2981/9/5 4010/2/5
f 2981/9/5 828/6/5 2955/7/5
f 4010/2/5 2955/7/5 816/8/5
f 855/1/1 2542/5/1 4011/2/1
f 857/4/1 1983/9/1 4011/2/1
f 1983/9/1 854/6/1 1474/7/1
f 4011/2/1 1474/7/1 853/8/1
f 2549/5/4 4012/2/4 2982/3/4
f 868/4/4 1487/9/4 4012/2/4
f 4012/2/4 1487/9/4 865/6/4
f 4012/2/4 2983/7/4 864/8/4
f 2983/5/2 4013/2/2 1484/3/2
f 865/4/2 2548/9/2 4013/2/2
f 4013/2/2 2548/9/2 855/6/2
f 4013/2/2 1486/7/2 853/8/2
f 857/1/5 1488/5/5 4014/2/5
f 868/4/5 2549/9/5 4014/2/5
f 2549/9/5 867/6/5 1982/7/5
f 4014/2/5 1982/7/5 854/8/5
f 2984/5/4 4015/2/4 1487/3/4
f 869/4/4 1984/9/4 4015/2/4
f 4015/2/4 1984/9/4 866/6/4
f 4015/2/4 1485/7/4 865/8/4
f 858/1/5 1985/5/5 4016/2/5
f 1985/5/5 869/4/5 2984/9/5
f 2984/9/5 868/6/5 1488/7/5
f 4016/2/5 1488/7/5 857/8/5
f 1987/5/4 4017/2/4 1986/3/4
f 1987/5/4 871/4/4 2550/9/4
f 2550/9/4 767/6/4 1925/7/4
f 4017/2/4 1925/7/4 766/8/4
f 1988/5/5 4018/2/5 2828/3/5
f 1988/5/5 871/4/5 1987/9/5
f 1987/9/5 870/6/5 2985/7/5
f 4018/2/5 2985/7/5 564/8/5
f 2986/5/6 4019/2/6 2479/3/6
f 872/4/6 2987/9/6 4019/2/6
f 2987/9/6 568/6/6 2353/7/6
f 4019/2/6 2353/7/6 567/8/6
f 1989/5/4 4020/2/4 1465/3/4
f 1989/5/4 873/4/4 1990/9/4
f 1990/9/4 870/6/4 1489/7/4
f 4020/2/4 1489/7/4 837/8/4
f 1990/5/6 4021/2/6 2985/3/6
f 1990/5/6 873/4/6 1991/9/6
f 1991/9/6 570/6/6 2832/7/6
f 4021/2/6 2832/7/6 564/8/6
f 874/1/4 1992/5/4 4022/2/4
f 1992/5/4 875/4/4 2988/9/4
f 2988/9/4 872/6/4 2552/7/4
f 4022/2/4 2552/7/4 871/8/4
f 2553/5/3 4023/2/3 1806/3/3
f 2553/5/3 874/4/3 2551/9/3
f 2551/9/3 871/6/3 1988/7/3
f 4023/2/3 1988/7/3 566/8/3
f 2988/5/6 4024/2/6 2987/3/6
f 2988/5/6 875/4/6 2989/9/6
f 2989/9/6 572/6/6 2834/7/6
f 4024/2/6 2834/7/6 568/8/6
f 1993/5/5 4025/2/5 1279/3/5
f 876/4/5 2554/9/5 4025/2/5
f 2554/9/5 847/6/5 1469/7/5
f 4025/2/5 1469/7/5 573/8/5
f 2990/5/4 4026/2/4 1490/3/4
f 2990/5/4 877/4/4 1994/9/4
f 1994/9/4 874/6/4 1491/7/4
f 4026/2/4 1491/7/4 873/8/4
f 1491/5/2 4027/2/2 1991/3/2
f 1491/5/2 874/4/2 2553/9/2
f 2553/9/2 571/6/2 1809/7/2
f 4027/2/2 1809/7/2 570/8/2
f 2555/5/5 4028/2/5 1810/3/5
f 2555/5/5 877/4/5 2990/9/5
f 2990/9/5 876/6/5 1993/7/5
f 4028/2/5 1993/7/5 574/8/5
f 2991/5/5 4029/2/5 2359/3/5
f 878/4/5 1492/9/5 4029/2/5
f 4029/2/5 1492/9/5 877/6/5
f 4029/2/5 2555/7/5 575/8/5
f 875/1/6 2556/5/6 4030/2/6
f 878/4/6 2991/9/6 4030/2/6
f 2991/9/6 576/6/6 2838/7/6
f 4030/2/6 2838/7/6 572/8/6
f 1995/5/5 4031/2/5 1489/3/5
f 1995/5/5 879/4/5 2992/9/5
f 2992/9/5 852/6/5 1473/7/5
f 4031/2/5 1473/7/5 837/8/5
f 2993/5/6 4032/2/6 1930/3/6
f 2993/5/6 879/4/6 1995/9/6
f 1995/9/6 870/6/6 1986/7/6
f 4032/2/6 1986/7/6 766/8/6
f 2994/5/5 4033/2/5 2552/3/5
f 2994/5/5 881/4/5 2995/9/5
f 2995/9/5 880/6/5 2557/7/5
f 4033/2/5 2557/7/5 871/8/5
f 2557/5/3 4034/2/3 2550/3/3
f 2557/5/3 880/4/3 2558/9/3
f 2558/9/3 779/6/3 2486/7/3
f 4034/2/3 2486/7/3 767/8/3
f 2996/5/6 4035/2/6 2933/3/6
f 2996/5/6 881/4/6 2994/9/6
f 2994/9/6 872/6/6 2986/7/6
f 4035/2/6 2986/7/6 768/8/6
f 2997/5/2 4036/2/2 1978/3/2
f 2997/5/2 882/4/2 1493/9/2
f 1493/9/2 873/6/2 1989/7/2
f 4036/2/2 1989/7/2 842/8/2
f 2998/5/5 4037/2/5 2554/3/5
f 2998/5/5 883/4/5 1996/9/5
f 1996/9/5 858/6/5 2541/7/5
f 4037/2/5 2541/7/5 847/8/5
f 882/1/6 1997/5/6 4038/2/6
f 1997/5/6 883/4/6 2998/9/6
f 2998/9/6 876/6/6 1490/7/6
f 4038/2/6 1490/7/6 873/8/6
f 884/1/2 2999/5/2 4039/2/2
f 2999/5/2 885/4/2 2559/9/2
f 2559/9/2 875/6/2 1992/7/2
f 4039/2/2 1992/7/2 874/8/2
f 1999/5/5 4040/2/5 1492/3/5
f 1999/5/5 887/4/5 2000/9/5
f 2000/9/5 886/6/5 1494/7/5
f 4040/2/5 1494/7/5 877/8/5
f 1494/5/3 4041/2/3 1994/3/3
f 1494/5/3 886/4/3 3000/9/3
f 3000/9/3 884/6/3 1998/7/3
f 4041/2/3 1998/7/3 874/8/3
f 885/1/6 1495/5/6 4042/2/6
f 1495/5/6 887/4/6 1999/9/6
f 1999/9/6 878/6/6 2556/7/6
f 4042/2/6 2556/7/6 875/8/6
f 2560/5/4 4043/2/4 1481/3/4
f 888/4/4 2001/9/4 4043/2/4
f 2001/9/4 790/6/4 1429/7/4
f 4043/2/4 1429/7/4 789/8/4
f 2558/5/1 4044/2/1 2939/3/1
f 2558/5/1 880/4/1 2561/9/1
f 2561/9/1 879/6/1 2993/7/1
f 4044/2/1 2993/7/1 776/8/1
f 3001/5/4 4045/2/4 2001/3/4
f 3001/5/4 889/4/4 2562/9/4
f 2562/9/4 791/6/4 1943/7/4
f 4045/2/4 1943/7/4 790/8/4
f 880/1/5 3002/5/5 4046/2/5
f 3002/5/5 889/4/5 3001/9/5
f 3001/9/5 888/6/5 2563/7/5
f 4046/2/5 2563/7/5 879/8/5
f 889/1/4 1496/5/4 4047/2/4
f 890/4/4 3003/9/4 4047/2/4
f 3003/9/4 792/6/4 2495/7/4
f 4047/2/4 2495/7/4 791/8/4
f 3003/5/6 4048/2/6 2941/3/6
f 890/4/6 1497/9/6 4048/2/6
f 4048/2/6 1497/9/6 881/6/6
f 4048/2/6 2996/7/6 780/8/6
f 2564/5/1 4049/2/1 2992/3/1
f 2564/5/1 882/4/1 2997/9/1
f 2997/9/1 856/6/1 2980/7/1
f 4049/2/1 2980/7/1 852/8/1
f 2002/5/4 4050/2/4 2547/3/4
f 2002/5/4 891/4/4 3004/9/4
f 3004/9/4 888/6/4 2560/7/4
f 4050/2/4 2560/7/4 863/8/4
f 3004/5/6 4051/2/6 2563/3/6
f 3004/5/6 891/4/6 2003/9/6
f 2003/9/6 882/6/6 2564/7/6
f 4051/2/6 2564/7/6 879/8/6
f 1498/5/1 4052/2/1 2995/3/1
f 1498/5/1 885/4/1 2999/9/1
f 4052/2/1 2999/9/1 884/6/1
f 4052/2/1 3005/7/1 880/8/1
f 892/1/4 3006/5/4 4053/2/4
f 3006/5/4 893/4/4 2004/9/4
f 2004/9/4 890/6/4 1496/7/4
f 4053/2/4 1496/7/4 889/8/4
f 884/1/3 3007/5/3 4054/2/3
f 3007/5/3 892/4/3 1499/9/3
f 1499/9/3 889/6/3 3002/7/3
f 4054/2/3 3002/7/3 880/8/3
f 2004/5/6 4055/2/6 1497/3/6
f 2004/5/6 893/4/6 1500/9/6
f 1500/9/6 885/6/6 1498/7/6
f 4055/2/6 1498/7/6 881/8/6
f 1501/5/4 4056/2/4 1984/3/4
f 894/4/4 2565/9/4 4056/2/4
f 4056/2/4 2565/9/4 891/6/4
f 4056/2/4 2002/7/4 866/8/4
f 883/1/5 2566/5/5 4057/2/5
f 894/4/5 1501/9/5 4057/2/5
f 1501/9/5 869/6/5 1985/7/5
f 4057/2/5 1985/7/5 858/8/5
f 884/1/1 3000/5/1 4058/2/1
f 3000/5/1 886/4/1 2567/9/1
f 2567/9/1 883/6/1 1997/7/1
f 4058/2/1 1997/7/1 882/8/1
f 2006/5/4 4059/2/4 2565/3/4
f 2006/5/4 895/4/4 3008/9/4
f 3008/9/4 892/6/4 2568/7/4
f 4059/2/4 2568/7/4 891/8/4
f 2568/5/2 4060/2/2 2003/3/2
f 2568/5/2 892/4/2 3007/9/2
f 4060/2/2 3007/9/2 884/6/2
f 4060/2/2 2005/7/2 882/8/2
f 886/1/5 2007/5/5 4061/2/5
f 2007/5/5 895/4/5 2006/9/5
f 2006/9/5 894/6/5 2566/7/5
f 4061/2/5 2566/7/5 883/8/5
f 895/1/4 2569/5/4 4062/2/4
f 2569/5/4 896/4/4 1502/9/4
f 4062/2/4 1502/9/4 893/6/4
f 4062/2/4 3006/7/4 892/8/4
f 887/1/5 2570/5/5 4063/2/5
f 2570/5/5 896/4/5 2569/9/5
f 4063/2/5 2569/9/5 895/6/5
f 4063/2/5 2007/7/5 886/8/5
f 893/1/6 1502/5/6 4064/2/6
f 1502/5/6 896/4/6 2570/9/6
f 4064/2/6 2570/9/6 887/6/6
f 4064/2/6 1495/7/6 885/8/6
