# Blender 4.5.3 LTS
# www.blender.org
o sphere_(4)
v -0.036000 3.731900 0.365800
v -0.140700 3.464500 1.428200
v -0.233200 2.898800 2.367500
v -0.305600 2.083400 3.103000
v -0.339600 1.435100 3.447900
v -0.351700 1.088600 3.571200
v -0.365800 0.367600 3.714000
v -0.367600 0.000000 3.731900
v -0.360500 -0.731600 3.660200
v -0.351700 -1.088600 3.571200
v -0.339600 -1.435100 3.447900
v -0.259900 -2.651700 2.638900
v -0.233200 -2.898800 2.367500
v -0.204200 -3.118000 2.073400
v -0.071700 -3.677900 0.728100
v -0.036000 -3.731900 0.365800
v -0.106700 3.588500 1.083300
v -0.071700 3.677900 0.728100
v -0.280000 3.464500 1.407500
v -0.406400 3.118000 2.043400
v -0.173300 3.307200 1.759200
v -0.204200 3.118000 2.073400
v -0.464100 2.898800 2.333300
v -0.565500 2.379000 2.843100
v -0.284100 2.379000 2.884800
v -0.259900 2.651700 2.638900
v -0.324200 1.767700 3.291300
v -0.675900 1.435100 3.398000
v -0.700100 1.088600 3.519600
v -0.360500 0.731600 3.660200
v -0.728100 0.367600 3.660200
v -0.365800 -0.367600 3.714000
v -0.731600 0.000000 3.677900
v -0.675900 -1.435100 3.398000
v -0.324200 -1.767700 3.291300
v -0.305600 -2.083400 3.103000
v -0.284100 -2.379000 2.884800
v -0.517300 -2.651700 2.600700
v -0.173300 -3.307200 1.759200
v -0.344900 -3.307200 1.733800
v -0.106700 -3.588500 1.083300
v -0.140700 -3.464500 1.428200
v -0.142700 -3.677900 0.717500
v -0.071700 3.731900 0.360500
v -0.106700 3.731900 0.351700
v -0.212400 3.588500 1.067700
v -0.142700 3.677900 0.717500
v -0.212400 3.677900 0.700100
v -0.344900 3.307200 1.733800
v -0.416600 3.464500 1.373300
v -0.690600 2.898800 2.276500
v -0.517300 2.651700 2.600700
v -0.608300 2.083400 3.058100
v -0.645200 1.767700 3.243700
v -1.005700 1.435100 3.315400
v -1.067700 0.731600 3.519600
v -0.717500 0.731600 3.607300
v -1.088600 0.000000 3.588500
v -0.728100 -0.367600 3.660200
v -0.717500 -0.731600 3.607300
v -1.005700 -1.435100 3.315400
v -0.700100 -1.088600 3.519600
v -0.608300 -2.083400 3.058100
v -0.645200 -1.767700 3.243700
v -0.960000 -1.767700 3.164800
v -0.905100 -2.083400 2.983800
v -0.841500 -2.379000 2.774000
v -0.565500 -2.379000 2.843100
v -0.464100 -2.898800 2.333300
v -0.769700 -2.651700 2.537500
v -0.690600 -2.898800 2.276500
v -0.406400 -3.118000 2.043400
v -0.604800 -3.118000 1.993700
v -0.280000 -3.464500 1.407500
v -0.416600 -3.464500 1.373300
v -0.212400 -3.588500 1.067700
v -0.071700 -3.731900 0.360500
v -0.280000 3.677900 0.675900
v -0.416600 3.588500 1.005700
v -0.316000 3.588500 1.041700
v -0.676500 3.307200 1.633200
v -0.513100 3.307200 1.691600
v -0.797300 3.118000 1.924800
v -0.910400 2.898800 2.197900
v -0.604800 3.118000 1.993700
v -1.014700 2.651700 2.449800
v -0.769700 2.651700 2.537500
v -1.193200 2.083400 2.880700
v -0.905100 2.083400 2.983800
v -0.841500 2.379000 2.774000
v -0.960000 1.767700 3.164800
v -1.373300 1.088600 3.315400
v -1.041700 1.088600 3.434000
v -1.083300 0.367600 3.571200
v -1.428200 0.367600 3.447900
v -1.407500 -0.731600 3.398000
v -1.067700 -0.731600 3.519600
v -1.083300 -0.367600 3.571200
v -1.428200 -0.367600 3.447900
v -1.041700 -1.088600 3.434000
v -1.265600 -1.767700 3.055500
v -1.325800 -1.435100 3.200800
v -1.193200 -2.083400 2.880700
v -1.109300 -2.379000 2.678100
v -1.014700 -2.651700 2.449800
v -0.910400 -2.898800 2.197900
v -0.676500 -3.307200 1.633200
v -0.513100 -3.307200 1.691600
v -0.549200 -3.464500 1.325800
v -0.416600 -3.588500 1.005700
v -0.316000 -3.588500 1.041700
v -0.280000 -3.677900 0.675900
v -0.212400 -3.677900 0.700100
v -0.106700 -3.731900 0.351700
v -0.140700 3.731900 0.339600
v -0.173300 3.731900 0.324200
v -0.549200 3.464500 1.325800
v -0.833300 3.307200 1.559000
v -1.109300 2.379000 2.678100
v -1.265600 1.767700 3.055500
v -1.633200 1.435100 3.055500
v -1.325800 1.435100 3.200800
v -1.407500 0.731600 3.398000
v -1.759200 0.367600 3.291300
v -1.759200 -0.367600 3.291300
v -1.435100 0.000000 3.464500
v -1.373300 -1.088600 3.315400
v -1.691600 -1.088600 3.164800
v -1.469800 -2.083400 2.749800
v -1.366500 -2.379000 2.556500
v -1.250000 -2.651700 2.338500
v -0.797300 -3.118000 1.924800
v -0.676500 -3.464500 1.265600
v -0.140700 -3.731900 0.339600
v -0.204200 3.731900 0.305600
v -0.344900 3.677900 0.645200
v -0.406400 3.677900 0.608300
v -0.513100 3.588500 0.960000
v -0.604800 3.588500 0.905100
v -0.676500 3.464500 1.265600
v -0.797300 3.464500 1.193200
v -1.157500 3.118000 1.732300
v -0.982100 3.118000 1.837400
v -1.473200 2.651700 2.204800
v -1.250000 2.651700 2.338500
v -1.121400 2.898800 2.098100
v -1.610500 2.379000 2.410300
v -1.366500 2.379000 2.556500
v -1.837400 1.767700 2.749800
v -1.469800 2.083400 2.749800
v -1.559000 1.767700 2.916700
v -1.733800 0.731600 3.243700
v -1.691600 1.088600 3.164800
v -2.043400 0.731600 3.058100
v -1.767700 0.000000 3.307200
v -2.073400 -0.367600 3.103000
v -1.733800 -0.731600 3.243700
v -1.559000 -1.767700 2.916700
v -1.633200 -1.435100 3.055500
v -1.924800 -1.435100 2.880700
v -0.982100 -3.118000 1.837400
v -1.121400 -2.898800 2.098100
v -0.833300 -3.307200 1.559000
v -0.513100 -3.588500 0.960000
v -0.406400 -3.677900 0.608300
v -0.344900 -3.677900 0.645200
v -0.204200 -3.731900 0.305600
v -0.173300 -3.731900 0.324200
v -0.233200 3.731900 0.284100
v -0.910400 3.464500 1.109300
v -0.982100 3.307200 1.469800
v -1.321700 3.118000 1.610500
v -1.682200 2.651700 2.049800
v -1.321700 2.898800 1.978000
v -1.978000 2.083400 2.410300
v -1.732300 2.083400 2.592500
v -2.276500 1.088600 2.774000
v -1.993700 1.088600 2.983800
v -1.924800 1.435100 2.880700
v -2.197900 1.435100 2.678100
v -2.073400 0.367600 3.103000
v -2.367500 0.367600 2.884800
v -2.083400 0.000000 3.118000
v -2.379000 0.000000 2.898800
v -2.367500 -0.367600 2.884800
v -2.043400 -0.731600 3.058100
v -1.993700 -1.088600 2.983800
v -1.837400 -1.767700 2.749800
v -1.610500 -2.379000 2.410300
v -1.732300 -2.083400 2.592500
v -1.682200 -2.651700 2.049800
v -1.473200 -2.651700 2.204800
v -1.157500 -3.118000 1.732300
v -1.321700 -2.898800 1.978000
v -1.321700 -3.118000 1.610500
v -0.982100 -3.307200 1.469800
v -0.604800 -3.588500 0.905100
v -0.797300 -3.464500 1.193200
v -0.910400 -3.464500 1.109300
v -0.690600 -3.588500 0.841500
v -0.233200 -3.731900 0.284100
v -0.259900 3.731900 0.259900
v -0.690600 3.588500 0.841500
v -0.464100 3.677900 0.565500
v -0.517300 3.677900 0.517300
v -0.769700 3.588500 0.769700
v -1.121400 3.307200 1.366500
v -1.682200 2.898800 1.682200
v -1.509200 2.898800 1.839000
v -2.049800 2.379000 2.049800
v -1.839000 2.379000 2.240800
v -2.338500 1.767700 2.338500
v -2.098100 1.767700 2.556500
v -2.537500 1.088600 2.537500
v -2.333300 0.731600 2.843100
v -2.638900 0.367600 2.638900
v -2.651700 0.000000 2.651700
v -2.600700 -0.731600 2.600700
v -2.333300 -0.731600 2.843100
v -2.197900 -1.435100 2.678100
v -2.276500 -1.088600 2.774000
v -2.098100 -1.767700 2.556500
v -2.449800 -1.435100 2.449800
v -2.338500 -1.767700 2.338500
v -1.978000 -2.083400 2.410300
v -1.875000 -2.651700 1.875000
v -1.839000 -2.379000 2.240800
v -1.682200 -2.898800 1.682200
v -1.509200 -2.898800 1.839000
v -1.473200 -3.118000 1.473200
v -1.121400 -3.307200 1.366500
v -1.250000 -3.307200 1.250000
v -0.769700 -3.588500 0.769700
v -0.464100 -3.677900 0.565500
v -0.841500 3.588500 0.690600
v -1.014700 3.464500 1.014700
v -1.250000 3.307200 1.250000
v -1.473200 3.118000 1.473200
v -1.875000 2.651700 1.875000
v -1.839000 2.898800 1.509200
v -2.049800 2.651700 1.682200
v -2.204800 2.083400 2.204800
v -2.556500 1.767700 2.098100
v -2.449800 1.435100 2.449800
v -2.774000 1.088600 2.276500
v -2.884800 0.367600 2.367500
v -2.600700 0.731600 2.600700
v -2.843100 0.731600 2.333300
v -2.638900 -0.367600 2.638900
v -2.843100 -0.731600 2.333300
v -2.537500 -1.088600 2.537500
v -2.556500 -1.767700 2.098100
v -2.204800 -2.083400 2.204800
v -2.049800 -2.379000 2.049800
v -2.240800 -2.379000 1.839000
v -1.610500 -3.118000 1.321700
v -0.841500 -3.588500 0.690600
v -1.014700 -3.464500 1.014700
v -0.284100 -3.731900 0.233200
v -0.259900 -3.731900 0.259900
v -0.517300 -3.677900 0.517300
v -0.565500 -3.677900 0.464100
v -0.305600 3.731900 0.204200
v -0.284100 3.731900 0.233200
v -0.565500 3.677900 0.464100
v -0.905100 3.588500 0.604800
v -1.469800 3.307200 0.982100
v -1.109300 3.464500 0.910400
v -1.366500 3.307200 1.121400
v -1.610500 3.118000 1.321700
v -1.732300 3.118000 1.157500
v -1.978000 2.898800 1.321700
v -2.410300 2.379000 1.610500
v -2.204800 2.651700 1.473200
v -2.410300 2.083400 1.978000
v -2.240800 2.379000 1.839000
v -2.749800 1.767700 1.837400
v -2.678100 1.435100 2.197900
v -3.058100 0.731600 2.043400
v -3.103000 -0.367600 2.073400
v -2.898800 0.000000 2.379000
v -2.884800 -0.367600 2.367500
v -2.983800 -1.088600 1.993700
v -2.880700 -1.435100 1.924800
v -2.678100 -1.435100 2.197900
v -2.774000 -1.088600 2.276500
v -2.749800 -1.767700 1.837400
v -2.410300 -2.083400 1.978000
v -2.049800 -2.651700 1.682200
v -1.732300 -3.118000 1.157500
v -1.839000 -2.898800 1.509200
v -1.366500 -3.307200 1.121400
v -1.109300 -3.464500 0.910400
v -0.608300 -3.677900 0.406400
v -0.305600 -3.731900 0.204200
v -0.608300 3.677900 0.406400
v -0.960000 3.588500 0.513100
v -1.193200 3.464500 0.797300
v -2.098100 2.898800 1.121400
v -2.338500 2.651700 1.250000
v -2.556500 2.379000 1.366500
v -2.592500 2.083400 1.732300
v -2.749800 2.083400 1.469800
v -2.880700 1.435100 1.924800
v -3.055500 1.435100 1.633200
v -2.983800 1.088600 1.993700
v -3.291300 0.367600 1.759200
v -3.103000 0.367600 2.073400
v -3.118000 0.000000 2.083400
v -3.058100 -0.731600 2.043400
v -3.243700 -0.731600 1.733800
v -3.055500 -1.435100 1.633200
v -2.916700 -1.767700 1.559000
v -2.556500 -2.379000 1.366500
v -2.592500 -2.083400 1.732300
v -2.410300 -2.379000 1.610500
v -1.978000 -2.898800 1.321700
v -2.204800 -2.651700 1.473200
v -1.469800 -3.307200 0.982100
v -1.559000 -3.307200 0.833300
v -1.265600 -3.464500 0.676500
v -1.193200 -3.464500 0.797300
v -0.905100 -3.588500 0.604800
v -0.960000 -3.588500 0.513100
v -0.645200 -3.677900 0.344900
v -0.645200 3.677900 0.344900
v -0.324200 3.731900 0.173300
v -1.005700 3.588500 0.416600
v -1.265600 3.464500 0.676500
v -1.325800 3.464500 0.549200
v -1.559000 3.307200 0.833300
v -1.633200 3.307200 0.676500
v -1.837400 3.118000 0.982100
v -2.449800 2.651700 1.014700
v -2.678100 2.379000 1.109300
v -2.880700 2.083400 1.193200
v -2.916700 1.767700 1.559000
v -3.055500 1.767700 1.265600
v -3.164800 1.088600 1.691600
v -3.398000 0.731600 1.407500
v -3.243700 0.731600 1.733800
v -3.447900 0.367600 1.428200
v -3.464500 0.000000 1.435100
v -3.307200 0.000000 1.767700
v -3.291300 -0.367600 1.759200
v -3.164800 -1.088600 1.691600
v -3.315400 -1.088600 1.373300
v -3.055500 -1.767700 1.265600
v -2.749800 -2.083400 1.469800
v -2.098100 -2.898800 1.121400
v -2.338500 -2.651700 1.250000
v -1.837400 -3.118000 0.982100
v -1.924800 -3.118000 0.797300
v -1.633200 -3.307200 0.676500
v -0.675900 -3.677900 0.280000
v -0.324200 -3.731900 0.173300
v -0.339600 3.731900 0.140700
v -0.351700 3.731900 0.106700
v -0.675900 3.677900 0.280000
v -0.700100 3.677900 0.212400
v -1.373300 3.464500 0.416600
v -1.691600 3.307200 0.513100
v -1.924800 3.118000 0.797300
v -1.993700 3.118000 0.604800
v -2.197900 2.898800 0.910400
v -2.774000 2.379000 0.841500
v -2.537500 2.651700 0.769700
v -2.983800 2.083400 0.905100
v -3.200800 1.435100 1.325800
v -3.315400 1.435100 1.005700
v -3.434000 1.088600 1.041700
v -3.519600 0.731600 1.067700
v -3.315400 1.088600 1.373300
v -3.447900 -0.367600 1.428200
v -3.519600 -0.731600 1.067700
v -3.398000 -0.731600 1.407500
v -3.200800 -1.435100 1.325800
v -3.315400 -1.435100 1.005700
v -3.164800 -1.767700 0.960000
v -2.678100 -2.379000 1.109300
v -2.880700 -2.083400 1.193200
v -2.774000 -2.379000 0.841500
v -2.449800 -2.651700 1.014700
v -2.197900 -2.898800 0.910400
v -1.691600 -3.307200 0.513100
v -1.325800 -3.464500 0.549200
v -1.005700 -3.588500 0.416600
v -1.041700 -3.588500 0.316000
v -0.700100 -3.677900 0.212400
v -0.351700 -3.731900 0.106700
v -0.339600 -3.731900 0.140700
v -0.717500 3.677900 0.142700
v -1.067700 3.588500 0.212400
v -1.041700 3.588500 0.316000
v -2.276500 2.898800 0.690600
v -2.843100 2.379000 0.565500
v -3.058100 2.083400 0.608300
v -3.164800 1.767700 0.960000
v -3.519600 1.088600 0.700100
v -3.571200 0.367600 1.083300
v -3.660200 -0.367600 0.728100
v -3.588500 0.000000 1.088600
v -3.571200 -0.367600 1.083300
v -3.434000 -1.088600 1.041700
v -3.607300 -0.731600 0.717500
v -3.398000 -1.435100 0.675900
v -3.243700 -1.767700 0.645200
v -3.058100 -2.083400 0.608300
v -2.983800 -2.083400 0.905100
v -2.537500 -2.651700 0.769700
v -2.276500 -2.898800 0.690600
v -2.333300 -2.898800 0.464100
v -1.993700 -3.118000 0.604800
v -2.043400 -3.118000 0.406400
v -1.373300 -3.464500 0.416600
v -0.360500 3.731900 0.071700
v -1.083300 3.588500 0.106700
v -1.733800 3.307200 0.344900
v -1.407500 3.464500 0.280000
v -1.428200 3.464500 0.140700
v -2.043400 3.118000 0.406400
v -2.333300 2.898800 0.464100
v -2.073400 3.118000 0.204200
v -2.638900 2.651700 0.259900
v -2.600700 2.651700 0.517300
v -2.884800 2.379000 0.284100
v -3.243700 1.767700 0.645200
v -3.103000 2.083400 0.305600
v -3.398000 1.435100 0.675900
v -3.660200 0.731600 0.360500
v -3.607300 0.731600 0.717500
v -3.731900 0.000000 0.367600
v -3.660200 0.367600 0.728100
v -3.714000 -0.367600 0.365800
v -3.677900 0.000000 0.731600
v -3.660200 -0.731600 0.360500
v -3.519600 -1.088600 0.700100
v -3.291300 -1.767700 0.324200
v -2.843100 -2.379000 0.565500
v -2.884800 -2.379000 0.284100
v -2.600700 -2.651700 0.517300
v -2.367500 -2.898800 0.233200
v -1.759200 -3.307200 0.173300
v -1.733800 -3.307200 0.344900
v -1.407500 -3.464500 0.280000
v -0.728100 -3.677900 0.071700
v -0.717500 -3.677900 0.142700
v -1.067700 -3.588500 0.212400
v -1.083300 -3.588500 0.106700
v -0.360500 -3.731900 0.071700
v -0.367600 3.731900 -0.000000
v -0.365800 3.731900 0.036000
v -0.728100 3.677900 0.071700
v -1.088600 3.588500 -0.000000
v -1.759200 3.307200 0.173300
v -1.767700 3.307200 -0.000000
v -2.367500 2.898800 0.233200
v -3.464500 1.435100 -0.000000
v -3.291300 1.767700 0.324200
v -3.447900 1.435100 0.339600
v -3.571200 1.088600 0.351700
v -3.714000 0.367600 0.365800
v -3.731900 -0.367600 0.000000
v -3.677900 -0.731600 0.000000
v -3.588500 -1.088600 0.000000
v -3.464500 -1.435100 0.000000
v -3.571200 -1.088600 0.351700
v -3.447900 -1.435100 0.339600
v -3.103000 -2.083400 0.305600
v -2.638900 -2.651700 0.259900
v -2.083400 -3.118000 0.000000
v -2.379000 -2.898800 0.000000
v -2.073400 -3.118000 0.204200
v -1.435100 -3.464500 0.000000
v -1.428200 -3.464500 0.140700
v -0.365800 -3.731900 0.036000
v -0.731600 -3.677900 0.000000
v -0.367600 -3.731900 0.000000
v -0.731600 3.677900 -0.000000
v -0.728100 3.677900 -0.071700
v -1.435100 3.464500 -0.000000
v -2.367500 2.898800 -0.233200
v -2.083400 3.118000 -0.000000
v -2.073400 3.118000 -0.204200
v -2.651700 2.651700 -0.000000
v -2.379000 2.898800 -0.000000
v -2.898800 2.379000 -0.000000
v -3.103000 2.083400 -0.305600
v -3.118000 2.083400 -0.000000
v -3.307200 1.767700 -0.000000
v -3.571200 1.088600 -0.351700
v -3.677900 0.731600 -0.000000
v -3.588500 1.088600 -0.000000
v -3.660200 0.731600 -0.360500
v -3.714000 0.367600 -0.365800
v -3.731900 0.367600 -0.000000
v -3.750000 0.000000 0.000000
v -3.660200 -0.731600 -0.360500
v -3.571200 -1.088600 -0.351700
v -3.103000 -2.083400 -0.305600
v -3.307200 -1.767700 0.000000
v -3.118000 -2.083400 0.000000
v -2.651700 -2.651700 0.000000
v -2.898800 -2.379000 0.000000
v -1.767700 -3.307200 0.000000
v -1.428200 -3.464500 -0.140700
v -1.088600 -3.588500 0.000000
v -0.365800 -3.731900 -0.036000
v -0.365800 3.731900 -0.036000
v -0.360500 3.731900 -0.071700
v -0.717500 3.677900 -0.142700
v -1.067700 3.588500 -0.212400
v -1.083300 3.588500 -0.106700
v -1.759200 3.307200 -0.173300
v -1.428200 3.464500 -0.140700
v -2.043400 3.118000 -0.406400
v -2.638900 2.651700 -0.259900
v -2.600700 2.651700 -0.517300
v -2.884800 2.379000 -0.284100
v -2.843100 2.379000 -0.565500
v -3.243700 1.767700 -0.645200
v -3.291300 1.767700 -0.324200
v -3.398000 1.435100 -0.675900
v -3.447900 1.435100 -0.339600
v -3.677900 -0.000000 -0.731600
v -3.731900 -0.000000 -0.367600
v -3.607300 -0.731600 -0.717500
v -3.714000 -0.367600 -0.365800
v -3.519600 -1.088600 -0.700100
v -3.398000 -1.435100 -0.675900
v -3.447900 -1.435100 -0.339600
v -3.291300 -1.767700 -0.324200
v -3.243700 -1.767700 -0.645200
v -3.058100 -2.083400 -0.608300
v -2.843100 -2.379000 -0.565500
v -2.884800 -2.379000 -0.284100
v -2.638900 -2.651700 -0.259900
v -2.600700 -2.651700 -0.517300
v -2.367500 -2.898800 -0.233200
v -2.073400 -3.118000 -0.204200
v -1.759200 -3.307200 -0.173300
v -1.083300 -3.588500 -0.106700
v -1.067700 -3.588500 -0.212400
v -0.728100 -3.677900 -0.071700
v -0.351700 3.731900 -0.106700
v -1.041700 3.588500 -0.316000
v -1.691600 3.307200 -0.513100
v -1.407500 3.464500 -0.280000
v -1.993700 3.118000 -0.604800
v -1.733800 3.307200 -0.344900
v -2.276500 2.898800 -0.690600
v -2.333300 2.898800 -0.464100
v -2.537500 2.651700 -0.769700
v -2.774000 2.379000 -0.841500
v -2.983800 2.083400 -0.905100
v -3.058100 2.083400 -0.608300
v -3.315400 1.435100 -1.005700
v -3.519600 0.731600 -1.067700
v -3.607300 0.731600 -0.717500
v -3.519600 1.088600 -0.700100
v -3.571200 0.367600 -1.083300
v -3.660200 0.367600 -0.728100
v -3.571200 -0.367600 -1.083300
v -3.660200 -0.367600 -0.728100
v -3.519600 -0.731600 -1.067700
v -3.315400 -1.435100 -1.005700
v -2.276500 -2.898800 -0.690600
v -2.333300 -2.898800 -0.464100
v -1.733800 -3.307200 -0.344900
v -2.043400 -3.118000 -0.406400
v -1.691600 -3.307200 -0.513100
v -1.373300 -3.464500 -0.416600
v -1.407500 -3.464500 -0.280000
v -1.041700 -3.588500 -0.316000
v -0.360500 -3.731900 -0.071700
v -0.717500 -3.677900 -0.142700
v -0.339600 3.731900 -0.140700
v -0.700100 3.677900 -0.212400
v -1.633200 3.307200 -0.676500
v -1.373300 3.464500 -0.416600
v -2.197900 2.898800 -0.910400
v -2.449800 2.651700 -1.014700
v -3.055500 1.767700 -1.265600
v -2.880700 2.083400 -1.193200
v -3.164800 1.767700 -0.960000
v -3.200800 1.435100 -1.325800
v -3.434000 1.088600 -1.041700
v -3.315400 1.088600 -1.373300
v -3.398000 0.731600 -1.407500
v -3.447900 0.367600 -1.428200
v -3.588500 -0.000000 -1.088600
v -3.398000 -0.731600 -1.407500
v -3.434000 -1.088600 -1.041700
v -3.200800 -1.435100 -1.325800
v -3.164800 -1.767700 -0.960000
v -3.055500 -1.767700 -1.265600
v -2.678100 -2.379000 -1.109300
v -2.774000 -2.379000 -0.841500
v -2.983800 -2.083400 -0.905100
v -2.449800 -2.651700 -1.014700
v -2.537500 -2.651700 -0.769700
v -1.993700 -3.118000 -0.604800
v -1.924800 -3.118000 -0.797300
v -1.633200 -3.307200 -0.676500
v -0.351700 -3.731900 -0.106700
v -0.700100 -3.677900 -0.212400
v -0.675900 -3.677900 -0.280000
v -0.675900 3.677900 -0.280000
v -1.005700 3.588500 -0.416600
v -0.960000 3.588500 -0.513100
v -1.325800 3.464500 -0.549200
v -1.559000 3.307200 -0.833300
v -2.098100 2.898800 -1.121400
v -1.924800 3.118000 -0.797300
v -2.338500 2.651700 -1.250000
v -2.556500 2.379000 -1.366500
v -2.678100 2.379000 -1.109300
v -2.749800 2.083400 -1.469800
v -2.916700 1.767700 -1.559000
v -3.291300 0.367600 -1.759200
v -3.464500 -0.000000 -1.435100
v -3.307200 -0.000000 -1.767700
v -3.291300 -0.367600 -1.759200
v -3.447900 -0.367600 -1.428200
v -3.315400 -1.088600 -1.373300
v -2.880700 -2.083400 -1.193200
v -2.749800 -2.083400 -1.469800
v -2.197900 -2.898800 -0.910400
v -2.338500 -2.651700 -1.250000
v -2.098100 -2.898800 -1.121400
v -0.960000 -3.588500 -0.513100
v -1.325800 -3.464500 -0.549200
v -1.005700 -3.588500 -0.416600
v -0.339600 -3.731900 -0.140700
v -0.324200 3.731900 -0.173300
v -0.645200 3.677900 -0.344900
v -0.608300 3.677900 -0.406400
v -0.905100 3.588500 -0.604800
v -1.265600 3.464500 -0.676500
v -1.732300 3.118000 -1.157500
v -1.837400 3.118000 -0.982100
v -2.410300 2.379000 -1.610500
v -2.592500 2.083400 -1.732300
v -3.164800 1.088600 -1.691600
v -3.055500 1.435100 -1.633200
v -3.103000 0.367600 -2.073400
v -3.243700 0.731600 -1.733800
v -3.058100 0.731600 -2.043400
v -3.243700 -0.731600 -1.733800
v -3.103000 -0.367600 -2.073400
v -2.983800 -1.088600 -1.993700
v -3.164800 -1.088600 -1.691600
v -2.880700 -1.435100 -1.924800
v -3.055500 -1.435100 -1.633200
v -2.916700 -1.767700 -1.559000
v -2.556500 -2.379000 -1.366500
v -2.410300 -2.379000 -1.610500
v -1.978000 -2.898800 -1.321700
v -1.732300 -3.118000 -1.157500
v -1.837400 -3.118000 -0.982100
v -1.559000 -3.307200 -0.833300
v -1.265600 -3.464500 -0.676500
v -1.193200 -3.464500 -0.797300
v -0.645200 -3.677900 -0.344900
v -0.608300 -3.677900 -0.406400
v -0.305600 -3.731900 -0.204200
v -0.324200 -3.731900 -0.173300
v -0.305600 3.731900 -0.204200
v -0.284100 3.731900 -0.233200
v -0.565500 3.677900 -0.464100
v -1.109300 3.464500 -0.910400
v -1.469800 3.307200 -0.982100
v -1.193200 3.464500 -0.797300
v -1.366500 3.307200 -1.121400
v -2.049800 2.651700 -1.682200
v -1.978000 2.898800 -1.321700
v -2.204800 2.651700 -1.473200
v -2.240800 2.379000 -1.839000
v -2.749800 1.767700 -1.837400
v -2.983800 1.088600 -1.993700
v -2.880700 1.435100 -1.924800
v -2.774000 1.088600 -2.276500
v -3.118000 -0.000000 -2.083400
v -2.884800 -0.367600 -2.367500
v -2.843100 -0.731600 -2.333300
v -3.058100 -0.731600 -2.043400
v -2.678100 -1.435100 -2.197900
v -2.556500 -1.767700 -2.098100
v -2.592500 -2.083400 -1.732300
v -2.749800 -1.767700 -1.837400
v -2.410300 -2.083400 -1.978000
v -2.204800 -2.651700 -1.473200
v -2.049800 -2.651700 -1.682200
v -1.610500 -3.118000 -1.321700
v -1.366500 -3.307200 -1.121400
v -1.469800 -3.307200 -0.982100
v -1.109300 -3.464500 -0.910400
v -0.905100 -3.588500 -0.604800
v -0.259900 3.731900 -0.259900
v -0.841500 3.588500 -0.690600
v -0.769700 3.588500 -0.769700
v -1.682200 2.898800 -1.682200
v -1.839000 2.898800 -1.509200
v -1.610500 3.118000 -1.321700
v -1.875000 2.651700 -1.875000
v -2.410300 2.083400 -1.978000
v -2.678100 1.435100 -2.197900
v -2.556500 1.767700 -2.098100
v -2.843100 0.731600 -2.333300
v -2.600700 0.731600 -2.600700
v -2.651700 -0.000000 -2.651700
v -2.898800 -0.000000 -2.379000
v -2.884800 0.367600 -2.367500
v -2.774000 -1.088600 -2.276500
v -2.240800 -2.379000 -1.839000
v -1.875000 -2.651700 -1.875000
v -1.839000 -2.898800 -1.509200
v -1.682200 -2.898800 -1.682200
v -1.473200 -3.118000 -1.473200
v -1.250000 -3.307200 -1.250000
v -1.014700 -3.464500 -1.014700
v -0.769700 -3.588500 -0.769700
v -0.565500 -3.677900 -0.464100
v -0.841500 -3.588500 -0.690600
v -0.284100 -3.731900 -0.233200
v -0.259900 -3.731900 -0.259900
v -0.517300 3.677900 -0.517300
v -1.250000 3.307200 -1.250000
v -1.014700 3.464500 -1.014700
v -0.910400 3.464500 -1.109300
v -1.321700 3.118000 -1.610500
v -1.473200 3.118000 -1.473200
v -1.682200 2.651700 -2.049800
v -2.049800 2.379000 -2.049800
v -1.839000 2.379000 -2.240800
v -2.338500 1.767700 -2.338500
v -2.204800 2.083400 -2.204800
v -1.978000 2.083400 -2.410300
v -2.197900 1.435100 -2.678100
v -2.449800 1.435100 -2.449800
v -2.537500 1.088600 -2.537500
v -2.333300 0.731600 -2.843100
v -2.638900 0.367600 -2.638900
v -2.638900 -0.367600 -2.638900
v -2.379000 -0.000000 -2.898800
v -2.600700 -0.731600 -2.600700
v -2.276500 -1.088600 -2.774000
v -2.449800 -1.435100 -2.449800
v -2.537500 -1.088600 -2.537500
v -2.338500 -1.767700 -2.338500
v -2.204800 -2.083400 -2.204800
v -2.049800 -2.379000 -2.049800
v -1.839000 -2.379000 -2.240800
v -1.321700 -3.118000 -1.610500
v -1.121400 -3.307200 -1.366500
v -0.690600 -3.588500 -0.841500
v -0.910400 -3.464500 -1.109300
v -0.464100 -3.677900 -0.565500
v -0.517300 -3.677900 -0.517300
v -0.233200 3.731900 -0.284100
v -0.204200 3.731900 -0.305600
v -0.406400 3.677900 -0.608300
v -0.690600 3.588500 -0.841500
v -0.464100 3.677900 -0.565500
v -1.121400 3.307200 -1.366500
v -0.982100 3.307200 -1.469800
v -1.321700 2.898800 -1.978000
v -1.509200 2.898800 -1.839000
v -1.473200 2.651700 -2.204800
v -1.610500 2.379000 -2.410300
v -1.732300 2.083400 -2.592500
v -2.098100 1.767700 -2.556500
v -2.276500 1.088600 -2.774000
v -2.043400 0.731600 -3.058100
v -2.367500 0.367600 -2.884800
v -2.083400 -0.000000 -3.118000
v -2.073400 -0.367600 -3.103000
v -2.043400 -0.731600 -3.058100
v -2.333300 -0.731600 -2.843100
v -2.367500 -0.367600 -2.884800
v -1.924800 -1.435100 -2.880700
v -2.197900 -1.435100 -2.678100
v -1.978000 -2.083400 -2.410300
v -2.098100 -1.767700 -2.556500
v -1.732300 -2.083400 -2.592500
v -1.610500 -2.379000 -2.410300
v -1.473200 -2.651700 -2.204800
v -1.682200 -2.651700 -2.049800
v -1.509200 -2.898800 -1.839000
v -1.321700 -2.898800 -1.978000
v -0.406400 -3.677900 -0.608300
v -0.604800 -3.588500 -0.905100
v -0.233200 -3.731900 -0.284100
v -0.204200 -3.731900 -0.305600
v -0.173300 3.731900 -0.324200
v -0.344900 3.677900 -0.645200
v -0.604800 3.588500 -0.905100
v -0.797300 3.464500 -1.193200
v -0.833300 3.307200 -1.559000
v -1.157500 3.118000 -1.732300
v -0.982100 3.118000 -1.837400
v -1.366500 2.379000 -2.556500
v -1.469800 2.083400 -2.749800
v -1.559000 1.767700 -2.916700
v -1.633200 1.435100 -3.055500
v -1.837400 1.767700 -2.749800
v -1.924800 1.435100 -2.880700
v -1.993700 1.088600 -2.983800
v -1.691600 1.088600 -3.164800
v -2.073400 0.367600 -3.103000
v -1.767700 -0.000000 -3.307200
v -1.993700 -1.088600 -2.983800
v -1.691600 -1.088600 -3.164800
v -1.837400 -1.767700 -2.749800
v -1.469800 -2.083400 -2.749800
v -1.121400 -2.898800 -2.098100
v -0.982100 -3.118000 -1.837400
v -0.982100 -3.307200 -1.469800
v -1.157500 -3.118000 -1.732300
v -0.676500 -3.464500 -1.265600
v -0.797300 -3.464500 -1.193200
v -0.513100 -3.588500 -0.960000
v -0.280000 3.677900 -0.675900
v -0.549200 3.464500 -1.325800
v -0.513100 3.588500 -0.960000
v -0.416600 3.588500 -1.005700
v -0.676500 3.464500 -1.265600
v -0.797300 3.118000 -1.924800
v -0.910400 2.898800 -2.197900
v -1.014700 2.651700 -2.449800
v -1.121400 2.898800 -2.098100
v -1.250000 2.651700 -2.338500
v -1.109300 2.379000 -2.678100
v -1.265600 1.767700 -3.055500
v -1.373300 1.088600 -3.315400
v -1.407500 0.731600 -3.398000
v -1.733800 0.731600 -3.243700
v -1.759200 0.367600 -3.291300
v -1.428200 0.367600 -3.447900
v -1.435100 -0.000000 -3.464500
v -1.759200 -0.367600 -3.291300
v -1.733800 -0.731600 -3.243700
v -1.633200 -1.435100 -3.055500
v -1.265600 -1.767700 -3.055500
v -1.559000 -1.767700 -2.916700
v -1.193200 -2.083400 -2.880700
v -1.250000 -2.651700 -2.338500
v -1.366500 -2.379000 -2.556500
v -1.014700 -2.651700 -2.449800
v -0.797300 -3.118000 -1.924800
v -0.833300 -3.307200 -1.559000
v -0.676500 -3.307200 -1.633200
v -0.549200 -3.464500 -1.325800
v -0.344900 -3.677900 -0.645200
v -0.280000 -3.677900 -0.675900
v -0.173300 -3.731900 -0.324200
v -0.140700 3.731900 -0.339600
v -0.106700 3.731900 -0.351700
v -0.212400 3.677900 -0.700100
v -0.316000 3.588500 -1.041700
v -0.416600 3.464500 -1.373300
v -0.676500 3.307200 -1.633200
v -0.513100 3.307200 -1.691600
v -0.604800 3.118000 -1.993700
v -0.905100 2.083400 -2.983800
v -0.841500 2.379000 -2.774000
v -1.193200 2.083400 -2.880700
v -0.960000 1.767700 -3.164800
v -1.325800 1.435100 -3.200800
v -1.041700 1.088600 -3.434000
v -1.407500 -0.731600 -3.398000
v -1.428200 -0.367600 -3.447900
v -1.067700 -0.731600 -3.519600
v -1.041700 -1.088600 -3.434000
v -1.373300 -1.088600 -3.315400
v -1.325800 -1.435100 -3.200800
v -0.905100 -2.083400 -2.983800
v -1.109300 -2.379000 -2.678100
v -0.910400 -2.898800 -2.197900
v -0.416600 -3.464500 -1.373300
v -0.316000 -3.588500 -1.041700
v -0.416600 -3.588500 -1.005700
v -0.140700 -3.731900 -0.339600
v -0.106700 -3.731900 -0.351700
v -0.071700 3.731900 -0.360500
v -0.142700 3.677900 -0.717500
v -0.212400 3.588500 -1.067700
v -0.280000 3.464500 -1.407500
v -0.344900 3.307200 -1.733800
v -0.690600 2.898800 -2.276500
v -0.464100 2.898800 -2.333300
v -0.769700 2.651700 -2.537500
v -0.608300 2.083400 -3.058100
v -0.645200 1.767700 -3.243700
v -1.005700 1.435100 -3.315400
v -1.067700 0.731600 -3.519600
v -0.717500 0.731600 -3.607300
v -1.083300 0.367600 -3.571200
v -1.088600 -0.000000 -3.588500
v -1.083300 -0.367600 -3.571200
v -0.728100 -0.367600 -3.660200
v -1.005700 -1.435100 -3.315400
v -0.645200 -1.767700 -3.243700
v -0.960000 -1.767700 -3.164800
v -0.841500 -2.379000 -2.774000
v -0.690600 -2.898800 -2.276500
v -0.769700 -2.651700 -2.537500
v -0.464100 -2.898800 -2.333300
v -0.604800 -3.118000 -1.993700
v -0.513100 -3.307200 -1.691600
v -0.406400 -3.118000 -2.043400
v -0.344900 -3.307200 -1.733800
v -0.212400 -3.588500 -1.067700
v -0.071700 -3.731900 -0.360500
v -0.212400 -3.677900 -0.700100
v -0.071700 3.677900 -0.728100
v -0.140700 3.464500 -1.428200
v -0.173300 3.307200 -1.759200
v -0.406400 3.118000 -2.043400
v -0.517300 2.651700 -2.600700
v -0.233200 2.898800 -2.367500
v -0.259900 2.651700 -2.638900
v -0.565500 2.379000 -2.843100
v -0.305600 2.083400 -3.103000
v -0.324200 1.767700 -3.291300
v -0.339600 1.435100 -3.447900
v -0.351700 1.088600 -3.571200
v -0.675900 1.435100 -3.398000
v -0.700100 1.088600 -3.519600
v -0.365800 0.367600 -3.714000
v -0.731600 -0.000000 -3.677900
v -0.728100 0.367600 -3.660200
v -0.367600 -0.000000 -3.731900
v -0.717500 -0.731600 -3.607300
v -0.700100 -1.088600 -3.519600
v -0.675900 -1.435100 -3.398000
v -0.284100 -2.379000 -2.884800
v -0.565500 -2.379000 -2.843100
v -0.608300 -2.083400 -3.058100
v -0.305600 -2.083400 -3.103000
v -0.517300 -2.651700 -2.600700
v -0.204200 -3.118000 -2.073400
v -0.140700 -3.464500 -1.428200
v -0.280000 -3.464500 -1.407500
v -0.142700 -3.677900 -0.717500
v -0.106700 -3.588500 -1.083300
v -0.036000 3.731900 -0.365800
v -0.106700 3.588500 -1.083300
v -0.204200 3.118000 -2.073400
v -0.284100 2.379000 -2.884800
v -0.360500 0.731600 -3.660200
v -0.365800 -0.367600 -3.714000
v -0.360500 -0.731600 -3.660200
v -0.351700 -1.088600 -3.571200
v -0.339600 -1.435100 -3.447900
v -0.324200 -1.767700 -3.291300
v -0.233200 -2.898800 -2.367500
v -0.259900 -2.651700 -2.638900
v -0.173300 -3.307200 -1.759200
v -0.071700 -3.677900 -0.728100
v -0.036000 -3.731900 -0.365800
v 0.071700 3.677900 -0.728100
v 0.000000 3.731900 -0.367600
v 0.036000 3.731900 -0.365800
v 0.000000 3.588500 -1.088600
v 0.000000 3.677900 -0.731600
v 0.106700 3.588500 -1.083300
v 0.140700 3.464500 -1.428200
v 0.000000 3.464500 -1.435100
v 0.173300 3.307200 -1.759200
v 0.000000 3.118000 -2.083400
v 0.000000 3.307200 -1.767700
v 0.000000 2.651700 -2.651700
v 0.000000 2.898800 -2.379000
v 0.233200 2.898800 -2.367500
v 0.259900 2.651700 -2.638900
v 0.284100 2.379000 -2.884800
v 0.305600 2.083400 -3.103000
v 0.000000 2.379000 -2.898800
v 0.000000 2.083400 -3.118000
v 0.000000 1.767700 -3.307200
v 0.000000 1.435100 -3.464500
v 0.000000 1.088600 -3.588500
v 0.000000 0.731600 -3.677900
v 0.000000 -0.000000 -3.750000
v 0.000000 0.367600 -3.731900
v 0.367600 -0.000000 -3.731900
v 0.365800 -0.367600 -3.714000
v 0.000000 -0.367600 -3.731900
v 0.351700 -1.088600 -3.571200
v 0.000000 -1.088600 -3.588500
v 0.000000 -0.731600 -3.677900
v 0.339600 -1.435100 -3.447900
v 0.000000 -1.435100 -3.464500
v 0.000000 -1.767700 -3.307200
v 0.305600 -2.083400 -3.103000
v 0.000000 -2.083400 -3.118000
v 0.000000 -2.379000 -2.898800
v 0.000000 -2.651700 -2.651700
v 0.000000 -2.898800 -2.379000
v 0.233200 -2.898800 -2.367500
v 0.000000 -3.118000 -2.083400
v 0.000000 -3.307200 -1.767700
v 0.106700 -3.588500 -1.083300
v 0.000000 -3.464500 -1.435100
v 0.000000 -3.588500 -1.088600
v 0.000000 -3.731900 -0.367600
v 0.000000 -3.677900 -0.731600
v 0.142700 3.677900 -0.717500
v 0.204200 3.118000 -2.073400
v 0.464100 2.898800 -2.333300
v 0.565500 2.379000 -2.843100
v 0.608300 2.083400 -3.058100
v 0.324200 1.767700 -3.291300
v 0.339600 1.435100 -3.447900
v 0.360500 0.731600 -3.660200
v 0.351700 1.088600 -3.571200
v 0.717500 0.731600 -3.607300
v 0.365800 0.367600 -3.714000
v 0.731600 -0.000000 -3.677900
v 0.360500 -0.731600 -3.660200
v 0.700100 -1.088600 -3.519600
v 0.324200 -1.767700 -3.291300
v 0.565500 -2.379000 -2.843100
v 0.284100 -2.379000 -2.884800
v 0.464100 -2.898800 -2.333300
v 0.259900 -2.651700 -2.638900
v 0.204200 -3.118000 -2.073400
v 0.173300 -3.307200 -1.759200
v 0.140700 -3.464500 -1.428200
v 0.280000 -3.464500 -1.407500
v 0.071700 -3.677900 -0.728100
v 0.036000 -3.731900 -0.365800
v 0.071700 -3.731900 -0.360500
v 0.071700 3.731900 -0.360500
v 0.212400 3.677900 -0.700100
v 0.212400 3.588500 -1.067700
v 0.280000 3.464500 -1.407500
v 0.416600 3.464500 -1.373300
v 0.513100 3.307200 -1.691600
v 0.406400 3.118000 -2.043400
v 0.344900 3.307200 -1.733800
v 0.690600 2.898800 -2.276500
v 0.604800 3.118000 -1.993700
v 0.517300 2.651700 -2.600700
v 0.769700 2.651700 -2.537500
v 0.905100 2.083400 -2.983800
v 0.675900 1.435100 -3.398000
v 0.645200 1.767700 -3.243700
v 0.960000 1.767700 -3.164800
v 1.005700 1.435100 -3.315400
v 1.041700 1.088600 -3.434000
v 1.067700 0.731600 -3.519600
v 0.700100 1.088600 -3.519600
v 0.728100 0.367600 -3.660200
v 1.083300 0.367600 -3.571200
v 1.067700 -0.731600 -3.519600
v 0.717500 -0.731600 -3.607300
v 0.728100 -0.367600 -3.660200
v 1.041700 -1.088600 -3.434000
v 0.675900 -1.435100 -3.398000
v 1.005700 -1.435100 -3.315400
v 0.645200 -1.767700 -3.243700
v 0.960000 -1.767700 -3.164800
v 0.905100 -2.083400 -2.983800
v 0.608300 -2.083400 -3.058100
v 0.517300 -2.651700 -2.600700
v 0.769700 -2.651700 -2.537500
v 0.604800 -3.118000 -1.993700
v 0.406400 -3.118000 -2.043400
v 0.513100 -3.307200 -1.691600
v 0.416600 -3.464500 -1.373300
v 0.344900 -3.307200 -1.733800
v 0.316000 -3.588500 -1.041700
v 0.212400 -3.588500 -1.067700
v 0.142700 -3.677900 -0.717500
v 0.212400 -3.677900 -0.700100
v 0.140700 3.731900 -0.339600
v 0.106700 3.731900 -0.351700
v 0.280000 3.677900 -0.675900
v 0.316000 3.588500 -1.041700
v 0.416600 3.588500 -1.005700
v 0.676500 3.307200 -1.633200
v 0.549200 3.464500 -1.325800
v 0.910400 2.898800 -2.197900
v 1.014700 2.651700 -2.449800
v 0.841500 2.379000 -2.774000
v 1.325800 1.435100 -3.200800
v 1.373300 1.088600 -3.315400
v 1.088600 -0.000000 -3.588500
v 1.083300 -0.367600 -3.571200
v 1.428200 -0.367600 -3.447900
v 1.373300 -1.088600 -3.315400
v 1.193200 -2.083400 -2.880700
v 1.014700 -2.651700 -2.449800
v 0.841500 -2.379000 -2.774000
v 0.690600 -2.898800 -2.276500
v 0.676500 -3.307200 -1.633200
v 0.416600 -3.588500 -1.005700
v 0.106700 -3.731900 -0.351700
v 0.344900 3.677900 -0.645200
v 0.676500 3.464500 -1.265600
v 0.833300 3.307200 -1.559000
v 0.982100 3.118000 -1.837400
v 0.797300 3.118000 -1.924800
v 1.121400 2.898800 -2.098100
v 1.250000 2.651700 -2.338500
v 1.109300 2.379000 -2.678100
v 1.193200 2.083400 -2.880700
v 1.469800 2.083400 -2.749800
v 1.265600 1.767700 -3.055500
v 1.559000 1.767700 -2.916700
v 1.633200 1.435100 -3.055500
v 1.691600 1.088600 -3.164800
v 1.407500 0.731600 -3.398000
v 1.428200 0.367600 -3.447900
v 1.767700 -0.000000 -3.307200
v 1.435100 -0.000000 -3.464500
v 1.759200 -0.367600 -3.291300
v 1.407500 -0.731600 -3.398000
v 1.633200 -1.435100 -3.055500
v 1.325800 -1.435100 -3.200800
v 1.559000 -1.767700 -2.916700
v 1.265600 -1.767700 -3.055500
v 1.469800 -2.083400 -2.749800
v 1.366500 -2.379000 -2.556500
v 1.109300 -2.379000 -2.678100
v 0.910400 -2.898800 -2.197900
v 0.982100 -3.118000 -1.837400
v 0.797300 -3.118000 -1.924800
v 0.549200 -3.464500 -1.325800
v 0.676500 -3.464500 -1.265600
v 0.280000 -3.677900 -0.675900
v 0.140700 -3.731900 -0.339600
v 0.173300 3.731900 -0.324200
v 0.604800 3.588500 -0.905100
v 0.513100 3.588500 -0.960000
v 1.610500 2.379000 -2.410300
v 1.366500 2.379000 -2.556500
v 1.473200 2.651700 -2.204800
v 1.732300 2.083400 -2.592500
v 1.993700 1.088600 -2.983800
v 2.043400 0.731600 -3.058100
v 1.733800 0.731600 -3.243700
v 2.073400 0.367600 -3.103000
v 1.759200 0.367600 -3.291300
v 1.733800 -0.731600 -3.243700
v 2.043400 -0.731600 -3.058100
v 1.691600 -1.088600 -3.164800
v 1.993700 -1.088600 -2.983800
v 1.837400 -1.767700 -2.749800
v 1.250000 -2.651700 -2.338500
v 1.121400 -2.898800 -2.098100
v 0.833300 -3.307200 -1.559000
v 0.982100 -3.307200 -1.469800
v 0.513100 -3.588500 -0.960000
v 0.204200 -3.731900 -0.305600
v 0.173300 -3.731900 -0.324200
v 0.344900 -3.677900 -0.645200
v 0.204200 3.731900 -0.305600
v 0.406400 3.677900 -0.608300
v 0.910400 3.464500 -1.109300
v 0.797300 3.464500 -1.193200
v 0.982100 3.307200 -1.469800
v 1.157500 3.118000 -1.732300
v 1.321700 3.118000 -1.610500
v 1.682200 2.651700 -2.049800
v 1.321700 2.898800 -1.978000
v 1.837400 1.767700 -2.749800
v 1.924800 1.435100 -2.880700
v 2.333300 0.731600 -2.843100
v 2.367500 0.367600 -2.884800
v 2.083400 -0.000000 -3.118000
v 2.367500 -0.367600 -2.884800
v 2.073400 -0.367600 -3.103000
v 2.276500 -1.088600 -2.774000
v 1.924800 -1.435100 -2.880700
v 2.098100 -1.767700 -2.556500
v 1.732300 -2.083400 -2.592500
v 1.610500 -2.379000 -2.410300
v 1.473200 -2.651700 -2.204800
v 1.321700 -2.898800 -1.978000
v 1.509200 -2.898800 -1.839000
v 1.321700 -3.118000 -1.610500
v 1.121400 -3.307200 -1.366500
v 1.157500 -3.118000 -1.732300
v 0.797300 -3.464500 -1.193200
v 0.910400 -3.464500 -1.109300
v 0.690600 -3.588500 -0.841500
v 0.604800 -3.588500 -0.905100
v 0.406400 -3.677900 -0.608300
v 0.233200 3.731900 -0.284100
v 0.464100 3.677900 -0.565500
v 1.014700 3.464500 -1.014700
v 0.690600 3.588500 -0.841500
v 0.769700 3.588500 -0.769700
v 1.250000 3.307200 -1.250000
v 1.473200 3.118000 -1.473200
v 1.121400 3.307200 -1.366500
v 1.682200 2.898800 -1.682200
v 1.509200 2.898800 -1.839000
v 1.839000 2.379000 -2.240800
v 1.978000 2.083400 -2.410300
v 2.098100 1.767700 -2.556500
v 2.197900 1.435100 -2.678100
v 2.449800 1.435100 -2.449800
v 2.276500 1.088600 -2.774000
v 2.537500 1.088600 -2.537500
v 2.600700 0.731600 -2.600700
v 2.379000 -0.000000 -2.898800
v 2.333300 -0.731600 -2.843100
v 2.197900 -1.435100 -2.678100
v 2.449800 -1.435100 -2.449800
v 1.978000 -2.083400 -2.410300
v 2.204800 -2.083400 -2.204800
v 2.049800 -2.379000 -2.049800
v 1.682200 -2.651700 -2.049800
v 1.839000 -2.379000 -2.240800
v 1.682200 -2.898800 -1.682200
v 1.250000 -3.307200 -1.250000
v 1.473200 -3.118000 -1.473200
v 1.014700 -3.464500 -1.014700
v 0.517300 -3.677900 -0.517300
v 0.233200 -3.731900 -0.284100
v 0.464100 -3.677900 -0.565500
v 0.517300 3.677900 -0.517300
v 0.259900 3.731900 -0.259900
v 0.565500 3.677900 -0.464100
v 1.366500 3.307200 -1.121400
v 1.610500 3.118000 -1.321700
v 1.839000 2.898800 -1.509200
v 2.240800 2.379000 -1.839000
v 2.049800 2.379000 -2.049800
v 1.875000 2.651700 -1.875000
v 2.204800 2.083400 -2.204800
v 2.338500 1.767700 -2.338500
v 2.678100 1.435100 -2.197900
v 2.843100 0.731600 -2.333300
v 2.651700 -0.000000 -2.651700
v 2.638900 0.367600 -2.638900
v 2.898800 -0.000000 -2.379000
v 2.600700 -0.731600 -2.600700
v 2.638900 -0.367600 -2.638900
v 2.537500 -1.088600 -2.537500
v 2.338500 -1.767700 -2.338500
v 2.410300 -2.083400 -1.978000
v 2.240800 -2.379000 -1.839000
v 1.875000 -2.651700 -1.875000
v 2.049800 -2.651700 -1.682200
v 0.769700 -3.588500 -0.769700
v 0.284100 -3.731900 -0.233200
v 0.259900 -3.731900 -0.259900
v 0.565500 -3.677900 -0.464100
v 0.284100 3.731900 -0.233200
v 0.905100 3.588500 -0.604800
v 0.841500 3.588500 -0.690600
v 1.469800 3.307200 -0.982100
v 1.109300 3.464500 -0.910400
v 1.732300 3.118000 -1.157500
v 2.204800 2.651700 -1.473200
v 2.049800 2.651700 -1.682200
v 2.556500 1.767700 -2.098100
v 2.410300 2.083400 -1.978000
v 2.592500 2.083400 -1.732300
v 2.749800 1.767700 -1.837400
v 2.983800 1.088600 -1.993700
v 2.774000 1.088600 -2.276500
v 2.884800 0.367600 -2.367500
v 3.058100 0.731600 -2.043400
v 3.103000 0.367600 -2.073400
v 3.118000 -0.000000 -2.083400
v 2.884800 -0.367600 -2.367500
v 2.774000 -1.088600 -2.276500
v 2.843100 -0.731600 -2.333300
v 2.556500 -1.767700 -2.098100
v 2.678100 -1.435100 -2.197900
v 2.749800 -1.767700 -1.837400
v 2.592500 -2.083400 -1.732300
v 2.204800 -2.651700 -1.473200
v 1.610500 -3.118000 -1.321700
v 1.839000 -2.898800 -1.509200
v 1.366500 -3.307200 -1.121400
v 0.841500 -3.588500 -0.690600
v 1.109300 -3.464500 -0.910400
v 0.305600 -3.731900 -0.204200
v 0.305600 3.731900 -0.204200
v 0.608300 3.677900 -0.406400
v 1.193200 3.464500 -0.797300
v 1.559000 3.307200 -0.833300
v 1.837400 3.118000 -0.982100
v 2.098100 2.898800 -1.121400
v 1.978000 2.898800 -1.321700
v 2.410300 2.379000 -1.610500
v 2.749800 2.083400 -1.469800
v 2.916700 1.767700 -1.559000
v 3.055500 1.435100 -1.633200
v 2.880700 1.435100 -1.924800
v 3.164800 1.088600 -1.691600
v 3.307200 -0.000000 -1.767700
v 3.103000 -0.367600 -2.073400
v 3.243700 -0.731600 -1.733800
v 3.164800 -1.088600 -1.691600
v 2.983800 -1.088600 -1.993700
v 3.058100 -0.731600 -2.043400
v 2.880700 -1.435100 -1.924800
v 2.749800 -2.083400 -1.469800
v 2.410300 -2.379000 -1.610500
v 2.556500 -2.379000 -1.366500
v 1.978000 -2.898800 -1.321700
v 2.098100 -2.898800 -1.121400
v 1.837400 -3.118000 -0.982100
v 1.732300 -3.118000 -1.157500
v 1.559000 -3.307200 -0.833300
v 1.469800 -3.307200 -0.982100
v 1.193200 -3.464500 -0.797300
v 0.905100 -3.588500 -0.604800
v 0.960000 -3.588500 -0.513100
v 0.608300 -3.677900 -0.406400
v 0.645200 -3.677900 -0.344900
v 0.324200 -3.731900 -0.173300
v 0.324200 3.731900 -0.173300
v 1.005700 3.588500 -0.416600
v 0.645200 3.677900 -0.344900
v 0.960000 3.588500 -0.513100
v 1.265600 3.464500 -0.676500
v 1.924800 3.118000 -0.797300
v 2.449800 2.651700 -1.014700
v 2.678100 2.379000 -1.109300
v 2.338500 2.651700 -1.250000
v 2.556500 2.379000 -1.366500
v 3.055500 1.767700 -1.265600
v 3.200800 1.435100 -1.325800
v 3.398000 0.731600 -1.407500
v 3.243700 0.731600 -1.733800
v 3.291300 0.367600 -1.759200
v 3.464500 -0.000000 -1.435100
v 3.291300 -0.367600 -1.759200
v 3.447900 -0.367600 -1.428200
v 3.315400 -1.088600 -1.373300
v 3.200800 -1.435100 -1.325800
v 2.916700 -1.767700 -1.559000
v 3.055500 -1.435100 -1.633200
v 3.055500 -1.767700 -1.265600
v 2.880700 -2.083400 -1.193200
v 2.338500 -2.651700 -1.250000
v 2.678100 -2.379000 -1.109300
v 2.449800 -2.651700 -1.014700
v 1.924800 -3.118000 -0.797300
v 1.633200 -3.307200 -0.676500
v 1.325800 -3.464500 -0.549200
v 1.265600 -3.464500 -0.676500
v 1.005700 -3.588500 -0.416600
v 0.339600 -3.731900 -0.140700
v 0.700100 3.677900 -0.212400
v 0.339600 3.731900 -0.140700
v 1.041700 3.588500 -0.316000
v 0.675900 3.677900 -0.280000
v 1.373300 3.464500 -0.416600
v 1.325800 3.464500 -0.549200
v 1.633200 3.307200 -0.676500
v 2.276500 2.898800 -0.690600
v 2.197900 2.898800 -0.910400
v 2.774000 2.379000 -0.841500
v 2.537500 2.651700 -0.769700
v 2.880700 2.083400 -1.193200
v 2.983800 2.083400 -0.905100
v 3.315400 1.435100 -1.005700
v 3.315400 1.088600 -1.373300
v 3.434000 1.088600 -1.041700
v 3.519600 0.731600 -1.067700
v 3.588500 -0.000000 -1.088600
v 3.447900 0.367600 -1.428200
v 3.398000 -0.731600 -1.407500
v 3.434000 -1.088600 -1.041700
v 3.164800 -1.767700 -0.960000
v 2.774000 -2.379000 -0.841500
v 2.537500 -2.651700 -0.769700
v 2.197900 -2.898800 -0.910400
v 0.700100 -3.677900 -0.212400
v 0.675900 -3.677900 -0.280000
v 0.000000 -3.750000 0.000000
v 0.351700 3.731900 -0.106700
v 0.717500 3.677900 -0.142700
v 1.067700 3.588500 -0.212400
v 1.407500 3.464500 -0.280000
v 1.691600 3.307200 -0.513100
v 1.733800 3.307200 -0.344900
v 2.043400 3.118000 -0.406400
v 1.993700 3.118000 -0.604800
v 2.600700 2.651700 -0.517300
v 3.398000 1.435100 -0.675900
v 3.164800 1.767700 -0.960000
v 3.243700 1.767700 -0.645200
v 3.607300 0.731600 -0.717500
v 3.519600 1.088600 -0.700100
v 3.571200 0.367600 -1.083300
v 3.677900 -0.000000 -0.731600
v 3.571200 -0.367600 -1.083300
v 3.607300 -0.731600 -0.717500
v 3.519600 -1.088600 -0.700100
v 3.519600 -0.731600 -1.067700
v 3.398000 -1.435100 -0.675900
v 3.315400 -1.435100 -1.005700
v 3.243700 -1.767700 -0.645200
v 2.983800 -2.083400 -0.905100
v 3.058100 -2.083400 -0.608300
v 2.600700 -2.651700 -0.517300
v 2.333300 -2.898800 -0.464100
v 2.276500 -2.898800 -0.690600
v 1.993700 -3.118000 -0.604800
v 2.043400 -3.118000 -0.406400
v 1.373300 -3.464500 -0.416600
v 1.691600 -3.307200 -0.513100
v 1.407500 -3.464500 -0.280000
v 1.041700 -3.588500 -0.316000
v 0.360500 -3.731900 -0.071700
v 0.351700 -3.731900 -0.106700
v 0.360500 3.731900 -0.071700
v 0.365800 3.731900 -0.036000
v 1.083300 3.588500 -0.106700
v 2.333300 2.898800 -0.464100
v 2.073400 3.118000 -0.204200
v 2.843100 2.379000 -0.565500
v 2.638900 2.651700 -0.259900
v 2.884800 2.379000 -0.284100
v 3.103000 2.083400 -0.305600
v 3.058100 2.083400 -0.608300
v 3.447900 1.435100 -0.339600
v 3.571200 1.088600 -0.351700
v 3.660200 0.367600 -0.728100
v 3.714000 0.367600 -0.365800
v 3.731900 -0.000000 -0.367600
v 3.660200 -0.367600 -0.728100
v 3.447900 -1.435100 -0.339600
v 2.843100 -2.379000 -0.565500
v 3.103000 -2.083400 -0.305600
v 2.638900 -2.651700 -0.259900
v 1.733800 -3.307200 -0.344900
v 1.067700 -3.588500 -0.212400
v 1.428200 -3.464500 -0.140700
v 1.083300 -3.588500 -0.106700
v 0.717500 -3.677900 -0.142700
v 0.367600 3.731900 -0.000000
v 0.728100 3.677900 -0.071700
v 0.731600 3.677900 -0.000000
v 1.435100 3.464500 -0.000000
v 1.088600 3.588500 -0.000000
v 1.759200 3.307200 -0.173300
v 1.428200 3.464500 -0.140700
v 2.083400 3.118000 -0.000000
v 2.379000 2.898800 -0.000000
v 2.367500 2.898800 -0.233200
v 2.651700 2.651700 -0.000000
v 3.118000 2.083400 -0.000000
v 2.898800 2.379000 -0.000000
v 3.291300 1.767700 -0.324200
v 3.307200 1.767700 -0.000000
v 3.464500 1.435100 -0.000000
v 3.660200 0.731600 -0.360500
v 3.588500 1.088600 -0.000000
v 3.677900 0.731600 -0.000000
v 3.731900 -0.367600 0.000000
v 3.714000 -0.367600 -0.365800
v 3.588500 -1.088600 0.000000
v 3.660200 -0.731600 -0.360500
v 3.571200 -1.088600 -0.351700
v 3.307200 -1.767700 0.000000
v 3.464500 -1.435100 0.000000
v 3.291300 -1.767700 -0.324200
v 2.898800 -2.379000 0.000000
v 2.884800 -2.379000 -0.284100
v 2.367500 -2.898800 -0.233200
v 2.073400 -3.118000 -0.204200
v 2.083400 -3.118000 0.000000
v 1.435100 -3.464500 0.000000
v 1.759200 -3.307200 -0.173300
v 1.767700 -3.307200 0.000000
v 0.731600 -3.677900 0.000000
v 1.088600 -3.588500 0.000000
v 0.728100 -3.677900 -0.071700
v 0.365800 -3.731900 -0.036000
v 0.365800 3.731900 0.036000
v 0.728100 3.677900 0.071700
v 1.428200 3.464500 0.140700
v 1.767700 3.307200 -0.000000
v 2.884800 2.379000 0.284100
v 3.103000 2.083400 0.305600
v 3.571200 1.088600 0.351700
v 3.714000 0.367600 0.365800
v 3.731900 0.000000 0.367600
v 3.731900 0.367600 -0.000000
v 3.714000 -0.367600 0.365800
v 3.750000 0.000000 0.000000
v 3.677900 -0.731600 0.000000
v 3.571200 -1.088600 0.351700
v 3.118000 -2.083400 0.000000
v 2.638900 -2.651700 0.259900
v 2.379000 -2.898800 0.000000
v 2.651700 -2.651700 0.000000
v 2.073400 -3.118000 0.204200
v 1.428200 -3.464500 0.140700
v 0.367600 -3.731900 0.000000
v 0.717500 3.677900 0.142700
v 1.083300 3.588500 0.106700
v 1.067700 3.588500 0.212400
v 1.407500 3.464500 0.280000
v 2.073400 3.118000 0.204200
v 1.759200 3.307200 0.173300
v 2.333300 2.898800 0.464100
v 2.638900 2.651700 0.259900
v 2.367500 2.898800 0.233200
v 3.291300 1.767700 0.324200
v 3.243700 1.767700 0.645200
v 3.398000 1.435100 0.675900
v 3.447900 1.435100 0.339600
v 3.519600 1.088600 0.700100
v 3.660200 0.367600 0.728100
v 3.660200 0.731600 0.360500
v 3.607300 0.731600 0.717500
v 3.677900 0.000000 0.731600
v 3.660200 -0.367600 0.728100
v 3.660200 -0.731600 0.360500
v 3.607300 -0.731600 0.717500
v 3.447900 -1.435100 0.339600
v 3.519600 -1.088600 0.700100
v 3.398000 -1.435100 0.675900
v 3.291300 -1.767700 0.324200
v 3.058100 -2.083400 0.608300
v 2.884800 -2.379000 0.284100
v 3.103000 -2.083400 0.305600
v 2.843100 -2.379000 0.565500
v 2.367500 -2.898800 0.233200
v 2.600700 -2.651700 0.517300
v 2.043400 -3.118000 0.406400
v 1.733800 -3.307200 0.344900
v 1.759200 -3.307200 0.173300
v 1.407500 -3.464500 0.280000
v 1.083300 -3.588500 0.106700
v 0.717500 -3.677900 0.142700
v 0.728100 -3.677900 0.071700
v 0.365800 -3.731900 0.036000
v 0.360500 3.731900 0.071700
v 0.700100 3.677900 0.212400
v 1.041700 3.588500 0.316000
v 1.733800 3.307200 0.344900
v 1.691600 3.307200 0.513100
v 2.043400 3.118000 0.406400
v 2.276500 2.898800 0.690600
v 2.600700 2.651700 0.517300
v 2.843100 2.379000 0.565500
v 2.774000 2.379000 0.841500
v 2.983800 2.083400 0.905100
v 3.058100 2.083400 0.608300
v 3.315400 1.435100 1.005700
v 3.434000 1.088600 1.041700
v 3.519600 0.731600 1.067700
v 3.571200 0.367600 1.083300
v 3.588500 0.000000 1.088600
v 3.571200 -0.367600 1.083300
v 3.243700 -1.767700 0.645200
v 2.774000 -2.379000 0.841500
v 2.983800 -2.083400 0.905100
v 2.333300 -2.898800 0.464100
v 1.067700 -3.588500 0.212400
v 1.373300 -3.464500 0.416600
v 0.700100 -3.677900 0.212400
v 0.360500 -3.731900 0.071700
v 0.351700 -3.731900 0.106700
v 0.000000 3.750000 -0.000000
v 0.675900 3.677900 0.280000
v 0.351700 3.731900 0.106700
v 1.373300 3.464500 0.416600
v 1.325800 3.464500 0.549200
v 1.924800 3.118000 0.797300
v 1.993700 3.118000 0.604800
v 1.633200 3.307200 0.676500
v 2.678100 2.379000 1.109300
v 2.537500 2.651700 0.769700
v 2.880700 2.083400 1.193200
v 3.164800 1.767700 0.960000
v 3.315400 1.088600 1.373300
v 3.464500 0.000000 1.435100
v 3.447900 -0.367600 1.428200
v 3.519600 -0.731600 1.067700
v 3.434000 -1.088600 1.041700
v 3.315400 -1.435100 1.005700
v 2.880700 -2.083400 1.193200
v 3.164800 -1.767700 0.960000
v 2.678100 -2.379000 1.109300
v 2.537500 -2.651700 0.769700
v 2.197900 -2.898800 0.910400
v 1.993700 -3.118000 0.604800
v 2.276500 -2.898800 0.690600
v 1.924800 -3.118000 0.797300
v 1.633200 -3.307200 0.676500
v 1.691600 -3.307200 0.513100
v 1.325800 -3.464500 0.549200
v 1.041700 -3.588500 0.316000
v 1.005700 -3.588500 0.416600
v 0.339600 -3.731900 0.140700
v 0.339600 3.731900 0.140700
v 1.265600 3.464500 0.676500
v 1.005700 3.588500 0.416600
v 1.559000 3.307200 0.833300
v 2.197900 2.898800 0.910400
v 2.098100 2.898800 1.121400
v 2.338500 2.651700 1.250000
v 2.449800 2.651700 1.014700
v 2.556500 2.379000 1.366500
v 2.749800 2.083400 1.469800
v 2.916700 1.767700 1.559000
v 3.200800 1.435100 1.325800
v 3.055500 1.767700 1.265600
v 3.447900 0.367600 1.428200
v 3.398000 0.731600 1.407500
v 3.307200 0.000000 1.767700
v 3.398000 -0.731600 1.407500
v 3.243700 -0.731600 1.733800
v 3.164800 -1.088600 1.691600
v 3.315400 -1.088600 1.373300
v 3.055500 -1.767700 1.265600
v 3.200800 -1.435100 1.325800
v 3.055500 -1.435100 1.633200
v 2.338500 -2.651700 1.250000
v 2.098100 -2.898800 1.121400
v 2.449800 -2.651700 1.014700
v 1.837400 -3.118000 0.982100
v 1.559000 -3.307200 0.833300
v 0.645200 -3.677900 0.344900
v 0.675900 -3.677900 0.280000
v 0.324200 3.731900 0.173300
v 0.960000 3.588500 0.513100
v 0.645200 3.677900 0.344900
v 0.608300 3.677900 0.406400
v 1.193200 3.464500 0.797300
v 1.732300 3.118000 1.157500
v 1.837400 3.118000 0.982100
v 2.410300 2.379000 1.610500
v 2.592500 2.083400 1.732300
v 2.880700 1.435100 1.924800
v 3.055500 1.435100 1.633200
v 3.058100 0.731600 2.043400
v 3.243700 0.731600 1.733800
v 3.164800 1.088600 1.691600
v 3.291300 0.367600 1.759200
v 3.291300 -0.367600 1.759200
v 3.058100 -0.731600 2.043400
v 2.749800 -1.767700 1.837400
v 2.916700 -1.767700 1.559000
v 2.749800 -2.083400 1.469800
v 2.556500 -2.379000 1.366500
v 2.204800 -2.651700 1.473200
v 1.732300 -3.118000 1.157500
v 1.978000 -2.898800 1.321700
v 1.469800 -3.307200 0.982100
v 0.960000 -3.588500 0.513100
v 1.265600 -3.464500 0.676500
v 0.305600 -3.731900 0.204200
v 0.324200 -3.731900 0.173300
v 0.305600 3.731900 0.204200
v 0.284100 3.731900 0.233200
v 1.109300 3.464500 0.910400
v 0.905100 3.588500 0.604800
v 1.366500 3.307200 1.121400
v 1.469800 3.307200 0.982100
v 2.049800 2.651700 1.682200
v 1.978000 2.898800 1.321700
v 2.240800 2.379000 1.839000
v 2.204800 2.651700 1.473200
v 2.410300 2.083400 1.978000
v 2.749800 1.767700 1.837400
v 2.774000 1.088600 2.276500
v 2.983800 1.088600 1.993700
v 2.843100 0.731600 2.333300
v 3.103000 0.367600 2.073400
v 2.884800 -0.367600 2.367500
v 3.118000 0.000000 2.083400
v 3.103000 -0.367600 2.073400
v 2.843100 -0.731600 2.333300
v 2.880700 -1.435100 1.924800
v 2.983800 -1.088600 1.993700
v 2.556500 -1.767700 2.098100
v 2.410300 -2.379000 1.610500
v 2.592500 -2.083400 1.732300
v 2.240800 -2.379000 1.839000
v 1.839000 -2.898800 1.509200
v 1.610500 -3.118000 1.321700
v 1.193200 -3.464500 0.797300
v 0.841500 -3.588500 0.690600
v 1.109300 -3.464500 0.910400
v 0.608300 -3.677900 0.406400
v 0.905100 -3.588500 0.604800
v 0.284100 -3.731900 0.233200
v 0.517300 3.677900 0.517300
v 0.565500 3.677900 0.464100
v 1.014700 3.464500 1.014700
v 0.841500 3.588500 0.690600
v 0.769700 3.588500 0.769700
v 1.610500 3.118000 1.321700
v 1.839000 2.898800 1.509200
v 2.204800 2.083400 2.204800
v 2.556500 1.767700 2.098100
v 2.449800 1.435100 2.449800
v 2.678100 1.435100 2.197900
v 2.651700 0.000000 2.651700
v 2.898800 0.000000 2.379000
v 2.884800 0.367600 2.367500
v 2.638900 -0.367600 2.638900
v 2.774000 -1.088600 2.276500
v 2.537500 -1.088600 2.537500
v 2.678100 -1.435100 2.197900
v 2.410300 -2.083400 1.978000
v 2.204800 -2.083400 2.204800
v 1.875000 -2.651700 1.875000
v 2.049800 -2.651700 1.682200
v 1.366500 -3.307200 1.121400
v 0.769700 -3.588500 0.769700
v 0.565500 -3.677900 0.464100
v 0.259900 -3.731900 0.259900
v 0.259900 3.731900 0.259900
v 0.233200 3.731900 0.284100
v 0.910400 3.464500 1.109300
v 1.473200 3.118000 1.473200
v 1.250000 3.307200 1.250000
v 1.682200 2.898800 1.682200
v 1.509200 2.898800 1.839000
v 1.682200 2.651700 2.049800
v 1.839000 2.379000 2.240800
v 1.875000 2.651700 1.875000
v 1.978000 2.083400 2.410300
v 2.049800 2.379000 2.049800
v 2.098100 1.767700 2.556500
v 2.338500 1.767700 2.338500
v 2.537500 1.088600 2.537500
v 2.276500 1.088600 2.774000
v 2.367500 0.367600 2.884800
v 2.638900 0.367600 2.638900
v 2.600700 0.731600 2.600700
v 2.600700 -0.731600 2.600700
v 2.367500 -0.367600 2.884800
v 2.449800 -1.435100 2.449800
v 2.338500 -1.767700 2.338500
v 2.049800 -2.379000 2.049800
v 1.839000 -2.379000 2.240800
v 1.682200 -2.651700 2.049800
v 1.682200 -2.898800 1.682200
v 1.121400 -3.307200 1.366500
v 1.473200 -3.118000 1.473200
v 1.250000 -3.307200 1.250000
v 1.014700 -3.464500 1.014700
v 0.910400 -3.464500 1.109300
v 0.517300 -3.677900 0.517300
v 0.464100 -3.677900 0.565500
v 0.406400 3.677900 0.608300
v 0.690600 3.588500 0.841500
v 0.464100 3.677900 0.565500
v 0.604800 3.588500 0.905100
v 1.121400 3.307200 1.366500
v 1.321700 3.118000 1.610500
v 1.321700 2.898800 1.978000
v 1.157500 3.118000 1.732300
v 1.610500 2.379000 2.410300
v 1.837400 1.767700 2.749800
v 1.924800 1.435100 2.880700
v 2.197900 1.435100 2.678100
v 2.333300 0.731600 2.843100
v 2.083400 0.000000 3.118000
v 2.379000 0.000000 2.898800
v 2.043400 -0.731600 3.058100
v 2.276500 -1.088600 2.774000
v 2.333300 -0.731600 2.843100
v 1.924800 -1.435100 2.880700
v 2.197900 -1.435100 2.678100
v 1.978000 -2.083400 2.410300
v 2.098100 -1.767700 2.556500
v 1.837400 -1.767700 2.749800
v 1.732300 -2.083400 2.592500
v 1.509200 -2.898800 1.839000
v 1.157500 -3.118000 1.732300
v 1.321700 -3.118000 1.610500
v 0.982100 -3.307200 1.469800
v 0.690600 -3.588500 0.841500
v 0.233200 -3.731900 0.284100
v 0.173300 3.731900 0.324200
v 0.204200 3.731900 0.305600
v 0.676500 3.464500 1.265600
v 0.797300 3.464500 1.193200
v 0.982100 3.307200 1.469800
v 0.982100 3.118000 1.837400
v 1.250000 2.651700 2.338500
v 1.473200 2.651700 2.204800
v 1.732300 2.083400 2.592500
v 1.469800 2.083400 2.749800
v 1.993700 1.088600 2.983800
v 2.043400 0.731600 3.058100
v 1.733800 0.731600 3.243700
v 2.073400 0.367600 3.103000
v 1.759200 0.367600 3.291300
v 2.073400 -0.367600 3.103000
v 1.759200 -0.367600 3.291300
v 1.691600 -1.088600 3.164800
v 1.993700 -1.088600 2.983800
v 1.469800 -2.083400 2.749800
v 1.610500 -2.379000 2.410300
v 1.473200 -2.651700 2.204800
v 1.250000 -2.651700 2.338500
v 1.121400 -2.898800 2.098100
v 1.321700 -2.898800 1.978000
v 0.982100 -3.118000 1.837400
v 0.833300 -3.307200 1.559000
v 0.797300 -3.464500 1.193200
v 0.513100 -3.588500 0.960000
v 0.604800 -3.588500 0.905100
v 0.344900 -3.677900 0.645200
v 0.406400 -3.677900 0.608300
v 0.204200 -3.731900 0.305600
v 0.140700 3.731900 0.339600
v 0.513100 3.588500 0.960000
v 0.344900 3.677900 0.645200
v 0.280000 3.677900 0.675900
v 0.416600 3.588500 1.005700
v 0.549200 3.464500 1.325800
v 0.676500 3.307200 1.633200
v 0.833300 3.307200 1.559000
v 1.121400 2.898800 2.098100
v 0.910400 2.898800 2.197900
v 1.366500 2.379000 2.556500
v 1.633200 1.435100 3.055500
v 1.559000 1.767700 2.916700
v 1.373300 1.088600 3.315400
v 1.325800 1.435100 3.200800
v 1.691600 1.088600 3.164800
v 1.435100 0.000000 3.464500
v 1.428200 0.367600 3.447900
v 1.767700 0.000000 3.307200
v 1.733800 -0.731600 3.243700
v 1.373300 -1.088600 3.315400
v 1.633200 -1.435100 3.055500
v 1.325800 -1.435100 3.200800
v 1.193200 -2.083400 2.880700
v 1.559000 -1.767700 2.916700
v 1.109300 -2.379000 2.678100
v 1.366500 -2.379000 2.556500
v 1.014700 -2.651700 2.449800
v 0.910400 -2.898800 2.197900
v 0.676500 -3.307200 1.633200
v 0.797300 -3.118000 1.924800
v 0.549200 -3.464500 1.325800
v 0.676500 -3.464500 1.265600
v 0.173300 -3.731900 0.324200
v 0.212400 3.677900 0.700100
v 0.316000 3.588500 1.041700
v 0.513100 3.307200 1.691600
v 0.416600 3.464500 1.373300
v 0.604800 3.118000 1.993700
v 0.797300 3.118000 1.924800
v 1.014700 2.651700 2.449800
v 0.690600 2.898800 2.276500
v 1.109300 2.379000 2.678100
v 0.841500 2.379000 2.774000
v 0.905100 2.083400 2.983800
v 1.265600 1.767700 3.055500
v 1.193200 2.083400 2.880700
v 1.067700 0.731600 3.519600
v 1.407500 0.731600 3.398000
v 1.407500 -0.731600 3.398000
v 1.428200 -0.367600 3.447900
v 1.005700 -1.435100 3.315400
v 0.960000 -1.767700 3.164800
v 1.265600 -1.767700 3.055500
v 0.841500 -2.379000 2.774000
v 0.769700 -2.651700 2.537500
v 0.690600 -2.898800 2.276500
v 0.416600 -3.588500 1.005700
v 0.416600 -3.464500 1.373300
v 0.280000 -3.677900 0.675900
v 0.140700 -3.731900 0.339600
v 0.142700 3.677900 0.717500
v 0.106700 3.731900 0.351700
v 0.212400 3.588500 1.067700
v 0.344900 3.307200 1.733800
v 0.280000 3.464500 1.407500
v 0.406400 3.118000 2.043400
v 0.769700 2.651700 2.537500
v 0.565500 2.379000 2.843100
v 0.960000 1.767700 3.164800
v 1.005700 1.435100 3.315400
v 0.717500 0.731600 3.607300
v 1.041700 1.088600 3.434000
v 0.700100 1.088600 3.519600
v 1.083300 0.367600 3.571200
v 0.731600 0.000000 3.677900
v 1.088600 0.000000 3.588500
v 0.717500 -0.731600 3.607300
v 1.083300 -0.367600 3.571200
v 1.041700 -1.088600 3.434000
v 1.067700 -0.731600 3.519600
v 0.645200 -1.767700 3.243700
v 0.905100 -2.083400 2.983800
v 0.608300 -2.083400 3.058100
v 0.565500 -2.379000 2.843100
v 0.604800 -3.118000 1.993700
v 0.464100 -2.898800 2.333300
v 0.513100 -3.307200 1.691600
v 0.316000 -3.588500 1.041700
v 0.212400 -3.677900 0.700100
v 0.071700 -3.731900 0.360500
v 0.106700 -3.731900 0.351700
v 0.036000 3.731900 0.365800
v 0.071700 3.731900 0.360500
v 0.140700 3.464500 1.428200
v 0.173300 3.307200 1.759200
v 0.464100 2.898800 2.333300
v 0.517300 2.651700 2.600700
v 0.645200 1.767700 3.243700
v 0.608300 2.083400 3.058100
v 0.305600 2.083400 3.103000
v 0.351700 1.088600 3.571200
v 0.675900 1.435100 3.398000
v 0.360500 0.731600 3.660200
v 0.728100 0.367600 3.660200
v 0.365800 0.367600 3.714000
v 0.367600 0.000000 3.731900
v 0.728100 -0.367600 3.660200
v 0.360500 -0.731600 3.660200
v 0.700100 -1.088600 3.519600
v 0.351700 -1.088600 3.571200
v 0.339600 -1.435100 3.447900
v 0.675900 -1.435100 3.398000
v 0.305600 -2.083400 3.103000
v 0.284100 -2.379000 2.884800
v 0.233200 -2.898800 2.367500
v 0.517300 -2.651700 2.600700
v 0.204200 -3.118000 2.073400
v 0.406400 -3.118000 2.043400
v 0.344900 -3.307200 1.733800
v 0.280000 -3.464500 1.407500
v 0.106700 -3.588500 1.083300
v 0.212400 -3.588500 1.067700
v 0.071700 -3.677900 0.728100
v 0.036000 -3.731900 0.365800
v 0.142700 -3.677900 0.717500
v 0.000000 3.677900 0.731600
v 0.071700 3.677900 0.728100
v 0.000000 3.731900 0.367600
v 0.000000 3.588500 1.088600
v 0.106700 3.588500 1.083300
v 0.000000 3.307200 1.767700
v 0.000000 3.464500 1.435100
v 0.000000 3.118000 2.083400
v 0.204200 3.118000 2.073400
v 0.233200 2.898800 2.367500
v 0.000000 2.898800 2.379000
v 0.000000 2.651700 2.651700
v 0.284100 2.379000 2.884800
v 0.259900 2.651700 2.638900
v 0.000000 2.379000 2.898800
v 0.000000 2.083400 3.118000
v 0.000000 1.767700 3.307200
v 0.339600 1.435100 3.447900
v 0.324200 1.767700 3.291300
v 0.000000 1.435100 3.464500
v 0.000000 1.088600 3.588500
v 0.000000 0.731600 3.677900
v 0.000000 0.367600 3.731900
v 0.000000 0.000000 3.750000
v 0.365800 -0.367600 3.714000
v 0.000000 -0.731600 3.677900
v 0.000000 -0.367600 3.731900
v 0.000000 -1.088600 3.588500
v 0.000000 -1.435100 3.464500
v 0.324200 -1.767700 3.291300
v 0.000000 -1.767700 3.307200
v 0.000000 -2.083400 3.118000
v 0.000000 -2.379000 2.898800
v 0.259900 -2.651700 2.638900
v 0.000000 -2.651700 2.651700
v 0.000000 -2.898800 2.379000
v 0.000000 -3.307200 1.767700
v 0.000000 -3.118000 2.083400
v 0.000000 -3.464500 1.435100
v 0.173300 -3.307200 1.759200
v 0.000000 -3.588500 1.088600
v 0.140700 -3.464500 1.428200
v 0.000000 -3.677900 0.731600
v 0.000000 -3.731900 0.367600
vn -0.0098 0.9950 0.0991
vn -0.0000 0.9950 0.0996
vn -0.0000 1.0000 -0.0000
vn -0.0193 0.9805 0.1956
vn -0.0000 0.9805 0.1965
vn -0.0286 0.9565 0.2903
vn -0.0000 0.9565 0.2917
vn -0.0377 0.9233 0.3821
vn -0.0000 0.9233 0.3840
vn -0.0462 0.8813 0.4703
vn -0.0000 0.8813 0.4725
vn -0.0545 0.8308 0.5539
vn -0.0000 0.8308 0.5566
vn -0.0623 0.7723 0.6322
vn -0.0000 0.7723 0.6352
vn -0.0694 0.7063 0.7045
vn -0.0000 0.7063 0.7079
vn -0.0758 0.6336 0.7699
vn -0.0000 0.6336 0.7737
vn -0.0815 0.5549 0.8279
vn -0.0000 0.5548 0.8320
vn -0.0864 0.4708 0.8780
vn -0.0000 0.4707 0.8823
vn -0.0905 0.3821 0.9197
vn -0.0000 0.3821 0.9241
vn -0.0937 0.2898 0.9525
vn -0.0000 0.2898 0.9571
vn -0.0961 0.1949 0.9761
vn -0.0000 0.1948 0.9808
vn -0.0975 0.0979 0.9904
vn -0.0000 0.0979 0.9952
vn -0.0981 -0.0000 0.9952
vn -0.0000 -0.0000 1.0000
vn -0.0975 -0.0979 0.9904
vn -0.0000 -0.0979 0.9952
vn -0.0960 -0.1949 0.9761
vn -0.0000 -0.1948 0.9808
vn -0.0937 -0.2898 0.9525
vn -0.0000 -0.2898 0.9571
vn -0.0905 -0.3821 0.9197
vn -0.0000 -0.3821 0.9241
vn -0.0864 -0.4708 0.8780
vn -0.0000 -0.4707 0.8823
vn -0.0815 -0.5549 0.8279
vn -0.0000 -0.5548 0.8320
vn -0.0758 -0.6336 0.7699
vn -0.0000 -0.6336 0.7737
vn -0.0694 -0.7063 0.7045
vn -0.0000 -0.7063 0.7079
vn -0.0623 -0.7723 0.6322
vn -0.0000 -0.7723 0.6352
vn -0.0545 -0.8308 0.5539
vn -0.0000 -0.8308 0.5566
vn -0.0462 -0.8813 0.4703
vn -0.0000 -0.8813 0.4725
vn -0.0377 -0.9233 0.3821
vn -0.0000 -0.9233 0.3840
vn -0.0286 -0.9565 0.2903
vn -0.0000 -0.9565 0.2917
vn -0.0193 -0.9805 0.1956
vn -0.0000 -0.9805 0.1965
vn -0.0098 -0.9950 0.0991
vn -0.0000 -0.9950 0.0996
vn -0.0000 -1.0000 -0.0000
vn -0.0195 0.9950 0.0977
vn -0.0384 0.9805 0.1927
vn -0.0569 0.9565 0.2861
vn -0.0749 0.9233 0.3766
vn -0.0922 0.8813 0.4635
vn -0.1086 0.8308 0.5459
vn -0.1239 0.7723 0.6231
vn -0.1381 0.7064 0.6943
vn -0.1508 0.6336 0.7588
vn -0.1623 0.5548 0.8160
vn -0.1721 0.4708 0.8653
vn -0.1803 0.3822 0.9063
vn -0.1867 0.2898 0.9387
vn -0.1913 0.1947 0.9620
vn -0.1942 0.0978 0.9761
vn -0.1951 -0.0000 0.9808
vn -0.1942 -0.0978 0.9761
vn -0.1913 -0.1948 0.9620
vn -0.1867 -0.2898 0.9387
vn -0.1803 -0.3822 0.9063
vn -0.1721 -0.4708 0.8653
vn -0.1622 -0.5549 0.8160
vn -0.1508 -0.6336 0.7588
vn -0.1381 -0.7063 0.6943
vn -0.1240 -0.7723 0.6231
vn -0.1086 -0.8308 0.5459
vn -0.0922 -0.8813 0.4635
vn -0.0749 -0.9233 0.3766
vn -0.0569 -0.9565 0.2861
vn -0.0383 -0.9805 0.1927
vn -0.0195 -0.9950 0.0977
vn -0.0289 0.9950 0.0953
vn -0.0570 0.9805 0.1881
vn -0.0847 0.9565 0.2791
vn -0.1115 0.9233 0.3674
vn -0.1372 0.8813 0.4522
vn -0.1616 0.8308 0.5326
vn -0.1844 0.7723 0.6079
vn -0.2055 0.7064 0.6773
vn -0.2246 0.6336 0.7403
vn -0.2415 0.5548 0.7962
vn -0.2561 0.4708 0.8443
vn -0.2683 0.3822 0.8843
vn -0.2778 0.2899 0.9159
vn -0.2847 0.1948 0.9386
vn -0.2888 0.0978 0.9524
vn -0.2903 -0.0000 0.9569
vn -0.2888 -0.0978 0.9524
vn -0.2847 -0.1947 0.9386
vn -0.2778 -0.2899 0.9159
vn -0.2683 -0.3822 0.8843
vn -0.2561 -0.4708 0.8443
vn -0.2415 -0.5548 0.7961
vn -0.2246 -0.6336 0.7403
vn -0.2055 -0.7064 0.6774
vn -0.1844 -0.7723 0.6079
vn -0.1616 -0.8308 0.5326
vn -0.1372 -0.8813 0.4522
vn -0.1115 -0.9233 0.3674
vn -0.0847 -0.9565 0.2791
vn -0.0570 -0.9805 0.1881
vn -0.0289 -0.9950 0.0953
vn -0.0380 0.9950 0.0921
vn -0.0752 0.9805 0.1816
vn -0.1117 0.9565 0.2695
vn -0.1470 0.9234 0.3547
vn -0.1808 0.8813 0.4366
vn -0.2130 0.8308 0.5142
vn -0.2431 0.7723 0.5870
vn -0.2709 0.7063 0.6540
vn -0.2961 0.6336 0.7147
vn -0.3185 0.5549 0.7686
vn -0.3376 0.4707 0.8151
vn -0.3536 0.3822 0.8537
vn -0.3663 0.2899 0.8842
vn -0.3753 0.1948 0.9062
vn -0.3808 0.0978 0.9195
vn -0.3827 -0.0000 0.9239
vn -0.3808 -0.0978 0.9195
vn -0.3753 -0.1948 0.9062
vn -0.3662 -0.2899 0.8842
vn -0.3536 -0.3822 0.8538
vn -0.3377 -0.4707 0.8151
vn -0.3184 -0.5548 0.7686
vn -0.2961 -0.6337 0.7147
vn -0.2710 -0.7063 0.6540
vn -0.2431 -0.7723 0.5869
vn -0.2130 -0.8308 0.5142
vn -0.1808 -0.8813 0.4366
vn -0.1470 -0.9234 0.3547
vn -0.1117 -0.9565 0.2695
vn -0.0752 -0.9805 0.1816
vn -0.0380 -0.9950 0.0921
vn -0.0470 0.9950 0.0878
vn -0.0927 0.9805 0.1733
vn -0.1375 0.9565 0.2572
vn -0.1810 0.9233 0.3386
vn -0.2228 0.8813 0.4167
vn -0.2624 0.8308 0.4909
vn -0.2995 0.7723 0.5602
vn -0.3336 0.7064 0.6243
vn -0.3646 0.6336 0.6824
vn -0.3922 0.5548 0.7337
vn -0.4159 0.4709 0.7780
vn -0.4355 0.3822 0.8150
vn -0.4511 0.2899 0.8441
vn -0.4624 0.1948 0.8650
vn -0.4691 0.0978 0.8777
vn -0.4714 -0.0000 0.8819
vn -0.4692 -0.0978 0.8777
vn -0.4624 -0.1948 0.8650
vn -0.4511 -0.2899 0.8441
vn -0.4356 -0.3822 0.8150
vn -0.4159 -0.4708 0.7780
vn -0.3922 -0.5548 0.7337
vn -0.3646 -0.6336 0.6823
vn -0.3336 -0.7064 0.6243
vn -0.2995 -0.7723 0.5603
vn -0.2623 -0.8308 0.4909
vn -0.2228 -0.8813 0.4167
vn -0.1810 -0.9234 0.3386
vn -0.1375 -0.9565 0.2572
vn -0.0927 -0.9805 0.1733
vn -0.0470 -0.9950 0.0878
vn -0.0554 0.9950 0.0827
vn -0.1092 0.9805 0.1634
vn -0.1620 0.9565 0.2426
vn -0.2133 0.9233 0.3193
vn -0.2625 0.8813 0.3929
vn -0.3092 0.8308 0.4628
vn -0.3529 0.7723 0.5282
vn -0.3932 0.7064 0.5886
vn -0.4298 0.6336 0.6433
vn -0.4622 0.5548 0.6918
vn -0.4901 0.4708 0.7336
vn -0.5134 0.3823 0.7683
vn -0.5317 0.2898 0.7958
vn -0.5450 0.1948 0.8155
vn -0.5529 0.0978 0.8275
vn -0.5555 -0.0000 0.8315
vn -0.5529 -0.0978 0.8275
vn -0.5450 -0.1948 0.8155
vn -0.5317 -0.2899 0.7958
vn -0.5134 -0.3822 0.7683
vn -0.4901 -0.4708 0.7336
vn -0.4622 -0.5548 0.6918
vn -0.4298 -0.6336 0.6433
vn -0.3932 -0.7064 0.5886
vn -0.3529 -0.7723 0.5282
vn -0.3092 -0.8308 0.4628
vn -0.2625 -0.8813 0.3929
vn -0.2133 -0.9233 0.3193
vn -0.1620 -0.9565 0.2426
vn -0.1092 -0.9805 0.1634
vn -0.0554 -0.9950 0.0827
vn -0.0632 0.9950 0.0770
vn -0.1247 0.9805 0.1519
vn -0.1851 0.9565 0.2254
vn -0.2436 0.9234 0.2968
vn -0.2997 0.8813 0.3653
vn -0.3531 0.8308 0.4302
vn -0.4030 0.7723 0.4911
vn -0.4491 0.7064 0.5472
vn -0.4908 0.6336 0.5981
vn -0.5278 0.5548 0.6432
vn -0.5597 0.4708 0.6820
vn -0.5862 0.3822 0.7143
vn -0.6072 0.2899 0.7398
vn -0.6223 0.1948 0.7582
vn -0.6313 0.0979 0.7693
vn -0.6343 -0.0000 0.7731
vn -0.6314 -0.0979 0.7693
vn -0.6223 -0.1947 0.7582
vn -0.6071 -0.2899 0.7398
vn -0.5863 -0.3822 0.7143
vn -0.5598 -0.4707 0.6820
vn -0.5277 -0.5548 0.6432
vn -0.4908 -0.6336 0.5981
vn -0.4491 -0.7064 0.5472
vn -0.4029 -0.7723 0.4911
vn -0.3531 -0.8308 0.4303
vn -0.2997 -0.8813 0.3653
vn -0.2437 -0.9233 0.2968
vn -0.1851 -0.9565 0.2254
vn -0.1247 -0.9805 0.1519
vn -0.0632 -0.9950 0.0770
vn -0.0704 0.9950 0.0704
vn -0.1390 0.9805 0.1390
vn -0.2063 0.9565 0.2063
vn -0.2715 0.9234 0.2715
vn -0.3341 0.8813 0.3341
vn -0.3936 0.8308 0.3936
vn -0.4492 0.7723 0.4492
vn -0.5005 0.7064 0.5005
vn -0.5471 0.6336 0.5470
vn -0.5883 0.5547 0.5884
vn -0.6239 0.4707 0.6239
vn -0.6534 0.3823 0.6534
vn -0.6767 0.2899 0.6768
vn -0.6936 0.1948 0.6936
vn -0.7037 0.0979 0.7037
vn -0.7071 -0.0000 0.7071
vn -0.7037 -0.0979 0.7037
vn -0.6936 -0.1948 0.6936
vn -0.6768 -0.2899 0.6767
vn -0.6534 -0.3823 0.6534
vn -0.6239 -0.4707 0.6239
vn -0.5884 -0.5547 0.5883
vn -0.5470 -0.6336 0.5471
vn -0.5005 -0.7064 0.5005
vn -0.4492 -0.7723 0.4492
vn -0.3936 -0.8308 0.3936
vn -0.3341 -0.8813 0.3341
vn -0.2715 -0.9234 0.2715
vn -0.2063 -0.9565 0.2063
vn -0.1390 -0.9805 0.1390
vn -0.0704 -0.9950 0.0704
vn -0.0770 0.9950 0.0632
vn -0.1519 0.9805 0.1247
vn -0.2254 0.9565 0.1851
vn -0.2968 0.9233 0.2437
vn -0.3653 0.8813 0.2997
vn -0.4303 0.8308 0.3531
vn -0.4911 0.7723 0.4029
vn -0.5472 0.7064 0.4491
vn -0.5981 0.6336 0.4908
vn -0.6432 0.5548 0.5277
vn -0.6820 0.4707 0.5598
vn -0.7143 0.3822 0.5863
vn -0.7398 0.2899 0.6071
vn -0.7582 0.1947 0.6223
vn -0.7693 0.0979 0.6314
vn -0.7731 -0.0000 0.6343
vn -0.7693 -0.0979 0.6313
vn -0.7582 -0.1948 0.6223
vn -0.7398 -0.2899 0.6072
vn -0.7143 -0.3822 0.5862
vn -0.6820 -0.4708 0.5597
vn -0.6432 -0.5548 0.5278
vn -0.5981 -0.6336 0.4908
vn -0.5472 -0.7064 0.4491
vn -0.4911 -0.7723 0.4030
vn -0.4302 -0.8308 0.3531
vn -0.3653 -0.8813 0.2997
vn -0.2968 -0.9234 0.2436
vn -0.2254 -0.9565 0.1851
vn -0.1519 -0.9805 0.1247
vn -0.0770 -0.9950 0.0632
vn -0.0827 0.9950 0.0554
vn -0.1634 0.9805 0.1092
vn -0.2426 0.9565 0.1620
vn -0.3193 0.9233 0.2133
vn -0.3929 0.8813 0.2625
vn -0.4628 0.8308 0.3092
vn -0.5282 0.7723 0.3529
vn -0.5886 0.7064 0.3932
vn -0.6433 0.6336 0.4298
vn -0.6918 0.5548 0.4622
vn -0.7336 0.4708 0.4901
vn -0.7683 0.3822 0.5134
vn -0.7958 0.2899 0.5317
vn -0.8155 0.1948 0.5450
vn -0.8275 0.0978 0.5529
vn -0.8315 -0.0000 0.5555
vn -0.8275 -0.0978 0.5529
vn -0.8155 -0.1948 0.5450
vn -0.7958 -0.2898 0.5317
vn -0.7683 -0.3823 0.5134
vn -0.7336 -0.4708 0.4901
vn -0.6918 -0.5548 0.4622
vn -0.6433 -0.6336 0.4298
vn -0.5886 -0.7064 0.3932
vn -0.5282 -0.7723 0.3529
vn -0.4628 -0.8308 0.3092
vn -0.3929 -0.8813 0.2625
vn -0.3193 -0.9233 0.2133
vn -0.2426 -0.9565 0.1620
vn -0.1634 -0.9805 0.1092
vn -0.0827 -0.9950 0.0554
vn -0.0878 0.9950 0.0470
vn -0.1733 0.9805 0.0927
vn -0.2572 0.9565 0.1375
vn -0.3386 0.9234 0.1810
vn -0.4167 0.8813 0.2228
vn -0.4909 0.8308 0.2623
vn -0.5603 0.7723 0.2995
vn -0.6243 0.7064 0.3336
vn -0.6823 0.6336 0.3646
vn -0.7337 0.5548 0.3922
vn -0.7780 0.4708 0.4159
vn -0.8150 0.3822 0.4356
vn -0.8441 0.2899 0.4511
vn -0.8650 0.1948 0.4624
vn -0.8777 0.0978 0.4692
vn -0.8819 -0.0000 0.4714
vn -0.8777 -0.0978 0.4691
vn -0.8650 -0.1948 0.4624
vn -0.8441 -0.2899 0.4511
vn -0.8150 -0.3822 0.4355
vn -0.7780 -0.4709 0.4159
vn -0.7337 -0.5548 0.3922
vn -0.6824 -0.6336 0.3646
vn -0.6243 -0.7064 0.3336
vn -0.5602 -0.7723 0.2995
vn -0.4909 -0.8308 0.2624
vn -0.4167 -0.8813 0.2228
vn -0.3386 -0.9233 0.1810
vn -0.2572 -0.9565 0.1375
vn -0.1733 -0.9805 0.0927
vn -0.0878 -0.9950 0.0470
vn -0.0921 0.9950 0.0380
vn -0.1816 0.9805 0.0752
vn -0.2695 0.9565 0.1117
vn -0.3547 0.9234 0.1470
vn -0.4366 0.8813 0.1808
vn -0.5142 0.8308 0.2130
vn -0.5869 0.7723 0.2431
vn -0.6540 0.7063 0.2710
vn -0.7147 0.6337 0.2961
vn -0.7686 0.5548 0.3184
vn -0.8151 0.4707 0.3377
vn -0.8538 0.3822 0.3536
vn -0.8842 0.2899 0.3662
vn -0.9062 0.1948 0.3753
vn -0.9195 0.0978 0.3808
vn -0.9239 -0.0000 0.3827
vn -0.9195 -0.0978 0.3808
vn -0.9062 -0.1948 0.3753
vn -0.8842 -0.2899 0.3663
vn -0.8537 -0.3822 0.3536
vn -0.8151 -0.4707 0.3376
vn -0.7686 -0.5549 0.3185
vn -0.7147 -0.6336 0.2961
vn -0.6540 -0.7063 0.2709
vn -0.5870 -0.7723 0.2431
vn -0.5142 -0.8308 0.2130
vn -0.4366 -0.8813 0.1808
vn -0.3547 -0.9234 0.1470
vn -0.2695 -0.9565 0.1117
vn -0.1816 -0.9805 0.0752
vn -0.0921 -0.9950 0.0380
vn -0.0953 0.9950 0.0288
vn -0.1881 0.9805 0.0570
vn -0.2791 0.9565 0.0847
vn -0.3674 0.9233 0.1115
vn -0.4522 0.8813 0.1372
vn -0.5326 0.8308 0.1616
vn -0.6079 0.7723 0.1844
vn -0.6774 0.7064 0.2055
vn -0.7403 0.6336 0.2246
vn -0.7961 0.5548 0.2415
vn -0.8443 0.4708 0.2561
vn -0.8843 0.3822 0.2683
vn -0.9159 0.2899 0.2778
vn -0.9386 0.1947 0.2847
vn -0.9524 0.0978 0.2888
vn -0.9569 -0.0000 0.2903
vn -0.9524 -0.0978 0.2888
vn -0.9386 -0.1948 0.2847
vn -0.9159 -0.2899 0.2778
vn -0.8843 -0.3822 0.2683
vn -0.8443 -0.4708 0.2561
vn -0.7962 -0.5548 0.2415
vn -0.7403 -0.6336 0.2246
vn -0.6774 -0.7064 0.2055
vn -0.6079 -0.7723 0.1844
vn -0.5326 -0.8308 0.1616
vn -0.4522 -0.8813 0.1372
vn -0.3674 -0.9233 0.1115
vn -0.2791 -0.9565 0.0847
vn -0.1881 -0.9805 0.0570
vn -0.0953 -0.9950 0.0289
vn -0.0977 0.9950 0.0195
vn -0.1927 0.9805 0.0383
vn -0.2861 0.9565 0.0569
vn -0.3766 0.9233 0.0749
vn -0.4635 0.8813 0.0922
vn -0.5459 0.8308 0.1086
vn -0.6231 0.7723 0.1240
vn -0.6943 0.7063 0.1381
vn -0.7588 0.6336 0.1508
vn -0.8160 0.5549 0.1622
vn -0.8653 0.4708 0.1721
vn -0.9063 0.3822 0.1803
vn -0.9387 0.2898 0.1867
vn -0.9620 0.1948 0.1913
vn -0.9761 0.0978 0.1942
vn -0.9808 -0.0000 0.1951
vn -0.9761 -0.0978 0.1942
vn -0.9620 -0.1947 0.1913
vn -0.9387 -0.2898 0.1867
vn -0.9063 -0.3822 0.1803
vn -0.8653 -0.4708 0.1721
vn -0.8160 -0.5548 0.1623
vn -0.7588 -0.6336 0.1508
vn -0.6943 -0.7064 0.1381
vn -0.6231 -0.7723 0.1239
vn -0.5459 -0.8308 0.1086
vn -0.4635 -0.8813 0.0922
vn -0.3766 -0.9233 0.0749
vn -0.2861 -0.9565 0.0569
vn -0.1927 -0.9805 0.0384
vn -0.0977 -0.9950 0.0195
vn -0.0991 0.9950 0.0098
vn -0.1956 0.9805 0.0193
vn -0.2903 0.9565 0.0286
vn -0.3821 0.9233 0.0377
vn -0.4703 0.8813 0.0462
vn -0.5539 0.8308 0.0545
vn -0.6322 0.7723 0.0623
vn -0.7045 0.7063 0.0694
vn -0.7699 0.6336 0.0758
vn -0.8279 0.5549 0.0815
vn -0.8780 0.4708 0.0864
vn -0.9197 0.3821 0.0905
vn -0.9525 0.2898 0.0937
vn -0.9761 0.1949 0.0960
vn -0.9904 0.0979 0.0975
vn -0.9952 -0.0000 0.0981
vn -0.9904 -0.0979 0.0975
vn -0.9761 -0.1949 0.0961
vn -0.9525 -0.2898 0.0937
vn -0.9197 -0.3821 0.0905
vn -0.8780 -0.4708 0.0864
vn -0.8279 -0.5549 0.0815
vn -0.7699 -0.6336 0.0758
vn -0.7045 -0.7063 0.0694
vn -0.6322 -0.7723 0.0623
vn -0.5539 -0.8308 0.0545
vn -0.4703 -0.8813 0.0462
vn -0.3821 -0.9233 0.0377
vn -0.2903 -0.9565 0.0286
vn -0.1956 -0.9805 0.0193
vn -0.0991 -0.9950 0.0098
vn -0.0996 0.9950 -0.0000
vn -0.1965 0.9805 -0.0000
vn -0.2917 0.9565 -0.0000
vn -0.3840 0.9233 -0.0000
vn -0.4725 0.8813 -0.0000
vn -0.5566 0.8308 -0.0000
vn -0.6352 0.7723 -0.0000
vn -0.7079 0.7063 -0.0000
vn -0.7737 0.6336 -0.0000
vn -0.8320 0.5548 -0.0000
vn -0.8823 0.4707 -0.0000
vn -0.9241 0.3821 -0.0000
vn -0.9571 0.2898 -0.0000
vn -0.9808 0.1948 -0.0000
vn -0.9952 0.0979 -0.0000
vn -1.0000 -0.0000 -0.0000
vn -0.9952 -0.0979 -0.0000
vn -0.9808 -0.1948 -0.0000
vn -0.9571 -0.2898 -0.0000
vn -0.9241 -0.3821 -0.0000
vn -0.8823 -0.4707 -0.0000
vn -0.8320 -0.5548 -0.0000
vn -0.7737 -0.6336 -0.0000
vn -0.7079 -0.7063 -0.0000
vn -0.6352 -0.7723 -0.0000
vn -0.5566 -0.8308 -0.0000
vn -0.4725 -0.8813 -0.0000
vn -0.3840 -0.9233 -0.0000
vn -0.2917 -0.9565 -0.0000
vn -0.1965 -0.9805 -0.0000
vn -0.0996 -0.9950 -0.0000
vn -0.0991 0.9950 -0.0098
vn -0.1956 0.9805 -0.0193
vn -0.2903 0.9565 -0.0286
vn -0.3821 0.9233 -0.0377
vn -0.4703 0.8813 -0.0462
vn -0.5539 0.8308 -0.0545
vn -0.6322 0.7723 -0.0623
vn -0.7045 0.7063 -0.0694
vn -0.7699 0.6336 -0.0758
vn -0.8279 0.5549 -0.0815
vn -0.8780 0.4708 -0.0864
vn -0.9197 0.3821 -0.0905
vn -0.9525 0.2898 -0.0937
vn -0.9761 0.1949 -0.0961
vn -0.9904 0.0979 -0.0975
vn -0.9952 -0.0000 -0.0981
vn -0.9904 -0.0979 -0.0975
vn -0.9761 -0.1949 -0.0960
vn -0.9525 -0.2898 -0.0937
vn -0.9197 -0.3821 -0.0905
vn -0.8780 -0.4708 -0.0864
vn -0.8279 -0.5549 -0.0815
vn -0.7699 -0.6336 -0.0758
vn -0.7045 -0.7063 -0.0694
vn -0.6322 -0.7723 -0.0623
vn -0.5539 -0.8308 -0.0545
vn -0.4703 -0.8813 -0.0462
vn -0.3821 -0.9233 -0.0377
vn -0.2903 -0.9565 -0.0286
vn -0.1956 -0.9805 -0.0193
vn -0.0991 -0.9950 -0.0098
vn -0.0977 0.9950 -0.0195
vn -0.1927 0.9805 -0.0384
vn -0.2861 0.9565 -0.0569
vn -0.3766 0.9233 -0.0749
vn -0.4635 0.8813 -0.0922
vn -0.5459 0.8308 -0.1086
vn -0.6231 0.7723 -0.1239
vn -0.6943 0.7064 -0.1381
vn -0.7588 0.6336 -0.1508
vn -0.8160 0.5548 -0.1623
vn -0.8653 0.4708 -0.1721
vn -0.9063 0.3822 -0.1803
vn -0.9387 0.2898 -0.1867
vn -0.9620 0.1947 -0.1913
vn -0.9761 0.0978 -0.1942
vn -0.9808 -0.0000 -0.1951
vn -0.9761 -0.0978 -0.1942
vn -0.9620 -0.1948 -0.1913
vn -0.9387 -0.2898 -0.1867
vn -0.9063 -0.3822 -0.1803
vn -0.8653 -0.4708 -0.1721
vn -0.8160 -0.5549 -0.1622
vn -0.7588 -0.6336 -0.1508
vn -0.6943 -0.7063 -0.1381
vn -0.6231 -0.7723 -0.1240
vn -0.5459 -0.8308 -0.1086
vn -0.4635 -0.8813 -0.0922
vn -0.3766 -0.9233 -0.0749
vn -0.2861 -0.9565 -0.0569
vn -0.1927 -0.9805 -0.0383
vn -0.0977 -0.9950 -0.0195
vn -0.0953 0.9950 -0.0289
vn -0.1881 0.9805 -0.0570
vn -0.2791 0.9565 -0.0847
vn -0.3674 0.9233 -0.1115
vn -0.4522 0.8813 -0.1372
vn -0.5326 0.8308 -0.1616
vn -0.6079 0.7723 -0.1844
vn -0.6774 0.7064 -0.2055
vn -0.7403 0.6336 -0.2246
vn -0.7962 0.5548 -0.2415
vn -0.8443 0.4708 -0.2561
vn -0.8843 0.3822 -0.2683
vn -0.9159 0.2899 -0.2778
vn -0.9386 0.1948 -0.2847
vn -0.9524 0.0978 -0.2888
vn -0.9569 -0.0000 -0.2903
vn -0.9524 -0.0978 -0.2888
vn -0.9386 -0.1947 -0.2847
vn -0.9159 -0.2899 -0.2778
vn -0.8843 -0.3822 -0.2683
vn -0.8443 -0.4708 -0.2561
vn -0.7961 -0.5548 -0.2415
vn -0.7403 -0.6336 -0.2246
vn -0.6774 -0.7064 -0.2055
vn -0.6079 -0.7723 -0.1844
vn -0.5326 -0.8308 -0.1616
vn -0.4522 -0.8813 -0.1372
vn -0.3674 -0.9233 -0.1115
vn -0.2791 -0.9565 -0.0847
vn -0.1881 -0.9805 -0.0570
vn -0.0953 -0.9950 -0.0288
vn -0.0921 0.9950 -0.0380
vn -0.1816 0.9805 -0.0752
vn -0.2695 0.9565 -0.1117
vn -0.3547 0.9234 -0.1470
vn -0.4366 0.8813 -0.1808
vn -0.5142 0.8308 -0.2130
vn -0.5870 0.7723 -0.2431
vn -0.6540 0.7063 -0.2709
vn -0.7147 0.6336 -0.2961
vn -0.7686 0.5549 -0.3185
vn -0.8151 0.4707 -0.3376
vn -0.8537 0.3822 -0.3536
vn -0.8842 0.2899 -0.3663
vn -0.9062 0.1948 -0.3753
vn -0.9195 0.0978 -0.3808
vn -0.9239 -0.0000 -0.3827
vn -0.9195 -0.0978 -0.3808
vn -0.9062 -0.1948 -0.3753
vn -0.8842 -0.2899 -0.3662
vn -0.8538 -0.3822 -0.3536
vn -0.8151 -0.4707 -0.3377
vn -0.7686 -0.5548 -0.3184
vn -0.7147 -0.6337 -0.2961
vn -0.6540 -0.7063 -0.2710
vn -0.5869 -0.7723 -0.2431
vn -0.5142 -0.8308 -0.2130
vn -0.4366 -0.8813 -0.1808
vn -0.3547 -0.9234 -0.1470
vn -0.2695 -0.9565 -0.1117
vn -0.1816 -0.9805 -0.0752
vn -0.0921 -0.9950 -0.0380
vn -0.0878 0.9950 -0.0470
vn -0.1733 0.9805 -0.0927
vn -0.2572 0.9565 -0.1375
vn -0.3386 0.9233 -0.1810
vn -0.4167 0.8813 -0.2228
vn -0.4909 0.8308 -0.2624
vn -0.5602 0.7723 -0.2995
vn -0.6243 0.7064 -0.3336
vn -0.6824 0.6336 -0.3646
vn -0.7337 0.5548 -0.3922
vn -0.7780 0.4709 -0.4159
vn -0.8150 0.3822 -0.4355
vn -0.8441 0.2899 -0.4511
vn -0.8650 0.1948 -0.4624
vn -0.8777 0.0978 -0.4691
vn -0.8819 -0.0000 -0.4714
vn -0.8777 -0.0978 -0.4692
vn -0.8650 -0.1948 -0.4624
vn -0.8441 -0.2899 -0.4511
vn -0.8150 -0.3822 -0.4356
vn -0.7780 -0.4708 -0.4159
vn -0.7337 -0.5548 -0.3922
vn -0.6823 -0.6336 -0.3646
vn -0.6243 -0.7064 -0.3336
vn -0.5603 -0.7723 -0.2995
vn -0.4909 -0.8308 -0.2623
vn -0.4167 -0.8813 -0.2228
vn -0.3386 -0.9234 -0.1810
vn -0.2572 -0.9565 -0.1375
vn -0.1733 -0.9805 -0.0927
vn -0.0878 -0.9950 -0.0470
vn -0.0827 0.9950 -0.0554
vn -0.1634 0.9805 -0.1092
vn -0.2426 0.9565 -0.1620
vn -0.3193 0.9233 -0.2133
vn -0.3929 0.8813 -0.2625
vn -0.4628 0.8308 -0.3092
vn -0.5282 0.7723 -0.3529
vn -0.5886 0.7064 -0.3932
vn -0.6433 0.6336 -0.4298
vn -0.6918 0.5548 -0.4622
vn -0.7336 0.4708 -0.4901
vn -0.7683 0.3823 -0.5134
vn -0.7958 0.2898 -0.5317
vn -0.8155 0.1948 -0.5450
vn -0.8275 0.0978 -0.5529
vn -0.8315 -0.0000 -0.5555
vn -0.8275 -0.0978 -0.5529
vn -0.8155 -0.1948 -0.5450
vn -0.7958 -0.2899 -0.5317
vn -0.7683 -0.3822 -0.5134
vn -0.7336 -0.4708 -0.4901
vn -0.6918 -0.5548 -0.4622
vn -0.6433 -0.6336 -0.4298
vn -0.5886 -0.7064 -0.3932
vn -0.5282 -0.7723 -0.3529
vn -0.4628 -0.8308 -0.3092
vn -0.3929 -0.8813 -0.2625
vn -0.3193 -0.9233 -0.2133
vn -0.2426 -0.9565 -0.1620
vn -0.1634 -0.9805 -0.1092
vn -0.0827 -0.9950 -0.0554
vn -0.0770 0.9950 -0.0632
vn -0.1519 0.9805 -0.1247
vn -0.2254 0.9565 -0.1851
vn -0.2968 0.9234 -0.2436
vn -0.3653 0.8813 -0.2997
vn -0.4302 0.8308 -0.3531
vn -0.4911 0.7723 -0.4030
vn -0.5472 0.7064 -0.4491
vn -0.5981 0.6336 -0.4908
vn -0.6432 0.5548 -0.5278
vn -0.6820 0.4708 -0.5597
vn -0.7143 0.3822 -0.5862
vn -0.7398 0.2899 -0.6072
vn -0.7582 0.1948 -0.6223
vn -0.7693 0.0979 -0.6313
vn -0.7731 -0.0000 -0.6343
vn -0.7693 -0.0979 -0.6314
vn -0.7582 -0.1947 -0.6223
vn -0.7398 -0.2899 -0.6071
vn -0.7143 -0.3822 -0.5863
vn -0.6820 -0.4707 -0.5598
vn -0.6432 -0.5548 -0.5277
vn -0.5981 -0.6336 -0.4908
vn -0.5472 -0.7064 -0.4491
vn -0.4911 -0.7723 -0.4029
vn -0.4303 -0.8308 -0.3531
vn -0.3653 -0.8813 -0.2997
vn -0.2968 -0.9233 -0.2437
vn -0.2254 -0.9565 -0.1851
vn -0.1519 -0.9805 -0.1247
vn -0.0770 -0.9950 -0.0632
vn -0.0704 0.9950 -0.0704
vn -0.1390 0.9805 -0.1390
vn -0.2063 0.9565 -0.2063
vn -0.2715 0.9234 -0.2715
vn -0.3341 0.8813 -0.3341
vn -0.3936 0.8308 -0.3936
vn -0.4492 0.7723 -0.4492
vn -0.5005 0.7064 -0.5005
vn -0.5470 0.6336 -0.5471
vn -0.5884 0.5547 -0.5883
vn -0.6239 0.4707 -0.6239
vn -0.6534 0.3823 -0.6534
vn -0.6768 0.2899 -0.6767
vn -0.6936 0.1948 -0.6936
vn -0.7037 0.0979 -0.7037
vn -0.7071 -0.0000 -0.7071
vn -0.7037 -0.0979 -0.7037
vn -0.6936 -0.1948 -0.6936
vn -0.6767 -0.2899 -0.6768
vn -0.6534 -0.3823 -0.6534
vn -0.6239 -0.4707 -0.6239
vn -0.5883 -0.5547 -0.5884
vn -0.5471 -0.6336 -0.5470
vn -0.5005 -0.7064 -0.5005
vn -0.4492 -0.7723 -0.4492
vn -0.3936 -0.8308 -0.3936
vn -0.3341 -0.8813 -0.3341
vn -0.2715 -0.9234 -0.2715
vn -0.2063 -0.9565 -0.2063
vn -0.1390 -0.9805 -0.1390
vn -0.0704 -0.9950 -0.0704
vn -0.0632 0.9950 -0.0770
vn -0.1247 0.9805 -0.1519
vn -0.1851 0.9565 -0.2254
vn -0.2437 0.9233 -0.2968
vn -0.2997 0.8813 -0.3653
vn -0.3531 0.8308 -0.4303
vn -0.4029 0.7723 -0.4911
vn -0.4491 0.7064 -0.5472
vn -0.4908 0.6336 -0.5981
vn -0.5277 0.5548 -0.6432
vn -0.5598 0.4707 -0.6820
vn -0.5863 0.3822 -0.7143
vn -0.6071 0.2899 -0.7398
vn -0.6223 0.1947 -0.7582
vn -0.6314 0.0979 -0.7693
vn -0.6343 -0.0000 -0.7731
vn -0.6313 -0.0979 -0.7693
vn -0.6223 -0.1948 -0.7582
vn -0.6072 -0.2899 -0.7398
vn -0.5862 -0.3822 -0.7143
vn -0.5597 -0.4708 -0.6820
vn -0.5278 -0.5548 -0.6432
vn -0.4908 -0.6336 -0.5981
vn -0.4491 -0.7064 -0.5472
vn -0.4030 -0.7723 -0.4911
vn -0.3531 -0.8308 -0.4302
vn -0.2997 -0.8813 -0.3653
vn -0.2436 -0.9234 -0.2968
vn -0.1851 -0.9565 -0.2254
vn -0.1247 -0.9805 -0.1519
vn -0.0632 -0.9950 -0.0770
vn -0.0554 0.9950 -0.0827
vn -0.1092 0.9805 -0.1634
vn -0.1620 0.9565 -0.2426
vn -0.2133 0.9233 -0.3193
vn -0.2625 0.8813 -0.3929
vn -0.3092 0.8308 -0.4628
vn -0.3529 0.7723 -0.5282
vn -0.3932 0.7064 -0.5886
vn -0.4298 0.6336 -0.6433
vn -0.4622 0.5548 -0.6918
vn -0.4901 0.4708 -0.7336
vn -0.5134 0.3822 -0.7683
vn -0.5317 0.2899 -0.7958
vn -0.5450 0.1948 -0.8155
vn -0.5529 0.0978 -0.8275
vn -0.5555 -0.0000 -0.8315
vn -0.5529 -0.0978 -0.8275
vn -0.5450 -0.1948 -0.8155
vn -0.5317 -0.2898 -0.7958
vn -0.5134 -0.3823 -0.7683
vn -0.4901 -0.4708 -0.7336
vn -0.4622 -0.5548 -0.6918
vn -0.4298 -0.6336 -0.6433
vn -0.3932 -0.7064 -0.5886
vn -0.3529 -0.7723 -0.5282
vn -0.3092 -0.8308 -0.4628
vn -0.2625 -0.8813 -0.3929
vn -0.2133 -0.9233 -0.3193
vn -0.1620 -0.9565 -0.2426
vn -0.1092 -0.9805 -0.1634
vn -0.0554 -0.9950 -0.0827
vn -0.0470 0.9950 -0.0878
vn -0.0927 0.9805 -0.1733
vn -0.1375 0.9565 -0.2572
vn -0.1810 0.9234 -0.3386
vn -0.2228 0.8813 -0.4167
vn -0.2623 0.8308 -0.4909
vn -0.2995 0.7723 -0.5603
vn -0.3336 0.7064 -0.6243
vn -0.3646 0.6336 -0.6823
vn -0.3922 0.5548 -0.7337
vn -0.4159 0.4708 -0.7780
vn -0.4356 0.3822 -0.8150
vn -0.4511 0.2899 -0.8441
vn -0.4624 0.1948 -0.8650
vn -0.4692 0.0978 -0.8777
vn -0.4714 -0.0000 -0.8819
vn -0.4691 -0.0978 -0.8777
vn -0.4624 -0.1948 -0.8650
vn -0.4511 -0.2899 -0.8441
vn -0.4355 -0.3822 -0.8150
vn -0.4159 -0.4709 -0.7780
vn -0.3922 -0.5548 -0.7337
vn -0.3646 -0.6336 -0.6824
vn -0.3336 -0.7064 -0.6243
vn -0.2995 -0.7723 -0.5602
vn -0.2624 -0.8308 -0.4909
vn -0.2228 -0.8813 -0.4167
vn -0.1810 -0.9233 -0.3386
vn -0.1375 -0.9565 -0.2572
vn -0.0927 -0.9805 -0.1733
vn -0.0470 -0.9950 -0.0878
vn -0.0380 0.9950 -0.0921
vn -0.0752 0.9805 -0.1816
vn -0.1117 0.9565 -0.2695
vn -0.1470 0.9234 -0.3547
vn -0.1808 0.8813 -0.4366
vn -0.2130 0.8308 -0.5142
vn -0.2431 0.7723 -0.5869
vn -0.2710 0.7063 -0.6540
vn -0.2961 0.6337 -0.7147
vn -0.3184 0.5548 -0.7686
vn -0.3377 0.4707 -0.8151
vn -0.3536 0.3822 -0.8538
vn -0.3662 0.2899 -0.8842
vn -0.3753 0.1948 -0.9062
vn -0.3808 0.0978 -0.9195
vn -0.3827 -0.0000 -0.9239
vn -0.3808 -0.0978 -0.9195
vn -0.3753 -0.1948 -0.9062
vn -0.3663 -0.2899 -0.8842
vn -0.3536 -0.3822 -0.8537
vn -0.3376 -0.4707 -0.8151
vn -0.3185 -0.5549 -0.7686
vn -0.2961 -0.6336 -0.7147
vn -0.2709 -0.7063 -0.6540
vn -0.2431 -0.7723 -0.5870
vn -0.2130 -0.8308 -0.5142
vn -0.1808 -0.8813 -0.4366
vn -0.1470 -0.9234 -0.3547
vn -0.1117 -0.9565 -0.2695
vn -0.0752 -0.9805 -0.1816
vn -0.0380 -0.9950 -0.0921
vn -0.0289 0.9950 -0.0953
vn -0.0570 0.9805 -0.1881
vn -0.0847 0.9565 -0.2791
vn -0.1115 0.9233 -0.3674
vn -0.1372 0.8813 -0.4522
vn -0.1616 0.8308 -0.5326
vn -0.1844 0.7723 -0.6079
vn -0.2055 0.7064 -0.6774
vn -0.2246 0.6336 -0.7403
vn -0.2415 0.5548 -0.7961
vn -0.2561 0.4708 -0.8443
vn -0.2683 0.3822 -0.8843
vn -0.2778 0.2899 -0.9159
vn -0.2847 0.1947 -0.9386
vn -0.2888 0.0978 -0.9524
vn -0.2903 -0.0000 -0.9569
vn -0.2888 -0.0978 -0.9524
vn -0.2847 -0.1948 -0.9386
vn -0.2778 -0.2899 -0.9159
vn -0.2683 -0.3822 -0.8843
vn -0.2561 -0.4708 -0.8443
vn -0.2415 -0.5548 -0.7962
vn -0.2246 -0.6336 -0.7403
vn -0.2055 -0.7064 -0.6773
vn -0.1844 -0.7723 -0.6079
vn -0.1616 -0.8308 -0.5326
vn -0.1372 -0.8813 -0.4522
vn -0.1115 -0.9233 -0.3674
vn -0.0847 -0.9565 -0.2791
vn -0.0570 -0.9805 -0.1881
vn -0.0289 -0.9950 -0.0953
vn -0.0195 0.9950 -0.0977
vn -0.0383 0.9805 -0.1927
vn -0.0569 0.9565 -0.2861
vn -0.0749 0.9233 -0.3766
vn -0.0922 0.8813 -0.4635
vn -0.1086 0.8308 -0.5459
vn -0.1240 0.7723 -0.6231
vn -0.1381 0.7063 -0.6943
vn -0.1508 0.6336 -0.7588
vn -0.1622 0.5549 -0.8160
vn -0.1721 0.4708 -0.8653
vn -0.1803 0.3822 -0.9063
vn -0.1867 0.2898 -0.9387
vn -0.1913 0.1948 -0.9620
vn -0.1942 0.0978 -0.9761
vn -0.1951 -0.0000 -0.9808
vn -0.1942 -0.0978 -0.9761
vn -0.1913 -0.1947 -0.9620
vn -0.1867 -0.2898 -0.9387
vn -0.1803 -0.3822 -0.9063
vn -0.1721 -0.4708 -0.8653
vn -0.1623 -0.5548 -0.8160
vn -0.1508 -0.6336 -0.7588
vn -0.1381 -0.7064 -0.6943
vn -0.1239 -0.7723 -0.6231
vn -0.1086 -0.8308 -0.5459
vn -0.0922 -0.8813 -0.4635
vn -0.0749 -0.9233 -0.3766
vn -0.0569 -0.9565 -0.2861
vn -0.0384 -0.9805 -0.1927
vn -0.0195 -0.9950 -0.0977
vn -0.0098 0.9950 -0.0991
vn -0.0193 0.9805 -0.1956
vn -0.0286 0.9565 -0.2903
vn -0.0377 0.9233 -0.3821
vn -0.0462 0.8813 -0.4703
vn -0.0545 0.8308 -0.5539
vn -0.0623 0.7723 -0.6322
vn -0.0694 0.7063 -0.7045
vn -0.0758 0.6336 -0.7699
vn -0.0815 0.5549 -0.8279
vn -0.0864 0.4708 -0.8780
vn -0.0905 0.3821 -0.9197
vn -0.0937 0.2898 -0.9525
vn -0.0960 0.1949 -0.9761
vn -0.0975 0.0979 -0.9904
vn -0.0981 -0.0000 -0.9952
vn -0.0975 -0.0979 -0.9904
vn -0.0961 -0.1949 -0.9761
vn -0.0937 -0.2898 -0.9525
vn -0.0905 -0.3821 -0.9197
vn -0.0864 -0.4708 -0.8780
vn -0.0815 -0.5549 -0.8279
vn -0.0758 -0.6336 -0.7699
vn -0.0694 -0.7063 -0.7045
vn -0.0623 -0.7723 -0.6322
vn -0.0545 -0.8308 -0.5539
vn -0.0462 -0.8813 -0.4703
vn -0.0377 -0.9233 -0.3821
vn -0.0286 -0.9565 -0.2903
vn -0.0193 -0.9805 -0.1956
vn -0.0098 -0.9950 -0.0991
vn -0.0000 0.9950 -0.0996
vn -0.0000 0.9805 -0.1965
vn -0.0000 0.9565 -0.2917
vn -0.0000 0.9233 -0.3840
vn -0.0000 0.8813 -0.4725
vn -0.0000 0.8308 -0.5566
vn -0.0000 0.7723 -0.6352
vn -0.0000 0.7063 -0.7079
vn -0.0000 0.6336 -0.7737
vn -0.0000 0.5548 -0.8320
vn -0.0000 0.4707 -0.8823
vn -0.0000 0.3821 -0.9241
vn -0.0000 0.2898 -0.9571
vn -0.0000 0.1948 -0.9808
vn -0.0000 0.0979 -0.9952
vn -0.0000 -0.0000 -1.0000
vn -0.0000 -0.0979 -0.9952
vn -0.0000 -0.1948 -0.9808
vn -0.0000 -0.2898 -0.9571
vn -0.0000 -0.3821 -0.9241
vn -0.0000 -0.4707 -0.8823
vn -0.0000 -0.5548 -0.8320
vn -0.0000 -0.6336 -0.7737
vn -0.0000 -0.7063 -0.7079
vn -0.0000 -0.7723 -0.6352
vn -0.0000 -0.8308 -0.5566
vn -0.0000 -0.8813 -0.4725
vn -0.0000 -0.9233 -0.3840
vn -0.0000 -0.9565 -0.2917
vn -0.0000 -0.9805 -0.1965
vn -0.0000 -0.9950 -0.0996
vn 0.0098 0.9950 -0.0991
vn 0.0193 0.9805 -0.1956
vn 0.0286 0.9565 -0.2903
vn 0.0377 0.9233 -0.3821
vn 0.0462 0.8813 -0.4703
vn 0.0545 0.8308 -0.5539
vn 0.0623 0.7723 -0.6322
vn 0.0694 0.7063 -0.7045
vn 0.0758 0.6336 -0.7699
vn 0.0815 0.5549 -0.8279
vn 0.0864 0.4708 -0.8780
vn 0.0905 0.3821 -0.9197
vn 0.0937 0.2898 -0.9525
vn 0.0961 0.1949 -0.9761
vn 0.0975 0.0979 -0.9904
vn 0.0981 -0.0000 -0.9952
vn 0.0975 -0.0979 -0.9904
vn 0.0960 -0.1949 -0.9761
vn 0.0937 -0.2898 -0.9525
vn 0.0905 -0.3821 -0.9197
vn 0.0864 -0.4708 -0.8780
vn 0.0815 -0.5549 -0.8279
vn 0.0758 -0.6336 -0.7699
vn 0.0694 -0.7063 -0.7045
vn 0.0623 -0.7723 -0.6322
vn 0.0545 -0.8308 -0.5539
vn 0.0462 -0.8813 -0.4703
vn 0.0377 -0.9233 -0.3821
vn 0.0286 -0.9565 -0.2903
vn 0.0193 -0.9805 -0.1956
vn 0.0098 -0.9950 -0.0991
vn 0.0195 0.9950 -0.0977
vn 0.0384 0.9805 -0.1927
vn 0.0569 0.9565 -0.2861
vn 0.0749 0.9233 -0.3766
vn 0.0922 0.8813 -0.4635
vn 0.1086 0.8308 -0.5459
vn 0.1239 0.7723 -0.6231
vn 0.1381 0.7064 -0.6943
vn 0.1508 0.6336 -0.7588
vn 0.1623 0.5548 -0.8160
vn 0.1721 0.4708 -0.8653
vn 0.1803 0.3822 -0.9063
vn 0.1867 0.2898 -0.9387
vn 0.1913 0.1947 -0.9620
vn 0.1942 0.0978 -0.9761
vn 0.1951 -0.0000 -0.9808
vn 0.1942 -0.0978 -0.9761
vn 0.1913 -0.1948 -0.9620
vn 0.1867 -0.2898 -0.9387
vn 0.1803 -0.3822 -0.9063
vn 0.1721 -0.4708 -0.8653
vn 0.1622 -0.5549 -0.8160
vn 0.1508 -0.6336 -0.7588
vn 0.1381 -0.7063 -0.6943
vn 0.1240 -0.7723 -0.6231
vn 0.1086 -0.8308 -0.5459
vn 0.0922 -0.8813 -0.4635
vn 0.0749 -0.9233 -0.3766
vn 0.0569 -0.9565 -0.2861
vn 0.0383 -0.9805 -0.1927
vn 0.0195 -0.9950 -0.0977
vn 0.0289 0.9950 -0.0953
vn 0.0570 0.9805 -0.1881
vn 0.0847 0.9565 -0.2791
vn 0.1115 0.9233 -0.3674
vn 0.1372 0.8813 -0.4522
vn 0.1616 0.8308 -0.5326
vn 0.1844 0.7723 -0.6079
vn 0.2055 0.7064 -0.6773
vn 0.2246 0.6336 -0.7403
vn 0.2415 0.5548 -0.7962
vn 0.2561 0.4708 -0.8443
vn 0.2683 0.3822 -0.8843
vn 0.2778 0.2899 -0.9159
vn 0.2847 0.1948 -0.9386
vn 0.2888 0.0978 -0.9524
vn 0.2903 -0.0000 -0.9569
vn 0.2888 -0.0978 -0.9524
vn 0.2847 -0.1947 -0.9386
vn 0.2778 -0.2899 -0.9159
vn 0.2683 -0.3822 -0.8843
vn 0.2561 -0.4708 -0.8443
vn 0.2415 -0.5548 -0.7961
vn 0.2246 -0.6336 -0.7403
vn 0.2055 -0.7064 -0.6774
vn 0.1844 -0.7723 -0.6079
vn 0.1616 -0.8308 -0.5326
vn 0.1372 -0.8813 -0.4522
vn 0.1115 -0.9233 -0.3674
vn 0.0847 -0.9565 -0.2791
vn 0.0570 -0.9805 -0.1881
vn 0.0289 -0.9950 -0.0953
vn 0.0380 0.9950 -0.0921
vn 0.0752 0.9805 -0.1816
vn 0.1117 0.9565 -0.2695
vn 0.1470 0.9234 -0.3547
vn 0.1808 0.8813 -0.4366
vn 0.2130 0.8308 -0.5142
vn 0.2431 0.7723 -0.5870
vn 0.2709 0.7063 -0.6540
vn 0.2961 0.6336 -0.7147
vn 0.3185 0.5549 -0.7686
vn 0.3376 0.4707 -0.8151
vn 0.3536 0.3822 -0.8537
vn 0.3663 0.2899 -0.8842
vn 0.3753 0.1948 -0.9062
vn 0.3808 0.0978 -0.9195
vn 0.3827 -0.0000 -0.9239
vn 0.3808 -0.0978 -0.9195
vn 0.3753 -0.1948 -0.9062
vn 0.3662 -0.2899 -0.8842
vn 0.3536 -0.3822 -0.8538
vn 0.3377 -0.4707 -0.8151
vn 0.3184 -0.5548 -0.7686
vn 0.2961 -0.6337 -0.7147
vn 0.2710 -0.7063 -0.6540
vn 0.2431 -0.7723 -0.5869
vn 0.2130 -0.8308 -0.5142
vn 0.1808 -0.8813 -0.4366
vn 0.1470 -0.9234 -0.3547
vn 0.1117 -0.9565 -0.2695
vn 0.0752 -0.9805 -0.1816
vn 0.0380 -0.9950 -0.0921
vn 0.0470 0.9950 -0.0878
vn 0.0927 0.9805 -0.1733
vn 0.1375 0.9565 -0.2572
vn 0.1810 0.9233 -0.3386
vn 0.2228 0.8813 -0.4167
vn 0.2624 0.8308 -0.4909
vn 0.2995 0.7723 -0.5602
vn 0.3336 0.7064 -0.6243
vn 0.3646 0.6336 -0.6824
vn 0.3922 0.5548 -0.7337
vn 0.4159 0.4709 -0.7780
vn 0.4355 0.3822 -0.8150
vn 0.4511 0.2899 -0.8441
vn 0.4624 0.1948 -0.8650
vn 0.4691 0.0978 -0.8777
vn 0.4714 -0.0000 -0.8819
vn 0.4692 -0.0978 -0.8777
vn 0.4624 -0.1948 -0.8650
vn 0.4511 -0.2899 -0.8441
vn 0.4356 -0.3822 -0.8150
vn 0.4159 -0.4708 -0.7780
vn 0.3922 -0.5548 -0.7337
vn 0.3646 -0.6336 -0.6823
vn 0.3336 -0.7064 -0.6243
vn 0.2995 -0.7723 -0.5603
vn 0.2623 -0.8308 -0.4909
vn 0.2228 -0.8813 -0.4167
vn 0.1810 -0.9234 -0.3386
vn 0.1375 -0.9565 -0.2572
vn 0.0927 -0.9805 -0.1733
vn 0.0470 -0.9950 -0.0878
vn 0.0554 0.9950 -0.0827
vn 0.1092 0.9805 -0.1634
vn 0.1620 0.9565 -0.2426
vn 0.2133 0.9233 -0.3193
vn 0.2625 0.8813 -0.3929
vn 0.3092 0.8308 -0.4628
vn 0.3529 0.7723 -0.5282
vn 0.3932 0.7064 -0.5886
vn 0.4298 0.6336 -0.6433
vn 0.4622 0.5548 -0.6918
vn 0.4901 0.4708 -0.7336
vn 0.5134 0.3823 -0.7683
vn 0.5317 0.2898 -0.7958
vn 0.5450 0.1948 -0.8155
vn 0.5529 0.0978 -0.8275
vn 0.5555 -0.0000 -0.8315
vn 0.5529 -0.0978 -0.8275
vn 0.5450 -0.1948 -0.8155
vn 0.5317 -0.2899 -0.7958
vn 0.5134 -0.3822 -0.7683
vn 0.4901 -0.4708 -0.7336
vn 0.4622 -0.5548 -0.6918
vn 0.4298 -0.6336 -0.6433
vn 0.3932 -0.7064 -0.5886
vn 0.3529 -0.7723 -0.5282
vn 0.3092 -0.8308 -0.4628
vn 0.2625 -0.8813 -0.3929
vn 0.2133 -0.9233 -0.3193
vn 0.1620 -0.9565 -0.2426
vn 0.1092 -0.9805 -0.1634
vn 0.0554 -0.9950 -0.0827
vn 0.0632 0.9950 -0.0770
vn 0.1247 0.9805 -0.1519
vn 0.1851 0.9565 -0.2254
vn 0.2436 0.9234 -0.2968
vn 0.2997 0.8813 -0.3653
vn 0.3531 0.8308 -0.4302
vn 0.4030 0.7723 -0.4911
vn 0.4491 0.7064 -0.5472
vn 0.4908 0.6336 -0.5981
vn 0.5278 0.5548 -0.6432
vn 0.5597 0.4708 -0.6820
vn 0.5862 0.3822 -0.7143
vn 0.6072 0.2899 -0.7398
vn 0.6223 0.1948 -0.7582
vn 0.6313 0.0979 -0.7693
vn 0.6343 -0.0000 -0.7731
vn 0.6314 -0.0979 -0.7693
vn 0.6223 -0.1947 -0.7582
vn 0.6071 -0.2899 -0.7398
vn 0.5863 -0.3822 -0.7143
vn 0.5598 -0.4707 -0.6820
vn 0.5277 -0.5548 -0.6432
vn 0.4908 -0.6336 -0.5981
vn 0.4491 -0.7064 -0.5472
vn 0.4029 -0.7723 -0.4911
vn 0.3531 -0.8308 -0.4303
vn 0.2997 -0.8813 -0.3653
vn 0.2437 -0.9233 -0.2968
vn 0.1851 -0.9565 -0.2254
vn 0.1247 -0.9805 -0.1519
vn 0.0632 -0.9950 -0.0770
vn 0.0704 0.9950 -0.0704
vn 0.1390 0.9805 -0.1390
vn 0.2063 0.9565 -0.2063
vn 0.2715 0.9234 -0.2715
vn 0.3341 0.8813 -0.3341
vn 0.3936 0.8308 -0.3936
vn 0.4492 0.7723 -0.4492
vn 0.5005 0.7064 -0.5005
vn 0.5471 0.6336 -0.5470
vn 0.5883 0.5547 -0.5884
vn 0.6239 0.4707 -0.6239
vn 0.6534 0.3823 -0.6534
vn 0.6767 0.2899 -0.6768
vn 0.6936 0.1948 -0.6936
vn 0.7037 0.0979 -0.7037
vn 0.7071 -0.0000 -0.7071
vn 0.7037 -0.0979 -0.7037
vn 0.6936 -0.1948 -0.6936
vn 0.6768 -0.2899 -0.6767
vn 0.6534 -0.3823 -0.6534
vn 0.6239 -0.4707 -0.6239
vn 0.5884 -0.5547 -0.5883
vn 0.5470 -0.6336 -0.5471
vn 0.5005 -0.7064 -0.5005
vn 0.4492 -0.7723 -0.4492
vn 0.3936 -0.8308 -0.3936
vn 0.3341 -0.8813 -0.3341
vn 0.2715 -0.9234 -0.2715
vn 0.2063 -0.9565 -0.2063
vn 0.1390 -0.9805 -0.1390
vn 0.0704 -0.9950 -0.0704
vn 0.0770 0.9950 -0.0632
vn 0.1519 0.9805 -0.1247
vn 0.2254 0.9565 -0.1851
vn 0.2968 0.9233 -0.2437
vn 0.3653 0.8813 -0.2997
vn 0.4303 0.8308 -0.3531
vn 0.4911 0.7723 -0.4029
vn 0.5472 0.7064 -0.4491
vn 0.5981 0.6336 -0.4908
vn 0.6432 0.5548 -0.5277
vn 0.6820 0.4707 -0.5598
vn 0.7143 0.3822 -0.5863
vn 0.7398 0.2899 -0.6071
vn 0.7582 0.1947 -0.6223
vn 0.7693 0.0979 -0.6314
vn 0.7731 -0.0000 -0.6343
vn 0.7693 -0.0979 -0.6313
vn 0.7582 -0.1948 -0.6223
vn 0.7398 -0.2899 -0.6072
vn 0.7143 -0.3822 -0.5862
vn 0.6820 -0.4708 -0.5597
vn 0.6432 -0.5548 -0.5278
vn 0.5981 -0.6336 -0.4908
vn 0.5472 -0.7064 -0.4491
vn 0.4911 -0.7723 -0.4030
vn 0.4302 -0.8308 -0.3531
vn 0.3653 -0.8813 -0.2997
vn 0.2968 -0.9234 -0.2436
vn 0.2254 -0.9565 -0.1851
vn 0.1519 -0.9805 -0.1247
vn 0.0770 -0.9950 -0.0632
vn 0.0827 0.9950 -0.0554
vn 0.1634 0.9805 -0.1092
vn 0.2426 0.9565 -0.1620
vn 0.3193 0.9233 -0.2133
vn 0.3929 0.8813 -0.2625
vn 0.4628 0.8308 -0.3092
vn 0.5282 0.7723 -0.3529
vn 0.5886 0.7064 -0.3932
vn 0.6433 0.6336 -0.4298
vn 0.6918 0.5548 -0.4622
vn 0.7336 0.4708 -0.4901
vn 0.7683 0.3822 -0.5134
vn 0.7958 0.2899 -0.5317
vn 0.8155 0.1948 -0.5450
vn 0.8275 0.0978 -0.5529
vn 0.8315 -0.0000 -0.5555
vn 0.8275 -0.0978 -0.5529
vn 0.8155 -0.1948 -0.5450
vn 0.7958 -0.2898 -0.5317
vn 0.7683 -0.3823 -0.5134
vn 0.7336 -0.4708 -0.4901
vn 0.6918 -0.5548 -0.4622
vn 0.6433 -0.6336 -0.4298
vn 0.5886 -0.7064 -0.3932
vn 0.5282 -0.7723 -0.3529
vn 0.4628 -0.8308 -0.3092
vn 0.3929 -0.8813 -0.2625
vn 0.3193 -0.9233 -0.2133
vn 0.2426 -0.9565 -0.1620
vn 0.1634 -0.9805 -0.1092
vn 0.0827 -0.9950 -0.0554
vn 0.0878 0.9950 -0.0470
vn 0.1733 0.9805 -0.0927
vn 0.2572 0.9565 -0.1375
vn 0.3386 0.9234 -0.1810
vn 0.4167 0.8813 -0.2228
vn 0.4909 0.8308 -0.2623
vn 0.5603 0.7723 -0.2995
vn 0.6243 0.7064 -0.3336
vn 0.6823 0.6336 -0.3646
vn 0.7337 0.5548 -0.3922
vn 0.7780 0.4708 -0.4159
vn 0.8150 0.3822 -0.4356
vn 0.8441 0.2899 -0.4511
vn 0.8650 0.1948 -0.4624
vn 0.8777 0.0978 -0.4692
vn 0.8819 -0.0000 -0.4714
vn 0.8777 -0.0978 -0.4691
vn 0.8650 -0.1948 -0.4624
vn 0.8441 -0.2899 -0.4511
vn 0.8150 -0.3822 -0.4355
vn 0.7780 -0.4709 -0.4159
vn 0.7337 -0.5548 -0.3922
vn 0.6824 -0.6336 -0.3646
vn 0.6243 -0.7064 -0.3336
vn 0.5602 -0.7723 -0.2995
vn 0.4909 -0.8308 -0.2624
vn 0.4167 -0.8813 -0.2228
vn 0.3386 -0.9233 -0.1810
vn 0.2572 -0.9565 -0.1375
vn 0.1733 -0.9805 -0.0927
vn 0.0878 -0.9950 -0.0470
vn 0.0921 0.9950 -0.0380
vn 0.1816 0.9805 -0.0752
vn 0.2695 0.9565 -0.1117
vn 0.3547 0.9234 -0.1470
vn 0.4366 0.8813 -0.1808
vn 0.5142 0.8308 -0.2130
vn 0.5869 0.7723 -0.2431
vn 0.6540 0.7063 -0.2710
vn 0.7147 0.6337 -0.2961
vn 0.7686 0.5548 -0.3184
vn 0.8151 0.4707 -0.3377
vn 0.8538 0.3822 -0.3536
vn 0.8842 0.2899 -0.3662
vn 0.9062 0.1948 -0.3753
vn 0.9195 0.0978 -0.3808
vn 0.9239 -0.0000 -0.3827
vn 0.9195 -0.0978 -0.3808
vn 0.9062 -0.1948 -0.3753
vn 0.8842 -0.2899 -0.3663
vn 0.8537 -0.3822 -0.3536
vn 0.8151 -0.4707 -0.3376
vn 0.7686 -0.5549 -0.3185
vn 0.7147 -0.6336 -0.2961
vn 0.6540 -0.7063 -0.2709
vn 0.5870 -0.7723 -0.2431
vn 0.5142 -0.8308 -0.2130
vn 0.4366 -0.8813 -0.1808
vn 0.3547 -0.9234 -0.1470
vn 0.2695 -0.9565 -0.1117
vn 0.1816 -0.9805 -0.0752
vn 0.0921 -0.9950 -0.0380
vn 0.0953 0.9950 -0.0288
vn 0.1881 0.9805 -0.0570
vn 0.2791 0.9565 -0.0847
vn 0.3674 0.9233 -0.1115
vn 0.4522 0.8813 -0.1372
vn 0.5326 0.8308 -0.1616
vn 0.6079 0.7723 -0.1844
vn 0.6774 0.7064 -0.2055
vn 0.7403 0.6336 -0.2246
vn 0.7961 0.5548 -0.2415
vn 0.8443 0.4708 -0.2561
vn 0.8843 0.3822 -0.2683
vn 0.9159 0.2899 -0.2778
vn 0.9386 0.1947 -0.2847
vn 0.9524 0.0978 -0.2888
vn 0.9569 -0.0000 -0.2903
vn 0.9524 -0.0978 -0.2888
vn 0.9386 -0.1948 -0.2847
vn 0.9159 -0.2899 -0.2778
vn 0.8843 -0.3822 -0.2683
vn 0.8443 -0.4708 -0.2561
vn 0.7962 -0.5548 -0.2415
vn 0.7403 -0.6336 -0.2246
vn 0.6774 -0.7064 -0.2055
vn 0.6079 -0.7723 -0.1844
vn 0.5326 -0.8308 -0.1616
vn 0.4522 -0.8813 -0.1372
vn 0.3674 -0.9233 -0.1115
vn 0.2791 -0.9565 -0.0847
vn 0.1881 -0.9805 -0.0570
vn 0.0953 -0.9950 -0.0289
vn 0.0977 0.9950 -0.0195
vn 0.1927 0.9805 -0.0383
vn 0.2861 0.9565 -0.0569
vn 0.3766 0.9233 -0.0749
vn 0.4635 0.8813 -0.0922
vn 0.5459 0.8308 -0.1086
vn 0.6231 0.7723 -0.1240
vn 0.6943 0.7063 -0.1381
vn 0.7588 0.6336 -0.1508
vn 0.8160 0.5549 -0.1622
vn 0.8653 0.4708 -0.1721
vn 0.9063 0.3822 -0.1803
vn 0.9387 0.2898 -0.1867
vn 0.9620 0.1948 -0.1913
vn 0.9761 0.0978 -0.1942
vn 0.9808 -0.0000 -0.1951
vn 0.9761 -0.0978 -0.1942
vn 0.9620 -0.1947 -0.1913
vn 0.9387 -0.2898 -0.1867
vn 0.9063 -0.3822 -0.1803
vn 0.8653 -0.4708 -0.1721
vn 0.8160 -0.5548 -0.1623
vn 0.7588 -0.6336 -0.1508
vn 0.6943 -0.7064 -0.1381
vn 0.6231 -0.7723 -0.1239
vn 0.5459 -0.8308 -0.1086
vn 0.4635 -0.8813 -0.0922
vn 0.3766 -0.9233 -0.0749
vn 0.2861 -0.9565 -0.0569
vn 0.1927 -0.9805 -0.0384
vn 0.0977 -0.9950 -0.0195
vn 0.0991 0.9950 -0.0098
vn 0.1956 0.9805 -0.0193
vn 0.2903 0.9565 -0.0286
vn 0.3821 0.9233 -0.0377
vn 0.4703 0.8813 -0.0462
vn 0.5539 0.8308 -0.0545
vn 0.6322 0.7723 -0.0623
vn 0.7045 0.7063 -0.0694
vn 0.7699 0.6336 -0.0758
vn 0.8279 0.5549 -0.0815
vn 0.8780 0.4708 -0.0864
vn 0.9197 0.3821 -0.0905
vn 0.9525 0.2898 -0.0937
vn 0.9761 0.1949 -0.0960
vn 0.9904 0.0979 -0.0975
vn 0.9952 -0.0000 -0.0981
vn 0.9904 -0.0979 -0.0975
vn 0.9761 -0.1949 -0.0961
vn 0.9525 -0.2898 -0.0937
vn 0.9197 -0.3821 -0.0905
vn 0.8780 -0.4708 -0.0864
vn 0.8279 -0.5549 -0.0815
vn 0.7699 -0.6336 -0.0758
vn 0.7045 -0.7063 -0.0694
vn 0.6322 -0.7723 -0.0623
vn 0.5539 -0.8308 -0.0545
vn 0.4703 -0.8813 -0.0462
vn 0.3821 -0.9233 -0.0377
vn 0.2903 -0.9565 -0.0286
vn 0.1956 -0.9805 -0.0193
vn 0.0991 -0.9950 -0.0098
vn 0.0996 0.9950 -0.0000
vn 0.1965 0.9805 -0.0000
vn 0.2917 0.9565 -0.0000
vn 0.3840 0.9233 -0.0000
vn 0.4725 0.8813 -0.0000
vn 0.5566 0.8308 -0.0000
vn 0.6352 0.7723 -0.0000
vn 0.7079 0.7063 -0.0000
vn 0.7737 0.6336 -0.0000
vn 0.8320 0.5548 -0.0000
vn 0.8823 0.4707 -0.0000
vn 0.9241 0.3821 -0.0000
vn 0.9571 0.2898 -0.0000
vn 0.9808 0.1948 -0.0000
vn 0.9952 0.0979 -0.0000
vn 1.0000 -0.0000 -0.0000
vn 0.9952 -0.0979 -0.0000
vn 0.9808 -0.1948 -0.0000
vn 0.9571 -0.2898 -0.0000
vn 0.9241 -0.3821 -0.0000
vn 0.8823 -0.4707 -0.0000
vn 0.8320 -0.5548 -0.0000
vn 0.7737 -0.6336 -0.0000
vn 0.7079 -0.7063 -0.0000
vn 0.6352 -0.7723 -0.0000
vn 0.5566 -0.8308 -0.0000
vn 0.4725 -0.8813 -0.0000
vn 0.3840 -0.9233 -0.0000
vn 0.2917 -0.9565 -0.0000
vn 0.1965 -0.9805 -0.0000
vn 0.0996 -0.9950 -0.0000
vn 0.0991 0.9950 0.0098
vn 0.1956 0.9805 0.0193
vn 0.2903 0.9565 0.0286
vn 0.3821 0.9233 0.0377
vn 0.4703 0.8813 0.0462
vn 0.5539 0.8308 0.0545
vn 0.6322 0.7723 0.0623
vn 0.7045 0.7063 0.0694
vn 0.7699 0.6336 0.0758
vn 0.8279 0.5549 0.0815
vn 0.8780 0.4708 0.0864
vn 0.9197 0.3821 0.0905
vn 0.9525 0.2898 0.0937
vn 0.9761 0.1949 0.0961
vn 0.9904 0.0979 0.0975
vn 0.9952 -0.0000 0.0981
vn 0.9904 -0.0979 0.0975
vn 0.9761 -0.1949 0.0960
vn 0.9525 -0.2898 0.0937
vn 0.9197 -0.3821 0.0905
vn 0.8780 -0.4708 0.0864
vn 0.8279 -0.5549 0.0815
vn 0.7699 -0.6336 0.0758
vn 0.7045 -0.7063 0.0694
vn 0.6322 -0.7723 0.0623
vn 0.5539 -0.8308 0.0545
vn 0.4703 -0.8813 0.0462
vn 0.3821 -0.9233 0.0377
vn 0.2903 -0.9565 0.0286
vn 0.1956 -0.9805 0.0193
vn 0.0991 -0.9950 0.0098
vn 0.0977 0.9950 0.0195
vn 0.1927 0.9805 0.0384
vn 0.2861 0.9565 0.0569
vn 0.3766 0.9233 0.0749
vn 0.4635 0.8813 0.0922
vn 0.5459 0.8308 0.1086
vn 0.6231 0.7723 0.1239
vn 0.6943 0.7064 0.1381
vn 0.7588 0.6336 0.1508
vn 0.8160 0.5548 0.1623
vn 0.8653 0.4708 0.1721
vn 0.9063 0.3822 0.1803
vn 0.9387 0.2898 0.1867
vn 0.9620 0.1947 0.1913
vn 0.9761 0.0978 0.1942
vn 0.9808 -0.0000 0.1951
vn 0.9761 -0.0978 0.1942
vn 0.9620 -0.1948 0.1913
vn 0.9387 -0.2898 0.1867
vn 0.9063 -0.3822 0.1803
vn 0.8653 -0.4708 0.1721
vn 0.8160 -0.5549 0.1622
vn 0.7588 -0.6336 0.1508
vn 0.6943 -0.7063 0.1381
vn 0.6231 -0.7723 0.1240
vn 0.5459 -0.8308 0.1086
vn 0.4635 -0.8813 0.0922
vn 0.3766 -0.9233 0.0749
vn 0.2861 -0.9565 0.0569
vn 0.1927 -0.9805 0.0383
vn 0.0977 -0.9950 0.0195
vn 0.0953 0.9950 0.0289
vn 0.1881 0.9805 0.0570
vn 0.2791 0.9565 0.0847
vn 0.3674 0.9233 0.1115
vn 0.4522 0.8813 0.1372
vn 0.5326 0.8308 0.1616
vn 0.6079 0.7723 0.1844
vn 0.6774 0.7064 0.2055
vn 0.7403 0.6336 0.2246
vn 0.7962 0.5548 0.2415
vn 0.8443 0.4708 0.2561
vn 0.8843 0.3822 0.2683
vn 0.9159 0.2899 0.2778
vn 0.9386 0.1948 0.2847
vn 0.9524 0.0978 0.2888
vn 0.9569 -0.0000 0.2903
vn 0.9524 -0.0978 0.2888
vn 0.9386 -0.1947 0.2847
vn 0.9159 -0.2899 0.2778
vn 0.8843 -0.3822 0.2683
vn 0.8443 -0.4708 0.2561
vn 0.7961 -0.5548 0.2415
vn 0.7403 -0.6336 0.2246
vn 0.6774 -0.7064 0.2055
vn 0.6079 -0.7723 0.1844
vn 0.5326 -0.8308 0.1616
vn 0.4522 -0.8813 0.1372
vn 0.3674 -0.9233 0.1115
vn 0.2791 -0.9565 0.0847
vn 0.1881 -0.9805 0.0570
vn 0.0953 -0.9950 0.0288
vn 0.0921 0.9950 0.0380
vn 0.1816 0.9805 0.0752
vn 0.2695 0.9565 0.1117
vn 0.3547 0.9234 0.1470
vn 0.4366 0.8813 0.1808
vn 0.5142 0.8308 0.2130
vn 0.5870 0.7723 0.2431
vn 0.6540 0.7063 0.2709
vn 0.7147 0.6336 0.2961
vn 0.7686 0.5549 0.3185
vn 0.8151 0.4707 0.3376
vn 0.8537 0.3822 0.3536
vn 0.8842 0.2899 0.3663
vn 0.9062 0.1948 0.3753
vn 0.9195 0.0978 0.3808
vn 0.9239 -0.0000 0.3827
vn 0.9195 -0.0978 0.3808
vn 0.9062 -0.1948 0.3753
vn 0.8842 -0.2899 0.3662
vn 0.8538 -0.3822 0.3536
vn 0.8151 -0.4707 0.3377
vn 0.7686 -0.5548 0.3184
vn 0.7147 -0.6337 0.2961
vn 0.6540 -0.7063 0.2710
vn 0.5869 -0.7723 0.2431
vn 0.5142 -0.8308 0.2130
vn 0.4366 -0.8813 0.1808
vn 0.3547 -0.9234 0.1470
vn 0.2695 -0.9565 0.1117
vn 0.1816 -0.9805 0.0752
vn 0.0921 -0.9950 0.0380
vn 0.0878 0.9950 0.0470
vn 0.1733 0.9805 0.0927
vn 0.2572 0.9565 0.1375
vn 0.3386 0.9233 0.1810
vn 0.4167 0.8813 0.2228
vn 0.4909 0.8308 0.2624
vn 0.5602 0.7723 0.2995
vn 0.6243 0.7064 0.3336
vn 0.6824 0.6336 0.3646
vn 0.7337 0.5548 0.3922
vn 0.7780 0.4709 0.4159
vn 0.8150 0.3822 0.4355
vn 0.8441 0.2899 0.4511
vn 0.8650 0.1948 0.4624
vn 0.8777 0.0978 0.4691
vn 0.8819 -0.0000 0.4714
vn 0.8777 -0.0978 0.4692
vn 0.8650 -0.1948 0.4624
vn 0.8441 -0.2899 0.4511
vn 0.8150 -0.3822 0.4356
vn 0.7780 -0.4708 0.4159
vn 0.7337 -0.5548 0.3922
vn 0.6823 -0.6336 0.3646
vn 0.6243 -0.7064 0.3336
vn 0.5603 -0.7723 0.2995
vn 0.4909 -0.8308 0.2623
vn 0.4167 -0.8813 0.2228
vn 0.3386 -0.9234 0.1810
vn 0.2572 -0.9565 0.1375
vn 0.1733 -0.9805 0.0927
vn 0.0878 -0.9950 0.0470
vn 0.0827 0.9950 0.0554
vn 0.1634 0.9805 0.1092
vn 0.2426 0.9565 0.1620
vn 0.3193 0.9233 0.2133
vn 0.3929 0.8813 0.2625
vn 0.4628 0.8308 0.3092
vn 0.5282 0.7723 0.3529
vn 0.5886 0.7064 0.3932
vn 0.6433 0.6336 0.4298
vn 0.6918 0.5548 0.4622
vn 0.7336 0.4708 0.4901
vn 0.7683 0.3823 0.5134
vn 0.7958 0.2898 0.5317
vn 0.8155 0.1948 0.5450
vn 0.8275 0.0978 0.5529
vn 0.8315 -0.0000 0.5555
vn 0.8275 -0.0978 0.5529
vn 0.8155 -0.1948 0.5450
vn 0.7958 -0.2899 0.5317
vn 0.7683 -0.3822 0.5134
vn 0.7336 -0.4708 0.4901
vn 0.6918 -0.5548 0.4622
vn 0.6433 -0.6336 0.4298
vn 0.5886 -0.7064 0.3932
vn 0.5282 -0.7723 0.3529
vn 0.4628 -0.8308 0.3092
vn 0.3929 -0.8813 0.2625
vn 0.3193 -0.9233 0.2133
vn 0.2426 -0.9565 0.1620
vn 0.1634 -0.9805 0.1092
vn 0.0827 -0.9950 0.0554
vn 0.0770 0.9950 0.0632
vn 0.1519 0.9805 0.1247
vn 0.2254 0.9565 0.1851
vn 0.2968 0.9234 0.2436
vn 0.3653 0.8813 0.2997
vn 0.4302 0.8308 0.3531
vn 0.4911 0.7723 0.4030
vn 0.5472 0.7064 0.4491
vn 0.5981 0.6336 0.4908
vn 0.6432 0.5548 0.5278
vn 0.6820 0.4708 0.5597
vn 0.7143 0.3822 0.5862
vn 0.7398 0.2899 0.6072
vn 0.7582 0.1948 0.6223
vn 0.7693 0.0979 0.6313
vn 0.7731 -0.0000 0.6343
vn 0.7693 -0.0979 0.6314
vn 0.7582 -0.1947 0.6223
vn 0.7398 -0.2899 0.6071
vn 0.7143 -0.3822 0.5863
vn 0.6820 -0.4707 0.5598
vn 0.6432 -0.5548 0.5277
vn 0.5981 -0.6336 0.4908
vn 0.5472 -0.7064 0.4491
vn 0.4911 -0.7723 0.4029
vn 0.4303 -0.8308 0.3531
vn 0.3653 -0.8813 0.2997
vn 0.2968 -0.9233 0.2437
vn 0.2254 -0.9565 0.1851
vn 0.1519 -0.9805 0.1247
vn 0.0770 -0.9950 0.0632
vn 0.0704 0.9950 0.0704
vn 0.1390 0.9805 0.1390
vn 0.2063 0.9565 0.2063
vn 0.2715 0.9234 0.2715
vn 0.3341 0.8813 0.3341
vn 0.3936 0.8308 0.3936
vn 0.4492 0.7723 0.4492
vn 0.5005 0.7064 0.5005
vn 0.5470 0.6336 0.5471
vn 0.5884 0.5547 0.5883
vn 0.6239 0.4707 0.6239
vn 0.6534 0.3823 0.6534
vn 0.6768 0.2899 0.6767
vn 0.6936 0.1948 0.6936
vn 0.7037 0.0979 0.7037
vn 0.7071 -0.0000 0.7071
vn 0.7037 -0.0979 0.7037
vn 0.6936 -0.1948 0.6936
vn 0.6767 -0.2899 0.6768
vn 0.6534 -0.3823 0.6534
vn 0.6239 -0.4707 0.6239
vn 0.5883 -0.5547 0.5884
vn 0.5471 -0.6336 0.5470
vn 0.5005 -0.7064 0.5005
vn 0.4492 -0.7723 0.4492
vn 0.3936 -0.8308 0.3936
vn 0.3341 -0.8813 0.3341
vn 0.2715 -0.9234 0.2715
vn 0.2063 -0.9565 0.2063
vn 0.1390 -0.9805 0.1390
vn 0.0704 -0.9950 0.0704
vn 0.0632 0.9950 0.0770
vn 0.1247 0.9805 0.1519
vn 0.1851 0.9565 0.2254
vn 0.2437 0.9233 0.2968
vn 0.2997 0.8813 0.3653
vn 0.3531 0.8308 0.4303
vn 0.4029 0.7723 0.4911
vn 0.4491 0.7064 0.5472
vn 0.4908 0.6336 0.5981
vn 0.5277 0.5548 0.6432
vn 0.5598 0.4707 0.6820
vn 0.5863 0.3822 0.7143
vn 0.6071 0.2899 0.7398
vn 0.6223 0.1947 0.7582
vn 0.6314 0.0979 0.7693
vn 0.6343 -0.0000 0.7731
vn 0.6313 -0.0979 0.7693
vn 0.6223 -0.1948 0.7582
vn 0.6072 -0.2899 0.7398
vn 0.5862 -0.3822 0.7143
vn 0.5597 -0.4708 0.6820
vn 0.5278 -0.5548 0.6432
vn 0.4908 -0.6336 0.5981
vn 0.4491 -0.7064 0.5472
vn 0.4030 -0.7723 0.4911
vn 0.3531 -0.8308 0.4302
vn 0.2997 -0.8813 0.3653
vn 0.2436 -0.9234 0.2968
vn 0.1851 -0.9565 0.2254
vn 0.1247 -0.9805 0.1519
vn 0.0632 -0.9950 0.0770
vn 0.0554 0.9950 0.0827
vn 0.1092 0.9805 0.1634
vn 0.1620 0.9565 0.2426
vn 0.2133 0.9233 0.3193
vn 0.2625 0.8813 0.3929
vn 0.3092 0.8308 0.4628
vn 0.3529 0.7723 0.5282
vn 0.3932 0.7064 0.5886
vn 0.4298 0.6336 0.6433
vn 0.4622 0.5548 0.6918
vn 0.4901 0.4708 0.7336
vn 0.5134 0.3822 0.7683
vn 0.5317 0.2899 0.7958
vn 0.5450 0.1948 0.8155
vn 0.5529 0.0978 0.8275
vn 0.5555 -0.0000 0.8315
vn 0.5529 -0.0978 0.8275
vn 0.5450 -0.1948 0.8155
vn 0.5317 -0.2898 0.7958
vn 0.5134 -0.3823 0.7683
vn 0.4901 -0.4708 0.7336
vn 0.4622 -0.5548 0.6918
vn 0.4298 -0.6336 0.6433
vn 0.3932 -0.7064 0.5886
vn 0.3529 -0.7723 0.5282
vn 0.3092 -0.8308 0.4628
vn 0.2625 -0.8813 0.3929
vn 0.2133 -0.9233 0.3193
vn 0.1620 -0.9565 0.2426
vn 0.1092 -0.9805 0.1634
vn 0.0554 -0.9950 0.0827
vn 0.0470 0.9950 0.0878
vn 0.0927 0.9805 0.1733
vn 0.1375 0.9565 0.2572
vn 0.1810 0.9234 0.3386
vn 0.2228 0.8813 0.4167
vn 0.2623 0.8308 0.4909
vn 0.2995 0.7723 0.5603
vn 0.3336 0.7064 0.6243
vn 0.3646 0.6336 0.6823
vn 0.3922 0.5548 0.7337
vn 0.4159 0.4708 0.7780
vn 0.4356 0.3822 0.8150
vn 0.4511 0.2899 0.8441
vn 0.4624 0.1948 0.8650
vn 0.4692 0.0978 0.8777
vn 0.4714 -0.0000 0.8819
vn 0.4691 -0.0978 0.8777
vn 0.4624 -0.1948 0.8650
vn 0.4511 -0.2899 0.8441
vn 0.4355 -0.3822 0.8150
vn 0.4159 -0.4709 0.7780
vn 0.3922 -0.5548 0.7337
vn 0.3646 -0.6336 0.6824
vn 0.3336 -0.7064 0.6243
vn 0.2995 -0.7723 0.5602
vn 0.2624 -0.8308 0.4909
vn 0.2228 -0.8813 0.4167
vn 0.1810 -0.9233 0.3386
vn 0.1375 -0.9565 0.2572
vn 0.0927 -0.9805 0.1733
vn 0.0470 -0.9950 0.0878
vn 0.0380 0.9950 0.0921
vn 0.0752 0.9805 0.1816
vn 0.1117 0.9565 0.2695
vn 0.1470 0.9234 0.3547
vn 0.1808 0.8813 0.4366
vn 0.2130 0.8308 0.5142
vn 0.2431 0.7723 0.5869
vn 0.2710 0.7063 0.6540
vn 0.2961 0.6337 0.7147
vn 0.3184 0.5548 0.7686
vn 0.3377 0.4707 0.8151
vn 0.3536 0.3822 0.8538
vn 0.3662 0.2899 0.8842
vn 0.3753 0.1948 0.9062
vn 0.3808 0.0978 0.9195
vn 0.3827 -0.0000 0.9239
vn 0.3808 -0.0978 0.9195
vn 0.3753 -0.1948 0.9062
vn 0.3663 -0.2899 0.8842
vn 0.3536 -0.3822 0.8537
vn 0.3376 -0.4707 0.8151
vn 0.3185 -0.5549 0.7686
vn 0.2961 -0.6336 0.7147
vn 0.2709 -0.7063 0.6540
vn 0.2431 -0.7723 0.5870
vn 0.2130 -0.8308 0.5142
vn 0.1808 -0.8813 0.4366
vn 0.1470 -0.9234 0.3547
vn 0.1117 -0.9565 0.2695
vn 0.0752 -0.9805 0.1816
vn 0.0380 -0.9950 0.0921
vn 0.0289 0.9950 0.0953
vn 0.0570 0.9805 0.1881
vn 0.0847 0.9565 0.2791
vn 0.1115 0.9233 0.3674
vn 0.1372 0.8813 0.4522
vn 0.1616 0.8308 0.5326
vn 0.1844 0.7723 0.6079
vn 0.2055 0.7064 0.6774
vn 0.2246 0.6336 0.7403
vn 0.2415 0.5548 0.7961
vn 0.2561 0.4708 0.8443
vn 0.2683 0.3822 0.8843
vn 0.2778 0.2899 0.9159
vn 0.2847 0.1947 0.9386
vn 0.2888 0.0978 0.9524
vn 0.2903 -0.0000 0.9569
vn 0.2888 -0.0978 0.9524
vn 0.2847 -0.1948 0.9386
vn 0.2778 -0.2899 0.9159
vn 0.2683 -0.3822 0.8843
vn 0.2561 -0.4708 0.8443
vn 0.2415 -0.5548 0.7962
vn 0.2246 -0.6336 0.7403
vn 0.2055 -0.7064 0.6773
vn 0.1844 -0.7723 0.6079
vn 0.1616 -0.8308 0.5326
vn 0.1372 -0.8813 0.4522
vn 0.1115 -0.9233 0.3674
vn 0.0847 -0.9565 0.2791
vn 0.0570 -0.9805 0.1881
vn 0.0289 -0.9950 0.0953
vn 0.0195 0.9950 0.0977
vn 0.0383 0.9805 0.1927
vn 0.0569 0.9565 0.2861
vn 0.0749 0.9233 0.3766
vn 0.0922 0.8813 0.4635
vn 0.1086 0.8308 0.5459
vn 0.1240 0.7723 0.6231
vn 0.1381 0.7063 0.6943
vn 0.1508 0.6336 0.7588
vn 0.1622 0.5549 0.8160
vn 0.1721 0.4708 0.8653
vn 0.1803 0.3822 0.9063
vn 0.1867 0.2898 0.9387
vn 0.1913 0.1948 0.9620
vn 0.1942 0.0978 0.9761
vn 0.1951 -0.0000 0.9808
vn 0.1942 -0.0978 0.9761
vn 0.1913 -0.1947 0.9620
vn 0.1867 -0.2898 0.9387
vn 0.1803 -0.3822 0.9063
vn 0.1721 -0.4708 0.8653
vn 0.1623 -0.5548 0.8160
vn 0.1508 -0.6336 0.7588
vn 0.1381 -0.7064 0.6943
vn 0.1239 -0.7723 0.6231
vn 0.1086 -0.8308 0.5459
vn 0.0922 -0.8813 0.4635
vn 0.0749 -0.9233 0.3766
vn 0.0569 -0.9565 0.2861
vn 0.0384 -0.9805 0.1927
vn 0.0195 -0.9950 0.0977
vn 0.0098 0.9950 0.0991
vn 0.0193 0.9805 0.1956
vn 0.0286 0.9565 0.2903
vn 0.0377 0.9233 0.3821
vn 0.0462 0.8813 0.4703
vn 0.0545 0.8308 0.5539
vn 0.0623 0.7723 0.6322
vn 0.0694 0.7063 0.7045
vn 0.0758 0.6336 0.7699
vn 0.0815 0.5549 0.8279
vn 0.0864 0.4708 0.8780
vn 0.0905 0.3821 0.9197
vn 0.0937 0.2898 0.9525
vn 0.0960 0.1949 0.9761
vn 0.0975 0.0979 0.9904
vn 0.0981 -0.0000 0.9952
vn 0.0975 -0.0979 0.9904
vn 0.0961 -0.1949 0.9761
vn 0.0937 -0.2898 0.9525
vn 0.0905 -0.3821 0.9197
vn 0.0864 -0.4708 0.8780
vn 0.0815 -0.5549 0.8279
vn 0.0758 -0.6336 0.7699
vn 0.0694 -0.7063 0.7045
vn 0.0623 -0.7723 0.6322
vn 0.0545 -0.8308 0.5539
vn 0.0462 -0.8813 0.4703
vn 0.0377 -0.9233 0.3821
vn 0.0286 -0.9565 0.2903
vn 0.0193 -0.9805 0.1956
vn 0.0098 -0.9950 0.0991
vt 0.984387 0.968749
vt 1.000000 0.968747
vt 0.992193 1.000000
vt 0.984377 0.937496
vt 1.000000 0.937498
vt 0.984374 0.906251
vt 1.000000 0.906247
vt 0.984371 0.874994
vt 1.000000 0.874996
vt 0.984372 0.843751
vt 1.000000 0.843753
vt 0.984376 0.812496
vt 1.000000 0.812499
vt 0.984374 0.781252
vt 1.000000 0.781249
vt 0.984376 0.750002
vt 1.000000 0.750000
vt 0.984376 0.718753
vt 1.000000 0.718751
vt 0.984376 0.687501
vt 1.000000 0.687501
vt 0.984373 0.656246
vt 1.000000 0.656247
vt 0.984374 0.625002
vt 1.000000 0.625005
vt 0.984376 0.593754
vt 1.000000 0.593753
vt 0.984375 0.562502
vt 1.000000 0.562502
vt 0.984375 0.531253
vt 1.000000 0.531253
vt 0.984373 0.500000
vt 1.000000 0.500000
vt 0.984375 0.468747
vt 1.000000 0.468747
vt 0.984375 0.437499
vt 1.000000 0.437498
vt 0.984376 0.406246
vt 1.000000 0.406247
vt 0.984374 0.374998
vt 1.000000 0.374996
vt 0.984373 0.343754
vt 1.000000 0.343753
vt 0.984376 0.312499
vt 1.000000 0.312499
vt 0.984377 0.281247
vt 1.000000 0.281249
vt 0.984376 0.249998
vt 1.000000 0.250000
vt 0.984374 0.218748
vt 1.000000 0.218751
vt 0.984376 0.187504
vt 1.000000 0.187501
vt 0.984372 0.156249
vt 1.000000 0.156247
vt 0.984371 0.125006
vt 1.000000 0.125004
vt 0.984374 0.093749
vt 1.000000 0.093753
vt 0.984378 0.062503
vt 1.000000 0.062502
vt 0.984387 0.031251
vt 1.000000 0.031253
vt 0.992194 0.000000
vt 0.968753 0.968750
vt 0.976570 1.000000
vt 0.968754 0.937502
vt 0.968747 0.906245
vt 0.968747 0.874997
vt 0.968748 0.843747
vt 0.968754 0.812497
vt 0.968751 0.781248
vt 0.968751 0.750003
vt 0.968751 0.718751
vt 0.968750 0.687501
vt 0.968751 0.656246
vt 0.968750 0.625002
vt 0.968750 0.593752
vt 0.968752 0.562501
vt 0.968748 0.531253
vt 0.968749 0.500000
vt 0.968748 0.468747
vt 0.968752 0.437499
vt 0.968750 0.406248
vt 0.968750 0.374998
vt 0.968751 0.343755
vt 0.968750 0.312499
vt 0.968751 0.281249
vt 0.968751 0.249997
vt 0.968751 0.218752
vt 0.968754 0.187503
vt 0.968748 0.156253
vt 0.968747 0.125003
vt 0.968747 0.093755
vt 0.968754 0.062498
vt 0.968753 0.031250
vt 0.976570 0.000000
vt 0.953119 0.968753
vt 0.960936 1.000000
vt 0.953119 0.937497
vt 0.953124 0.906249
vt 0.953123 0.874996
vt 0.953129 0.843752
vt 0.953124 0.812497
vt 0.953123 0.781253
vt 0.953127 0.750002
vt 0.953124 0.718750
vt 0.953126 0.687499
vt 0.953126 0.656247
vt 0.953126 0.625002
vt 0.953125 0.593753
vt 0.953123 0.562500
vt 0.953125 0.531254
vt 0.953123 0.500000
vt 0.953125 0.468747
vt 0.953123 0.437500
vt 0.953125 0.406247
vt 0.953126 0.374998
vt 0.953126 0.343753
vt 0.953126 0.312501
vt 0.953124 0.281250
vt 0.953127 0.249998
vt 0.953123 0.218747
vt 0.953124 0.187502
vt 0.953129 0.156248
vt 0.953124 0.125004
vt 0.953125 0.093751
vt 0.953119 0.062503
vt 0.953120 0.031247
vt 0.960937 0.000000
vt 0.937487 0.968747
vt 0.945303 1.000000
vt 0.937493 0.937498
vt 0.937497 0.906249
vt 0.937496 0.875000
vt 0.937499 0.843748
vt 0.937498 0.812499
vt 0.937500 0.781250
vt 0.937502 0.750004
vt 0.937500 0.718754
vt 0.937501 0.687500
vt 0.937501 0.656246
vt 0.937501 0.625004
vt 0.937499 0.593752
vt 0.937500 0.562501
vt 0.937499 0.531253
vt 0.937498 0.500000
vt 0.937499 0.468747
vt 0.937500 0.437500
vt 0.937499 0.406248
vt 0.937501 0.374996
vt 0.937501 0.343754
vt 0.937501 0.312500
vt 0.937500 0.281246
vt 0.937502 0.249996
vt 0.937500 0.218750
vt 0.937499 0.187501
vt 0.937499 0.156252
vt 0.937496 0.125000
vt 0.937497 0.093751
vt 0.937493 0.062502
vt 0.937487 0.031253
vt 0.945303 0.000000
vt 0.921870 0.968746
vt 0.929679 1.000000
vt 0.921869 0.937498
vt 0.921879 0.906253
vt 0.921873 0.874999
vt 0.921875 0.843750
vt 0.921876 0.812499
vt 0.921878 0.781250
vt 0.921873 0.750005
vt 0.921874 0.718751
vt 0.921875 0.687503
vt 0.921875 0.656247
vt 0.921875 0.625001
vt 0.921876 0.593753
vt 0.921875 0.562500
vt 0.921876 0.531253
vt 0.921876 0.500000
vt 0.921876 0.468747
vt 0.921875 0.437500
vt 0.921876 0.406247
vt 0.921875 0.374999
vt 0.921875 0.343753
vt 0.921875 0.312497
vt 0.921874 0.281249
vt 0.921873 0.249995
vt 0.921878 0.218750
vt 0.921876 0.187501
vt 0.921875 0.156250
vt 0.921873 0.125001
vt 0.921879 0.093747
vt 0.921869 0.062502
vt 0.921871 0.031254
vt 0.929679 0.000000
vt 0.906248 0.968751
vt 0.914059 1.000000
vt 0.906260 0.937501
vt 0.906246 0.906249
vt 0.906247 0.874998
vt 0.906249 0.843751
vt 0.906249 0.812497
vt 0.906248 0.781253
vt 0.906250 0.750001
vt 0.906250 0.718749
vt 0.906248 0.687501
vt 0.906248 0.656248
vt 0.906251 0.625002
vt 0.906250 0.593751
vt 0.906248 0.562501
vt 0.906249 0.531253
vt 0.906249 0.500000
vt 0.906249 0.468747
vt 0.906248 0.437500
vt 0.906250 0.406249
vt 0.906251 0.374998
vt 0.906248 0.343752
vt 0.906248 0.312499
vt 0.906250 0.281251
vt 0.906250 0.249999
vt 0.906248 0.218747
vt 0.906249 0.187503
vt 0.906249 0.156249
vt 0.906247 0.125002
vt 0.906246 0.093751
vt 0.906260 0.062499
vt 0.906248 0.031249
vt 0.914060 0.000000
vt 0.890610 0.968751
vt 0.898429 1.000000
vt 0.890624 0.937502
vt 0.890625 0.906247
vt 0.890623 0.874999
vt 0.890629 0.843751
vt 0.890625 0.812498
vt 0.890626 0.781249
vt 0.890626 0.750000
vt 0.890624 0.718750
vt 0.890628 0.687501
vt 0.890624 0.656246
vt 0.890624 0.625003
vt 0.890627 0.593753
vt 0.890624 0.562500
vt 0.890625 0.531253
vt 0.890624 0.500000
vt 0.890625 0.468747
vt 0.890624 0.437500
vt 0.890627 0.406247
vt 0.890624 0.374997
vt 0.890624 0.343754
vt 0.890628 0.312499
vt 0.890624 0.281250
vt 0.890626 0.250000
vt 0.890626 0.218751
vt 0.890625 0.187502
vt 0.890629 0.156249
vt 0.890623 0.125001
vt 0.890625 0.093753
vt 0.890624 0.062498
vt 0.890610 0.031249
vt 0.898429 0.000000
vt 0.875000 0.968750
vt 0.882805 1.000000
vt 0.875000 0.937501
vt 0.875000 0.906253
vt 0.875000 0.875003
vt 0.875000 0.843748
vt 0.875000 0.812497
vt 0.875000 0.781250
vt 0.875000 0.750003
vt 0.875000 0.718748
vt 0.875000 0.687499
vt 0.875000 0.656250
vt 0.875000 0.625003
vt 0.875000 0.593752
vt 0.875000 0.562501
vt 0.875000 0.531253
vt 0.875000 0.500000
vt 0.875000 0.468747
vt 0.875000 0.437499
vt 0.875000 0.406248
vt 0.875000 0.374997
vt 0.875000 0.343750
vt 0.875000 0.312501
vt 0.875000 0.281252
vt 0.875000 0.249997
vt 0.875000 0.218750
vt 0.875000 0.187503
vt 0.875000 0.156252
vt 0.875000 0.124997
vt 0.875000 0.093747
vt 0.875000 0.062499
vt 0.875000 0.031249
vt 0.882805 0.000000
vt 0.859390 0.968751
vt 0.867195 1.000000
vt 0.859376 0.937502
vt 0.859375 0.906247
vt 0.859377 0.874999
vt 0.859371 0.843751
vt 0.859375 0.812498
vt 0.859374 0.781249
vt 0.859374 0.750000
vt 0.859376 0.718750
vt 0.859372 0.687500
vt 0.859376 0.656246
vt 0.859376 0.625003
vt 0.859373 0.593753
vt 0.859376 0.562500
vt 0.859375 0.531253
vt 0.859376 0.500000
vt 0.859375 0.468747
vt 0.859376 0.437500
vt 0.859373 0.406247
vt 0.859376 0.374997
vt 0.859376 0.343754
vt 0.859372 0.312499
vt 0.859376 0.281250
vt 0.859374 0.250000
vt 0.859374 0.218751
vt 0.859375 0.187502
vt 0.859371 0.156249
vt 0.859377 0.125001
vt 0.859375 0.093753
vt 0.859376 0.062498
vt 0.859390 0.031249
vt 0.867195 0.000000
vt 0.843752 0.968751
vt 0.851571 1.000000
vt 0.843740 0.937501
vt 0.843754 0.906249
vt 0.843753 0.874998
vt 0.843751 0.843751
vt 0.843751 0.812497
vt 0.843752 0.781253
vt 0.843750 0.750001
vt 0.843750 0.718749
vt 0.843752 0.687501
vt 0.843752 0.656248
vt 0.843749 0.625002
vt 0.843750 0.593751
vt 0.843752 0.562501
vt 0.843751 0.531253
vt 0.843751 0.500000
vt 0.843751 0.468747
vt 0.843752 0.437499
vt 0.843750 0.406249
vt 0.843749 0.374998
vt 0.843752 0.343752
vt 0.843752 0.312499
vt 0.843750 0.281251
vt 0.843750 0.249999
vt 0.843752 0.218747
vt 0.843751 0.187503
vt 0.843751 0.156249
vt 0.843753 0.125002
vt 0.843754 0.093751
vt 0.843740 0.062499
vt 0.843752 0.031249
vt 0.851571 0.000000
vt 0.828129 0.968746
vt 0.835940 1.000000
vt 0.828131 0.937498
vt 0.828121 0.906253
vt 0.828127 0.874999
vt 0.828125 0.843750
vt 0.828124 0.812499
vt 0.828122 0.781250
vt 0.828127 0.750005
vt 0.828126 0.718751
vt 0.828125 0.687503
vt 0.828125 0.656247
vt 0.828125 0.625001
vt 0.828124 0.593753
vt 0.828125 0.562500
vt 0.828124 0.531253
vt 0.828124 0.500000
vt 0.828124 0.468747
vt 0.828125 0.437500
vt 0.828124 0.406247
vt 0.828125 0.374999
vt 0.828125 0.343753
vt 0.828125 0.312497
vt 0.828126 0.281249
vt 0.828127 0.249995
vt 0.828122 0.218750
vt 0.828124 0.187501
vt 0.828125 0.156250
vt 0.828127 0.125001
vt 0.828121 0.093747
vt 0.828131 0.062502
vt 0.828129 0.031254
vt 0.835941 0.000000
vt 0.812513 0.968747
vt 0.820321 1.000000
vt 0.812507 0.937498
vt 0.812503 0.906249
vt 0.812504 0.874999
vt 0.812501 0.843748
vt 0.812502 0.812499
vt 0.812500 0.781250
vt 0.812498 0.750004
vt 0.812500 0.718754
vt 0.812499 0.687500
vt 0.812499 0.656246
vt 0.812499 0.625004
vt 0.812501 0.593752
vt 0.812500 0.562501
vt 0.812501 0.531253
vt 0.812502 0.500000
vt 0.812501 0.468747
vt 0.812500 0.437499
vt 0.812501 0.406248
vt 0.812499 0.374996
vt 0.812499 0.343754
vt 0.812499 0.312500
vt 0.812500 0.281246
vt 0.812498 0.249996
vt 0.812500 0.218750
vt 0.812502 0.187501
vt 0.812501 0.156252
vt 0.812504 0.125000
vt 0.812503 0.093751
vt 0.812507 0.062502
vt 0.812513 0.031253
vt 0.820321 0.000000
vt 0.796880 0.968753
vt 0.804697 1.000000
vt 0.796881 0.937497
vt 0.796876 0.906249
vt 0.796876 0.874996
vt 0.796871 0.843752
vt 0.796876 0.812497
vt 0.796877 0.781252
vt 0.796873 0.750002
vt 0.796876 0.718750
vt 0.796874 0.687499
vt 0.796874 0.656247
vt 0.796874 0.625002
vt 0.796875 0.593753
vt 0.796877 0.562500
vt 0.796875 0.531253
vt 0.796877 0.500000
vt 0.796875 0.468747
vt 0.796877 0.437500
vt 0.796875 0.406247
vt 0.796874 0.374998
vt 0.796874 0.343753
vt 0.796874 0.312501
vt 0.796876 0.281250
vt 0.796873 0.249998
vt 0.796877 0.218747
vt 0.796876 0.187502
vt 0.796871 0.156248
vt 0.796876 0.125004
vt 0.796876 0.093751
vt 0.796881 0.062503
vt 0.796880 0.031247
vt 0.804697 0.000000
vt 0.781247 0.968750
vt 0.789064 1.000000
vt 0.781246 0.937502
vt 0.781253 0.906245
vt 0.781253 0.874997
vt 0.781252 0.843747
vt 0.781246 0.812497
vt 0.781249 0.781248
vt 0.781249 0.750003
vt 0.781249 0.718751
vt 0.781250 0.687501
vt 0.781249 0.656245
vt 0.781250 0.625002
vt 0.781250 0.593752
vt 0.781248 0.562501
vt 0.781252 0.531253
vt 0.781251 0.500000
vt 0.781252 0.468747
vt 0.781248 0.437499
vt 0.781250 0.406248
vt 0.781250 0.374998
vt 0.781249 0.343754
vt 0.781250 0.312499
vt 0.781249 0.281249
vt 0.781249 0.249997
vt 0.781249 0.218752
vt 0.781246 0.187503
vt 0.781252 0.156253
vt 0.781253 0.125003
vt 0.781253 0.093755
vt 0.781246 0.062498
vt 0.781247 0.031250
vt 0.789064 0.000000
vt 0.765613 0.968749
vt 0.773430 1.000000
vt 0.765622 0.937496
vt 0.765626 0.906251
vt 0.765629 0.874994
vt 0.765628 0.843751
vt 0.765624 0.812496
vt 0.765626 0.781252
vt 0.765624 0.750002
vt 0.765623 0.718753
vt 0.765624 0.687501
vt 0.765627 0.656246
vt 0.765626 0.625002
vt 0.765624 0.593754
vt 0.765625 0.562501
vt 0.765625 0.531253
vt 0.765627 0.500000
vt 0.765625 0.468747
vt 0.765625 0.437498
vt 0.765624 0.406246
vt 0.765626 0.374998
vt 0.765627 0.343754
vt 0.765624 0.312499
vt 0.765623 0.281247
vt 0.765624 0.249998
vt 0.765626 0.218748
vt 0.765624 0.187504
vt 0.765628 0.156248
vt 0.765629 0.125006
vt 0.765626 0.093749
vt 0.765622 0.062503
vt 0.765613 0.031251
vt 0.773430 0.000000
vt 0.750000 0.968747
vt 0.757806 1.000000
vt 0.750000 0.937498
vt 0.750000 0.906247
vt 0.750000 0.874995
vt 0.750000 0.843753
vt 0.750000 0.812499
vt 0.750000 0.781249
vt 0.750000 0.750000
vt 0.750000 0.718751
vt 0.750000 0.687501
vt 0.750000 0.656247
vt 0.750000 0.625004
vt 0.750000 0.593753
vt 0.750000 0.562502
vt 0.750000 0.531253
vt 0.750000 0.500000
vt 0.750000 0.468747
vt 0.750000 0.437498
vt 0.750000 0.406247
vt 0.750000 0.374995
vt 0.750000 0.343753
vt 0.750000 0.312499
vt 0.750000 0.281249
vt 0.750000 0.250000
vt 0.750000 0.218751
vt 0.750000 0.187501
vt 0.750000 0.156247
vt 0.750000 0.125004
vt 0.750000 0.093753
vt 0.750000 0.062502
vt 0.750000 0.031253
vt 0.757806 0.000000
vt 0.734387 0.968749
vt 0.742194 1.000000
vt 0.734378 0.937496
vt 0.734374 0.906251
vt 0.734371 0.874994
vt 0.734372 0.843751
vt 0.734376 0.812496
vt 0.734374 0.781252
vt 0.734376 0.750002
vt 0.734377 0.718753
vt 0.734376 0.687501
vt 0.734373 0.656246
vt 0.734375 0.625002
vt 0.734376 0.593754
vt 0.734375 0.562501
vt 0.734375 0.531253
vt 0.734373 0.500000
vt 0.734375 0.468747
vt 0.734375 0.437498
vt 0.734376 0.406246
vt 0.734375 0.374998
vt 0.734373 0.343754
vt 0.734376 0.312499
vt 0.734377 0.281247
vt 0.734376 0.249998
vt 0.734374 0.218748
vt 0.734376 0.187504
vt 0.734372 0.156248
vt 0.734371 0.125006
vt 0.734374 0.093749
vt 0.734378 0.062503
vt 0.734387 0.031251
vt 0.742194 0.000000
vt 0.718753 0.968750
vt 0.726570 1.000000
vt 0.718754 0.937502
vt 0.718747 0.906245
vt 0.718747 0.874997
vt 0.718748 0.843747
vt 0.718754 0.812497
vt 0.718751 0.781248
vt 0.718751 0.750003
vt 0.718752 0.718751
vt 0.718750 0.687501
vt 0.718751 0.656245
vt 0.718750 0.625002
vt 0.718750 0.593752
vt 0.718752 0.562501
vt 0.718748 0.531253
vt 0.718749 0.500000
vt 0.718748 0.468747
vt 0.718752 0.437499
vt 0.718750 0.406248
vt 0.718750 0.374998
vt 0.718751 0.343754
vt 0.718750 0.312499
vt 0.718752 0.281249
vt 0.718751 0.249997
vt 0.718751 0.218752
vt 0.718754 0.187503
vt 0.718748 0.156253
vt 0.718747 0.125003
vt 0.718747 0.093755
vt 0.718754 0.062498
vt 0.718753 0.031250
vt 0.726570 0.000000
vt 0.703120 0.968753
vt 0.710937 1.000000
vt 0.703119 0.937497
vt 0.703125 0.906249
vt 0.703124 0.874996
vt 0.703129 0.843752
vt 0.703124 0.812497
vt 0.703123 0.781252
vt 0.703127 0.750002
vt 0.703124 0.718750
vt 0.703126 0.687499
vt 0.703126 0.656247
vt 0.703126 0.625002
vt 0.703125 0.593753
vt 0.703123 0.562500
vt 0.703125 0.531253
vt 0.703123 0.500000
vt 0.703125 0.468746
vt 0.703123 0.437500
vt 0.703125 0.406247
vt 0.703126 0.374998
vt 0.703126 0.343753
vt 0.703126 0.312501
vt 0.703124 0.281250
vt 0.703127 0.249998
vt 0.703123 0.218747
vt 0.703124 0.187502
vt 0.703129 0.156248
vt 0.703124 0.125004
vt 0.703124 0.093751
vt 0.703119 0.062503
vt 0.703120 0.031247
vt 0.710936 0.000000
vt 0.687487 0.968747
vt 0.695303 1.000000
vt 0.687493 0.937498
vt 0.687497 0.906249
vt 0.687496 0.874999
vt 0.687500 0.843748
vt 0.687499 0.812499
vt 0.687500 0.781250
vt 0.687502 0.750004
vt 0.687500 0.718754
vt 0.687501 0.687500
vt 0.687501 0.656246
vt 0.687501 0.625004
vt 0.687499 0.593751
vt 0.687500 0.562500
vt 0.687499 0.531253
vt 0.687498 0.500000
vt 0.687499 0.468747
vt 0.687500 0.437499
vt 0.687499 0.406248
vt 0.687501 0.374996
vt 0.687501 0.343754
vt 0.687501 0.312500
vt 0.687500 0.281246
vt 0.687502 0.249996
vt 0.687500 0.218750
vt 0.687498 0.187501
vt 0.687499 0.156252
vt 0.687496 0.125000
vt 0.687497 0.093751
vt 0.687493 0.062502
vt 0.687487 0.031253
vt 0.695303 0.000000
vt 0.671871 0.968746
vt 0.679679 1.000000
vt 0.671869 0.937498
vt 0.671879 0.906253
vt 0.671873 0.874999
vt 0.671875 0.843750
vt 0.671876 0.812499
vt 0.671878 0.781250
vt 0.671873 0.750005
vt 0.671874 0.718751
vt 0.671875 0.687503
vt 0.671875 0.656247
vt 0.671875 0.625001
vt 0.671876 0.593753
vt 0.671875 0.562500
vt 0.671876 0.531253
vt 0.671876 0.500000
vt 0.671876 0.468747
vt 0.671875 0.437500
vt 0.671876 0.406247
vt 0.671875 0.374999
vt 0.671875 0.343753
vt 0.671875 0.312497
vt 0.671874 0.281249
vt 0.671873 0.249995
vt 0.671878 0.218750
vt 0.671876 0.187501
vt 0.671875 0.156250
vt 0.671873 0.125001
vt 0.671879 0.093747
vt 0.671869 0.062502
vt 0.671871 0.031254
vt 0.679679 0.000000
vt 0.656248 0.968751
vt 0.664060 1.000000
vt 0.656260 0.937501
vt 0.656246 0.906249
vt 0.656247 0.874998
vt 0.656249 0.843751
vt 0.656249 0.812497
vt 0.656248 0.781253
vt 0.656250 0.750001
vt 0.656250 0.718749
vt 0.656248 0.687501
vt 0.656248 0.656248
vt 0.656251 0.625002
vt 0.656250 0.593751
vt 0.656248 0.562500
vt 0.656249 0.531253
vt 0.656249 0.500000
vt 0.656249 0.468747
vt 0.656248 0.437499
vt 0.656250 0.406249
vt 0.656251 0.374998
vt 0.656248 0.343752
vt 0.656248 0.312499
vt 0.656250 0.281251
vt 0.656250 0.249999
vt 0.656248 0.218747
vt 0.656249 0.187503
vt 0.656249 0.156249
vt 0.656247 0.125002
vt 0.656246 0.093751
vt 0.656260 0.062499
vt 0.656248 0.031249
vt 0.664059 0.000000
vt 0.640610 0.968751
vt 0.648429 1.000000
vt 0.640624 0.937502
vt 0.640625 0.906247
vt 0.640623 0.874999
vt 0.640629 0.843751
vt 0.640625 0.812498
vt 0.640626 0.781249
vt 0.640626 0.750000
vt 0.640624 0.718750
vt 0.640628 0.687500
vt 0.640624 0.656246
vt 0.640624 0.625003
vt 0.640627 0.593753
vt 0.640624 0.562500
vt 0.640625 0.531253
vt 0.640625 0.500000
vt 0.640625 0.468747
vt 0.640624 0.437500
vt 0.640627 0.406247
vt 0.640624 0.374997
vt 0.640624 0.343753
vt 0.640628 0.312499
vt 0.640624 0.281249
vt 0.640626 0.250000
vt 0.640626 0.218751
vt 0.640625 0.187502
vt 0.640629 0.156249
vt 0.640623 0.125001
vt 0.640625 0.093753
vt 0.640624 0.062498
vt 0.640610 0.031249
vt 0.648429 0.000000
vt 0.625000 0.968750
vt 0.632805 1.000000
vt 0.625000 0.937501
vt 0.625000 0.906253
vt 0.625000 0.875003
vt 0.625000 0.843748
vt 0.625000 0.812497
vt 0.625000 0.781249
vt 0.625000 0.750003
vt 0.625000 0.718748
vt 0.625000 0.687499
vt 0.625000 0.656250
vt 0.625000 0.625003
vt 0.625000 0.593752
vt 0.625000 0.562501
vt 0.625000 0.531253
vt 0.625000 0.500000
vt 0.625000 0.468747
vt 0.625000 0.437499
vt 0.625000 0.406248
vt 0.625000 0.374997
vt 0.625000 0.343750
vt 0.625000 0.312501
vt 0.625000 0.281252
vt 0.625000 0.249997
vt 0.625000 0.218750
vt 0.625000 0.187503
vt 0.625000 0.156252
vt 0.625000 0.124997
vt 0.625000 0.093747
vt 0.625000 0.062499
vt 0.625000 0.031249
vt 0.632805 0.000000
vt 0.609390 0.968751
vt 0.617195 1.000000
vt 0.609376 0.937502
vt 0.609375 0.906247
vt 0.609377 0.874999
vt 0.609371 0.843751
vt 0.609375 0.812498
vt 0.609374 0.781249
vt 0.609374 0.750000
vt 0.609376 0.718750
vt 0.609372 0.687500
vt 0.609376 0.656246
vt 0.609376 0.625003
vt 0.609373 0.593753
vt 0.609376 0.562500
vt 0.609375 0.531253
vt 0.609376 0.500000
vt 0.609375 0.468747
vt 0.609376 0.437499
vt 0.609373 0.406247
vt 0.609376 0.374997
vt 0.609376 0.343753
vt 0.609372 0.312499
vt 0.609376 0.281249
vt 0.609374 0.250000
vt 0.609374 0.218751
vt 0.609375 0.187502
vt 0.609371 0.156249
vt 0.609377 0.125001
vt 0.609375 0.093753
vt 0.609376 0.062498
vt 0.609390 0.031249
vt 0.617195 0.000000
vt 0.593752 0.968751
vt 0.601571 1.000000
vt 0.593741 0.937501
vt 0.593754 0.906249
vt 0.593753 0.874998
vt 0.593751 0.843751
vt 0.593751 0.812497
vt 0.593752 0.781253
vt 0.593750 0.750001
vt 0.593750 0.718749
vt 0.593752 0.687501
vt 0.593752 0.656248
vt 0.593749 0.625002
vt 0.593750 0.593751
vt 0.593752 0.562500
vt 0.593752 0.531253
vt 0.593751 0.500000
vt 0.593752 0.468747
vt 0.593752 0.437499
vt 0.593750 0.406249
vt 0.593749 0.374998
vt 0.593752 0.343752
vt 0.593752 0.312499
vt 0.593750 0.281251
vt 0.593750 0.249999
vt 0.593752 0.218747
vt 0.593751 0.187503
vt 0.593751 0.156249
vt 0.593753 0.125002
vt 0.593754 0.093751
vt 0.593740 0.062499
vt 0.593752 0.031249
vt 0.601571 0.000000
vt 0.578130 0.968746
vt 0.585941 1.000000
vt 0.578132 0.937498
vt 0.578121 0.906253
vt 0.578127 0.874999
vt 0.578125 0.843750
vt 0.578124 0.812499
vt 0.578122 0.781250
vt 0.578127 0.750005
vt 0.578126 0.718751
vt 0.578125 0.687503
vt 0.578125 0.656247
vt 0.578125 0.625001
vt 0.578124 0.593753
vt 0.578125 0.562500
vt 0.578124 0.531253
vt 0.578124 0.500000
vt 0.578124 0.468747
vt 0.578125 0.437500
vt 0.578124 0.406247
vt 0.578125 0.374999
vt 0.578125 0.343753
vt 0.578125 0.312497
vt 0.578126 0.281249
vt 0.578127 0.249995
vt 0.578122 0.218750
vt 0.578124 0.187501
vt 0.578125 0.156250
vt 0.578127 0.125001
vt 0.578121 0.093747
vt 0.578131 0.062502
vt 0.578129 0.031254
vt 0.585940 0.000000
vt 0.562513 0.968747
vt 0.570321 1.000000
vt 0.562507 0.937498
vt 0.562504 0.906249
vt 0.562504 0.875000
vt 0.562501 0.843748
vt 0.562502 0.812499
vt 0.562500 0.781250
vt 0.562498 0.750004
vt 0.562500 0.718754
vt 0.562499 0.687500
vt 0.562499 0.656246
vt 0.562499 0.625004
vt 0.562501 0.593751
vt 0.562500 0.562500
vt 0.562501 0.531253
vt 0.562502 0.500000
vt 0.562501 0.468747
vt 0.562500 0.437499
vt 0.562501 0.406248
vt 0.562499 0.374996
vt 0.562499 0.343754
vt 0.562499 0.312500
vt 0.562500 0.281246
vt 0.562498 0.249996
vt 0.562500 0.218750
vt 0.562502 0.187501
vt 0.562500 0.156252
vt 0.562504 0.125000
vt 0.562503 0.093751
vt 0.562507 0.062502
vt 0.562513 0.031253
vt 0.570321 0.000000
vt 0.546881 0.968753
vt 0.554697 1.000000
vt 0.546881 0.937497
vt 0.546876 0.906249
vt 0.546877 0.874996
vt 0.546871 0.843752
vt 0.546876 0.812497
vt 0.546877 0.781252
vt 0.546873 0.750002
vt 0.546876 0.718750
vt 0.546874 0.687499
vt 0.546874 0.656247
vt 0.546874 0.625002
vt 0.546875 0.593753
vt 0.546877 0.562500
vt 0.546875 0.531253
vt 0.546877 0.500000
vt 0.546875 0.468746
vt 0.546877 0.437500
vt 0.546875 0.406247
vt 0.546874 0.374998
vt 0.546874 0.343752
vt 0.546874 0.312501
vt 0.546876 0.281250
vt 0.546873 0.249998
vt 0.546877 0.218747
vt 0.546876 0.187502
vt 0.546871 0.156248
vt 0.546876 0.125004
vt 0.546875 0.093751
vt 0.546881 0.062503
vt 0.546880 0.031247
vt 0.554697 0.000000
vt 0.531247 0.968750
vt 0.539064 1.000000
vt 0.531246 0.937502
vt 0.531253 0.906245
vt 0.531253 0.874997
vt 0.531252 0.843747
vt 0.531246 0.812497
vt 0.531249 0.781248
vt 0.531249 0.750003
vt 0.531249 0.718751
vt 0.531250 0.687501
vt 0.531249 0.656245
vt 0.531250 0.625002
vt 0.531250 0.593752
vt 0.531248 0.562501
vt 0.531252 0.531253
vt 0.531251 0.500000
vt 0.531252 0.468747
vt 0.531248 0.437499
vt 0.531250 0.406248
vt 0.531250 0.374998
vt 0.531249 0.343754
vt 0.531250 0.312499
vt 0.531249 0.281249
vt 0.531249 0.249997
vt 0.531249 0.218752
vt 0.531246 0.187503
vt 0.531252 0.156253
vt 0.531253 0.125003
vt 0.531253 0.093755
vt 0.531246 0.062498
vt 0.531247 0.031250
vt 0.539063 0.000000
vt 0.515613 0.968749
vt 0.523430 1.000000
vt 0.515623 0.937496
vt 0.515626 0.906251
vt 0.515629 0.874994
vt 0.515628 0.843751
vt 0.515624 0.812496
vt 0.515626 0.781252
vt 0.515625 0.750002
vt 0.515623 0.718753
vt 0.515624 0.687501
vt 0.515627 0.656246
vt 0.515626 0.625002
vt 0.515624 0.593754
vt 0.515625 0.562501
vt 0.515625 0.531253
vt 0.515627 0.500000
vt 0.515625 0.468747
vt 0.515625 0.437498
vt 0.515624 0.406246
vt 0.515626 0.374998
vt 0.515627 0.343754
vt 0.515624 0.312499
vt 0.515623 0.281246
vt 0.515624 0.249998
vt 0.515626 0.218748
vt 0.515624 0.187504
vt 0.515628 0.156248
vt 0.515629 0.125006
vt 0.515626 0.093749
vt 0.515622 0.062503
vt 0.515613 0.031251
vt 0.523430 0.000000
vt 0.500000 0.968747
vt 0.507807 1.000000
vt 0.500000 0.937498
vt 0.500000 0.906247
vt 0.500000 0.874995
vt 0.500000 0.843753
vt 0.500000 0.812499
vt 0.500000 0.781249
vt 0.500000 0.750000
vt 0.500000 0.718751
vt 0.500000 0.687501
vt 0.500000 0.656247
vt 0.500000 0.625004
vt 0.500000 0.593753
vt 0.500000 0.562502
vt 0.500000 0.531253
vt 0.500000 0.500000
vt 0.500000 0.468747
vt 0.500000 0.437498
vt 0.500000 0.406247
vt 0.500000 0.374995
vt 0.500000 0.343753
vt 0.500000 0.312499
vt 0.500000 0.281249
vt 0.500000 0.250000
vt 0.500000 0.218751
vt 0.500000 0.187501
vt 0.500000 0.156247
vt 0.500000 0.125004
vt 0.500000 0.093753
vt 0.500000 0.062502
vt 0.500000 0.031253
vt 0.507806 0.000000
vt 0.484387 0.968749
vt 0.492194 1.000000
vt 0.484378 0.937496
vt 0.484374 0.906251
vt 0.484371 0.874994
vt 0.484372 0.843751
vt 0.484376 0.812496
vt 0.484374 0.781252
vt 0.484376 0.750002
vt 0.484377 0.718753
vt 0.484376 0.687501
vt 0.484373 0.656246
vt 0.484374 0.625002
vt 0.484376 0.593754
vt 0.484375 0.562501
vt 0.484375 0.531253
vt 0.484373 0.500000
vt 0.484375 0.468747
vt 0.484375 0.437498
vt 0.484376 0.406246
vt 0.484374 0.374998
vt 0.484373 0.343754
vt 0.484376 0.312499
vt 0.484377 0.281246
vt 0.484376 0.249998
vt 0.484374 0.218748
vt 0.484376 0.187504
vt 0.484372 0.156248
vt 0.484371 0.125006
vt 0.484374 0.093749
vt 0.484377 0.062503
vt 0.484387 0.031251
vt 0.492193 0.000000
vt 0.468753 0.968750
vt 0.476570 1.000000
vt 0.468754 0.937502
vt 0.468747 0.906245
vt 0.468747 0.874997
vt 0.468748 0.843747
vt 0.468754 0.812497
vt 0.468751 0.781248
vt 0.468751 0.750003
vt 0.468751 0.718751
vt 0.468750 0.687501
vt 0.468751 0.656245
vt 0.468750 0.625002
vt 0.468750 0.593752
vt 0.468752 0.562501
vt 0.468748 0.531253
vt 0.468749 0.500000
vt 0.468748 0.468747
vt 0.468752 0.437499
vt 0.468750 0.406248
vt 0.468750 0.374998
vt 0.468751 0.343754
vt 0.468750 0.312499
vt 0.468751 0.281249
vt 0.468751 0.249997
vt 0.468751 0.218752
vt 0.468754 0.187503
vt 0.468748 0.156253
vt 0.468747 0.125003
vt 0.468747 0.093755
vt 0.468754 0.062498
vt 0.468753 0.031250
vt 0.476570 0.000000
vt 0.453120 0.968753
vt 0.460937 1.000000
vt 0.453119 0.937497
vt 0.453124 0.906249
vt 0.453124 0.874996
vt 0.453129 0.843752
vt 0.453124 0.812497
vt 0.453123 0.781253
vt 0.453127 0.750002
vt 0.453124 0.718750
vt 0.453126 0.687499
vt 0.453126 0.656247
vt 0.453126 0.625002
vt 0.453125 0.593753
vt 0.453123 0.562500
vt 0.453125 0.531253
vt 0.453123 0.500000
vt 0.453125 0.468746
vt 0.453123 0.437500
vt 0.453125 0.406247
vt 0.453126 0.374998
vt 0.453126 0.343752
vt 0.453126 0.312501
vt 0.453124 0.281250
vt 0.453127 0.249998
vt 0.453123 0.218747
vt 0.453124 0.187502
vt 0.453129 0.156248
vt 0.453123 0.125004
vt 0.453124 0.093751
vt 0.453119 0.062503
vt 0.453119 0.031247
vt 0.460936 0.000000
vt 0.437487 0.968747
vt 0.445303 1.000000
vt 0.437493 0.937498
vt 0.437497 0.906249
vt 0.437496 0.875000
vt 0.437499 0.843748
vt 0.437498 0.812499
vt 0.437500 0.781250
vt 0.437502 0.750004
vt 0.437500 0.718754
vt 0.437501 0.687500
vt 0.437501 0.656246
vt 0.437501 0.625004
vt 0.437499 0.593751
vt 0.437500 0.562500
vt 0.437499 0.531253
vt 0.437498 0.500000
vt 0.437499 0.468747
vt 0.437500 0.437499
vt 0.437499 0.406248
vt 0.437501 0.374996
vt 0.437501 0.343754
vt 0.437501 0.312500
vt 0.437500 0.281246
vt 0.437502 0.249996
vt 0.437500 0.218750
vt 0.437498 0.187501
vt 0.437499 0.156252
vt 0.437496 0.125000
vt 0.437497 0.093751
vt 0.437493 0.062502
vt 0.437487 0.031253
vt 0.445303 0.000000
vt 0.421871 0.968746
vt 0.429679 1.000000
vt 0.421869 0.937498
vt 0.421879 0.906253
vt 0.421873 0.874999
vt 0.421875 0.843750
vt 0.421876 0.812499
vt 0.421878 0.781250
vt 0.421873 0.750005
vt 0.421874 0.718751
vt 0.421875 0.687503
vt 0.421875 0.656247
vt 0.421875 0.625001
vt 0.421876 0.593753
vt 0.421875 0.562500
vt 0.421876 0.531253
vt 0.421876 0.500000
vt 0.421876 0.468747
vt 0.421875 0.437500
vt 0.421876 0.406247
vt 0.421875 0.374999
vt 0.421875 0.343753
vt 0.421875 0.312497
vt 0.421874 0.281249
vt 0.421873 0.249995
vt 0.421878 0.218750
vt 0.421876 0.187501
vt 0.421875 0.156250
vt 0.421873 0.125001
vt 0.421879 0.093747
vt 0.421869 0.062502
vt 0.421870 0.031254
vt 0.429679 0.000000
vt 0.406248 0.968751
vt 0.414060 1.000000
vt 0.406260 0.937501
vt 0.406246 0.906249
vt 0.406247 0.874998
vt 0.406249 0.843751
vt 0.406249 0.812497
vt 0.406248 0.781253
vt 0.406250 0.750001
vt 0.406251 0.718749
vt 0.406248 0.687501
vt 0.406248 0.656248
vt 0.406251 0.625002
vt 0.406250 0.593751
vt 0.406248 0.562500
vt 0.406248 0.531253
vt 0.406249 0.500000
vt 0.406248 0.468747
vt 0.406248 0.437499
vt 0.406250 0.406249
vt 0.406251 0.374998
vt 0.406248 0.343752
vt 0.406248 0.312499
vt 0.406250 0.281251
vt 0.406250 0.249999
vt 0.406248 0.218747
vt 0.406249 0.187503
vt 0.406249 0.156249
vt 0.406247 0.125002
vt 0.406246 0.093751
vt 0.406260 0.062499
vt 0.406248 0.031249
vt 0.414059 0.000000
vt 0.390610 0.968751
vt 0.398429 1.000000
vt 0.390624 0.937502
vt 0.390625 0.906247
vt 0.390623 0.874999
vt 0.390629 0.843751
vt 0.390625 0.812498
vt 0.390626 0.781249
vt 0.390626 0.750000
vt 0.390624 0.718750
vt 0.390628 0.687500
vt 0.390624 0.656246
vt 0.390624 0.625003
vt 0.390627 0.593753
vt 0.390624 0.562500
vt 0.390625 0.531253
vt 0.390624 0.500000
vt 0.390625 0.468747
vt 0.390624 0.437500
vt 0.390627 0.406247
vt 0.390624 0.374997
vt 0.390624 0.343753
vt 0.390628 0.312499
vt 0.390624 0.281250
vt 0.390626 0.250000
vt 0.390626 0.218751
vt 0.390625 0.187502
vt 0.390629 0.156249
vt 0.390623 0.125001
vt 0.390625 0.093753
vt 0.390624 0.062498
vt 0.390610 0.031249
vt 0.398429 0.000000
vt 0.375000 0.968751
vt 0.382805 1.000000
vt 0.375000 0.937501
vt 0.375000 0.906253
vt 0.375000 0.875003
vt 0.375000 0.843748
vt 0.375000 0.812497
vt 0.375000 0.781250
vt 0.375000 0.750003
vt 0.375000 0.718748
vt 0.375000 0.687499
vt 0.375000 0.656250
vt 0.375000 0.625003
vt 0.375000 0.593752
vt 0.375000 0.562501
vt 0.375000 0.531253
vt 0.375000 0.500000
vt 0.375000 0.468747
vt 0.375000 0.437499
vt 0.375000 0.406248
vt 0.375000 0.374997
vt 0.375000 0.343750
vt 0.375000 0.312501
vt 0.375000 0.281252
vt 0.375000 0.249997
vt 0.375000 0.218750
vt 0.375000 0.187503
vt 0.375000 0.156252
vt 0.375000 0.124997
vt 0.375000 0.093747
vt 0.375000 0.062499
vt 0.375000 0.031250
vt 0.382805 0.000000
vt 0.359390 0.968751
vt 0.367195 1.000000
vt 0.359376 0.937502
vt 0.359375 0.906247
vt 0.359377 0.874999
vt 0.359371 0.843751
vt 0.359375 0.812498
vt 0.359374 0.781249
vt 0.359374 0.750000
vt 0.359376 0.718750
vt 0.359372 0.687500
vt 0.359376 0.656246
vt 0.359376 0.625003
vt 0.359373 0.593753
vt 0.359376 0.562500
vt 0.359375 0.531253
vt 0.359376 0.500000
vt 0.359375 0.468747
vt 0.359376 0.437500
vt 0.359373 0.406247
vt 0.359376 0.374997
vt 0.359376 0.343754
vt 0.359372 0.312499
vt 0.359376 0.281250
vt 0.359374 0.250000
vt 0.359374 0.218751
vt 0.359375 0.187502
vt 0.359371 0.156249
vt 0.359377 0.125001
vt 0.359375 0.093753
vt 0.359376 0.062498
vt 0.359390 0.031249
vt 0.367195 0.000000
vt 0.343752 0.968751
vt 0.351571 1.000000
vt 0.343740 0.937501
vt 0.343754 0.906249
vt 0.343753 0.874998
vt 0.343751 0.843751
vt 0.343751 0.812497
vt 0.343752 0.781253
vt 0.343750 0.750001
vt 0.343749 0.718749
vt 0.343752 0.687501
vt 0.343752 0.656248
vt 0.343749 0.625002
vt 0.343750 0.593751
vt 0.343752 0.562500
vt 0.343751 0.531253
vt 0.343751 0.500000
vt 0.343751 0.468747
vt 0.343752 0.437499
vt 0.343750 0.406249
vt 0.343749 0.374998
vt 0.343752 0.343752
vt 0.343752 0.312499
vt 0.343749 0.281251
vt 0.343750 0.249999
vt 0.343752 0.218747
vt 0.343751 0.187503
vt 0.343751 0.156249
vt 0.343753 0.125002
vt 0.343754 0.093751
vt 0.343740 0.062499
vt 0.343752 0.031249
vt 0.351571 0.000000
vt 0.328129 0.968746
vt 0.335941 1.000000
vt 0.328131 0.937498
vt 0.328121 0.906253
vt 0.328127 0.874999
vt 0.328125 0.843750
vt 0.328124 0.812499
vt 0.328122 0.781250
vt 0.328127 0.750005
vt 0.328126 0.718751
vt 0.328125 0.687503
vt 0.328125 0.656247
vt 0.328125 0.625001
vt 0.328124 0.593753
vt 0.328125 0.562500
vt 0.328124 0.531253
vt 0.328124 0.500000
vt 0.328124 0.468747
vt 0.328125 0.437500
vt 0.328124 0.406247
vt 0.328125 0.374999
vt 0.328125 0.343753
vt 0.328125 0.312497
vt 0.328126 0.281249
vt 0.328127 0.249995
vt 0.328122 0.218750
vt 0.328124 0.187501
vt 0.328125 0.156250
vt 0.328127 0.125001
vt 0.328121 0.093747
vt 0.328131 0.062502
vt 0.328129 0.031254
vt 0.335940 0.000000
vt 0.312513 0.968747
vt 0.320321 1.000000
vt 0.312507 0.937498
vt 0.312503 0.906249
vt 0.312504 0.875000
vt 0.312501 0.843748
vt 0.312502 0.812499
vt 0.312500 0.781250
vt 0.312498 0.750004
vt 0.312500 0.718754
vt 0.312499 0.687500
vt 0.312499 0.656246
vt 0.312499 0.625004
vt 0.312501 0.593752
vt 0.312500 0.562501
vt 0.312501 0.531253
vt 0.312502 0.500000
vt 0.312501 0.468747
vt 0.312500 0.437499
vt 0.312501 0.406248
vt 0.312499 0.374996
vt 0.312499 0.343754
vt 0.312499 0.312500
vt 0.312500 0.281246
vt 0.312498 0.249996
vt 0.312500 0.218750
vt 0.312502 0.187501
vt 0.312501 0.156252
vt 0.312504 0.125001
vt 0.312503 0.093751
vt 0.312507 0.062502
vt 0.312513 0.031253
vt 0.320321 0.000000
vt 0.296880 0.968753
vt 0.304697 1.000000
vt 0.296881 0.937497
vt 0.296876 0.906249
vt 0.296876 0.874996
vt 0.296871 0.843752
vt 0.296876 0.812497
vt 0.296877 0.781253
vt 0.296873 0.750002
vt 0.296876 0.718750
vt 0.296874 0.687499
vt 0.296874 0.656247
vt 0.296874 0.625002
vt 0.296875 0.593753
vt 0.296877 0.562500
vt 0.296874 0.531253
vt 0.296877 0.500000
vt 0.296874 0.468747
vt 0.296877 0.437500
vt 0.296875 0.406247
vt 0.296874 0.374998
vt 0.296874 0.343753
vt 0.296874 0.312501
vt 0.296876 0.281250
vt 0.296873 0.249998
vt 0.296877 0.218748
vt 0.296876 0.187503
vt 0.296871 0.156248
vt 0.296876 0.125004
vt 0.296876 0.093751
vt 0.296881 0.062503
vt 0.296880 0.031247
vt 0.304697 0.000000
vt 0.281247 0.968750
vt 0.289064 1.000000
vt 0.281246 0.937502
vt 0.281253 0.906245
vt 0.281253 0.874997
vt 0.281252 0.843747
vt 0.281246 0.812497
vt 0.281249 0.781248
vt 0.281249 0.750003
vt 0.281248 0.718751
vt 0.281250 0.687501
vt 0.281249 0.656246
vt 0.281250 0.625002
vt 0.281250 0.593752
vt 0.281248 0.562501
vt 0.281252 0.531253
vt 0.281251 0.500000
vt 0.281252 0.468747
vt 0.281248 0.437499
vt 0.281250 0.406248
vt 0.281250 0.374998
vt 0.281249 0.343755
vt 0.281250 0.312499
vt 0.281248 0.281249
vt 0.281249 0.249997
vt 0.281249 0.218752
vt 0.281246 0.187503
vt 0.281252 0.156253
vt 0.281253 0.125003
vt 0.281253 0.093755
vt 0.281246 0.062498
vt 0.281247 0.031250
vt 0.289063 0.000000
vt 0.265613 0.968749
vt 0.273430 1.000000
vt 0.265622 0.937496
vt 0.265626 0.906251
vt 0.265629 0.874994
vt 0.265628 0.843751
vt 0.265624 0.812496
vt 0.265626 0.781252
vt 0.265624 0.750002
vt 0.265623 0.718753
vt 0.265624 0.687501
vt 0.265627 0.656246
vt 0.265626 0.625002
vt 0.265624 0.593754
vt 0.265625 0.562501
vt 0.265625 0.531253
vt 0.265627 0.500000
vt 0.265625 0.468747
vt 0.265625 0.437499
vt 0.265624 0.406246
vt 0.265626 0.374998
vt 0.265627 0.343754
vt 0.265624 0.312499
vt 0.265623 0.281247
vt 0.265624 0.249998
vt 0.265626 0.218748
vt 0.265624 0.187504
vt 0.265628 0.156249
vt 0.265629 0.125006
vt 0.265626 0.093749
vt 0.265622 0.062504
vt 0.265613 0.031251
vt 0.273430 0.000000
vt 0.250000 0.968747
vt 0.257806 1.000000
vt 0.250000 0.937498
vt 0.250000 0.906247
vt 0.250000 0.874996
vt 0.250000 0.843753
vt 0.250000 0.812499
vt 0.250000 0.781249
vt 0.250000 0.750000
vt 0.250000 0.718751
vt 0.250000 0.687501
vt 0.250000 0.656247
vt 0.250000 0.625004
vt 0.250000 0.593753
vt 0.250000 0.562502
vt 0.250000 0.531253
vt 0.250000 0.500000
vt 0.250000 0.468747
vt 0.250000 0.437498
vt 0.250000 0.406247
vt 0.250000 0.374996
vt 0.250000 0.343753
vt 0.250000 0.312499
vt 0.250000 0.281249
vt 0.250000 0.250000
vt 0.250000 0.218751
vt 0.250000 0.187501
vt 0.250000 0.156247
vt 0.250000 0.125005
vt 0.250000 0.093753
vt 0.250000 0.062502
vt 0.250000 0.031253
vt 0.257806 0.000000
vt 0.234387 0.968749
vt 0.242194 1.000000
vt 0.234377 0.937496
vt 0.234374 0.906251
vt 0.234371 0.874994
vt 0.234372 0.843751
vt 0.234376 0.812496
vt 0.234374 0.781252
vt 0.234376 0.750002
vt 0.234377 0.718753
vt 0.234376 0.687501
vt 0.234373 0.656246
vt 0.234374 0.625002
vt 0.234376 0.593754
vt 0.234375 0.562501
vt 0.234375 0.531253
vt 0.234373 0.500000
vt 0.234375 0.468747
vt 0.234375 0.437499
vt 0.234376 0.406246
vt 0.234374 0.374998
vt 0.234373 0.343754
vt 0.234376 0.312499
vt 0.234377 0.281247
vt 0.234376 0.249998
vt 0.234374 0.218748
vt 0.234376 0.187504
vt 0.234372 0.156249
vt 0.234371 0.125006
vt 0.234374 0.093749
vt 0.234378 0.062504
vt 0.234387 0.031251
vt 0.242194 0.000000
vt 0.218753 0.968750
vt 0.226570 1.000000
vt 0.218754 0.937502
vt 0.218747 0.906245
vt 0.218747 0.874997
vt 0.218748 0.843747
vt 0.218754 0.812497
vt 0.218751 0.781248
vt 0.218751 0.750003
vt 0.218751 0.718751
vt 0.218750 0.687501
vt 0.218751 0.656246
vt 0.218750 0.625002
vt 0.218750 0.593752
vt 0.218752 0.562501
vt 0.218748 0.531253
vt 0.218749 0.500000
vt 0.218748 0.468747
vt 0.218752 0.437499
vt 0.218750 0.406248
vt 0.218750 0.374998
vt 0.218751 0.343755
vt 0.218750 0.312499
vt 0.218752 0.281249
vt 0.218751 0.249997
vt 0.218751 0.218752
vt 0.218754 0.187503
vt 0.218748 0.156253
vt 0.218747 0.125003
vt 0.218747 0.093755
vt 0.218754 0.062498
vt 0.218753 0.031250
vt 0.226570 0.000000
vt 0.203120 0.968753
vt 0.210936 1.000000
vt 0.203119 0.937497
vt 0.203124 0.906249
vt 0.203123 0.874996
vt 0.203129 0.843752
vt 0.203124 0.812497
vt 0.203123 0.781253
vt 0.203127 0.750002
vt 0.203124 0.718750
vt 0.203126 0.687499
vt 0.203126 0.656247
vt 0.203126 0.625002
vt 0.203125 0.593753
vt 0.203123 0.562500
vt 0.203125 0.531253
vt 0.203123 0.500000
vt 0.203125 0.468747
vt 0.203123 0.437500
vt 0.203125 0.406247
vt 0.203126 0.374998
vt 0.203126 0.343753
vt 0.203126 0.312501
vt 0.203124 0.281250
vt 0.203127 0.249998
vt 0.203123 0.218748
vt 0.203124 0.187503
vt 0.203129 0.156248
vt 0.203124 0.125004
vt 0.203124 0.093751
vt 0.203119 0.062503
vt 0.203120 0.031247
vt 0.210937 0.000000
vt 0.187487 0.968747
vt 0.195303 1.000000
vt 0.187493 0.937498
vt 0.187497 0.906249
vt 0.187496 0.875000
vt 0.187499 0.843748
vt 0.187498 0.812499
vt 0.187500 0.781250
vt 0.187502 0.750004
vt 0.187500 0.718754
vt 0.187501 0.687500
vt 0.187501 0.656246
vt 0.187501 0.625004
vt 0.187499 0.593752
vt 0.187500 0.562501
vt 0.187499 0.531253
vt 0.187498 0.500000
vt 0.187499 0.468747
vt 0.187500 0.437500
vt 0.187499 0.406248
vt 0.187501 0.374996
vt 0.187501 0.343754
vt 0.187501 0.312501
vt 0.187500 0.281246
vt 0.187502 0.249996
vt 0.187500 0.218750
vt 0.187498 0.187501
vt 0.187499 0.156252
vt 0.187496 0.125001
vt 0.187497 0.093751
vt 0.187493 0.062502
vt 0.187487 0.031253
vt 0.195303 0.000000
vt 0.171871 0.968746
vt 0.179679 1.000000
vt 0.171869 0.937498
vt 0.171879 0.906253
vt 0.171873 0.874999
vt 0.171875 0.843750
vt 0.171876 0.812499
vt 0.171878 0.781250
vt 0.171873 0.750005
vt 0.171874 0.718751
vt 0.171875 0.687503
vt 0.171875 0.656247
vt 0.171875 0.625001
vt 0.171876 0.593753
vt 0.171875 0.562500
vt 0.171876 0.531253
vt 0.171876 0.500000
vt 0.171876 0.468747
vt 0.171875 0.437500
vt 0.171876 0.406247
vt 0.171875 0.374999
vt 0.171875 0.343753
vt 0.171875 0.312497
vt 0.171874 0.281249
vt 0.171873 0.249995
vt 0.171878 0.218750
vt 0.171876 0.187501
vt 0.171875 0.156250
vt 0.171873 0.125001
vt 0.171879 0.093747
vt 0.171869 0.062502
vt 0.171871 0.031254
vt 0.179679 0.000000
vt 0.156248 0.968751
vt 0.164059 1.000000
vt 0.156260 0.937501
vt 0.156246 0.906249
vt 0.156247 0.874998
vt 0.156249 0.843751
vt 0.156249 0.812497
vt 0.156248 0.781253
vt 0.156250 0.750001
vt 0.156250 0.718749
vt 0.156248 0.687501
vt 0.156248 0.656248
vt 0.156251 0.625002
vt 0.156250 0.593751
vt 0.156248 0.562501
vt 0.156249 0.531253
vt 0.156249 0.500000
vt 0.156249 0.468747
vt 0.156248 0.437500
vt 0.156250 0.406249
vt 0.156251 0.374998
vt 0.156248 0.343752
vt 0.156248 0.312499
vt 0.156251 0.281251
vt 0.156250 0.249999
vt 0.156248 0.218747
vt 0.156249 0.187503
vt 0.156249 0.156249
vt 0.156247 0.125002
vt 0.156246 0.093751
vt 0.156260 0.062499
vt 0.156248 0.031249
vt 0.164060 0.000000
vt 0.140610 0.968751
vt 0.148429 1.000000
vt 0.140624 0.937502
vt 0.140625 0.906247
vt 0.140623 0.874999
vt 0.140629 0.843751
vt 0.140625 0.812498
vt 0.140626 0.781249
vt 0.140626 0.750000
vt 0.140624 0.718750
vt 0.140628 0.687501
vt 0.140624 0.656247
vt 0.140624 0.625003
vt 0.140627 0.593753
vt 0.140624 0.562500
vt 0.140625 0.531253
vt 0.140624 0.500000
vt 0.140625 0.468747
vt 0.140624 0.437500
vt 0.140627 0.406247
vt 0.140624 0.374997
vt 0.140624 0.343754
vt 0.140628 0.312500
vt 0.140624 0.281250
vt 0.140626 0.250000
vt 0.140626 0.218751
vt 0.140625 0.187502
vt 0.140629 0.156249
vt 0.140623 0.125001
vt 0.140625 0.093753
vt 0.140624 0.062498
vt 0.140610 0.031249
vt 0.148429 0.000000
vt 0.125000 0.968751
vt 0.132805 1.000000
vt 0.125000 0.937501
vt 0.125000 0.906253
vt 0.125000 0.875003
vt 0.125000 0.843748
vt 0.125000 0.812497
vt 0.125000 0.781250
vt 0.125000 0.750003
vt 0.125000 0.718748
vt 0.125000 0.687499
vt 0.125000 0.656250
vt 0.125000 0.625003
vt 0.125000 0.593752
vt 0.125000 0.562501
vt 0.125000 0.531253
vt 0.125000 0.500000
vt 0.125000 0.468747
vt 0.125000 0.437499
vt 0.125000 0.406248
vt 0.125000 0.374997
vt 0.125000 0.343750
vt 0.125000 0.312501
vt 0.125000 0.281252
vt 0.125000 0.249997
vt 0.125000 0.218750
vt 0.125000 0.187503
vt 0.125000 0.156252
vt 0.125000 0.124997
vt 0.125000 0.093747
vt 0.125000 0.062499
vt 0.125000 0.031250
vt 0.132805 0.000000
vt 0.109390 0.968751
vt 0.117195 1.000000
vt 0.109376 0.937502
vt 0.109375 0.906247
vt 0.109377 0.874999
vt 0.109371 0.843751
vt 0.109375 0.812498
vt 0.109374 0.781249
vt 0.109374 0.750000
vt 0.109376 0.718750
vt 0.109372 0.687501
vt 0.109376 0.656247
vt 0.109376 0.625004
vt 0.109373 0.593753
vt 0.109376 0.562500
vt 0.109375 0.531253
vt 0.109376 0.500000
vt 0.109375 0.468747
vt 0.109376 0.437500
vt 0.109373 0.406247
vt 0.109376 0.374997
vt 0.109376 0.343754
vt 0.109372 0.312500
vt 0.109376 0.281250
vt 0.109374 0.250000
vt 0.109374 0.218751
vt 0.109375 0.187502
vt 0.109371 0.156249
vt 0.109377 0.125001
vt 0.109375 0.093753
vt 0.109376 0.062498
vt 0.109390 0.031249
vt 0.117195 0.000000
vt 0.093752 0.968751
vt 0.101571 1.000000
vt 0.093740 0.937501
vt 0.093754 0.906249
vt 0.093753 0.874998
vt 0.093751 0.843751
vt 0.093751 0.812497
vt 0.093752 0.781253
vt 0.093750 0.750001
vt 0.093749 0.718749
vt 0.093752 0.687501
vt 0.093752 0.656248
vt 0.093749 0.625002
vt 0.093750 0.593751
vt 0.093752 0.562501
vt 0.093751 0.531253
vt 0.093751 0.500000
vt 0.093751 0.468747
vt 0.093752 0.437500
vt 0.093750 0.406249
vt 0.093749 0.374998
vt 0.093752 0.343752
vt 0.093752 0.312499
vt 0.093750 0.281251
vt 0.093750 0.249999
vt 0.093752 0.218747
vt 0.093751 0.187503
vt 0.093751 0.156249
vt 0.093753 0.125002
vt 0.093754 0.093751
vt 0.093740 0.062499
vt 0.093752 0.031249
vt 0.101571 0.000000
vt 0.078129 0.968746
vt 0.085940 1.000000
vt 0.078131 0.937498
vt 0.078121 0.906253
vt 0.078127 0.874999
vt 0.078125 0.843750
vt 0.078124 0.812499
vt 0.078122 0.781250
vt 0.078127 0.750005
vt 0.078126 0.718751
vt 0.078125 0.687503
vt 0.078125 0.656247
vt 0.078125 0.625001
vt 0.078124 0.593753
vt 0.078125 0.562500
vt 0.078124 0.531253
vt 0.078124 0.500000
vt 0.078124 0.468747
vt 0.078125 0.437500
vt 0.078124 0.406247
vt 0.078125 0.374999
vt 0.078125 0.343753
vt 0.078125 0.312497
vt 0.078126 0.281249
vt 0.078127 0.249995
vt 0.078122 0.218750
vt 0.078124 0.187501
vt 0.078125 0.156250
vt 0.078127 0.125001
vt 0.078121 0.093747
vt 0.078131 0.062502
vt 0.078130 0.031254
vt 0.085941 0.000000
vt 0.062513 0.968747
vt 0.070321 1.000000
vt 0.062507 0.937498
vt 0.062503 0.906249
vt 0.062504 0.875000
vt 0.062501 0.843748
vt 0.062502 0.812499
vt 0.062500 0.781250
vt 0.062498 0.750004
vt 0.062500 0.718754
vt 0.062499 0.687500
vt 0.062499 0.656246
vt 0.062499 0.625004
vt 0.062501 0.593752
vt 0.062500 0.562501
vt 0.062501 0.531253
vt 0.062502 0.500000
vt 0.062501 0.468747
vt 0.062500 0.437500
vt 0.062501 0.406248
vt 0.062499 0.374996
vt 0.062499 0.343754
vt 0.062499 0.312500
vt 0.062500 0.281246
vt 0.062498 0.249996
vt 0.062500 0.218750
vt 0.062502 0.187501
vt 0.062501 0.156252
vt 0.062504 0.125001
vt 0.062503 0.093751
vt 0.062507 0.062502
vt 0.062513 0.031253
vt 0.070321 0.000000
vt 0.046880 0.968753
vt 0.054697 1.000000
vt 0.046881 0.937497
vt 0.046875 0.906249
vt 0.046876 0.874996
vt 0.046871 0.843752
vt 0.046876 0.812497
vt 0.046877 0.781253
vt 0.046873 0.750002
vt 0.046876 0.718750
vt 0.046874 0.687499
vt 0.046874 0.656247
vt 0.046874 0.625002
vt 0.046875 0.593753
vt 0.046877 0.562500
vt 0.046875 0.531254
vt 0.046877 0.500000
vt 0.046875 0.468747
vt 0.046877 0.437500
vt 0.046875 0.406247
vt 0.046874 0.374998
vt 0.046874 0.343753
vt 0.046874 0.312501
vt 0.046876 0.281250
vt 0.046873 0.249998
vt 0.046877 0.218748
vt 0.046876 0.187503
vt 0.046871 0.156248
vt 0.046877 0.125004
vt 0.046876 0.093751
vt 0.046881 0.062503
vt 0.046881 0.031247
vt 0.054697 0.000000
vt 0.031246 0.968750
vt 0.039063 1.000000
vt 0.031246 0.937502
vt 0.031253 0.906245
vt 0.031253 0.874997
vt 0.031252 0.843747
vt 0.031246 0.812497
vt 0.031249 0.781248
vt 0.031249 0.750003
vt 0.031248 0.718751
vt 0.031250 0.687501
vt 0.031249 0.656246
vt 0.031250 0.625002
vt 0.031250 0.593752
vt 0.031248 0.562501
vt 0.031252 0.531253
vt 0.031251 0.500000
vt 0.031252 0.468747
vt 0.031248 0.437499
vt 0.031250 0.406248
vt 0.031250 0.374998
vt 0.031249 0.343755
vt 0.031250 0.312499
vt 0.031249 0.281249
vt 0.031249 0.249997
vt 0.031249 0.218752
vt 0.031246 0.187503
vt 0.031252 0.156253
vt 0.031253 0.125003
vt 0.031253 0.093755
vt 0.031246 0.062498
vt 0.031247 0.031250
vt 0.039064 0.000000
vt 0.015613 0.968749
vt 0.023430 1.000000
vt 0.015622 0.937496
vt 0.015626 0.906251
vt 0.015629 0.874994
vt 0.015628 0.843751
vt 0.015624 0.812496
vt 0.015626 0.781252
vt 0.015624 0.750002
vt 0.015623 0.718754
vt 0.015624 0.687501
vt 0.015627 0.656246
vt 0.015626 0.625002
vt 0.015624 0.593754
vt 0.015625 0.562502
vt 0.015625 0.531253
vt 0.015627 0.500000
vt 0.015625 0.468747
vt 0.015625 0.437499
vt 0.015624 0.406246
vt 0.015626 0.374998
vt 0.015627 0.343754
vt 0.015624 0.312499
vt 0.015623 0.281247
vt 0.015624 0.249998
vt 0.015626 0.218748
vt 0.015624 0.187504
vt 0.015628 0.156249
vt 0.015629 0.125006
vt 0.015626 0.093749
vt 0.015623 0.062503
vt 0.015613 0.031251
vt 0.023430 0.000000
vt 0.000000 0.968747
vt 0.007806 1.000000
vt 0.000000 0.937498
vt 0.000000 0.906247
vt 0.000000 0.874996
vt 0.000000 0.843753
vt 0.000000 0.812499
vt 0.000000 0.781249
vt 0.000000 0.750000
vt 0.000000 0.718751
vt 0.000000 0.687501
vt 0.000000 0.656247
vt 0.000000 0.625005
vt 0.000000 0.593753
vt 0.000000 0.562502
vt 0.000000 0.531253
vt 0.000000 0.500000
vt 0.000000 0.468747
vt 0.000000 0.437498
vt 0.000000 0.406247
vt 0.000000 0.374996
vt 0.000000 0.343753
vt 0.000000 0.312499
vt 0.000000 0.281249
vt 0.000000 0.250000
vt 0.000000 0.218751
vt 0.000000 0.187501
vt 0.000000 0.156247
vt 0.000000 0.125004
vt 0.000000 0.093753
vt 0.000000 0.062502
vt 0.000000 0.031253
vt 0.007806 0.000000
s 1
f 1/1/1 1945/2/2 1569/3/3
f 18/4/4 1943/5/5 1945/2/2
f 1945/2/2 1/1/1 18/4/4
f 17/6/6 1946/7/7 1943/5/5
f 1943/5/5 18/4/4 17/6/6
f 2/8/8 1949/9/9 1946/7/7
f 1946/7/7 17/6/6 2/8/8
f 21/10/10 1948/11/11 1949/9/9
f 1949/9/9 2/8/8 21/10/10
f 22/12/12 1950/13/13 1948/11/11
f 1948/11/11 21/10/10 22/12/12
f 3/14/14 1953/15/15 1950/13/13
f 1950/13/13 22/12/12 3/14/14
f 26/16/16 1954/17/17 1953/15/15
f 1953/15/15 3/14/14 26/16/16
f 25/18/18 1957/19/19 1954/17/17
f 1954/17/17 26/16/16 25/18/18
f 4/20/20 1958/21/21 1957/19/19
f 1957/19/19 25/18/18 4/20/20
f 27/22/22 1959/23/23 1958/21/21
f 1958/21/21 4/20/20 27/22/22
f 5/24/24 1962/25/25 1959/23/23
f 1959/23/23 27/22/22 5/24/24
f 6/26/26 1963/27/27 1962/25/25
f 1962/25/25 5/24/24 6/26/26
f 30/28/28 1964/29/29 1963/27/27
f 1963/27/27 6/26/26 30/28/28
f 7/30/30 1965/31/31 1964/29/29
f 1964/29/29 30/28/28 7/30/30
f 8/32/32 1966/33/33 1965/31/31
f 1965/31/31 7/30/30 8/32/32
f 32/34/34 1969/35/35 1966/33/33
f 1966/33/33 8/32/32 32/34/34
f 9/36/36 1968/37/37 1969/35/35
f 1969/35/35 32/34/34 9/36/36
f 10/38/38 1970/39/39 1968/37/37
f 1968/37/37 9/36/36 10/38/38
f 11/40/40 1971/41/41 1970/39/39
f 1970/39/39 10/38/38 11/40/40
f 35/42/42 1973/43/43 1971/41/41
f 1971/41/41 11/40/40 35/42/42
f 36/44/44 1974/45/45 1973/43/43
f 1973/43/43 35/42/42 36/44/44
f 37/46/46 1975/47/47 1974/45/45
f 1974/45/45 36/44/44 37/46/46
f 12/48/48 1977/49/49 1975/47/47
f 1975/47/47 37/46/46 12/48/48
f 13/50/50 1978/51/51 1977/49/49
f 1977/49/49 12/48/48 13/50/50
f 14/52/52 1980/53/53 1978/51/51
f 1978/51/51 13/50/50 14/52/52
f 39/54/54 1979/55/55 1980/53/53
f 1980/53/53 14/52/52 39/54/54
f 42/56/56 1981/57/57 1979/55/55
f 1979/55/55 39/54/54 42/56/56
f 41/58/58 1983/59/59 1981/57/57
f 1981/57/57 42/56/56 41/58/58
f 15/60/60 1985/61/61 1983/59/59
f 1983/59/59 41/58/58 15/60/60
f 16/62/62 1986/63/63 1985/61/61
f 1985/61/61 15/60/60 16/62/62
f 1986/63/63 16/62/62 1381/64/64
f 44/65/65 1/1/1 1569/66/3
f 47/67/66 18/4/4 1/1/1
f 1/1/1 44/65/65 47/67/66
f 46/68/67 17/6/6 18/4/4
f 18/4/4 47/67/66 46/68/67
f 19/69/68 2/8/8 17/6/6
f 17/6/6 46/68/67 19/69/68
f 49/70/69 21/10/10 2/8/8
f 2/8/8 19/69/68 49/70/69
f 20/71/70 22/12/12 21/10/10
f 21/10/10 49/70/69 20/71/70
f 23/72/71 3/14/14 22/12/12
f 22/12/12 20/71/70 23/72/71
f 52/73/72 26/16/16 3/14/14
f 3/14/14 23/72/71 52/73/72
f 24/74/73 25/18/18 26/16/16
f 26/16/16 52/73/72 24/74/73
f 53/75/74 4/20/20 25/18/18
f 25/18/18 24/74/73 53/75/74
f 54/76/75 27/22/22 4/20/20
f 4/20/20 53/75/74 54/76/75
f 28/77/76 5/24/24 27/22/22
f 27/22/22 54/76/75 28/77/76
f 29/78/77 6/26/26 5/24/24
f 5/24/24 28/77/76 29/78/77
f 57/79/78 30/28/28 6/26/26
f 6/26/26 29/78/77 57/79/78
f 31/80/79 7/30/30 30/28/28
f 30/28/28 57/79/78 31/80/79
f 33/81/80 8/32/32 7/30/30
f 7/30/30 31/80/79 33/81/80
f 59/82/81 32/34/34 8/32/32
f 8/32/32 33/81/80 59/82/81
f 60/83/82 9/36/36 32/34/34
f 32/34/34 59/82/81 60/83/82
f 62/84/83 10/38/38 9/36/36
f 9/36/36 60/83/82 62/84/83
f 34/85/84 11/40/40 10/38/38
f 10/38/38 62/84/83 34/85/84
f 64/86/85 35/42/42 11/40/40
f 11/40/40 34/85/84 64/86/85
f 63/87/86 36/44/44 35/42/42
f 35/42/42 64/86/85 63/87/86
f 68/88/87 37/46/46 36/44/44
f 36/44/44 63/87/86 68/88/87
f 38/89/88 12/48/48 37/46/46
f 37/46/46 68/88/87 38/89/88
f 69/90/89 13/50/50 12/48/48
f 12/48/48 38/89/88 69/90/89
f 72/91/90 14/52/52 13/50/50
f 13/50/50 69/90/89 72/91/90
f 40/92/91 39/54/54 14/52/52
f 14/52/52 72/91/90 40/92/91
f 74/93/92 42/56/56 39/54/54
f 39/54/54 40/92/91 74/93/92
f 76/94/93 41/58/58 42/56/56
f 42/56/56 74/93/92 76/94/93
f 43/95/94 15/60/60 41/58/58
f 41/58/58 76/94/93 43/95/94
f 77/96/95 16/62/62 15/60/60
f 15/60/60 43/95/94 77/96/95
f 16/62/62 77/96/95 1381/97/64
f 45/98/96 44/65/65 1569/99/3
f 48/100/97 47/67/66 44/65/65
f 44/65/65 45/98/96 48/100/97
f 80/101/98 46/68/67 47/67/66
f 47/67/66 48/100/97 80/101/98
f 50/102/99 19/69/68 46/68/67
f 46/68/67 80/101/98 50/102/99
f 82/103/100 49/70/69 19/69/68
f 19/69/68 50/102/99 82/103/100
f 85/104/101 20/71/70 49/70/69
f 49/70/69 82/103/100 85/104/101
f 51/105/102 23/72/71 20/71/70
f 20/71/70 85/104/101 51/105/102
f 87/106/103 52/73/72 23/72/71
f 23/72/71 51/105/102 87/106/103
f 90/107/104 24/74/73 52/73/72
f 52/73/72 87/106/103 90/107/104
f 89/108/105 53/75/74 24/74/73
f 24/74/73 90/107/104 89/108/105
f 91/109/106 54/76/75 53/75/74
f 53/75/74 89/108/105 91/109/106
f 55/110/107 28/77/76 54/76/75
f 54/76/75 91/109/106 55/110/107
f 93/111/108 29/78/77 28/77/76
f 28/77/76 55/110/107 93/111/108
f 56/112/109 57/79/78 29/78/77
f 29/78/77 93/111/108 56/112/109
f 94/113/110 31/80/79 57/79/78
f 57/79/78 56/112/109 94/113/110
f 58/114/111 33/81/80 31/80/79
f 31/80/79 94/113/110 58/114/111
f 98/115/112 59/82/81 33/81/80
f 33/81/80 58/114/111 98/115/112
f 97/116/113 60/83/82 59/82/81
f 59/82/81 98/115/112 97/116/113
f 100/117/114 62/84/83 60/83/82
f 60/83/82 97/116/113 100/117/114
f 61/118/115 34/85/84 62/84/83
f 62/84/83 100/117/114 61/118/115
f 65/119/116 64/86/85 34/85/84
f 34/85/84 61/118/115 65/119/116
f 66/120/117 63/87/86 64/86/85
f 64/86/85 65/119/116 66/120/117
f 67/121/118 68/88/87 63/87/86
f 63/87/86 66/120/117 67/121/118
f 70/122/119 38/89/88 68/88/87
f 68/88/87 67/121/118 70/122/119
f 71/123/120 69/90/89 38/89/88
f 38/89/88 70/122/119 71/123/120
f 73/124/121 72/91/90 69/90/89
f 69/90/89 71/123/120 73/124/121
f 108/125/122 40/92/91 72/91/90
f 72/91/90 73/124/121 108/125/122
f 75/126/123 74/93/92 40/92/91
f 40/92/91 108/125/122 75/126/123
f 111/127/124 76/94/93 74/93/92
f 74/93/92 75/126/123 111/127/124
f 113/128/125 43/95/94 76/94/93
f 76/94/93 111/127/124 113/128/125
f 114/129/126 77/96/95 43/95/94
f 43/95/94 113/128/125 114/129/126
f 77/96/95 114/129/126 1381/130/64
f 115/131/127 45/98/96 1569/132/3
f 78/133/128 48/100/97 45/98/96
f 45/98/96 115/131/127 78/133/128
f 79/134/129 80/101/98 48/100/97
f 48/100/97 78/133/128 79/134/129
f 117/135/130 50/102/99 80/101/98
f 80/101/98 79/134/129 117/135/130
f 81/136/131 82/103/100 50/102/99
f 50/102/99 117/135/130 81/136/131
f 83/137/132 85/104/101 82/103/100
f 82/103/100 81/136/131 83/137/132
f 84/138/133 51/105/102 85/104/101
f 85/104/101 83/137/132 84/138/133
f 86/139/134 87/106/103 51/105/102
f 51/105/102 84/138/133 86/139/134
f 119/140/135 90/107/104 87/106/103
f 87/106/103 86/139/134 119/140/135
f 88/141/136 89/108/105 90/107/104
f 90/107/104 119/140/135 88/141/136
f 120/142/137 91/109/106 89/108/105
f 89/108/105 88/141/136 120/142/137
f 122/143/138 55/110/107 91/109/106
f 91/109/106 120/142/137 122/143/138
f 92/144/139 93/111/108 55/110/107
f 55/110/107 122/143/138 92/144/139
f 123/145/140 56/112/109 93/111/108
f 93/111/108 92/144/139 123/145/140
f 95/146/141 94/113/110 56/112/109
f 56/112/109 123/145/140 95/146/141
f 126/147/142 58/114/111 94/113/110
f 94/113/110 95/146/141 126/147/142
f 99/148/143 98/115/112 58/114/111
f 58/114/111 126/147/142 99/148/143
f 96/149/144 97/116/113 98/115/112
f 98/115/112 99/148/143 96/149/144
f 127/150/145 100/117/114 97/116/113
f 97/116/113 96/149/144 127/150/145
f 102/151/146 61/118/115 100/117/114
f 100/117/114 127/150/145 102/151/146
f 101/152/147 65/119/116 61/118/115
f 61/118/115 102/151/146 101/152/147
f 103/153/148 66/120/117 65/119/116
f 65/119/116 101/152/147 103/153/148
f 104/154/149 67/121/118 66/120/117
f 66/120/117 103/153/148 104/154/149
f 105/155/150 70/122/119 67/121/118
f 67/121/118 104/154/149 105/155/150
f 106/156/151 71/123/120 70/122/119
f 70/122/119 105/155/150 106/156/151
f 132/157/152 73/124/121 71/123/120
f 71/123/120 106/156/151 132/157/152
f 107/158/153 108/125/122 73/124/121
f 73/124/121 132/157/152 107/158/153
f 109/159/154 75/126/123 108/125/122
f 108/125/122 107/158/153 109/159/154
f 110/160/155 111/127/124 75/126/123
f 75/126/123 109/159/154 110/160/155
f 112/161/156 113/128/125 111/127/124
f 111/127/124 110/160/155 112/161/156
f 134/162/157 114/129/126 113/128/125
f 113/128/125 112/161/156 134/162/157
f 114/129/126 134/162/157 1381/163/64
f 116/164/158 115/131/127 1569/165/3
f 136/166/159 78/133/128 115/131/127
f 115/131/127 116/164/158 136/166/159
f 138/167/160 79/134/129 78/133/128
f 78/133/128 136/166/159 138/167/160
f 140/168/161 117/135/130 79/134/129
f 79/134/129 138/167/160 140/168/161
f 118/169/162 81/136/131 117/135/130
f 117/135/130 140/168/161 118/169/162
f 143/170/163 83/137/132 81/136/131
f 81/136/131 118/169/162 143/170/163
f 146/171/164 84/138/133 83/137/132
f 83/137/132 143/170/163 146/171/164
f 145/172/165 86/139/134 84/138/133
f 84/138/133 146/171/164 145/172/165
f 148/173/166 119/140/135 86/139/134
f 86/139/134 145/172/165 148/173/166
f 150/174/167 88/141/136 119/140/135
f 119/140/135 148/173/166 150/174/167
f 151/175/168 120/142/137 88/141/136
f 88/141/136 150/174/167 151/175/168
f 121/176/169 122/143/138 120/142/137
f 120/142/137 151/175/168 121/176/169
f 153/177/170 92/144/139 122/143/138
f 122/143/138 121/176/169 153/177/170
f 152/178/171 123/145/140 92/144/139
f 92/144/139 153/177/170 152/178/171
f 124/179/172 95/146/141 123/145/140
f 123/145/140 152/178/171 124/179/172
f 155/180/173 126/147/142 95/146/141
f 95/146/141 124/179/172 155/180/173
f 125/181/174 99/148/143 126/147/142
f 126/147/142 155/180/173 125/181/174
f 157/182/175 96/149/144 99/148/143
f 99/148/143 125/181/174 157/182/175
f 128/183/176 127/150/145 96/149/144
f 96/149/144 157/182/175 128/183/176
f 159/184/177 102/151/146 127/150/145
f 127/150/145 128/183/176 159/184/177
f 158/185/178 101/152/147 102/151/146
f 102/151/146 159/184/177 158/185/178
f 129/186/179 103/153/148 101/152/147
f 101/152/147 158/185/178 129/186/179
f 130/187/180 104/154/149 103/153/148
f 103/153/148 129/186/179 130/187/180
f 131/188/181 105/155/150 104/154/149
f 104/154/149 130/187/180 131/188/181
f 162/189/182 106/156/151 105/155/150
f 105/155/150 131/188/181 162/189/182
f 161/190/183 132/157/152 106/156/151
f 106/156/151 162/189/182 161/190/183
f 163/191/184 107/158/153 132/157/152
f 132/157/152 161/190/183 163/191/184
f 133/192/185 109/159/154 107/158/153
f 107/158/153 163/191/184 133/192/185
f 164/193/186 110/160/155 109/159/154
f 109/159/154 133/192/185 164/193/186
f 166/194/187 112/161/156 110/160/155
f 110/160/155 164/193/186 166/194/187
f 168/195/188 134/162/157 112/161/156
f 112/161/156 166/194/187 168/195/188
f 134/162/157 168/195/188 1381/196/64
f 135/197/189 116/164/158 1569/198/3
f 137/199/190 136/166/159 116/164/158
f 116/164/158 135/197/189 137/199/190
f 139/200/191 138/167/160 136/166/159
f 136/166/159 137/199/190 139/200/191
f 141/201/192 140/168/161 138/167/160
f 138/167/160 139/200/191 141/201/192
f 171/202/193 118/169/162 140/168/161
f 140/168/161 141/201/192 171/202/193
f 142/203/194 143/170/163 118/169/162
f 118/169/162 171/202/193 142/203/194
f 174/204/195 146/171/164 143/170/163
f 143/170/163 142/203/194 174/204/195
f 144/205/196 145/172/165 146/171/164
f 146/171/164 174/204/195 144/205/196
f 147/206/197 148/173/166 145/172/165
f 145/172/165 144/205/196 147/206/197
f 176/207/198 150/174/167 148/173/166
f 148/173/166 147/206/197 176/207/198
f 149/208/199 151/175/168 150/174/167
f 150/174/167 176/207/198 149/208/199
f 179/209/200 121/176/169 151/175/168
f 151/175/168 149/208/199 179/209/200
f 178/210/201 153/177/170 121/176/169
f 121/176/169 179/209/200 178/210/201
f 154/211/202 152/178/171 153/177/170
f 153/177/170 178/210/201 154/211/202
f 181/212/203 124/179/172 152/178/171
f 152/178/171 154/211/202 181/212/203
f 183/213/204 155/180/173 124/179/172
f 124/179/172 181/212/203 183/213/204
f 156/214/205 125/181/174 155/180/173
f 155/180/173 183/213/204 156/214/205
f 186/215/206 157/182/175 125/181/174
f 125/181/174 156/214/205 186/215/206
f 187/216/207 128/183/176 157/182/175
f 157/182/175 186/215/206 187/216/207
f 160/217/208 159/184/177 128/183/176
f 128/183/176 187/216/207 160/217/208
f 188/218/209 158/185/178 159/184/177
f 159/184/177 160/217/208 188/218/209
f 190/219/210 129/186/179 158/185/178
f 158/185/178 188/218/209 190/219/210
f 189/220/211 130/187/180 129/186/179
f 129/186/179 190/219/210 189/220/211
f 192/221/212 131/188/181 130/187/180
f 130/187/180 189/220/211 192/221/212
f 194/222/213 162/189/182 131/188/181
f 131/188/181 192/221/212 194/222/213
f 193/223/214 161/190/183 162/189/182
f 162/189/182 194/222/213 193/223/214
f 196/224/215 163/191/184 161/190/183
f 161/190/183 193/223/214 196/224/215
f 198/225/216 133/192/185 163/191/184
f 163/191/184 196/224/215 198/225/216
f 197/226/217 164/193/186 133/192/185
f 133/192/185 198/225/216 197/226/217
f 165/227/218 166/194/187 164/193/186
f 164/193/186 197/226/217 165/227/218
f 167/228/219 168/195/188 166/194/187
f 166/194/187 165/227/218 167/228/219
f 168/195/188 167/228/219 1381/229/64
f 169/230/220 135/197/189 1569/231/3
f 204/232/221 137/199/190 135/197/189
f 135/197/189 169/230/220 204/232/221
f 203/233/222 139/200/191 137/199/190
f 137/199/190 204/232/221 203/233/222
f 170/234/223 141/201/192 139/200/191
f 139/200/191 203/233/222 170/234/223
f 207/235/224 171/202/193 141/201/192
f 141/201/192 170/234/223 207/235/224
f 172/236/225 142/203/194 171/202/193
f 171/202/193 207/235/224 172/236/225
f 209/237/226 174/204/195 142/203/194
f 142/203/194 172/236/225 209/237/226
f 173/238/227 144/205/196 174/204/195
f 174/204/195 209/237/226 173/238/227
f 211/239/228 147/206/197 144/205/196
f 144/205/196 173/238/227 211/239/228
f 175/240/229 176/207/198 147/206/197
f 147/206/197 211/239/228 175/240/229
f 213/241/230 149/208/199 176/207/198
f 176/207/198 175/240/229 213/241/230
f 180/242/231 179/209/200 149/208/199
f 149/208/199 213/241/230 180/242/231
f 177/243/232 178/210/201 179/209/200
f 179/209/200 180/242/231 177/243/232
f 215/244/233 154/211/202 178/210/201
f 178/210/201 177/243/232 215/244/233
f 182/245/234 181/212/203 154/211/202
f 154/211/202 215/244/233 182/245/234
f 184/246/235 183/213/204 181/212/203
f 181/212/203 182/245/234 184/246/235
f 185/247/236 156/214/205 183/213/204
f 183/213/204 184/246/235 185/247/236
f 219/248/237 186/215/206 156/214/205
f 156/214/205 185/247/236 219/248/237
f 221/249/238 187/216/207 186/215/206
f 186/215/206 219/248/237 221/249/238
f 220/250/239 160/217/208 187/216/207
f 187/216/207 221/249/238 220/250/239
f 222/251/240 188/218/209 160/217/208
f 160/217/208 220/250/239 222/251/240
f 225/252/241 190/219/210 188/218/209
f 188/218/209 222/251/240 225/252/241
f 227/253/242 189/220/211 190/219/210
f 190/219/210 225/252/241 227/253/242
f 191/254/243 192/221/212 189/220/211
f 189/220/211 227/253/242 191/254/243
f 229/255/244 194/222/213 192/221/212
f 192/221/212 191/254/243 229/255/244
f 195/256/245 193/223/214 194/222/213
f 194/222/213 229/255/244 195/256/245
f 231/257/246 196/224/215 193/223/214
f 193/223/214 195/256/245 231/257/246
f 199/258/247 198/225/216 196/224/215
f 196/224/215 231/257/246 199/258/247
f 200/259/248 197/226/217 198/225/216
f 198/225/216 199/258/247 200/259/248
f 234/260/249 165/227/218 197/226/217
f 197/226/217 200/259/248 234/260/249
f 201/261/250 167/228/219 165/227/218
f 165/227/218 234/260/249 201/261/250
f 167/228/219 201/261/250 1381/262/64
f 202/263/251 169/230/220 1569/264/3
f 205/265/252 204/232/221 169/230/220
f 169/230/220 202/263/251 205/265/252
f 206/266/253 203/233/222 204/232/221
f 204/232/221 205/265/252 206/266/253
f 236/267/254 170/234/223 203/233/222
f 203/233/222 206/266/253 236/267/254
f 237/268/255 207/235/224 170/234/223
f 170/234/223 236/267/254 237/268/255
f 238/269/256 172/236/225 207/235/224
f 207/235/224 237/268/255 238/269/256
f 208/270/257 209/237/226 172/236/225
f 172/236/225 238/269/256 208/270/257
f 239/271/258 173/238/227 209/237/226
f 209/237/226 208/270/257 239/271/258
f 210/272/259 211/239/228 173/238/227
f 173/238/227 239/271/258 210/272/259
f 242/273/260 175/240/229 211/239/228
f 211/239/228 210/272/259 242/273/260
f 212/274/261 213/241/230 175/240/229
f 175/240/229 242/273/260 212/274/261
f 244/275/262 180/242/231 213/241/230
f 213/241/230 212/274/261 244/275/262
f 214/276/263 177/243/232 180/242/231
f 180/242/231 244/275/262 214/276/263
f 247/277/264 215/244/233 177/243/232
f 177/243/232 214/276/263 247/277/264
f 216/278/265 182/245/234 215/244/233
f 215/244/233 247/277/264 216/278/265
f 217/279/266 184/246/235 182/245/234
f 182/245/234 216/278/265 217/279/266
f 249/280/267 185/247/236 184/246/235
f 184/246/235 217/279/266 249/280/267
f 218/281/268 219/248/237 185/247/236
f 185/247/236 249/280/267 218/281/268
f 251/282/269 221/249/238 219/248/237
f 219/248/237 218/281/268 251/282/269
f 223/283/270 220/250/239 221/249/238
f 221/249/238 251/282/269 223/283/270
f 224/284/271 222/251/240 220/250/239
f 220/250/239 223/283/270 224/284/271
f 253/285/272 225/252/241 222/251/240
f 222/251/240 224/284/271 253/285/272
f 254/286/273 227/253/242 225/252/241
f 225/252/241 253/285/272 254/286/273
f 226/287/274 191/254/243 227/253/242
f 227/253/242 254/286/273 226/287/274
f 228/288/275 229/255/244 191/254/243
f 191/254/243 226/287/274 228/288/275
f 230/289/276 195/256/245 229/255/244
f 229/255/244 228/288/275 230/289/276
f 232/290/277 231/257/246 195/256/245
f 195/256/245 230/289/276 232/290/277
f 258/291/278 199/258/247 231/257/246
f 231/257/246 232/290/277 258/291/278
f 233/292/279 200/259/248 199/258/247
f 199/258/247 258/291/278 233/292/279
f 261/293/280 234/260/249 200/259/248
f 200/259/248 233/292/279 261/293/280
f 260/294/281 201/261/250 234/260/249
f 234/260/249 261/293/280 260/294/281
f 201/261/250 260/294/281 1381/295/64
f 264/296/282 202/263/251 1569/297/3
f 265/298/283 205/265/252 202/263/251
f 202/263/251 264/296/282 265/298/283
f 235/299/284 206/266/253 205/265/252
f 205/265/252 265/298/283 235/299/284
f 268/300/285 236/267/254 206/266/253
f 206/266/253 235/299/284 268/300/285
f 269/301/286 237/268/255 236/267/254
f 236/267/254 268/300/285 269/301/286
f 270/302/287 238/269/256 237/268/255
f 237/268/255 269/301/286 270/302/287
f 240/303/288 208/270/257 238/269/256
f 238/269/256 270/302/287 240/303/288
f 241/304/289 239/271/258 208/270/257
f 208/270/257 240/303/288 241/304/289
f 276/305/290 210/272/259 239/271/258
f 239/271/258 241/304/289 276/305/290
f 275/306/291 242/273/260 210/272/259
f 210/272/259 276/305/290 275/306/291
f 243/307/292 212/274/261 242/273/260
f 242/273/260 275/306/291 243/307/292
f 278/308/293 244/275/262 212/274/261
f 212/274/261 243/307/292 278/308/293
f 245/309/294 214/276/263 244/275/262
f 244/275/262 278/308/293 245/309/294
f 248/310/295 247/277/264 214/276/263
f 214/276/263 245/309/294 248/310/295
f 246/311/296 216/278/265 247/277/264
f 247/277/264 248/310/295 246/311/296
f 281/312/297 217/279/266 216/278/265
f 216/278/265 246/311/296 281/312/297
f 282/313/298 249/280/267 217/279/266
f 217/279/266 281/312/297 282/313/298
f 250/314/299 218/281/268 249/280/267
f 249/280/267 282/313/298 250/314/299
f 286/315/300 251/282/269 218/281/268
f 218/281/268 250/314/299 286/315/300
f 285/316/301 223/283/270 251/282/269
f 251/282/269 286/315/300 285/316/301
f 252/317/302 224/284/271 223/283/270
f 223/283/270 285/316/301 252/317/302
f 288/318/303 253/285/272 224/284/271
f 224/284/271 252/317/302 288/318/303
f 255/319/304 254/286/273 253/285/272
f 253/285/272 288/318/303 255/319/304
f 289/320/305 226/287/274 254/286/273
f 254/286/273 255/319/304 289/320/305
f 291/321/306 228/288/275 226/287/274
f 226/287/274 289/320/305 291/321/306
f 256/322/307 230/289/276 228/288/275
f 228/288/275 291/321/306 256/322/307
f 292/323/308 232/290/277 230/289/276
f 230/289/276 256/322/307 292/323/308
f 293/324/309 258/291/278 232/290/277
f 232/290/277 292/323/308 293/324/309
f 257/325/310 233/292/279 258/291/278
f 258/291/278 293/324/309 257/325/310
f 262/326/311 261/293/280 233/292/279
f 233/292/279 257/325/310 262/326/311
f 259/327/312 260/294/281 261/293/280
f 261/293/280 262/326/311 259/327/312
f 260/294/281 259/327/312 1381/328/64
f 263/329/313 264/296/282 1569/330/3
f 296/331/314 265/298/283 264/296/282
f 264/296/282 263/329/313 296/331/314
f 266/332/315 235/299/284 265/298/283
f 265/298/283 296/331/314 266/332/315
f 298/333/316 268/300/285 235/299/284
f 235/299/284 266/332/315 298/333/316
f 267/334/317 269/301/286 268/300/285
f 268/300/285 298/333/316 267/334/317
f 271/335/318 270/302/287 269/301/286
f 269/301/286 267/334/317 271/335/318
f 272/336/319 240/303/288 270/302/287
f 270/302/287 271/335/318 272/336/319
f 274/337/320 241/304/289 240/303/288
f 240/303/288 272/336/319 274/337/320
f 273/338/321 276/305/290 241/304/289
f 241/304/289 274/337/320 273/338/321
f 302/339/322 275/306/291 276/305/290
f 276/305/290 273/338/321 302/339/322
f 277/340/323 243/307/292 275/306/291
f 275/306/291 302/339/322 277/340/323
f 304/341/324 278/308/293 243/307/292
f 243/307/292 277/340/323 304/341/324
f 306/342/325 245/309/294 278/308/293
f 278/308/293 304/341/324 306/342/325
f 279/343/326 248/310/295 245/309/294
f 245/309/294 306/342/325 279/343/326
f 308/344/327 246/311/296 248/310/295
f 248/310/295 279/343/326 308/344/327
f 309/345/328 281/312/297 246/311/296
f 246/311/296 308/344/327 309/345/328
f 280/346/329 282/313/298 281/312/297
f 281/312/297 309/345/328 280/346/329
f 310/347/330 250/314/299 282/313/298
f 282/313/298 280/346/329 310/347/330
f 283/348/331 286/315/300 250/314/299
f 250/314/299 310/347/330 283/348/331
f 284/349/332 285/316/301 286/315/300
f 286/315/300 283/348/331 284/349/332
f 287/350/333 252/317/302 285/316/301
f 285/316/301 284/349/332 287/350/333
f 315/351/334 288/318/303 252/317/302
f 252/317/302 287/350/333 315/351/334
f 316/352/335 255/319/304 288/318/303
f 288/318/303 315/351/334 316/352/335
f 318/353/336 289/320/305 255/319/304
f 255/319/304 316/352/335 318/353/336
f 317/354/337 291/321/306 289/320/305
f 289/320/305 318/353/336 317/354/337
f 290/355/338 256/322/307 291/321/306
f 291/321/306 317/354/337 290/355/338
f 319/356/339 292/323/308 256/322/307
f 256/322/307 290/355/338 319/356/339
f 322/357/340 293/324/309 292/323/308
f 292/323/308 319/356/339 322/357/340
f 323/358/341 257/325/310 293/324/309
f 293/324/309 322/357/340 323/358/341
f 294/359/342 262/326/311 257/325/310
f 257/325/310 323/358/341 294/359/342
f 295/360/343 259/327/312 262/326/311
f 262/326/311 294/359/342 295/360/343
f 259/327/312 295/360/343 1381/361/64
f 327/362/344 263/329/313 1569/363/3
f 326/364/345 296/331/314 263/329/313
f 263/329/313 327/362/344 326/364/345
f 297/365/346 266/332/315 296/331/314
f 296/331/314 326/364/345 297/365/346
f 329/366/347 298/333/316 266/332/315
f 266/332/315 297/365/346 329/366/347
f 331/367/348 267/334/317 298/333/316
f 298/333/316 329/366/347 331/367/348
f 333/368/349 271/335/318 267/334/317
f 267/334/317 331/367/348 333/368/349
f 299/369/350 272/336/319 271/335/318
f 271/335/318 333/368/349 299/369/350
f 300/370/351 274/337/320 272/336/319
f 272/336/319 299/369/350 300/370/351
f 301/371/352 273/338/321 274/337/320
f 274/337/320 300/370/351 301/371/352
f 303/372/353 302/339/322 273/338/321
f 273/338/321 301/371/352 303/372/353
f 337/373/354 277/340/323 302/339/322
f 302/339/322 303/372/353 337/373/354
f 305/374/355 304/341/324 277/340/323
f 277/340/323 337/373/354 305/374/355
f 339/375/356 306/342/325 304/341/324
f 304/341/324 305/374/355 339/375/356
f 341/376/357 279/343/326 306/342/325
f 306/342/325 339/375/356 341/376/357
f 307/377/358 308/344/327 279/343/326
f 279/343/326 341/376/357 307/377/358
f 344/378/359 309/345/328 308/344/327
f 308/344/327 307/377/358 344/378/359
f 345/379/360 280/346/329 309/345/328
f 309/345/328 344/378/359 345/379/360
f 311/380/361 310/347/330 280/346/329
f 280/346/329 345/379/360 311/380/361
f 346/381/362 283/348/331 310/347/330
f 310/347/330 311/380/361 346/381/362
f 312/382/363 284/349/332 283/348/331
f 283/348/331 346/381/362 312/382/363
f 313/383/364 287/350/333 284/349/332
f 284/349/332 312/382/363 313/383/364
f 349/384/365 315/351/334 287/350/333
f 287/350/333 313/383/364 349/384/365
f 314/385/366 316/352/335 315/351/334
f 315/351/334 349/384/365 314/385/366
f 351/386/367 318/353/336 316/352/335
f 316/352/335 314/385/366 351/386/367
f 350/387/368 317/354/337 318/353/336
f 318/353/336 351/386/367 350/387/368
f 352/388/369 290/355/338 317/354/337
f 317/354/337 350/387/368 352/388/369
f 320/389/370 319/356/339 290/355/338
f 290/355/338 352/388/369 320/389/370
f 321/390/371 322/357/340 319/356/339
f 319/356/339 320/389/370 321/390/371
f 324/391/372 323/358/341 322/357/340
f 322/357/340 321/390/371 324/391/372
f 325/392/373 294/359/342 323/358/341
f 323/358/341 324/391/372 325/392/373
f 356/393/374 295/360/343 294/359/342
f 294/359/342 325/392/373 356/393/374
f 295/360/343 356/393/374 1381/394/64
f 357/395/375 327/362/344 1569/396/3
f 359/397/376 326/364/345 327/362/344
f 327/362/344 357/395/375 359/397/376
f 328/398/377 297/365/346 326/364/345
f 326/364/345 359/397/376 328/398/377
f 330/399/378 329/366/347 297/365/346
f 297/365/346 328/398/377 330/399/378
f 332/400/379 331/367/348 329/366/347
f 329/366/347 330/399/378 332/400/379
f 363/401/380 333/368/349 331/367/348
f 331/367/348 332/400/379 363/401/380
f 365/402/381 299/369/350 333/368/349
f 333/368/349 363/401/380 365/402/381
f 334/403/382 300/370/351 299/369/350
f 299/369/350 365/402/381 334/403/382
f 335/404/383 301/371/352 300/370/351
f 300/370/351 334/403/382 335/404/383
f 336/405/384 303/372/353 301/371/352
f 301/371/352 335/404/383 336/405/384
f 338/406/385 337/373/354 303/372/353
f 303/372/353 336/405/384 338/406/385
f 369/407/386 305/374/355 337/373/354
f 337/373/354 338/406/385 369/407/386
f 373/408/387 339/375/356 305/374/355
f 305/374/355 369/407/386 373/408/387
f 340/409/388 341/376/357 339/375/356
f 339/375/356 373/408/387 340/409/388
f 342/410/389 307/377/358 341/376/357
f 341/376/357 340/409/388 342/410/389
f 343/411/390 344/378/359 307/377/358
f 307/377/358 342/410/389 343/411/390
f 374/412/391 345/379/360 344/378/359
f 344/378/359 343/411/390 374/412/391
f 376/413/392 311/380/361 345/379/360
f 345/379/360 374/412/391 376/413/392
f 347/414/393 346/381/362 311/380/361
f 311/380/361 376/413/392 347/414/393
f 377/415/394 312/382/363 346/381/362
f 346/381/362 347/414/393 377/415/394
f 348/416/395 313/383/364 312/382/363
f 312/382/363 377/415/394 348/416/395
f 381/417/396 349/384/365 313/383/364
f 313/383/364 348/416/395 381/417/396
f 380/418/397 314/385/366 349/384/365
f 349/384/365 381/417/396 380/418/397
f 383/419/398 351/386/367 314/385/366
f 314/385/366 380/418/397 383/419/398
f 384/420/399 350/387/368 351/386/367
f 351/386/367 383/419/398 384/420/399
f 353/421/400 352/388/369 350/387/368
f 350/387/368 384/420/399 353/421/400
f 354/422/401 320/389/370 352/388/369
f 352/388/369 353/421/400 354/422/401
f 386/423/402 321/390/371 320/389/370
f 320/389/370 354/422/401 386/423/402
f 387/424/403 324/391/372 321/390/371
f 321/390/371 386/423/402 387/424/403
f 355/425/404 325/392/373 324/391/372
f 324/391/372 387/424/403 355/425/404
f 391/426/405 356/393/374 325/392/373
f 325/392/373 355/425/404 391/426/405
f 356/393/374 391/426/405 1381/427/64
f 358/428/406 357/395/375 1569/429/3
f 360/430/407 359/397/376 357/395/375
f 357/395/375 358/428/406 360/430/407
f 394/431/408 328/398/377 359/397/376
f 359/397/376 360/430/407 394/431/408
f 361/432/409 330/399/378 328/398/377
f 328/398/377 394/431/408 361/432/409
f 362/433/410 332/400/379 330/399/378
f 330/399/378 361/432/409 362/433/410
f 364/434/411 363/401/380 332/400/379
f 332/400/379 362/433/410 364/434/411
f 395/435/412 365/402/381 363/401/380
f 363/401/380 364/434/411 395/435/412
f 367/436/413 334/403/382 365/402/381
f 365/402/381 395/435/412 367/436/413
f 366/437/414 335/404/383 334/403/382
f 334/403/382 367/436/413 366/437/414
f 368/438/415 336/405/384 335/404/383
f 335/404/383 366/437/414 368/438/415
f 398/439/416 338/406/385 336/405/384
f 336/405/384 368/438/415 398/439/416
f 370/440/417 369/407/386 338/406/385
f 338/406/385 398/439/416 370/440/417
f 371/441/418 373/408/387 369/407/386
f 369/407/386 370/440/417 371/441/418
f 372/442/419 340/409/388 373/408/387
f 373/408/387 371/441/418 372/442/419
f 400/443/420 342/410/389 340/409/388
f 340/409/388 372/442/419 400/443/420
f 402/444/421 343/411/390 342/410/389
f 342/410/389 400/443/420 402/444/421
f 403/445/422 374/412/391 343/411/390
f 343/411/390 402/444/421 403/445/422
f 375/446/423 376/413/392 374/412/391
f 374/412/391 403/445/422 375/446/423
f 404/447/424 347/414/393 376/413/392
f 376/413/392 375/446/423 404/447/424
f 378/448/425 377/415/394 347/414/393
f 347/414/393 404/447/424 378/448/425
f 379/449/426 348/416/395 377/415/394
f 377/415/394 378/448/425 379/449/426
f 409/450/427 381/417/396 348/416/395
f 348/416/395 379/449/426 409/450/427
f 382/451/428 380/418/397 381/417/396
f 381/417/396 409/450/427 382/451/428
f 410/452/429 383/419/398 380/418/397
f 380/418/397 382/451/428 410/452/429
f 411/453/430 384/420/399 383/419/398
f 383/419/398 410/452/429 411/453/430
f 413/454/431 353/421/400 384/420/399
f 384/420/399 411/453/430 413/454/431
f 385/455/432 354/422/401 353/421/400
f 353/421/400 413/454/431 385/455/432
f 415/456/433 386/423/402 354/422/401
f 354/422/401 385/455/432 415/456/433
f 388/457/434 387/424/403 386/423/402
f 386/423/402 415/456/433 388/457/434
f 389/458/435 355/425/404 387/424/403
f 387/424/403 388/457/434 389/458/435
f 390/459/436 391/426/405 355/425/404
f 355/425/404 389/458/435 390/459/436
f 391/426/405 390/459/436 1381/460/64
f 416/461/437 358/428/406 1569/462/3
f 392/463/438 360/430/407 358/428/406
f 358/428/406 416/461/437 392/463/438
f 393/464/439 394/431/408 360/430/407
f 360/430/407 392/463/438 393/464/439
f 419/465/440 361/432/409 394/431/408
f 394/431/408 393/464/439 419/465/440
f 418/466/441 362/433/410 361/432/409
f 361/432/409 419/465/440 418/466/441
f 421/467/442 364/434/411 362/433/410
f 362/433/410 418/466/441 421/467/442
f 422/468/443 395/435/412 364/434/411
f 364/434/411 421/467/442 422/468/443
f 425/469/444 367/436/413 395/435/412
f 395/435/412 422/468/443 425/469/444
f 396/470/445 366/437/414 367/436/413
f 367/436/413 425/469/444 396/470/445
f 397/471/446 368/438/415 366/437/414
f 366/437/414 396/470/445 397/471/446
f 427/472/447 398/439/416 368/438/415
f 368/438/415 397/471/446 427/472/447
f 429/473/448 370/440/417 398/439/416
f 398/439/416 427/472/447 429/473/448
f 399/474/449 371/441/418 370/440/417
f 370/440/417 429/473/448 399/474/449
f 431/475/450 372/442/419 371/441/418
f 371/441/418 399/474/449 431/475/450
f 433/476/451 400/443/420 372/442/419
f 372/442/419 431/475/450 433/476/451
f 435/477/452 402/444/421 400/443/420
f 400/443/420 433/476/451 435/477/452
f 401/478/453 403/445/422 402/444/421
f 402/444/421 435/477/452 401/478/453
f 405/479/454 375/446/423 403/445/422
f 403/445/422 401/478/453 405/479/454
f 437/480/455 404/447/424 375/446/423
f 375/446/423 405/479/454 437/480/455
f 406/481/456 378/448/425 404/447/424
f 404/447/424 437/480/455 406/481/456
f 407/482/457 379/449/426 378/448/425
f 378/448/425 406/481/456 407/482/457
f 408/483/458 409/450/427 379/449/426
f 379/449/426 407/482/457 408/483/458
f 439/484/459 382/451/428 409/450/427
f 409/450/427 408/483/458 439/484/459
f 441/485/460 410/452/429 382/451/428
f 382/451/428 439/484/459 441/485/460
f 412/486/461 411/453/430 410/452/429
f 410/452/429 441/485/460 412/486/461
f 414/487/462 413/454/431 411/453/430
f 411/453/430 412/486/461 414/487/462
f 444/488/463 385/455/432 413/454/431
f 413/454/431 414/487/462 444/488/463
f 445/489/464 415/456/433 385/455/432
f 385/455/432 444/488/463 445/489/464
f 448/490/465 388/457/434 415/456/433
f 415/456/433 445/489/464 448/490/465
f 447/491/466 389/458/435 388/457/434
f 388/457/434 448/490/465 447/491/466
f 450/492/467 390/459/436 389/458/435
f 389/458/435 447/491/466 450/492/467
f 390/459/436 450/492/467 1381/493/64
f 452/494/468 416/461/437 1569/495/3
f 453/496/469 392/463/438 416/461/437
f 416/461/437 452/494/468 453/496/469
f 417/497/470 393/464/439 392/463/438
f 392/463/438 453/496/469 417/497/470
f 420/498/471 419/465/440 393/464/439
f 393/464/439 417/497/470 420/498/471
f 455/499/472 418/466/441 419/465/440
f 419/465/440 420/498/471 455/499/472
f 423/500/473 421/467/442 418/466/441
f 418/466/441 455/499/472 423/500/473
f 457/501/474 422/468/443 421/467/442
f 421/467/442 423/500/473 457/501/474
f 424/502/475 425/469/444 422/468/443
f 422/468/443 457/501/474 424/502/475
f 426/503/476 396/470/445 425/469/444
f 425/469/444 424/502/475 426/503/476
f 428/504/477 397/471/446 396/470/445
f 396/470/445 426/503/476 428/504/477
f 459/505/478 427/472/447 397/471/446
f 397/471/446 428/504/477 459/505/478
f 460/506/479 429/473/448 427/472/447
f 427/472/447 459/505/478 460/506/479
f 461/507/480 399/474/449 429/473/448
f 429/473/448 460/506/479 461/507/480
f 430/508/481 431/475/450 399/474/449
f 399/474/449 461/507/480 430/508/481
f 462/509/482 433/476/451 431/475/450
f 431/475/450 430/508/481 462/509/482
f 432/510/483 435/477/452 433/476/451
f 433/476/451 462/509/482 432/510/483
f 434/511/484 401/478/453 435/477/452
f 435/477/452 432/510/483 434/511/484
f 436/512/485 405/479/454 401/478/453
f 401/478/453 434/511/484 436/512/485
f 467/513/486 437/480/455 405/479/454
f 405/479/454 436/512/485 467/513/486
f 468/514/487 406/481/456 437/480/455
f 437/480/455 467/513/486 468/514/487
f 438/515/488 407/482/457 406/481/456
f 406/481/456 468/514/487 438/515/488
f 469/516/489 408/483/458 407/482/457
f 407/482/457 438/515/488 469/516/489
f 440/517/490 439/484/459 408/483/458
f 408/483/458 469/516/489 440/517/490
f 470/518/491 441/485/460 439/484/459
f 439/484/459 440/517/490 470/518/491
f 442/519/492 412/486/461 441/485/460
f 441/485/460 470/518/491 442/519/492
f 473/520/493 414/487/462 412/486/461
f 412/486/461 442/519/492 473/520/493
f 443/521/494 444/488/463 414/487/462
f 414/487/462 473/520/493 443/521/494
f 475/522/495 445/489/464 444/488/463
f 444/488/463 443/521/494 475/522/495
f 449/523/496 448/490/465 445/489/464
f 445/489/464 475/522/495 449/523/496
f 446/524/497 447/491/466 448/490/465
f 448/490/465 449/523/496 446/524/497
f 476/525/498 450/492/467 447/491/466
f 447/491/466 446/524/497 476/525/498
f 450/492/467 476/525/498 1381/526/64
f 451/527/499 452/494/468 1569/528/3
f 479/529/500 453/496/469 452/494/468
f 452/494/468 451/527/499 479/529/500
f 454/530/501 417/497/470 453/496/469
f 453/496/469 479/529/500 454/530/501
f 481/531/502 420/498/471 417/497/470
f 417/497/470 454/530/501 481/531/502
f 456/532/503 455/499/472 420/498/471
f 420/498/471 481/531/502 456/532/503
f 483/533/504 423/500/473 455/499/472
f 455/499/472 456/532/503 483/533/504
f 486/534/505 457/501/474 423/500/473
f 423/500/473 483/533/504 486/534/505
f 485/535/506 424/502/475 457/501/474
f 457/501/474 486/534/505 485/535/506
f 487/536/507 426/503/476 424/502/475
f 424/502/475 485/535/506 487/536/507
f 489/537/508 428/504/477 426/503/476
f 426/503/476 487/536/507 489/537/508
f 490/538/509 459/505/478 428/504/477
f 428/504/477 489/537/508 490/538/509
f 458/539/510 460/506/479 459/505/478
f 459/505/478 490/538/509 458/539/510
f 493/540/511 461/507/480 460/506/479
f 460/506/479 458/539/510 493/540/511
f 492/541/512 430/508/481 461/507/480
f 461/507/480 493/540/511 492/541/512
f 496/542/513 462/509/482 430/508/481
f 430/508/481 492/541/512 496/542/513
f 497/543/514 432/510/483 462/509/482
f 462/509/482 496/542/513 497/543/514
f 463/544/515 434/511/484 432/510/483
f 432/510/483 497/543/514 463/544/515
f 464/545/516 436/512/485 434/511/484
f 434/511/484 463/544/515 464/545/516
f 465/546/517 467/513/486 436/512/485
f 436/512/485 464/545/516 465/546/517
f 466/547/518 468/514/487 467/513/486
f 467/513/486 465/546/517 466/547/518
f 501/548/519 438/515/488 468/514/487
f 468/514/487 466/547/518 501/548/519
f 502/549/520 469/516/489 438/515/488
f 438/515/488 501/548/519 502/549/520
f 504/550/521 440/517/490 469/516/489
f 469/516/489 502/549/520 504/550/521
f 503/551/522 470/518/491 440/517/490
f 440/517/490 504/550/521 503/551/522
f 472/552/523 442/519/492 470/518/491
f 470/518/491 503/551/522 472/552/523
f 471/553/524 473/520/493 442/519/492
f 442/519/492 472/552/523 471/553/524
f 505/554/525 443/521/494 473/520/493
f 473/520/493 471/553/524 505/554/525
f 474/555/526 475/522/495 443/521/494
f 443/521/494 505/554/525 474/555/526
f 507/556/527 449/523/496 475/522/495
f 475/522/495 474/555/526 507/556/527
f 477/557/528 446/524/497 449/523/496
f 449/523/496 507/556/527 477/557/528
f 478/558/529 476/525/498 446/524/497
f 446/524/497 477/557/528 478/558/529
f 476/525/498 478/558/529 1381/559/64
f 509/560/530 451/527/499 1569/561/3
f 480/562/531 479/529/500 451/527/499
f 451/527/499 509/560/530 480/562/531
f 513/563/532 454/530/501 479/529/500
f 479/529/500 480/562/531 513/563/532
f 515/564/533 481/531/502 454/530/501
f 454/530/501 513/563/532 515/564/533
f 514/565/534 456/532/503 481/531/502
f 481/531/502 515/564/533 514/565/534
f 484/566/535 483/533/504 456/532/503
f 456/532/503 514/565/534 484/566/535
f 482/567/536 486/534/505 483/533/504
f 483/533/504 484/566/535 482/567/536
f 517/568/537 485/535/506 486/534/505
f 486/534/505 482/567/536 517/568/537
f 519/569/538 487/536/507 485/535/506
f 485/535/506 517/568/537 519/569/538
f 488/570/539 489/537/508 487/536/507
f 487/536/507 519/569/538 488/570/539
f 522/571/540 490/538/509 489/537/508
f 489/537/508 488/570/539 522/571/540
f 524/572/541 458/539/510 490/538/509
f 490/538/509 522/571/540 524/572/541
f 491/573/542 493/540/511 458/539/510
f 458/539/510 524/572/541 491/573/542
f 494/574/543 492/541/512 493/540/511
f 493/540/511 491/573/542 494/574/543
f 495/575/544 496/542/513 492/541/512
f 492/541/512 494/574/543 495/575/544
f 526/576/545 497/543/514 496/542/513
f 496/542/513 495/575/544 526/576/545
f 528/577/546 463/544/515 497/543/514
f 497/543/514 526/576/545 528/577/546
f 498/578/547 464/545/516 463/544/515
f 463/544/515 528/577/546 498/578/547
f 499/579/548 465/546/517 464/545/516
f 464/545/516 498/578/547 499/579/548
f 531/580/549 466/547/518 465/546/517
f 465/546/517 499/579/548 531/580/549
f 532/581/550 501/548/519 466/547/518
f 466/547/518 531/580/549 532/581/550
f 500/582/551 502/549/520 501/548/519
f 501/548/519 532/581/550 500/582/551
f 536/583/552 504/550/521 502/549/520
f 502/549/520 500/582/551 536/583/552
f 537/584/553 503/551/522 504/550/521
f 504/550/521 536/583/552 537/584/553
f 539/585/554 472/552/523 503/551/522
f 503/551/522 537/584/553 539/585/554
f 540/586/555 471/553/524 472/552/523
f 472/552/523 539/585/554 540/586/555
f 541/587/556 505/554/525 471/553/524
f 471/553/524 540/586/555 541/587/556
f 506/588/557 474/555/526 505/554/525
f 505/554/525 541/587/556 506/588/557
f 542/589/558 507/556/527 474/555/526
f 474/555/526 506/588/557 542/589/558
f 544/590/559 477/557/528 507/556/527
f 507/556/527 542/589/558 544/590/559
f 508/591/560 478/558/529 477/557/528
f 477/557/528 544/590/559 508/591/560
f 478/558/529 508/591/560 1381/592/64
f 510/593/561 509/560/530 1569/594/3
f 511/595/562 480/562/531 509/560/530
f 509/560/530 510/593/561 511/595/562
f 512/596/563 513/563/532 480/562/531
f 480/562/531 511/595/562 512/596/563
f 548/597/564 515/564/533 513/563/532
f 513/563/532 512/596/563 548/597/564
f 550/598/565 514/565/534 515/564/533
f 515/564/533 548/597/564 550/598/565
f 516/599/566 484/566/535 514/565/534
f 514/565/534 550/598/565 516/599/566
f 552/600/567 482/567/536 484/566/535
f 484/566/535 516/599/566 552/600/567
f 518/601/568 517/568/537 482/567/536
f 482/567/536 552/600/567 518/601/568
f 520/602/569 519/569/538 517/568/537
f 517/568/537 518/601/568 520/602/569
f 556/603/570 488/570/539 519/569/538
f 519/569/538 520/602/569 556/603/570
f 521/604/571 522/571/540 488/570/539
f 488/570/539 556/603/570 521/604/571
f 523/605/572 524/572/541 522/571/540
f 522/571/540 521/604/571 523/605/572
f 560/606/573 491/573/542 524/572/541
f 524/572/541 523/605/572 560/606/573
f 559/607/574 494/574/543 491/573/542
f 491/573/542 560/606/573 559/607/574
f 562/608/575 495/575/544 494/574/543
f 494/574/543 559/607/574 562/608/575
f 525/609/576 526/576/545 495/575/544
f 495/575/544 562/608/575 525/609/576
f 564/610/577 528/577/546 526/576/545
f 526/576/545 525/609/576 564/610/577
f 527/611/578 498/578/547 528/577/546
f 528/577/546 564/610/577 527/611/578
f 529/612/579 499/579/548 498/578/547
f 498/578/547 527/611/578 529/612/579
f 530/613/580 531/580/549 499/579/548
f 499/579/548 529/612/579 530/613/580
f 533/614/581 532/581/550 531/580/549
f 531/580/549 530/613/580 533/614/581
f 534/615/582 500/582/551 532/581/550
f 532/581/550 533/614/581 534/615/582
f 535/616/583 536/583/552 500/582/551
f 500/582/551 534/615/582 535/616/583
f 538/617/584 537/584/553 536/583/552
f 536/583/552 535/616/583 538/617/584
f 568/618/585 539/585/554 537/584/553
f 537/584/553 538/617/584 568/618/585
f 570/619/586 540/586/555 539/585/554
f 539/585/554 568/618/585 570/619/586
f 569/620/587 541/587/556 540/586/555
f 540/586/555 570/619/586 569/620/587
f 573/621/588 506/588/557 541/587/556
f 541/587/556 569/620/587 573/621/588
f 543/622/589 542/589/558 506/588/557
f 506/588/557 573/621/588 543/622/589
f 576/623/590 544/590/559 542/589/558
f 542/589/558 543/622/589 576/623/590
f 575/624/591 508/591/560 544/590/559
f 544/590/559 576/623/590 575/624/591
f 508/591/560 575/624/591 1381/625/64
f 545/626/592 510/593/561 1569/627/3
f 578/628/593 511/595/562 510/593/561
f 510/593/561 545/626/592 578/628/593
f 546/629/594 512/596/563 511/595/562
f 511/595/562 578/628/593 546/629/594
f 580/630/595 548/597/564 512/596/563
f 512/596/563 546/629/594 580/630/595
f 547/631/596 550/598/565 548/597/564
f 548/597/564 580/630/595 547/631/596
f 549/632/597 516/599/566 550/598/565
f 550/598/565 547/631/596 549/632/597
f 551/633/598 552/600/567 516/599/566
f 516/599/566 549/632/597 551/633/598
f 553/634/599 518/601/568 552/600/567
f 552/600/567 551/633/598 553/634/599
f 554/635/600 520/602/569 518/601/568
f 518/601/568 553/634/599 554/635/600
f 555/636/601 556/603/570 520/602/569
f 520/602/569 554/635/600 555/636/601
f 585/637/602 521/604/571 556/603/570
f 556/603/570 555/636/601 585/637/602
f 557/638/603 523/605/572 521/604/571
f 521/604/571 585/637/602 557/638/603
f 587/639/604 560/606/573 523/605/572
f 523/605/572 557/638/603 587/639/604
f 558/640/605 559/607/574 560/606/573
f 560/606/573 587/639/604 558/640/605
f 561/641/606 562/608/575 559/607/574
f 559/607/574 558/640/605 561/641/606
f 591/642/607 525/609/576 562/608/575
f 562/608/575 561/641/606 591/642/607
f 563/643/608 564/610/577 525/609/576
f 525/609/576 591/642/607 563/643/608
f 565/644/609 527/611/578 564/610/577
f 564/610/577 563/643/608 565/644/609
f 593/645/610 529/612/579 527/611/578
f 527/611/578 565/644/609 593/645/610
f 566/646/611 530/613/580 529/612/579
f 529/612/579 593/645/610 566/646/611
f 595/647/612 533/614/581 530/613/580
f 530/613/580 566/646/611 595/647/612
f 599/648/613 534/615/582 533/614/581
f 533/614/581 595/647/612 599/648/613
f 598/649/614 535/616/583 534/615/582
f 534/615/582 599/648/613 598/649/614
f 601/650/615 538/617/584 535/616/583
f 535/616/583 598/649/614 601/650/615
f 567/651/616 568/618/585 538/617/584
f 538/617/584 601/650/615 567/651/616
f 602/652/617 570/619/586 568/618/585
f 568/618/585 567/651/616 602/652/617
f 571/653/618 569/620/587 570/619/586
f 570/619/586 602/652/617 571/653/618
f 572/654/619 573/621/588 569/620/587
f 569/620/587 571/653/618 572/654/619
f 574/655/620 543/622/589 573/621/588
f 573/621/588 572/654/619 574/655/620
f 606/656/621 576/623/590 543/622/589
f 543/622/589 574/655/620 606/656/621
f 605/657/622 575/624/591 576/623/590
f 576/623/590 606/656/621 605/657/622
f 575/624/591 605/657/622 1381/658/64
f 577/659/623 545/626/592 1569/660/3
f 608/661/624 578/628/593 545/626/592
f 545/626/592 577/659/623 608/661/624
f 609/662/625 546/629/594 578/628/593
f 578/628/593 608/661/624 609/662/625
f 611/663/626 580/630/595 546/629/594
f 546/629/594 609/662/625 611/663/626
f 579/664/627 547/631/596 580/630/595
f 580/630/595 611/663/626 579/664/627
f 614/665/628 549/632/597 547/631/596
f 547/631/596 579/664/627 614/665/628
f 581/666/629 551/633/598 549/632/597
f 549/632/597 614/665/628 581/666/629
f 582/667/630 553/634/599 551/633/598
f 551/633/598 581/666/629 582/667/630
f 617/668/631 554/635/600 553/634/599
f 553/634/599 582/667/630 617/668/631
f 584/669/632 555/636/601 554/635/600
f 554/635/600 617/668/631 584/669/632
f 583/670/633 585/637/602 555/636/601
f 555/636/601 584/669/632 583/670/633
f 586/671/634 557/638/603 585/637/602
f 585/637/602 583/670/633 586/671/634
f 588/672/635 587/639/604 557/638/603
f 557/638/603 586/671/634 588/672/635
f 589/673/636 558/640/605 587/639/604
f 587/639/604 588/672/635 589/673/636
f 590/674/637 561/641/606 558/640/605
f 558/640/605 589/673/636 590/674/637
f 621/675/638 591/642/607 561/641/606
f 561/641/606 590/674/637 621/675/638
f 624/676/639 563/643/608 591/642/607
f 591/642/607 621/675/638 624/676/639
f 592/677/640 565/644/609 563/643/608
f 563/643/608 624/676/639 592/677/640
f 625/678/641 593/645/610 565/644/609
f 565/644/609 592/677/640 625/678/641
f 594/679/642 566/646/611 593/645/610
f 593/645/610 625/678/641 594/679/642
f 596/680/643 595/647/612 566/646/611
f 566/646/611 594/679/642 596/680/643
f 626/681/644 599/648/613 595/647/612
f 595/647/612 596/680/643 626/681/644
f 597/682/645 598/649/614 599/648/613
f 599/648/613 626/681/644 597/682/645
f 600/683/646 601/650/615 598/649/614
f 598/649/614 597/682/645 600/683/646
f 628/684/647 567/651/616 601/650/615
f 601/650/615 600/683/646 628/684/647
f 603/685/648 602/652/617 567/651/616
f 567/651/616 628/684/647 603/685/648
f 604/686/649 571/653/618 602/652/617
f 602/652/617 603/685/648 604/686/649
f 632/687/650 572/654/619 571/653/618
f 571/653/618 604/686/649 632/687/650
f 633/688/651 574/655/620 572/654/619
f 572/654/619 632/687/650 633/688/651
f 607/689/652 606/656/621 574/655/620
f 574/655/620 633/688/651 607/689/652
f 634/690/653 605/657/622 606/656/621
f 606/656/621 607/689/652 634/690/653
f 605/657/622 634/690/653 1381/691/64
f 635/692/654 577/659/623 1569/693/3
f 636/694/655 608/661/624 577/659/623
f 577/659/623 635/692/654 636/694/655
f 610/695/656 609/662/625 608/661/624
f 608/661/624 636/694/655 610/695/656
f 639/696/657 611/663/626 609/662/625
f 609/662/625 610/695/656 639/696/657
f 612/697/658 579/664/627 611/663/626
f 611/663/626 639/696/657 612/697/658
f 641/698/659 614/665/628 579/664/627
f 579/664/627 612/697/658 641/698/659
f 613/699/660 581/666/629 614/665/628
f 614/665/628 641/698/659 613/699/660
f 615/700/661 582/667/630 581/666/629
f 581/666/629 613/699/660 615/700/661
f 616/701/662 617/668/631 582/667/630
f 582/667/630 615/700/661 616/701/662
f 618/702/663 584/669/632 617/668/631
f 617/668/631 616/701/662 618/702/663
f 619/703/664 583/670/633 584/669/632
f 584/669/632 618/702/663 619/703/664
f 645/704/665 586/671/634 583/670/633
f 583/670/633 619/703/664 645/704/665
f 644/705/666 588/672/635 586/671/634
f 586/671/634 645/704/665 644/705/666
f 647/706/667 589/673/636 588/672/635
f 588/672/635 644/705/666 647/706/667
f 620/707/668 590/674/637 589/673/636
f 589/673/636 647/706/667 620/707/668
f 622/708/669 621/675/638 590/674/637
f 590/674/637 620/707/668 622/708/669
f 623/709/670 624/676/639 621/675/638
f 621/675/638 622/708/669 623/709/670
f 649/710/671 592/677/640 624/676/639
f 624/676/639 623/709/670 649/710/671
f 652/711/672 625/678/641 592/677/640
f 592/677/640 649/710/671 652/711/672
f 654/712/673 594/679/642 625/678/641
f 625/678/641 652/711/672 654/712/673
f 655/713/674 596/680/643 594/679/642
f 594/679/642 654/712/673 655/713/674
f 627/714/675 626/681/644 596/680/643
f 596/680/643 655/713/674 627/714/675
f 656/715/676 597/682/645 626/681/644
f 626/681/644 627/714/675 656/715/676
f 629/716/677 600/683/646 597/682/645
f 597/682/645 656/715/676 629/716/677
f 630/717/678 628/684/647 600/683/646
f 600/683/646 629/716/677 630/717/678
f 660/718/679 603/685/648 628/684/647
f 628/684/647 630/717/678 660/718/679
f 661/719/680 604/686/649 603/685/648
f 603/685/648 660/718/679 661/719/680
f 662/720/681 632/687/650 604/686/649
f 604/686/649 661/719/680 662/720/681
f 631/721/682 633/688/651 632/687/650
f 632/687/650 662/720/681 631/721/682
f 664/722/683 607/689/652 633/688/651
f 633/688/651 631/721/682 664/722/683
f 667/723/684 634/690/653 607/689/652
f 607/689/652 664/722/683 667/723/684
f 634/690/653 667/723/684 1381/724/64
f 668/725/685 635/692/654 1569/726/3
f 637/727/686 636/694/655 635/692/654
f 635/692/654 668/725/685 637/727/686
f 638/728/687 610/695/656 636/694/655
f 636/694/655 637/727/686 638/728/687
f 673/729/688 639/696/657 610/695/656
f 610/695/656 638/728/687 673/729/688
f 672/730/689 612/697/658 639/696/657
f 639/696/657 673/729/688 672/730/689
f 640/731/690 641/698/659 612/697/658
f 612/697/658 672/730/689 640/731/690
f 676/732/691 613/699/660 641/698/659
f 641/698/659 640/731/690 676/732/691
f 677/733/692 615/700/661 613/699/660
f 613/699/660 676/732/691 677/733/692
f 642/734/693 616/701/662 615/700/661
f 615/700/661 677/733/692 642/734/693
f 643/735/694 618/702/663 616/701/662
f 616/701/662 642/734/693 643/735/694
f 679/736/695 619/703/664 618/702/663
f 618/702/663 643/735/694 679/736/695
f 681/737/696 645/704/665 619/703/664
f 619/703/664 679/736/695 681/737/696
f 680/738/697 644/705/666 645/704/665
f 645/704/665 681/737/696 680/738/697
f 648/739/698 647/706/667 644/705/666
f 644/705/666 680/738/697 648/739/698
f 646/740/699 620/707/668 647/706/667
f 647/706/667 648/739/698 646/740/699
f 683/741/700 622/708/669 620/707/668
f 620/707/668 646/740/699 683/741/700
f 650/742/701 623/709/670 622/708/669
f 622/708/669 683/741/700 650/742/701
f 686/743/702 649/710/671 623/709/670
f 623/709/670 650/742/701 686/743/702
f 651/744/703 652/711/672 649/710/671
f 649/710/671 686/743/702 651/744/703
f 653/745/704 654/712/673 652/711/672
f 652/711/672 651/744/703 653/745/704
f 690/746/705 655/713/674 654/712/673
f 654/712/673 653/745/704 690/746/705
f 689/747/706 627/714/675 655/713/674
f 655/713/674 690/746/705 689/747/706
f 657/748/707 656/715/676 627/714/675
f 627/714/675 689/747/706 657/748/707
f 692/749/708 629/716/677 656/715/676
f 656/715/676 657/748/707 692/749/708
f 658/750/709 630/717/678 629/716/677
f 629/716/677 692/749/708 658/750/709
f 659/751/710 660/718/679 630/717/678
f 630/717/678 658/750/709 659/751/710
f 696/752/711 661/719/680 660/718/679
f 660/718/679 659/751/710 696/752/711
f 663/753/712 662/720/681 661/719/680
f 661/719/680 696/752/711 663/753/712
f 698/754/713 631/721/682 662/720/681
f 662/720/681 663/753/712 698/754/713
f 665/755/714 664/722/683 631/721/682
f 631/721/682 698/754/713 665/755/714
f 666/756/715 667/723/684 664/722/683
f 664/722/683 665/755/714 666/756/715
f 667/723/684 666/756/715 1381/757/64
f 669/758/716 668/725/685 1569/759/3
f 670/760/717 637/727/686 668/725/685
f 668/725/685 669/758/716 670/760/717
f 700/761/718 638/728/687 637/727/686
f 637/727/686 670/760/717 700/761/718
f 671/762/719 673/729/688 638/728/687
f 638/728/687 700/761/718 671/762/719
f 674/763/720 672/730/689 673/729/688
f 673/729/688 671/762/719 674/763/720
f 704/764/721 640/731/690 672/730/689
f 672/730/689 674/763/720 704/764/721
f 703/765/722 676/732/691 640/731/690
f 640/731/690 704/764/721 703/765/722
f 675/766/723 677/733/692 676/732/691
f 676/732/691 703/765/722 675/766/723
f 678/767/724 642/734/693 677/733/692
f 677/733/692 675/766/723 678/767/724
f 706/768/725 643/735/694 642/734/693
f 642/734/693 678/767/724 706/768/725
f 708/769/726 679/736/695 643/735/694
f 643/735/694 706/768/725 708/769/726
f 707/770/727 681/737/696 679/736/695
f 679/736/695 708/769/726 707/770/727
f 682/771/728 680/738/697 681/737/696
f 681/737/696 707/770/727 682/771/728
f 709/772/729 648/739/698 680/738/697
f 680/738/697 682/771/728 709/772/729
f 713/773/730 646/740/699 648/739/698
f 648/739/698 709/772/729 713/773/730
f 712/774/731 683/741/700 646/740/699
f 646/740/699 713/773/730 712/774/731
f 684/775/732 650/742/701 683/741/700
f 683/741/700 712/774/731 684/775/732
f 685/776/733 686/743/702 650/742/701
f 650/742/701 684/775/732 685/776/733
f 714/777/734 651/744/703 686/743/702
f 686/743/702 685/776/733 714/777/734
f 687/778/735 653/745/704 651/744/703
f 651/744/703 714/777/734 687/778/735
f 688/779/736 690/746/705 653/745/704
f 653/745/704 687/778/735 688/779/736
f 691/780/737 689/747/706 690/746/705
f 690/746/705 688/779/736 691/780/737
f 715/781/738 657/748/707 689/747/706
f 689/747/706 691/780/737 715/781/738
f 693/782/739 692/749/708 657/748/707
f 657/748/707 715/781/738 693/782/739
f 717/783/740 658/750/709 692/749/708
f 692/749/708 693/782/739 717/783/740
f 694/784/741 659/751/710 658/750/709
f 658/750/709 717/783/740 694/784/741
f 695/785/742 696/752/711 659/751/710
f 659/751/710 694/784/741 695/785/742
f 697/786/743 663/753/712 696/752/711
f 696/752/711 695/785/742 697/786/743
f 724/787/744 698/754/713 663/753/712
f 663/753/712 697/786/743 724/787/744
f 723/788/745 665/755/714 698/754/713
f 698/754/713 724/787/744 723/788/745
f 725/789/746 666/756/715 665/755/714
f 665/755/714 723/788/745 725/789/746
f 666/756/715 725/789/746 1381/790/64
f 699/791/747 669/758/716 1569/792/3
f 727/793/748 670/760/717 669/758/716
f 669/758/716 699/791/747 727/793/748
f 701/794/749 700/761/718 670/760/717
f 670/760/717 727/793/748 701/794/749
f 729/795/750 671/762/719 700/761/718
f 700/761/718 701/794/749 729/795/750
f 728/796/751 674/763/720 671/762/719
f 671/762/719 729/795/750 728/796/751
f 732/797/752 704/764/721 674/763/720
f 674/763/720 728/796/751 732/797/752
f 702/798/753 703/765/722 704/764/721
f 704/764/721 732/797/752 702/798/753
f 705/799/754 675/766/723 703/765/722
f 703/765/722 702/798/753 705/799/754
f 734/800/755 678/767/724 675/766/723
f 675/766/723 705/799/754 734/800/755
f 737/801/756 706/768/725 678/767/724
f 678/767/724 734/800/755 737/801/756
f 736/802/757 708/769/726 706/768/725
f 706/768/725 737/801/756 736/802/757
f 740/803/758 707/770/727 708/769/726
f 708/769/726 736/802/757 740/803/758
f 741/804/759 682/771/728 707/770/727
f 707/770/727 740/803/758 741/804/759
f 710/805/760 709/772/729 682/771/728
f 682/771/728 741/804/759 710/805/760
f 743/806/761 713/773/730 709/772/729
f 709/772/729 710/805/760 743/806/761
f 711/807/762 712/774/731 713/773/730
f 713/773/730 743/806/761 711/807/762
f 744/808/763 684/775/732 712/774/731
f 712/774/731 711/807/762 744/808/763
f 746/809/764 685/776/733 684/775/732
f 684/775/732 744/808/763 746/809/764
f 749/810/765 714/777/734 685/776/733
f 685/776/733 746/809/764 749/810/765
f 748/811/766 687/778/735 714/777/734
f 714/777/734 749/810/765 748/811/766
f 750/812/767 688/779/736 687/778/735
f 687/778/735 748/811/766 750/812/767
f 751/813/768 691/780/737 688/779/736
f 688/779/736 750/812/767 751/813/768
f 752/814/769 715/781/738 691/780/737
f 691/780/737 751/813/768 752/814/769
f 716/815/770 693/782/739 715/781/738
f 715/781/738 752/814/769 716/815/770
f 718/816/771 717/783/740 693/782/739
f 693/782/739 716/815/770 718/816/771
f 719/817/772 694/784/741 717/783/740
f 717/783/740 718/816/771 719/817/772
f 720/818/773 695/785/742 694/784/741
f 694/784/741 719/817/772 720/818/773
f 721/819/774 697/786/743 695/785/742
f 695/785/742 720/818/773 721/819/774
f 722/820/775 724/787/744 697/786/743
f 697/786/743 721/819/774 722/820/775
f 759/821/776 723/788/745 724/787/744
f 724/787/744 722/820/775 759/821/776
f 726/822/777 725/789/746 723/788/745
f 723/788/745 759/821/776 726/822/777
f 725/789/746 726/822/777 1381/823/64
f 760/824/778 699/791/747 1569/825/3
f 764/826/779 727/793/748 699/791/747
f 699/791/747 760/824/778 764/826/779
f 763/827/780 701/794/749 727/793/748
f 727/793/748 764/826/779 763/827/780
f 730/828/781 729/795/750 701/794/749
f 701/794/749 763/827/780 730/828/781
f 765/829/782 728/796/751 729/795/750
f 729/795/750 730/828/781 765/829/782
f 731/830/783 732/797/752 728/796/751
f 728/796/751 765/829/782 731/830/783
f 768/831/784 702/798/753 732/797/752
f 732/797/752 731/830/783 768/831/784
f 733/832/785 705/799/754 702/798/753
f 702/798/753 768/831/784 733/832/785
f 735/833/786 734/800/755 705/799/754
f 705/799/754 733/832/785 735/833/786
f 738/834/787 737/801/756 734/800/755
f 734/800/755 735/833/786 738/834/787
f 772/835/788 736/802/757 737/801/756
f 737/801/756 738/834/787 772/835/788
f 739/836/789 740/803/758 736/802/757
f 736/802/757 772/835/788 739/836/789
f 773/837/790 741/804/759 740/803/758
f 740/803/758 739/836/789 773/837/790
f 742/838/791 710/805/760 741/804/759
f 741/804/759 773/837/790 742/838/791
f 775/839/792 743/806/761 710/805/760
f 710/805/760 742/838/791 775/839/792
f 745/840/793 711/807/762 743/806/761
f 743/806/761 775/839/792 745/840/793
f 780/841/794 744/808/763 711/807/762
f 711/807/762 745/840/793 780/841/794
f 779/842/795 746/809/764 744/808/763
f 744/808/763 780/841/794 779/842/795
f 747/843/796 749/810/765 746/809/764
f 746/809/764 779/842/795 747/843/796
f 782/844/797 748/811/766 749/810/765
f 749/810/765 747/843/796 782/844/797
f 784/845/798 750/812/767 748/811/766
f 748/811/766 782/844/797 784/845/798
f 783/846/799 751/813/768 750/812/767
f 750/812/767 784/845/798 783/846/799
f 753/847/800 752/814/769 751/813/768
f 751/813/768 783/846/799 753/847/800
f 788/848/801 716/815/770 752/814/769
f 752/814/769 753/847/800 788/848/801
f 789/849/802 718/816/771 716/815/770
f 716/815/770 788/848/801 789/849/802
f 754/850/803 719/817/772 718/816/771
f 718/816/771 789/849/802 754/850/803
f 755/851/804 720/818/773 719/817/772
f 719/817/772 754/850/803 755/851/804
f 757/852/805 721/819/774 720/818/773
f 720/818/773 755/851/804 757/852/805
f 756/853/806 722/820/775 721/819/774
f 721/819/774 757/852/805 756/853/806
f 758/854/807 759/821/776 722/820/775
f 722/820/775 756/853/806 758/854/807
f 793/855/808 726/822/777 759/821/776
f 759/821/776 758/854/807 793/855/808
f 726/822/777 793/855/808 1381/856/64
f 761/857/809 760/824/778 1569/858/3
f 762/859/810 764/826/779 760/824/778
f 760/824/778 761/857/809 762/859/810
f 797/860/811 763/827/780 764/826/779
f 764/826/779 762/859/810 797/860/811
f 798/861/812 730/828/781 763/827/780
f 763/827/780 797/860/811 798/861/812
f 766/862/813 765/829/782 730/828/781
f 730/828/781 798/861/812 766/862/813
f 800/863/814 731/830/783 765/829/782
f 765/829/782 766/862/813 800/863/814
f 767/864/815 768/831/784 731/830/783
f 731/830/783 800/863/814 767/864/815
f 769/865/816 733/832/785 768/831/784
f 768/831/784 767/864/815 769/865/816
f 770/866/817 735/833/786 733/832/785
f 733/832/785 769/865/816 770/866/817
f 771/867/818 738/834/787 735/833/786
f 735/833/786 770/866/817 771/867/818
f 806/868/819 772/835/788 738/834/787
f 738/834/787 771/867/818 806/868/819
f 807/869/820 739/836/789 772/835/788
f 772/835/788 806/868/819 807/869/820
f 808/870/821 773/837/790 739/836/789
f 739/836/789 807/869/820 808/870/821
f 774/871/822 742/838/791 773/837/790
f 773/837/790 808/870/821 774/871/822
f 810/872/823 775/839/792 742/838/791
f 742/838/791 774/871/822 810/872/823
f 776/873/824 745/840/793 775/839/792
f 775/839/792 810/872/823 776/873/824
f 777/874/825 780/841/794 745/840/793
f 745/840/793 776/873/824 777/874/825
f 778/875/826 779/842/795 780/841/794
f 780/841/794 777/874/825 778/875/826
f 812/876/827 747/843/796 779/842/795
f 779/842/795 778/875/826 812/876/827
f 781/877/828 782/844/797 747/843/796
f 747/843/796 812/876/827 781/877/828
f 814/878/829 784/845/798 782/844/797
f 782/844/797 781/877/828 814/878/829
f 785/879/830 783/846/799 784/845/798
f 784/845/798 814/878/829 785/879/830
f 786/880/831 753/847/800 783/846/799
f 783/846/799 785/879/830 786/880/831
f 787/881/832 788/848/801 753/847/800
f 753/847/800 786/880/831 787/881/832
f 790/882/833 789/849/802 788/848/801
f 788/848/801 787/881/832 790/882/833
f 819/883/834 754/850/803 789/849/802
f 789/849/802 790/882/833 819/883/834
f 818/884/835 755/851/804 754/850/803
f 754/850/803 819/883/834 818/884/835
f 821/885/836 757/852/805 755/851/804
f 755/851/804 818/884/835 821/885/836
f 792/886/837 756/853/806 757/852/805
f 757/852/805 821/885/836 792/886/837
f 791/887/838 758/854/807 756/853/806
f 756/853/806 792/886/837 791/887/838
f 794/888/839 793/855/808 758/854/807
f 758/854/807 791/887/838 794/888/839
f 793/855/808 794/888/839 1381/889/64
f 795/890/840 761/857/809 1569/891/3
f 796/892/841 762/859/810 761/857/809
f 761/857/809 795/890/840 796/892/841
f 825/893/842 797/860/811 762/859/810
f 762/859/810 796/892/841 825/893/842
f 827/894/843 798/861/812 797/860/811
f 797/860/811 825/893/842 827/894/843
f 799/895/844 766/862/813 798/861/812
f 798/861/812 827/894/843 799/895/844
f 801/896/845 800/863/814 766/862/813
f 766/862/813 799/895/844 801/896/845
f 831/897/846 767/864/815 800/863/814
f 800/863/814 801/896/845 831/897/846
f 832/898/847 769/865/816 767/864/815
f 767/864/815 831/897/846 832/898/847
f 802/899/848 770/866/817 769/865/816
f 769/865/816 832/898/847 802/899/848
f 803/900/849 771/867/818 770/866/817
f 770/866/817 802/899/848 803/900/849
f 804/901/850 806/868/819 771/867/818
f 771/867/818 803/900/849 804/901/850
f 805/902/851 807/869/820 806/868/819
f 806/868/819 804/901/850 805/902/851
f 809/903/852 808/870/821 807/869/820
f 807/869/820 805/902/851 809/903/852
f 837/904/853 774/871/822 808/870/821
f 808/870/821 809/903/852 837/904/853
f 838/905/854 810/872/823 774/871/822
f 774/871/822 837/904/853 838/905/854
f 811/906/855 776/873/824 810/872/823
f 810/872/823 838/905/854 811/906/855
f 841/907/856 777/874/825 776/873/824
f 776/873/824 811/906/855 841/907/856
f 842/908/857 778/875/826 777/874/825
f 777/874/825 841/907/856 842/908/857
f 813/909/858 812/876/827 778/875/826
f 778/875/826 842/908/857 813/909/858
f 843/910/859 781/877/828 812/876/827
f 812/876/827 813/909/858 843/910/859
f 845/911/860 814/878/829 781/877/828
f 781/877/828 843/910/859 845/911/860
f 815/912/861 785/879/830 814/878/829
f 814/878/829 845/911/860 815/912/861
f 848/913/862 786/880/831 785/879/830
f 785/879/830 815/912/861 848/913/862
f 847/914/863 787/881/832 786/880/831
f 786/880/831 848/913/862 847/914/863
f 816/915/864 790/882/833 787/881/832
f 787/881/832 847/914/863 816/915/864
f 817/916/865 819/883/834 790/882/833
f 790/882/833 816/915/864 817/916/865
f 851/917/866 818/884/835 819/883/834
f 819/883/834 817/916/865 851/917/866
f 820/918/867 821/885/836 818/884/835
f 818/884/835 851/917/866 820/918/867
f 822/919/868 792/886/837 821/885/836
f 821/885/836 820/918/867 822/919/868
f 854/920/869 791/887/838 792/886/837
f 792/886/837 822/919/868 854/920/869
f 856/921/870 794/888/839 791/887/838
f 791/887/838 854/920/869 856/921/870
f 794/888/839 856/921/870 1381/922/64
f 857/923/871 795/890/840 1569/924/3
f 823/925/872 796/892/841 795/890/840
f 795/890/840 857/923/871 823/925/872
f 826/926/873 825/893/842 796/892/841
f 796/892/841 823/925/872 826/926/873
f 824/927/874 827/894/843 825/893/842
f 825/893/842 826/926/873 824/927/874
f 862/928/875 799/895/844 827/894/843
f 827/894/843 824/927/874 862/928/875
f 828/929/876 801/896/845 799/895/844
f 799/895/844 862/928/875 828/929/876
f 829/930/877 831/897/846 801/896/845
f 801/896/845 828/929/876 829/930/877
f 830/931/878 832/898/847 831/897/846
f 831/897/846 829/930/877 830/931/878
f 833/932/879 802/899/848 832/898/847
f 832/898/847 830/931/878 833/932/879
f 867/933/880 803/900/849 802/899/848
f 802/899/848 833/932/879 867/933/880
f 834/934/881 804/901/850 803/900/849
f 803/900/849 867/933/880 834/934/881
f 869/935/882 805/902/851 804/901/850
f 804/901/850 834/934/881 869/935/882
f 835/936/883 809/903/852 805/902/851
f 805/902/851 869/935/882 835/936/883
f 836/937/884 837/904/853 809/903/852
f 809/903/852 835/936/883 836/937/884
f 839/938/885 838/905/854 837/904/853
f 837/904/853 836/937/884 839/938/885
f 840/939/886 811/906/855 838/905/854
f 838/905/854 839/938/885 840/939/886
f 872/940/887 841/907/856 811/906/855
f 811/906/855 840/939/886 872/940/887
f 871/941/888 842/908/857 841/907/856
f 841/907/856 872/940/887 871/941/888
f 875/942/889 813/909/858 842/908/857
f 842/908/857 871/941/888 875/942/889
f 876/943/890 843/910/859 813/909/858
f 813/909/858 875/942/889 876/943/890
f 844/944/891 845/911/860 843/910/859
f 843/910/859 876/943/890 844/944/891
f 846/945/892 815/912/861 845/911/860
f 845/911/860 844/944/891 846/945/892
f 878/946/893 848/913/862 815/912/861
f 815/912/861 846/945/892 878/946/893
f 849/947/894 847/914/863 848/913/862
f 848/913/862 878/946/893 849/947/894
f 879/948/895 816/915/864 847/914/863
f 847/914/863 849/947/894 879/948/895
f 850/949/896 817/916/865 816/915/864
f 816/915/864 879/948/895 850/949/896
f 852/950/897 851/917/866 817/916/865
f 817/916/865 850/949/896 852/950/897
f 853/951/898 820/918/867 851/917/866
f 851/917/866 852/950/897 853/951/898
f 882/952/899 822/919/868 820/918/867
f 820/918/867 853/951/898 882/952/899
f 855/953/900 854/920/869 822/919/868
f 822/919/868 882/952/899 855/953/900
f 883/954/901 856/921/870 854/920/869
f 854/920/869 855/953/900 883/954/901
f 856/921/870 883/954/901 1381/955/64
f 858/956/902 857/923/871 1569/957/3
f 859/958/903 823/925/872 857/923/871
f 857/923/871 858/956/902 859/958/903
f 860/959/904 826/926/873 823/925/872
f 823/925/872 859/958/903 860/959/904
f 861/960/905 824/927/874 826/926/873
f 826/926/873 860/959/904 861/960/905
f 863/961/906 862/928/875 824/927/874
f 824/927/874 861/960/905 863/961/906
f 864/962/907 828/929/876 862/928/875
f 862/928/875 863/961/906 864/962/907
f 890/963/908 829/930/877 828/929/876
f 828/929/876 864/962/907 890/963/908
f 892/964/909 830/931/878 829/930/877
f 829/930/877 890/963/908 892/964/909
f 866/965/910 833/932/879 830/931/878
f 830/931/878 892/964/909 866/965/910
f 865/966/911 867/933/880 833/932/879
f 833/932/879 866/965/910 865/966/911
f 868/967/912 834/934/881 867/933/880
f 867/933/880 865/966/911 868/967/912
f 895/968/913 869/935/882 834/934/881
f 834/934/881 868/967/912 895/968/913
f 870/969/914 835/936/883 869/935/882
f 869/935/882 895/968/913 870/969/914
f 896/970/915 836/937/884 835/936/883
f 835/936/883 870/969/914 896/970/915
f 898/971/916 839/938/885 836/937/884
f 836/937/884 896/970/915 898/971/916
f 899/972/917 840/939/886 839/938/885
f 839/938/885 898/971/916 899/972/917
f 900/973/918 872/940/887 840/939/886
f 840/939/886 899/972/917 900/973/918
f 873/974/919 871/941/888 872/940/887
f 872/940/887 900/973/918 873/974/919
f 874/975/920 875/942/889 871/941/888
f 871/941/888 873/974/919 874/975/920
f 902/976/921 876/943/890 875/942/889
f 875/942/889 874/975/920 902/976/921
f 904/977/922 844/944/891 876/943/890
f 876/943/890 902/976/921 904/977/922
f 877/978/923 846/945/892 844/944/891
f 844/944/891 904/977/922 877/978/923
f 905/979/924 878/946/893 846/945/892
f 846/945/892 877/978/923 905/979/924
f 907/980/925 849/947/894 878/946/893
f 878/946/893 905/979/924 907/980/925
f 906/981/926 879/948/895 849/947/894
f 849/947/894 907/980/925 906/981/926
f 909/982/927 850/949/896 879/948/895
f 879/948/895 906/981/926 909/982/927
f 910/983/928 852/950/897 850/949/896
f 850/949/896 909/982/927 910/983/928
f 880/984/929 853/951/898 852/950/897
f 852/950/897 910/983/928 880/984/929
f 881/985/930 882/952/899 853/951/898
f 853/951/898 880/984/929 881/985/930
f 915/986/931 855/953/900 882/952/899
f 882/952/899 881/985/930 915/986/931
f 884/987/932 883/954/901 855/953/900
f 855/953/900 915/986/931 884/987/932
f 883/954/901 884/987/932 1381/988/64
f 885/989/933 858/956/902 1569/990/3
f 886/991/934 859/958/903 858/956/902
f 858/956/902 885/989/933 886/991/934
f 887/992/935 860/959/904 859/958/903
f 859/958/903 886/991/934 887/992/935
f 888/993/936 861/960/905 860/959/904
f 860/959/904 887/992/935 888/993/936
f 889/994/937 863/961/906 861/960/905
f 861/960/905 888/993/936 889/994/937
f 919/995/938 864/962/907 863/961/906
f 863/961/906 889/994/937 919/995/938
f 891/996/939 890/963/908 864/962/907
f 864/962/907 919/995/938 891/996/939
f 920/997/940 892/964/909 890/963/908
f 890/963/908 891/996/939 920/997/940
f 923/998/941 866/965/910 892/964/909
f 892/964/909 920/997/940 923/998/941
f 893/999/942 865/966/911 866/965/910
f 866/965/910 923/998/941 893/999/942
f 894/1000/943 868/967/912 865/966/911
f 865/966/911 893/999/942 894/1000/943
f 928/1001/944 895/968/913 868/967/912
f 868/967/912 894/1000/943 928/1001/944
f 929/1002/945 870/969/914 895/968/913
f 895/968/913 928/1001/944 929/1002/945
f 897/1003/946 896/970/915 870/969/914
f 870/969/914 929/1002/945 897/1003/946
f 932/1004/947 898/971/916 896/970/915
f 896/970/915 897/1003/946 932/1004/947
f 931/1005/948 899/972/917 898/971/916
f 898/971/916 932/1004/947 931/1005/948
f 901/1006/949 900/973/918 899/972/917
f 899/972/917 931/1005/948 901/1006/949
f 934/1007/950 873/974/919 900/973/918
f 900/973/918 901/1006/949 934/1007/950
f 935/1008/951 874/975/920 873/974/919
f 873/974/919 934/1007/950 935/1008/951
f 936/1009/952 902/976/921 874/975/920
f 874/975/920 935/1008/951 936/1009/952
f 903/1010/953 904/977/922 902/976/921
f 902/976/921 936/1009/952 903/1010/953
f 939/1011/954 877/978/923 904/977/922
f 904/977/922 903/1010/953 939/1011/954
f 938/1012/955 905/979/924 877/978/923
f 877/978/923 939/1011/954 938/1012/955
f 941/1013/956 907/980/925 905/979/924
f 905/979/924 938/1012/955 941/1013/956
f 908/1014/957 906/981/926 907/980/925
f 907/980/925 941/1013/956 908/1014/957
f 911/1015/958 909/982/927 906/981/926
f 906/981/926 908/1014/957 911/1015/958
f 912/1016/959 910/983/928 909/982/927
f 909/982/927 911/1015/958 912/1016/959
f 944/1017/960 880/984/929 910/983/928
f 910/983/928 912/1016/959 944/1017/960
f 913/1018/961 881/985/930 880/984/929
f 880/984/929 944/1017/960 913/1018/961
f 945/1019/962 915/986/931 881/985/930
f 881/985/930 913/1018/961 945/1019/962
f 914/1020/963 884/987/932 915/986/931
f 915/986/931 945/1019/962 914/1020/963
f 884/987/932 914/1020/963 1381/1021/64
f 947/1022/964 885/989/933 1569/1023/3
f 916/1024/965 886/991/934 885/989/933
f 885/989/933 947/1022/964 916/1024/965
f 948/1025/966 887/992/935 886/991/934
f 886/991/934 916/1024/965 948/1025/966
f 917/1026/967 888/993/936 887/992/935
f 887/992/935 948/1025/966 917/1026/967
f 918/1027/968 889/994/937 888/993/936
f 888/993/936 917/1026/967 918/1027/968
f 949/1028/969 919/995/938 889/994/937
f 889/994/937 918/1027/968 949/1028/969
f 921/1029/970 891/996/939 919/995/938
f 919/995/938 949/1028/969 921/1029/970
f 922/1030/971 920/997/940 891/996/939
f 891/996/939 921/1029/970 922/1030/971
f 950/1031/972 923/998/941 920/997/940
f 920/997/940 922/1030/971 950/1031/972
f 924/1032/973 893/999/942 923/998/941
f 923/998/941 950/1031/972 924/1032/973
f 925/1033/974 894/1000/943 893/999/942
f 893/999/942 924/1032/973 925/1033/974
f 926/1034/975 928/1001/944 894/1000/943
f 894/1000/943 925/1033/974 926/1034/975
f 927/1035/976 929/1002/945 928/1001/944
f 928/1001/944 926/1034/975 927/1035/976
f 951/1036/977 897/1003/946 929/1002/945
f 929/1002/945 927/1035/976 951/1036/977
f 930/1037/978 932/1004/947 897/1003/946
f 897/1003/946 951/1036/977 930/1037/978
f 933/1038/979 931/1005/948 932/1004/947
f 932/1004/947 930/1037/978 933/1038/979
f 952/1039/980 901/1006/949 931/1005/948
f 931/1005/948 933/1038/979 952/1039/980
f 953/1040/981 934/1007/950 901/1006/949
f 901/1006/949 952/1039/980 953/1040/981
f 954/1041/982 935/1008/951 934/1007/950
f 934/1007/950 953/1040/981 954/1041/982
f 955/1042/983 936/1009/952 935/1008/951
f 935/1008/951 954/1041/982 955/1042/983
f 956/1043/984 903/1010/953 936/1009/952
f 936/1009/952 955/1042/983 956/1043/984
f 940/1044/985 939/1011/954 903/1010/953
f 903/1010/953 956/1043/984 940/1044/985
f 937/1045/986 938/1012/955 939/1011/954
f 939/1011/954 940/1044/985 937/1045/986
f 958/1046/987 941/1013/956 938/1012/955
f 938/1012/955 937/1045/986 958/1046/987
f 957/1047/988 908/1014/957 941/1013/956
f 941/1013/956 958/1046/987 957/1047/988
f 942/1048/989 911/1015/958 908/1014/957
f 908/1014/957 957/1047/988 942/1048/989
f 959/1049/990 912/1016/959 911/1015/958
f 911/1015/958 942/1048/989 959/1049/990
f 943/1050/991 944/1017/960 912/1016/959
f 912/1016/959 959/1049/990 943/1050/991
f 946/1051/992 913/1018/961 944/1017/960
f 944/1017/960 943/1050/991 946/1051/992
f 960/1052/993 945/1019/962 913/1018/961
f 913/1018/961 946/1051/992 960/1052/993
f 961/1053/994 914/1020/963 945/1019/962
f 945/1019/962 960/1052/993 961/1053/994
f 914/1020/963 961/1053/994 1381/1054/64
f 963/1055/995 947/1022/964 1569/1056/3
f 966/1057/996 916/1024/965 947/1022/964
f 947/1022/964 963/1055/995 966/1057/996
f 965/1058/997 948/1025/966 916/1024/965
f 916/1024/965 966/1057/996 965/1058/997
f 969/1059/998 917/1026/967 948/1025/966
f 948/1025/966 965/1058/997 969/1059/998
f 972/1060/999 918/1027/968 917/1026/967
f 917/1026/967 969/1059/998 972/1060/999
f 971/1061/1000 949/1028/969 918/1027/968
f 918/1027/968 972/1060/999 971/1061/1000
f 974/1062/1001 921/1029/970 949/1028/969
f 949/1028/969 971/1061/1000 974/1062/1001
f 973/1063/1002 922/1030/971 921/1029/970
f 921/1029/970 974/1062/1001 973/1063/1002
f 979/1064/1003 950/1031/972 922/1030/971
f 922/1030/971 973/1063/1002 979/1064/1003
f 980/1065/1004 924/1032/973 950/1031/972
f 950/1031/972 979/1064/1003 980/1065/1004
f 981/1066/1005 925/1033/974 924/1032/973
f 924/1032/973 980/1065/1004 981/1066/1005
f 982/1067/1006 926/1034/975 925/1033/974
f 925/1033/974 981/1066/1005 982/1067/1006
f 983/1068/1007 927/1035/976 926/1034/975
f 926/1034/975 982/1067/1006 983/1068/1007
f 984/1069/1008 951/1036/977 927/1035/976
f 927/1035/976 983/1068/1007 984/1069/1008
f 986/1070/1009 930/1037/978 951/1036/977
f 951/1036/977 984/1069/1008 986/1070/1009
f 985/1071/1010 933/1038/979 930/1037/978
f 930/1037/978 986/1070/1009 985/1071/1010
f 989/1072/1011 952/1039/980 933/1038/979
f 933/1038/979 985/1071/1010 989/1072/1011
f 992/1073/1012 953/1040/981 952/1039/980
f 952/1039/980 989/1072/1011 992/1073/1012
f 991/1074/1013 954/1041/982 953/1040/981
f 953/1040/981 992/1073/1012 991/1074/1013
f 994/1075/1014 955/1042/983 954/1041/982
f 954/1041/982 991/1074/1013 994/1075/1014
f 995/1076/1015 956/1043/984 955/1042/983
f 955/1042/983 994/1075/1014 995/1076/1015
f 997/1077/1016 940/1044/985 956/1043/984
f 956/1043/984 995/1076/1015 997/1077/1016
f 998/1078/1017 937/1045/986 940/1044/985
f 940/1044/985 997/1077/1016 998/1078/1017
f 999/1079/1018 958/1046/987 937/1045/986
f 937/1045/986 998/1078/1017 999/1079/1018
f 1000/1080/1019 957/1047/988 958/1046/987
f 958/1046/987 999/1079/1018 1000/1080/1019
f 1002/1081/1020 942/1048/989 957/1047/988
f 957/1047/988 1000/1080/1019 1002/1081/1020
f 1003/1082/1021 959/1049/990 942/1048/989
f 942/1048/989 1002/1081/1020 1003/1082/1021
f 1005/1083/1022 943/1050/991 959/1049/990
f 959/1049/990 1003/1082/1021 1005/1083/1022
f 1006/1084/1023 946/1051/992 943/1050/991
f 943/1050/991 1005/1083/1022 1006/1084/1023
f 1008/1085/1024 960/1052/993 946/1051/992
f 946/1051/992 1006/1084/1023 1008/1085/1024
f 1007/1086/1025 961/1053/994 960/1052/993
f 960/1052/993 1008/1085/1024 1007/1086/1025
f 961/1053/994 1007/1086/1025 1381/1087/64
f 964/1088/1026 963/1055/995 1569/1089/3
f 962/1090/1027 966/1057/996 963/1055/995
f 963/1055/995 964/1088/1026 962/1090/1027
f 967/1091/1028 965/1058/997 966/1057/996
f 966/1057/996 962/1090/1027 967/1091/1028
f 968/1092/1029 969/1059/998 965/1058/997
f 965/1058/997 967/1091/1028 968/1092/1029
f 970/1093/1030 972/1060/999 969/1059/998
f 969/1059/998 968/1092/1029 970/1093/1030
f 1010/1094/1031 971/1061/1000 972/1060/999
f 972/1060/999 970/1093/1030 1010/1094/1031
f 975/1095/1032 974/1062/1001 971/1061/1000
f 971/1061/1000 1010/1094/1031 975/1095/1032
f 976/1096/1033 973/1063/1002 974/1062/1001
f 974/1062/1001 975/1095/1032 976/1096/1033
f 977/1097/1034 979/1064/1003 973/1063/1002
f 973/1063/1002 976/1096/1033 977/1097/1034
f 978/1098/1035 980/1065/1004 979/1064/1003
f 979/1064/1003 977/1097/1034 978/1098/1035
f 1014/1099/1036 981/1066/1005 980/1065/1004
f 980/1065/1004 978/1098/1035 1014/1099/1036
f 1015/1100/1037 982/1067/1006 981/1066/1005
f 981/1066/1005 1014/1099/1036 1015/1100/1037
f 1017/1101/1038 983/1068/1007 982/1067/1006
f 982/1067/1006 1015/1100/1037 1017/1101/1038
f 1016/1102/1039 984/1069/1008 983/1068/1007
f 983/1068/1007 1017/1101/1038 1016/1102/1039
f 1019/1103/1040 986/1070/1009 984/1069/1008
f 984/1069/1008 1016/1102/1039 1019/1103/1040
f 987/1104/1041 985/1071/1010 986/1070/1009
f 986/1070/1009 1019/1103/1040 987/1104/1041
f 988/1105/1042 989/1072/1011 985/1071/1010
f 985/1071/1010 987/1104/1041 988/1105/1042
f 1021/1106/1043 992/1073/1012 989/1072/1011
f 989/1072/1011 988/1105/1042 1021/1106/1043
f 990/1107/1044 991/1074/1013 992/1073/1012
f 992/1073/1012 1021/1106/1043 990/1107/1044
f 993/1108/1045 994/1075/1014 991/1074/1013
f 991/1074/1013 990/1107/1044 993/1108/1045
f 1023/1109/1046 995/1076/1015 994/1075/1014
f 994/1075/1014 993/1108/1045 1023/1109/1046
f 996/1110/1047 997/1077/1016 995/1076/1015
f 995/1076/1015 1023/1109/1046 996/1110/1047
f 1025/1111/1048 998/1078/1017 997/1077/1016
f 997/1077/1016 996/1110/1047 1025/1111/1048
f 1027/1112/1049 999/1079/1018 998/1078/1017
f 998/1078/1017 1025/1111/1048 1027/1112/1049
f 1001/1113/1050 1000/1080/1019 999/1079/1018
f 999/1079/1018 1027/1112/1049 1001/1113/1050
f 1028/1114/1051 1002/1081/1020 1000/1080/1019
f 1000/1080/1019 1001/1113/1050 1028/1114/1051
f 1029/1115/1052 1003/1082/1021 1002/1081/1020
f 1002/1081/1020 1028/1114/1051 1029/1115/1052
f 1030/1116/1053 1005/1083/1022 1003/1082/1021
f 1003/1082/1021 1029/1115/1052 1030/1116/1053
f 1004/1117/1054 1006/1084/1023 1005/1083/1022
f 1005/1083/1022 1030/1116/1053 1004/1117/1054
f 1032/1118/1055 1008/1085/1024 1006/1084/1023
f 1006/1084/1023 1004/1117/1054 1032/1118/1055
f 1033/1119/1056 1007/1086/1025 1008/1085/1024
f 1008/1085/1024 1032/1118/1055 1033/1119/1056
f 1007/1086/1025 1033/1119/1056 1381/1120/64
f 1035/1121/1057 964/1088/1026 1569/1122/3
f 1009/1123/1058 962/1090/1027 964/1088/1026
f 964/1088/1026 1035/1121/1057 1009/1123/1058
f 1037/1124/1059 967/1091/1028 962/1090/1027
f 962/1090/1027 1009/1123/1058 1037/1124/1059
f 1038/1125/1060 968/1092/1029 967/1091/1028
f 967/1091/1028 1037/1124/1059 1038/1125/1060
f 1042/1126/1061 970/1093/1030 968/1092/1029
f 968/1092/1029 1038/1125/1060 1042/1126/1061
f 1041/1127/1062 1010/1094/1031 970/1093/1030
f 970/1093/1030 1042/1126/1061 1041/1127/1062
f 1011/1128/1063 975/1095/1032 1010/1094/1031
f 1010/1094/1031 1041/1127/1062 1011/1128/1063
f 1045/1129/1064 976/1096/1033 975/1095/1032
f 975/1095/1032 1011/1128/1063 1045/1129/1064
f 1012/1130/1065 977/1097/1034 976/1096/1033
f 976/1096/1033 1045/1129/1064 1012/1130/1065
f 1013/1131/1066 978/1098/1035 977/1097/1034
f 977/1097/1034 1012/1130/1065 1013/1131/1066
f 1049/1132/1067 1014/1099/1036 978/1098/1035
f 978/1098/1035 1013/1131/1066 1049/1132/1067
f 1048/1133/1068 1015/1100/1037 1014/1099/1036
f 1014/1099/1036 1049/1132/1067 1048/1133/1068
f 1054/1134/1069 1017/1101/1038 1015/1100/1037
f 1015/1100/1037 1048/1133/1068 1054/1134/1069
f 1018/1135/1070 1016/1102/1039 1017/1101/1038
f 1017/1101/1038 1054/1134/1069 1018/1135/1070
f 1055/1136/1071 1019/1103/1040 1016/1102/1039
f 1016/1102/1039 1018/1135/1070 1055/1136/1071
f 1020/1137/1072 987/1104/1041 1019/1103/1040
f 1019/1103/1040 1055/1136/1071 1020/1137/1072
f 1059/1138/1073 988/1105/1042 987/1104/1041
f 987/1104/1041 1020/1137/1072 1059/1138/1073
f 1058/1139/1074 1021/1106/1043 988/1105/1042
f 988/1105/1042 1059/1138/1073 1058/1139/1074
f 1022/1140/1075 990/1107/1044 1021/1106/1043
f 1021/1106/1043 1058/1139/1074 1022/1140/1075
f 1061/1141/1076 993/1108/1045 990/1107/1044
f 990/1107/1044 1022/1140/1075 1061/1141/1076
f 1063/1142/1077 1023/1109/1046 993/1108/1045
f 993/1108/1045 1061/1141/1076 1063/1142/1077
f 1066/1143/1078 996/1110/1047 1023/1109/1046
f 1023/1109/1046 1063/1142/1077 1066/1143/1078
f 1024/1144/1079 1025/1111/1048 996/1110/1047
f 996/1110/1047 1066/1143/1078 1024/1144/1079
f 1067/1145/1080 1027/1112/1049 1025/1111/1048
f 1025/1111/1048 1024/1144/1079 1067/1145/1080
f 1026/1146/1081 1001/1113/1050 1027/1112/1049
f 1027/1112/1049 1067/1145/1080 1026/1146/1081
f 1070/1147/1082 1028/1114/1051 1001/1113/1050
f 1001/1113/1050 1026/1146/1081 1070/1147/1082
f 1073/1148/1083 1029/1115/1052 1028/1114/1051
f 1028/1114/1051 1070/1147/1082 1073/1148/1083
f 1031/1149/1084 1030/1116/1053 1029/1115/1052
f 1029/1115/1052 1073/1148/1083 1031/1149/1084
f 1075/1150/1085 1004/1117/1054 1030/1116/1053
f 1030/1116/1053 1031/1149/1084 1075/1150/1085
f 1076/1151/1086 1032/1118/1055 1004/1117/1054
f 1004/1117/1054 1075/1150/1085 1076/1151/1086
f 1034/1152/1087 1033/1119/1056 1032/1118/1055
f 1032/1118/1055 1076/1151/1086 1034/1152/1087
f 1033/1119/1056 1034/1152/1087 1381/1153/64
f 1079/1154/1088 1035/1121/1057 1569/1155/3
f 1036/1156/1089 1009/1123/1058 1035/1121/1057
f 1035/1121/1057 1079/1154/1088 1036/1156/1089
f 1081/1157/1090 1037/1124/1059 1009/1123/1058
f 1009/1123/1058 1036/1156/1089 1081/1157/1090
f 1039/1158/1091 1038/1125/1060 1037/1124/1059
f 1037/1124/1059 1081/1157/1090 1039/1158/1091
f 1040/1159/1092 1042/1126/1061 1038/1125/1060
f 1038/1125/1060 1039/1158/1091 1040/1159/1092
f 1044/1160/1093 1041/1127/1062 1042/1126/1061
f 1042/1126/1061 1040/1159/1092 1044/1160/1093
f 1043/1161/1094 1011/1128/1063 1041/1127/1062
f 1041/1127/1062 1044/1160/1093 1043/1161/1094
f 1046/1162/1095 1045/1129/1064 1011/1128/1063
f 1011/1128/1063 1043/1161/1094 1046/1162/1095
f 1087/1163/1096 1012/1130/1065 1045/1129/1064
f 1045/1129/1064 1046/1162/1095 1087/1163/1096
f 1047/1164/1097 1013/1131/1066 1012/1130/1065
f 1012/1130/1065 1087/1163/1096 1047/1164/1097
f 1050/1165/1098 1049/1132/1067 1013/1131/1066
f 1013/1131/1066 1047/1164/1097 1050/1165/1098
f 1051/1166/1099 1048/1133/1068 1049/1132/1067
f 1049/1132/1067 1050/1165/1098 1051/1166/1099
f 1052/1167/1100 1054/1134/1069 1048/1133/1068
f 1048/1133/1068 1051/1166/1099 1052/1167/1100
f 1053/1168/1101 1018/1135/1070 1054/1134/1069
f 1054/1134/1069 1052/1167/1100 1053/1168/1101
f 1056/1169/1102 1055/1136/1071 1018/1135/1070
f 1018/1135/1070 1053/1168/1101 1056/1169/1102
f 1090/1170/1103 1020/1137/1072 1055/1136/1071
f 1055/1136/1071 1056/1169/1102 1090/1170/1103
f 1091/1171/1104 1059/1138/1073 1020/1137/1072
f 1020/1137/1072 1090/1170/1103 1091/1171/1104
f 1057/1172/1105 1058/1139/1074 1059/1138/1073
f 1059/1138/1073 1091/1171/1104 1057/1172/1105
f 1060/1173/1106 1022/1140/1075 1058/1139/1074
f 1058/1139/1074 1057/1172/1105 1060/1173/1106
f 1062/1174/1107 1061/1141/1076 1022/1140/1075
f 1022/1140/1075 1060/1173/1106 1062/1174/1107
f 1064/1175/1108 1063/1142/1077 1061/1141/1076
f 1061/1141/1076 1062/1174/1107 1064/1175/1108
f 1065/1176/1109 1066/1143/1078 1063/1142/1077
f 1063/1142/1077 1064/1175/1108 1065/1176/1109
f 1096/1177/1110 1024/1144/1079 1066/1143/1078
f 1066/1143/1078 1065/1176/1109 1096/1177/1110
f 1068/1178/1111 1067/1145/1080 1024/1144/1079
f 1024/1144/1079 1096/1177/1110 1068/1178/1111
f 1097/1179/1112 1026/1146/1081 1067/1145/1080
f 1067/1145/1080 1068/1178/1111 1097/1179/1112
f 1069/1180/1113 1070/1147/1082 1026/1146/1081
f 1026/1146/1081 1097/1179/1112 1069/1180/1113
f 1071/1181/1114 1073/1148/1083 1070/1147/1082
f 1070/1147/1082 1069/1180/1113 1071/1181/1114
f 1072/1182/1115 1031/1149/1084 1073/1148/1083
f 1073/1148/1083 1071/1181/1114 1072/1182/1115
f 1074/1183/1116 1075/1150/1085 1031/1149/1084
f 1031/1149/1084 1072/1182/1115 1074/1183/1116
f 1077/1184/1117 1076/1151/1086 1075/1150/1085
f 1075/1150/1085 1074/1183/1116 1077/1184/1117
f 1100/1185/1118 1034/1152/1087 1076/1151/1086
f 1076/1151/1086 1077/1184/1117 1100/1185/1118
f 1034/1152/1087 1100/1185/1118 1381/1186/64
f 1078/1187/1119 1079/1154/1088 1569/1188/3
f 1080/1189/1120 1036/1156/1089 1079/1154/1088
f 1079/1154/1088 1078/1187/1119 1080/1189/1120
f 1082/1190/1121 1081/1157/1090 1036/1156/1089
f 1036/1156/1089 1080/1189/1120 1082/1190/1121
f 1084/1191/1122 1039/1158/1091 1081/1157/1090
f 1081/1157/1090 1082/1190/1121 1084/1191/1122
f 1083/1192/1123 1040/1159/1092 1039/1158/1091
f 1039/1158/1091 1084/1191/1122 1083/1192/1123
f 1105/1193/1124 1044/1160/1093 1040/1159/1092
f 1040/1159/1092 1083/1192/1123 1105/1193/1124
f 1085/1194/1125 1043/1161/1094 1044/1160/1093
f 1044/1160/1093 1105/1193/1124 1085/1194/1125
f 1086/1195/1126 1046/1162/1095 1043/1161/1094
f 1043/1161/1094 1085/1194/1125 1086/1195/1126
f 1108/1196/1127 1087/1163/1096 1046/1162/1095
f 1046/1162/1095 1086/1195/1126 1108/1196/1127
f 1109/1197/1128 1047/1164/1097 1087/1163/1096
f 1087/1163/1096 1108/1196/1127 1109/1197/1128
f 1111/1198/1129 1050/1165/1098 1047/1164/1097
f 1047/1164/1097 1109/1197/1128 1111/1198/1129
f 1088/1199/1130 1051/1166/1099 1050/1165/1098
f 1050/1165/1098 1111/1198/1129 1088/1199/1130
f 1089/1200/1131 1052/1167/1100 1051/1166/1099
f 1051/1166/1099 1088/1199/1130 1089/1200/1131
f 1115/1201/1132 1053/1168/1101 1052/1167/1100
f 1052/1167/1100 1089/1200/1131 1115/1201/1132
f 1116/1202/1133 1056/1169/1102 1053/1168/1101
f 1053/1168/1101 1115/1201/1132 1116/1202/1133
f 1118/1203/1134 1090/1170/1103 1056/1169/1102
f 1056/1169/1102 1116/1202/1133 1118/1203/1134
f 1092/1204/1135 1091/1171/1104 1090/1170/1103
f 1090/1170/1103 1118/1203/1134 1092/1204/1135
f 1120/1205/1136 1057/1172/1105 1091/1171/1104
f 1091/1171/1104 1092/1204/1135 1120/1205/1136
f 1093/1206/1137 1060/1173/1106 1057/1172/1105
f 1057/1172/1105 1120/1205/1136 1093/1206/1137
f 1122/1207/1138 1062/1174/1107 1060/1173/1106
f 1060/1173/1106 1093/1206/1137 1122/1207/1138
f 1124/1208/1139 1064/1175/1108 1062/1174/1107
f 1062/1174/1107 1122/1207/1138 1124/1208/1139
f 1094/1209/1140 1065/1176/1109 1064/1175/1108
f 1064/1175/1108 1124/1208/1139 1094/1209/1140
f 1127/1210/1141 1096/1177/1110 1065/1176/1109
f 1065/1176/1109 1094/1209/1140 1127/1210/1141
f 1095/1211/1142 1068/1178/1111 1096/1177/1110
f 1096/1177/1110 1127/1210/1141 1095/1211/1142
f 1128/1212/1143 1097/1179/1112 1068/1178/1111
f 1068/1178/1111 1095/1211/1142 1128/1212/1143
f 1130/1213/1144 1069/1180/1113 1097/1179/1112
f 1097/1179/1112 1128/1212/1143 1130/1213/1144
f 1098/1214/1145 1071/1181/1114 1069/1180/1113
f 1069/1180/1113 1130/1213/1144 1098/1214/1145
f 1131/1215/1146 1072/1182/1115 1071/1181/1114
f 1071/1181/1114 1098/1214/1145 1131/1215/1146
f 1099/1216/1147 1074/1183/1116 1072/1182/1115
f 1072/1182/1115 1131/1215/1146 1099/1216/1147
f 1133/1217/1148 1077/1184/1117 1074/1183/1116
f 1074/1183/1116 1099/1216/1147 1133/1217/1148
f 1134/1218/1149 1100/1185/1118 1077/1184/1117
f 1077/1184/1117 1133/1217/1148 1134/1218/1149
f 1100/1185/1118 1134/1218/1149 1381/1219/64
f 1135/1220/1150 1078/1187/1119 1569/1221/3
f 1101/1222/1151 1080/1189/1120 1078/1187/1119
f 1078/1187/1119 1135/1220/1150 1101/1222/1151
f 1137/1223/1152 1082/1190/1121 1080/1189/1120
f 1080/1189/1120 1101/1222/1151 1137/1223/1152
f 1102/1224/1153 1084/1191/1122 1082/1190/1121
f 1082/1190/1121 1137/1223/1152 1102/1224/1153
f 1103/1225/1154 1083/1192/1123 1084/1191/1122
f 1084/1191/1122 1102/1224/1153 1103/1225/1154
f 1104/1226/1155 1105/1193/1124 1083/1192/1123
f 1083/1192/1123 1103/1225/1154 1104/1226/1155
f 1106/1227/1156 1085/1194/1125 1105/1193/1124
f 1105/1193/1124 1104/1226/1155 1106/1227/1156
f 1107/1228/1157 1086/1195/1126 1085/1194/1125
f 1085/1194/1125 1106/1227/1156 1107/1228/1157
f 1139/1229/1158 1108/1196/1127 1086/1195/1126
f 1086/1195/1126 1107/1228/1157 1139/1229/1158
f 1110/1230/1159 1109/1197/1128 1108/1196/1127
f 1108/1196/1127 1139/1229/1158 1110/1230/1159
f 1112/1231/1160 1111/1198/1129 1109/1197/1128
f 1109/1197/1128 1110/1230/1159 1112/1231/1160
f 1113/1232/1161 1088/1199/1130 1111/1198/1129
f 1111/1198/1129 1112/1231/1160 1113/1232/1161
f 1114/1233/1162 1089/1200/1131 1088/1199/1130
f 1088/1199/1130 1113/1232/1161 1114/1233/1162
f 1144/1234/1163 1115/1201/1132 1089/1200/1131
f 1089/1200/1131 1114/1233/1162 1144/1234/1163
f 1146/1235/1164 1116/1202/1133 1115/1201/1132
f 1115/1201/1132 1144/1234/1163 1146/1235/1164
f 1117/1236/1165 1118/1203/1134 1116/1202/1133
f 1116/1202/1133 1146/1235/1164 1117/1236/1165
f 1119/1237/1166 1092/1204/1135 1118/1203/1134
f 1118/1203/1134 1117/1236/1165 1119/1237/1166
f 1147/1238/1167 1120/1205/1136 1092/1204/1135
f 1092/1204/1135 1119/1237/1166 1147/1238/1167
f 1149/1239/1168 1093/1206/1137 1120/1205/1136
f 1120/1205/1136 1147/1238/1167 1149/1239/1168
f 1121/1240/1169 1122/1207/1138 1093/1206/1137
f 1093/1206/1137 1149/1239/1168 1121/1240/1169
f 1123/1241/1170 1124/1208/1139 1122/1207/1138
f 1122/1207/1138 1121/1240/1169 1123/1241/1170
f 1125/1242/1171 1094/1209/1140 1124/1208/1139
f 1124/1208/1139 1123/1241/1170 1125/1242/1171
f 1126/1243/1172 1127/1210/1141 1094/1209/1140
f 1094/1209/1140 1125/1242/1171 1126/1243/1172
f 1152/1244/1173 1095/1211/1142 1127/1210/1141
f 1127/1210/1141 1126/1243/1172 1152/1244/1173
f 1153/1245/1174 1128/1212/1143 1095/1211/1142
f 1095/1211/1142 1152/1244/1173 1153/1245/1174
f 1129/1246/1175 1130/1213/1144 1128/1212/1143
f 1128/1212/1143 1153/1245/1174 1129/1246/1175
f 1154/1247/1176 1098/1214/1145 1130/1213/1144
f 1130/1213/1144 1129/1246/1175 1154/1247/1176
f 1132/1248/1177 1131/1215/1146 1098/1214/1145
f 1098/1214/1145 1154/1247/1176 1132/1248/1177
f 1156/1249/1178 1099/1216/1147 1131/1215/1146
f 1131/1215/1146 1132/1248/1177 1156/1249/1178
f 1159/1250/1179 1133/1217/1148 1099/1216/1147
f 1099/1216/1147 1156/1249/1178 1159/1250/1179
f 1158/1251/1180 1134/1218/1149 1133/1217/1148
f 1133/1217/1148 1159/1250/1179 1158/1251/1180
f 1134/1218/1149 1158/1251/1180 1381/1252/64
f 1160/1253/1181 1135/1220/1150 1569/1254/3
f 1161/1255/1182 1101/1222/1151 1135/1220/1150
f 1135/1220/1150 1160/1253/1181 1161/1255/1182
f 1136/1256/1183 1137/1223/1152 1101/1222/1151
f 1101/1222/1151 1161/1255/1182 1136/1256/1183
f 1163/1257/1184 1102/1224/1153 1137/1223/1152
f 1137/1223/1152 1136/1256/1183 1163/1257/1184
f 1164/1258/1185 1103/1225/1154 1102/1224/1153
f 1102/1224/1153 1163/1257/1184 1164/1258/1185
f 1165/1259/1186 1104/1226/1155 1103/1225/1154
f 1103/1225/1154 1164/1258/1185 1165/1259/1186
f 1168/1260/1187 1106/1227/1156 1104/1226/1155
f 1104/1226/1155 1165/1259/1186 1168/1260/1187
f 1140/1261/1188 1107/1228/1157 1106/1227/1156
f 1106/1227/1156 1168/1260/1187 1140/1261/1188
f 1138/1262/1189 1139/1229/1158 1107/1228/1157
f 1107/1228/1157 1140/1261/1188 1138/1262/1189
f 1141/1263/1190 1110/1230/1159 1139/1229/1158
f 1139/1229/1158 1138/1262/1189 1141/1263/1190
f 1169/1264/1191 1112/1231/1160 1110/1230/1159
f 1110/1230/1159 1141/1263/1190 1169/1264/1191
f 1170/1265/1192 1113/1232/1161 1112/1231/1160
f 1112/1231/1160 1169/1264/1191 1170/1265/1192
f 1142/1266/1193 1114/1233/1162 1113/1232/1161
f 1113/1232/1161 1170/1265/1192 1142/1266/1193
f 1143/1267/1194 1144/1234/1163 1114/1233/1162
f 1114/1233/1162 1142/1266/1193 1143/1267/1194
f 1145/1268/1195 1146/1235/1164 1144/1234/1163
f 1144/1234/1163 1143/1267/1194 1145/1268/1195
f 1173/1269/1196 1117/1236/1165 1146/1235/1164
f 1146/1235/1164 1145/1268/1195 1173/1269/1196
f 1175/1270/1197 1119/1237/1166 1117/1236/1165
f 1117/1236/1165 1173/1269/1196 1175/1270/1197
f 1148/1271/1198 1147/1238/1167 1119/1237/1166
f 1119/1237/1166 1175/1270/1197 1148/1271/1198
f 1150/1272/1199 1149/1239/1168 1147/1238/1167
f 1147/1238/1167 1148/1271/1198 1150/1272/1199
f 1177/1273/1200 1121/1240/1169 1149/1239/1168
f 1149/1239/1168 1150/1272/1199 1177/1273/1200
f 1151/1274/1201 1123/1241/1170 1121/1240/1169
f 1121/1240/1169 1177/1273/1200 1151/1274/1201
f 1179/1275/1202 1125/1242/1171 1123/1241/1170
f 1123/1241/1170 1151/1274/1201 1179/1275/1202
f 1180/1276/1203 1126/1243/1172 1125/1242/1171
f 1125/1242/1171 1179/1275/1202 1180/1276/1203
f 1181/1277/1204 1152/1244/1173 1126/1243/1172
f 1126/1243/1172 1180/1276/1203 1181/1277/1204
f 1182/1278/1205 1153/1245/1174 1152/1244/1173
f 1152/1244/1173 1181/1277/1204 1182/1278/1205
f 1186/1279/1206 1129/1246/1175 1153/1245/1174
f 1153/1245/1174 1182/1278/1205 1186/1279/1206
f 1155/1280/1207 1154/1247/1176 1129/1246/1175
f 1129/1246/1175 1186/1279/1206 1155/1280/1207
f 1187/1281/1208 1132/1248/1177 1154/1247/1176
f 1154/1247/1176 1155/1280/1207 1187/1281/1208
f 1190/1282/1209 1156/1249/1178 1132/1248/1177
f 1132/1248/1177 1187/1281/1208 1190/1282/1209
f 1191/1283/1210 1159/1250/1179 1156/1249/1178
f 1156/1249/1178 1190/1282/1209 1191/1283/1210
f 1157/1284/1211 1158/1251/1180 1159/1250/1179
f 1159/1250/1179 1191/1283/1210 1157/1284/1211
f 1158/1251/1180 1157/1284/1211 1381/1285/64
f 1192/1286/1212 1160/1253/1181 1569/1287/3
f 1193/1288/1213 1161/1255/1182 1160/1253/1181
f 1160/1253/1181 1192/1286/1212 1193/1288/1213
f 1195/1289/1214 1136/1256/1183 1161/1255/1182
f 1161/1255/1182 1193/1288/1213 1195/1289/1214
f 1162/1290/1215 1163/1257/1184 1136/1256/1183
f 1136/1256/1183 1195/1289/1214 1162/1290/1215
f 1199/1291/1216 1164/1258/1185 1163/1257/1184
f 1163/1257/1184 1162/1290/1215 1199/1291/1216
f 1166/1292/1217 1165/1259/1186 1164/1258/1185
f 1164/1258/1185 1199/1291/1216 1166/1292/1217
f 1201/1293/1218 1168/1260/1187 1165/1259/1186
f 1165/1259/1186 1166/1292/1217 1201/1293/1218
f 1167/1294/1219 1140/1261/1188 1168/1260/1187
f 1168/1260/1187 1201/1293/1218 1167/1294/1219
f 1202/1295/1220 1138/1262/1189 1140/1261/1188
f 1140/1261/1188 1167/1294/1219 1202/1295/1220
f 1203/1296/1221 1141/1263/1190 1138/1262/1189
f 1138/1262/1189 1202/1295/1220 1203/1296/1221
f 1204/1297/1222 1169/1264/1191 1141/1263/1190
f 1141/1263/1190 1203/1296/1221 1204/1297/1222
f 1205/1298/1223 1170/1265/1192 1169/1264/1191
f 1169/1264/1191 1204/1297/1222 1205/1298/1223
f 1207/1299/1224 1142/1266/1193 1170/1265/1192
f 1170/1265/1192 1205/1298/1223 1207/1299/1224
f 1171/1300/1225 1143/1267/1194 1142/1266/1193
f 1142/1266/1193 1207/1299/1224 1171/1300/1225
f 1172/1301/1226 1145/1268/1195 1143/1267/1194
f 1143/1267/1194 1171/1300/1225 1172/1301/1226
f 1210/1302/1227 1173/1269/1196 1145/1268/1195
f 1145/1268/1195 1172/1301/1226 1210/1302/1227
f 1174/1303/1228 1175/1270/1197 1173/1269/1196
f 1173/1269/1196 1210/1302/1227 1174/1303/1228
f 1211/1304/1229 1148/1271/1198 1175/1270/1197
f 1175/1270/1197 1174/1303/1228 1211/1304/1229
f 1176/1305/1230 1150/1272/1199 1148/1271/1198
f 1148/1271/1198 1211/1304/1229 1176/1305/1230
f 1212/1306/1231 1177/1273/1200 1150/1272/1199
f 1150/1272/1199 1176/1305/1230 1212/1306/1231
f 1178/1307/1232 1151/1274/1201 1177/1273/1200
f 1177/1273/1200 1212/1306/1231 1178/1307/1232
f 1214/1308/1233 1179/1275/1202 1151/1274/1201
f 1151/1274/1201 1178/1307/1232 1214/1308/1233
f 1218/1309/1234 1180/1276/1203 1179/1275/1202
f 1179/1275/1202 1214/1308/1233 1218/1309/1234
f 1217/1310/1235 1181/1277/1204 1180/1276/1203
f 1180/1276/1203 1218/1309/1234 1217/1310/1235
f 1183/1311/1236 1182/1278/1205 1181/1277/1204
f 1181/1277/1204 1217/1310/1235 1183/1311/1236
f 1184/1312/1237 1186/1279/1206 1182/1278/1205
f 1182/1278/1205 1183/1311/1236 1184/1312/1237
f 1185/1313/1238 1155/1280/1207 1186/1279/1206
f 1186/1279/1206 1184/1312/1237 1185/1313/1238
f 1188/1314/1239 1187/1281/1208 1155/1280/1207
f 1155/1280/1207 1185/1313/1238 1188/1314/1239
f 1189/1315/1240 1190/1282/1209 1187/1281/1208
f 1187/1281/1208 1188/1314/1239 1189/1315/1240
f 1225/1316/1241 1191/1283/1210 1190/1282/1209
f 1190/1282/1209 1189/1315/1240 1225/1316/1241
f 1224/1317/1242 1157/1284/1211 1191/1283/1210
f 1191/1283/1210 1225/1316/1241 1224/1317/1242
f 1157/1284/1211 1224/1317/1242 1381/1318/64
f 1227/1319/1243 1192/1286/1212 1569/1320/3
f 1226/1321/1244 1193/1288/1213 1192/1286/1212
f 1192/1286/1212 1227/1319/1243 1226/1321/1244
f 1196/1322/1245 1195/1289/1214 1193/1288/1213
f 1193/1288/1213 1226/1321/1244 1196/1322/1245
f 1194/1323/1246 1162/1290/1215 1195/1289/1214
f 1195/1289/1214 1196/1322/1245 1194/1323/1246
f 1197/1324/1247 1199/1291/1216 1162/1290/1215
f 1162/1290/1215 1194/1323/1246 1197/1324/1247
f 1198/1325/1248 1166/1292/1217 1199/1291/1216
f 1199/1291/1216 1197/1324/1247 1198/1325/1248
f 1200/1326/1249 1201/1293/1218 1166/1292/1217
f 1166/1292/1217 1198/1325/1248 1200/1326/1249
f 1234/1327/1250 1167/1294/1219 1201/1293/1218
f 1201/1293/1218 1200/1326/1249 1234/1327/1250
f 1233/1328/1251 1202/1295/1220 1167/1294/1219
f 1167/1294/1219 1234/1327/1250 1233/1328/1251
f 1235/1329/1252 1203/1296/1221 1202/1295/1220
f 1202/1295/1220 1233/1328/1251 1235/1329/1252
f 1236/1330/1253 1204/1297/1222 1203/1296/1221
f 1203/1296/1221 1235/1329/1252 1236/1330/1253
f 1206/1331/1254 1205/1298/1223 1204/1297/1222
f 1204/1297/1222 1236/1330/1253 1206/1331/1254
f 1208/1332/1255 1207/1299/1224 1205/1298/1223
f 1205/1298/1223 1206/1331/1254 1208/1332/1255
f 1209/1333/1256 1171/1300/1225 1207/1299/1224
f 1207/1299/1224 1208/1332/1255 1209/1333/1256
f 1240/1334/1257 1172/1301/1226 1171/1300/1225
f 1171/1300/1225 1209/1333/1256 1240/1334/1257
f 1239/1335/1258 1210/1302/1227 1172/1301/1226
f 1172/1301/1226 1240/1334/1257 1239/1335/1258
f 1243/1336/1259 1174/1303/1228 1210/1302/1227
f 1210/1302/1227 1239/1335/1258 1243/1336/1259
f 1242/1337/1260 1211/1304/1229 1174/1303/1228
f 1174/1303/1228 1243/1336/1259 1242/1337/1260
f 1244/1338/1261 1176/1305/1230 1211/1304/1229
f 1211/1304/1229 1242/1337/1260 1244/1338/1261
f 1213/1339/1262 1212/1306/1231 1176/1305/1230
f 1176/1305/1230 1244/1338/1261 1213/1339/1262
f 1245/1340/1263 1178/1307/1232 1212/1306/1231
f 1212/1306/1231 1213/1339/1262 1245/1340/1263
f 1215/1341/1264 1214/1308/1233 1178/1307/1232
f 1178/1307/1232 1245/1340/1263 1215/1341/1264
f 1216/1342/1265 1218/1309/1234 1214/1308/1233
f 1214/1308/1233 1215/1341/1264 1216/1342/1265
f 1248/1343/1266 1217/1310/1235 1218/1309/1234
f 1218/1309/1234 1216/1342/1265 1248/1343/1266
f 1219/1344/1267 1183/1311/1236 1217/1310/1235
f 1217/1310/1235 1248/1343/1266 1219/1344/1267
f 1221/1345/1268 1184/1312/1237 1183/1311/1236
f 1183/1311/1236 1219/1344/1267 1221/1345/1268
f 1220/1346/1269 1185/1313/1238 1184/1312/1237
f 1184/1312/1237 1221/1345/1268 1220/1346/1269
f 1222/1347/1270 1188/1314/1239 1185/1313/1238
f 1185/1313/1238 1220/1346/1269 1222/1347/1270
f 1250/1348/1271 1189/1315/1240 1188/1314/1239
f 1188/1314/1239 1222/1347/1270 1250/1348/1271
f 1223/1349/1272 1225/1316/1241 1189/1315/1240
f 1189/1315/1240 1250/1348/1271 1223/1349/1272
f 1252/1350/1273 1224/1317/1242 1225/1316/1241
f 1225/1316/1241 1223/1349/1272 1252/1350/1273
f 1224/1317/1242 1252/1350/1273 1381/1351/64
f 1254/1352/1274 1227/1319/1243 1569/1353/3
f 1228/1354/1275 1226/1321/1244 1227/1319/1243
f 1227/1319/1243 1254/1352/1274 1228/1354/1275
f 1256/1355/1276 1196/1322/1245 1226/1321/1244
f 1226/1321/1244 1228/1354/1275 1256/1355/1276
f 1258/1356/1277 1194/1323/1246 1196/1322/1245
f 1196/1322/1245 1256/1355/1276 1258/1356/1277
f 1229/1357/1278 1197/1324/1247 1194/1323/1246
f 1194/1323/1246 1258/1356/1277 1229/1357/1278
f 1230/1358/1279 1198/1325/1248 1197/1324/1247
f 1197/1324/1247 1229/1357/1278 1230/1358/1279
f 1231/1359/1280 1200/1326/1249 1198/1325/1248
f 1198/1325/1248 1230/1358/1279 1231/1359/1280
f 1261/1360/1281 1234/1327/1250 1200/1326/1249
f 1200/1326/1249 1231/1359/1280 1261/1360/1281
f 1232/1361/1282 1233/1328/1251 1234/1327/1250
f 1234/1327/1250 1261/1360/1281 1232/1361/1282
f 1263/1362/1283 1235/1329/1252 1233/1328/1251
f 1233/1328/1251 1232/1361/1282 1263/1362/1283
f 1262/1363/1284 1236/1330/1253 1235/1329/1252
f 1235/1329/1252 1263/1362/1283 1262/1363/1284
f 1237/1364/1285 1206/1331/1254 1236/1330/1253
f 1236/1330/1253 1262/1363/1284 1237/1364/1285
f 1267/1365/1286 1208/1332/1255 1206/1331/1254
f 1206/1331/1254 1237/1364/1285 1267/1365/1286
f 1238/1366/1287 1209/1333/1256 1208/1332/1255
f 1208/1332/1255 1267/1365/1286 1238/1366/1287
f 1268/1367/1288 1240/1334/1257 1209/1333/1256
f 1209/1333/1256 1238/1366/1287 1268/1367/1288
f 1241/1368/1289 1239/1335/1258 1240/1334/1257
f 1240/1334/1257 1268/1367/1288 1241/1368/1289
f 1272/1369/1290 1243/1336/1259 1239/1335/1258
f 1239/1335/1258 1241/1368/1289 1272/1369/1290
f 1274/1370/1291 1242/1337/1260 1243/1336/1259
f 1243/1336/1259 1272/1369/1290 1274/1370/1291
f 1273/1371/1292 1244/1338/1261 1242/1337/1260
f 1242/1337/1260 1274/1370/1291 1273/1371/1292
f 1276/1372/1293 1213/1339/1262 1244/1338/1261
f 1244/1338/1261 1273/1371/1292 1276/1372/1293
f 1275/1373/1294 1245/1340/1263 1213/1339/1262
f 1213/1339/1262 1276/1372/1293 1275/1373/1294
f 1246/1374/1295 1215/1341/1264 1245/1340/1263
f 1245/1340/1263 1275/1373/1294 1246/1374/1295
f 1247/1375/1296 1216/1342/1265 1215/1341/1264
f 1215/1341/1264 1246/1374/1295 1247/1375/1296
f 1249/1376/1297 1248/1343/1266 1216/1342/1265
f 1216/1342/1265 1247/1375/1296 1249/1376/1297
f 1281/1377/1298 1219/1344/1267 1248/1343/1266
f 1248/1343/1266 1249/1376/1297 1281/1377/1298
f 1280/1378/1299 1221/1345/1268 1219/1344/1267
f 1219/1344/1267 1281/1377/1298 1280/1378/1299
f 1282/1379/1300 1220/1346/1269 1221/1345/1268
f 1221/1345/1268 1280/1378/1299 1282/1379/1300
f 1284/1380/1301 1222/1347/1270 1220/1346/1269
f 1220/1346/1269 1282/1379/1300 1284/1380/1301
f 1283/1381/1302 1250/1348/1271 1222/1347/1270
f 1222/1347/1270 1284/1380/1301 1283/1381/1302
f 1253/1382/1303 1223/1349/1272 1250/1348/1271
f 1250/1348/1271 1283/1381/1302 1253/1382/1303
f 1251/1383/1304 1252/1350/1273 1223/1349/1272
f 1223/1349/1272 1253/1382/1303 1251/1383/1304
f 1252/1350/1273 1251/1383/1304 1381/1384/64
f 1286/1385/1305 1254/1352/1274 1569/1386/3
f 1287/1387/1306 1228/1354/1275 1254/1352/1274
f 1254/1352/1274 1286/1385/1305 1287/1387/1306
f 1255/1388/1307 1256/1355/1276 1228/1354/1275
f 1228/1354/1275 1287/1387/1306 1255/1388/1307
f 1288/1389/1308 1258/1356/1277 1256/1355/1276
f 1256/1355/1276 1255/1388/1307 1288/1389/1308
f 1257/1390/1309 1229/1357/1278 1258/1356/1277
f 1258/1356/1277 1288/1389/1308 1257/1390/1309
f 1259/1391/1310 1230/1358/1279 1229/1357/1278
f 1229/1357/1278 1257/1390/1309 1259/1391/1310
f 1292/1392/1311 1231/1359/1280 1230/1358/1279
f 1230/1358/1279 1259/1391/1310 1292/1392/1311
f 1260/1393/1312 1261/1360/1281 1231/1359/1280
f 1231/1359/1280 1292/1392/1311 1260/1393/1312
f 1293/1394/1313 1232/1361/1282 1261/1360/1281
f 1261/1360/1281 1260/1393/1312 1293/1394/1313
f 1264/1395/1314 1263/1362/1283 1232/1361/1282
f 1232/1361/1282 1293/1394/1313 1264/1395/1314
f 1265/1396/1315 1262/1363/1284 1263/1362/1283
f 1263/1362/1283 1264/1395/1314 1265/1396/1315
f 1297/1397/1316 1237/1364/1285 1262/1363/1284
f 1262/1363/1284 1265/1396/1315 1297/1397/1316
f 1266/1398/1317 1267/1365/1286 1237/1364/1285
f 1237/1364/1285 1297/1397/1316 1266/1398/1317
f 1269/1399/1318 1238/1366/1287 1267/1365/1286
f 1267/1365/1286 1266/1398/1317 1269/1399/1318
f 1270/1400/1319 1268/1367/1288 1238/1366/1287
f 1238/1366/1287 1269/1399/1318 1270/1400/1319
f 1271/1401/1320 1241/1368/1289 1268/1367/1288
f 1268/1367/1288 1270/1400/1319 1271/1401/1320
f 1300/1402/1321 1272/1369/1290 1241/1368/1289
f 1241/1368/1289 1271/1401/1320 1300/1402/1321
f 1304/1403/1322 1274/1370/1291 1272/1369/1290
f 1272/1369/1290 1300/1402/1321 1304/1403/1322
f 1303/1404/1323 1273/1371/1292 1274/1370/1291
f 1274/1370/1291 1304/1403/1322 1303/1404/1323
f 1305/1405/1324 1276/1372/1293 1273/1371/1292
f 1273/1371/1292 1303/1404/1323 1305/1405/1324
f 1277/1406/1325 1275/1373/1294 1276/1372/1293
f 1276/1372/1293 1305/1405/1324 1277/1406/1325
f 1278/1407/1326 1246/1374/1295 1275/1373/1294
f 1275/1373/1294 1277/1406/1325 1278/1407/1326
f 1307/1408/1327 1247/1375/1296 1246/1374/1295
f 1246/1374/1295 1278/1407/1326 1307/1408/1327
f 1279/1409/1328 1249/1376/1297 1247/1375/1296
f 1247/1375/1296 1307/1408/1327 1279/1409/1328
f 1309/1410/1329 1281/1377/1298 1249/1376/1297
f 1249/1376/1297 1279/1409/1328 1309/1410/1329
f 1312/1411/1330 1280/1378/1299 1281/1377/1298
f 1281/1377/1298 1309/1410/1329 1312/1411/1330
f 1314/1412/1331 1282/1379/1300 1280/1378/1299
f 1280/1378/1299 1312/1411/1330 1314/1412/1331
f 1315/1413/1332 1284/1380/1301 1282/1379/1300
f 1282/1379/1300 1314/1412/1331 1315/1413/1332
f 1316/1414/1333 1283/1381/1302 1284/1380/1301
f 1284/1380/1301 1315/1413/1332 1316/1414/1333
f 1318/1415/1334 1253/1382/1303 1283/1381/1302
f 1283/1381/1302 1316/1414/1333 1318/1415/1334
f 1285/1416/1335 1251/1383/1304 1253/1382/1303
f 1253/1382/1303 1318/1415/1334 1285/1416/1335
f 1251/1383/1304 1285/1416/1335 1381/1417/64
f 1321/1418/1336 1286/1385/1305 1569/1419/3
f 1323/1420/1337 1287/1387/1306 1286/1385/1305
f 1286/1385/1305 1321/1418/1336 1323/1420/1337
f 1324/1421/1338 1255/1388/1307 1287/1387/1306
f 1287/1387/1306 1323/1420/1337 1324/1421/1338
f 1325/1422/1339 1288/1389/1308 1255/1388/1307
f 1255/1388/1307 1324/1421/1338 1325/1422/1339
f 1289/1423/1340 1257/1390/1309 1288/1389/1308
f 1288/1389/1308 1325/1422/1339 1289/1423/1340
f 1290/1424/1341 1259/1391/1310 1257/1390/1309
f 1257/1390/1309 1289/1423/1340 1290/1424/1341
f 1291/1425/1342 1292/1392/1311 1259/1391/1310
f 1259/1391/1310 1290/1424/1341 1291/1425/1342
f 1329/1426/1343 1260/1393/1312 1292/1392/1311
f 1292/1392/1311 1291/1425/1342 1329/1426/1343
f 1330/1427/1344 1293/1394/1313 1260/1393/1312
f 1260/1393/1312 1329/1426/1343 1330/1427/1344
f 1294/1428/1345 1264/1395/1314 1293/1394/1313
f 1293/1394/1313 1330/1427/1344 1294/1428/1345
f 1295/1429/1346 1265/1396/1315 1264/1395/1314
f 1264/1395/1314 1294/1428/1345 1295/1429/1346
f 1296/1430/1347 1297/1397/1316 1265/1396/1315
f 1265/1396/1315 1295/1429/1346 1296/1430/1347
f 1298/1431/1348 1266/1398/1317 1297/1397/1316
f 1297/1397/1316 1296/1430/1347 1298/1431/1348
f 1334/1432/1349 1269/1399/1318 1266/1398/1317
f 1266/1398/1317 1298/1431/1348 1334/1432/1349
f 1335/1433/1350 1270/1400/1319 1269/1399/1318
f 1269/1399/1318 1334/1432/1349 1335/1433/1350
f 1299/1434/1351 1271/1401/1320 1270/1400/1319
f 1270/1400/1319 1335/1433/1350 1299/1434/1351
f 1337/1435/1352 1300/1402/1321 1271/1401/1320
f 1271/1401/1320 1299/1434/1351 1337/1435/1352
f 1301/1436/1353 1304/1403/1322 1300/1402/1321
f 1300/1402/1321 1337/1435/1352 1301/1436/1353
f 1302/1437/1354 1303/1404/1323 1304/1403/1322
f 1304/1403/1322 1301/1436/1353 1302/1437/1354
f 1342/1438/1355 1305/1405/1324 1303/1404/1323
f 1303/1404/1323 1302/1437/1354 1342/1438/1355
f 1341/1439/1356 1277/1406/1325 1305/1405/1324
f 1305/1405/1324 1342/1438/1355 1341/1439/1356
f 1306/1440/1357 1278/1407/1326 1277/1406/1325
f 1277/1406/1325 1341/1439/1356 1306/1440/1357
f 1308/1441/1358 1307/1408/1327 1278/1407/1326
f 1278/1407/1326 1306/1440/1357 1308/1441/1358
f 1345/1442/1359 1279/1409/1328 1307/1408/1327
f 1307/1408/1327 1308/1441/1358 1345/1442/1359
f 1310/1443/1360 1309/1410/1329 1279/1409/1328
f 1279/1409/1328 1345/1442/1359 1310/1443/1360
f 1311/1444/1361 1312/1411/1330 1309/1410/1329
f 1309/1410/1329 1310/1443/1360 1311/1444/1361
f 1313/1445/1362 1314/1412/1331 1312/1411/1330
f 1312/1411/1330 1311/1444/1361 1313/1445/1362
f 1351/1446/1363 1315/1413/1332 1314/1412/1331
f 1314/1412/1331 1313/1445/1362 1351/1446/1363
f 1317/1447/1364 1316/1414/1333 1315/1413/1332
f 1315/1413/1332 1351/1446/1363 1317/1447/1364
f 1319/1448/1365 1318/1415/1334 1316/1414/1333
f 1316/1414/1333 1317/1447/1364 1319/1448/1365
f 1320/1449/1366 1285/1416/1335 1318/1415/1334
f 1318/1415/1334 1319/1448/1365 1320/1449/1366
f 1285/1416/1335 1320/1449/1366 1381/1450/64
f 1355/1451/1367 1321/1418/1336 1569/1452/3
f 1357/1453/1368 1323/1420/1337 1321/1418/1336
f 1321/1418/1336 1355/1451/1367 1357/1453/1368
f 1322/1454/1369 1324/1421/1338 1323/1420/1337
f 1323/1420/1337 1357/1453/1368 1322/1454/1369
f 1359/1455/1370 1325/1422/1339 1324/1421/1338
f 1324/1421/1338 1322/1454/1369 1359/1455/1370
f 1360/1456/1371 1289/1423/1340 1325/1422/1339
f 1325/1422/1339 1359/1455/1370 1360/1456/1371
f 1326/1457/1372 1290/1424/1341 1289/1423/1340
f 1289/1423/1340 1360/1456/1371 1326/1457/1372
f 1362/1458/1373 1291/1425/1342 1290/1424/1341
f 1290/1424/1341 1326/1457/1372 1362/1458/1373
f 1327/1459/1374 1329/1426/1343 1291/1425/1342
f 1291/1425/1342 1362/1458/1373 1327/1459/1374
f 1328/1460/1375 1330/1427/1344 1329/1426/1343
f 1329/1426/1343 1327/1459/1374 1328/1460/1375
f 1365/1461/1376 1294/1428/1345 1330/1427/1344
f 1330/1427/1344 1328/1460/1375 1365/1461/1376
f 1331/1462/1377 1295/1429/1346 1294/1428/1345
f 1294/1428/1345 1365/1461/1376 1331/1462/1377
f 1332/1463/1378 1296/1430/1347 1295/1429/1346
f 1295/1429/1346 1331/1462/1377 1332/1463/1378
f 1368/1464/1379 1298/1431/1348 1296/1430/1347
f 1296/1430/1347 1332/1463/1378 1368/1464/1379
f 1333/1465/1380 1334/1432/1349 1298/1431/1348
f 1298/1431/1348 1368/1464/1379 1333/1465/1380
f 1372/1466/1381 1335/1433/1350 1334/1432/1349
f 1334/1432/1349 1333/1465/1380 1372/1466/1381
f 1336/1467/1382 1299/1434/1351 1335/1433/1350
f 1335/1433/1350 1372/1466/1381 1336/1467/1382
f 1338/1468/1383 1337/1435/1352 1299/1434/1351
f 1299/1434/1351 1336/1467/1382 1338/1468/1383
f 1373/1469/1384 1301/1436/1353 1337/1435/1352
f 1337/1435/1352 1338/1468/1383 1373/1469/1384
f 1339/1470/1385 1302/1437/1354 1301/1436/1353
f 1301/1436/1353 1373/1469/1384 1339/1470/1385
f 1340/1471/1386 1342/1438/1355 1302/1437/1354
f 1302/1437/1354 1339/1470/1385 1340/1471/1386
f 1343/1472/1387 1341/1439/1356 1342/1438/1355
f 1342/1438/1355 1340/1471/1386 1343/1472/1387
f 1344/1473/1388 1306/1440/1357 1341/1439/1356
f 1341/1439/1356 1343/1472/1387 1344/1473/1388
f 1346/1474/1389 1308/1441/1358 1306/1440/1357
f 1306/1440/1357 1344/1473/1388 1346/1474/1389
f 1347/1475/1390 1345/1442/1359 1308/1441/1358
f 1308/1441/1358 1346/1474/1389 1347/1475/1390
f 1378/1476/1391 1310/1443/1360 1345/1442/1359
f 1345/1442/1359 1347/1475/1390 1378/1476/1391
f 1348/1477/1392 1311/1444/1361 1310/1443/1360
f 1310/1443/1360 1378/1476/1391 1348/1477/1392
f 1349/1478/1393 1313/1445/1362 1311/1444/1361
f 1311/1444/1361 1348/1477/1392 1349/1478/1393
f 1350/1479/1394 1351/1446/1363 1313/1445/1362
f 1313/1445/1362 1349/1478/1393 1350/1479/1394
f 1352/1480/1395 1317/1447/1364 1351/1446/1363
f 1351/1446/1363 1350/1479/1394 1352/1480/1395
f 1380/1481/1396 1319/1448/1365 1317/1447/1364
f 1317/1447/1364 1352/1480/1395 1380/1481/1396
f 1353/1482/1397 1320/1449/1366 1319/1448/1365
f 1319/1448/1365 1380/1481/1396 1353/1482/1397
f 1320/1449/1366 1353/1482/1397 1381/1483/64
f 1382/1484/1398 1355/1451/1367 1569/1485/3
f 1354/1486/1399 1357/1453/1368 1355/1451/1367
f 1355/1451/1367 1382/1484/1398 1354/1486/1399
f 1356/1487/1400 1322/1454/1369 1357/1453/1368
f 1357/1453/1368 1354/1486/1399 1356/1487/1400
f 1358/1488/1401 1359/1455/1370 1322/1454/1369
f 1322/1454/1369 1356/1487/1400 1358/1488/1401
f 1386/1489/1402 1360/1456/1371 1359/1455/1370
f 1359/1455/1370 1358/1488/1401 1386/1489/1402
f 1389/1490/1403 1326/1457/1372 1360/1456/1371
f 1360/1456/1371 1386/1489/1402 1389/1490/1403
f 1361/1491/1404 1362/1458/1373 1326/1457/1372
f 1326/1457/1372 1389/1490/1403 1361/1491/1404
f 1364/1492/1405 1327/1459/1374 1362/1458/1373
f 1362/1458/1373 1361/1491/1404 1364/1492/1405
f 1363/1493/1406 1328/1460/1375 1327/1459/1374
f 1327/1459/1374 1364/1492/1405 1363/1493/1406
f 1366/1494/1407 1365/1461/1376 1328/1460/1375
f 1328/1460/1375 1363/1493/1406 1366/1494/1407
f 1392/1495/1408 1331/1462/1377 1365/1461/1376
f 1365/1461/1376 1366/1494/1407 1392/1495/1408
f 1367/1496/1409 1332/1463/1378 1331/1462/1377
f 1331/1462/1377 1392/1495/1408 1367/1496/1409
f 1369/1497/1410 1368/1464/1379 1332/1463/1378
f 1332/1463/1378 1367/1496/1409 1369/1497/1410
f 1370/1498/1411 1333/1465/1380 1368/1464/1379
f 1368/1464/1379 1369/1497/1410 1370/1498/1411
f 1396/1499/1412 1372/1466/1381 1333/1465/1380
f 1333/1465/1380 1370/1498/1411 1396/1499/1412
f 1371/1500/1413 1336/1467/1382 1372/1466/1381
f 1372/1466/1381 1396/1499/1412 1371/1500/1413
f 1398/1501/1414 1338/1468/1383 1336/1467/1382
f 1336/1467/1382 1371/1500/1413 1398/1501/1414
f 1401/1502/1415 1373/1469/1384 1338/1468/1383
f 1338/1468/1383 1398/1501/1414 1401/1502/1415
f 1374/1503/1416 1339/1470/1385 1373/1469/1384
f 1373/1469/1384 1401/1502/1415 1374/1503/1416
f 1403/1504/1417 1340/1471/1386 1339/1470/1385
f 1339/1470/1385 1374/1503/1416 1403/1504/1417
f 1375/1505/1418 1343/1472/1387 1340/1471/1386
f 1340/1471/1386 1403/1504/1417 1375/1505/1418
f 1405/1506/1419 1344/1473/1388 1343/1472/1387
f 1343/1472/1387 1375/1505/1418 1405/1506/1419
f 1376/1507/1420 1346/1474/1389 1344/1473/1388
f 1344/1473/1388 1405/1506/1419 1376/1507/1420
f 1377/1508/1421 1347/1475/1390 1346/1474/1389
f 1346/1474/1389 1376/1507/1420 1377/1508/1421
f 1409/1509/1422 1378/1476/1391 1347/1475/1390
f 1347/1475/1390 1377/1508/1421 1409/1509/1422
f 1410/1510/1423 1348/1477/1392 1378/1476/1391
f 1378/1476/1391 1409/1509/1422 1410/1510/1423
f 1413/1511/1424 1349/1478/1393 1348/1477/1392
f 1348/1477/1392 1410/1510/1423 1413/1511/1424
f 1412/1512/1425 1350/1479/1394 1349/1478/1393
f 1349/1478/1393 1413/1511/1424 1412/1512/1425
f 1415/1513/1426 1352/1480/1395 1350/1479/1394
f 1350/1479/1394 1412/1512/1425 1415/1513/1426
f 1379/1514/1427 1380/1481/1396 1352/1480/1395
f 1352/1480/1395 1415/1513/1426 1379/1514/1427
f 1417/1515/1428 1353/1482/1397 1380/1481/1396
f 1380/1481/1396 1379/1514/1427 1417/1515/1428
f 1353/1482/1397 1417/1515/1428 1381/1516/64
f 1418/1517/1429 1382/1484/1398 1569/1518/3
f 1383/1519/1430 1354/1486/1399 1382/1484/1398
f 1382/1484/1398 1418/1517/1429 1383/1519/1430
f 1384/1520/1431 1356/1487/1400 1354/1486/1399
f 1354/1486/1399 1383/1519/1430 1384/1520/1431
f 1385/1521/1432 1358/1488/1401 1356/1487/1400
f 1356/1487/1400 1384/1520/1431 1385/1521/1432
f 1387/1522/1433 1386/1489/1402 1358/1488/1401
f 1358/1488/1401 1385/1521/1432 1387/1522/1433
f 1388/1523/1434 1389/1490/1403 1386/1489/1402
f 1386/1489/1402 1387/1522/1433 1388/1523/1434
f 1421/1524/1435 1361/1491/1404 1389/1490/1403
f 1389/1490/1403 1388/1523/1434 1421/1524/1435
f 1390/1525/1436 1364/1492/1405 1361/1491/1404
f 1361/1491/1404 1421/1524/1435 1390/1525/1436
f 1423/1526/1437 1363/1493/1406 1364/1492/1405
f 1364/1492/1405 1390/1525/1436 1423/1526/1437
f 1427/1527/1438 1366/1494/1407 1363/1493/1406
f 1363/1493/1406 1423/1526/1437 1427/1527/1438
f 1393/1528/1439 1392/1495/1408 1366/1494/1407
f 1366/1494/1407 1427/1527/1438 1393/1528/1439
f 1391/1529/1440 1367/1496/1409 1392/1495/1408
f 1392/1495/1408 1393/1528/1439 1391/1529/1440
f 1395/1530/1441 1369/1497/1410 1367/1496/1409
f 1367/1496/1409 1391/1529/1440 1395/1530/1441
f 1394/1531/1442 1370/1498/1411 1369/1497/1410
f 1369/1497/1410 1395/1530/1441 1394/1531/1442
f 1430/1532/1443 1396/1499/1412 1370/1498/1411
f 1370/1498/1411 1394/1531/1442 1430/1532/1443
f 1397/1533/1444 1371/1500/1413 1396/1499/1412
f 1396/1499/1412 1430/1532/1443 1397/1533/1444
f 1433/1534/1445 1398/1501/1414 1371/1500/1413
f 1371/1500/1413 1397/1533/1444 1433/1534/1445
f 1399/1535/1446 1401/1502/1415 1398/1501/1414
f 1398/1501/1414 1433/1534/1445 1399/1535/1446
f 1400/1536/1447 1374/1503/1416 1401/1502/1415
f 1401/1502/1415 1399/1535/1446 1400/1536/1447
f 1402/1537/1448 1403/1504/1417 1374/1503/1416
f 1374/1503/1416 1400/1536/1447 1402/1537/1448
f 1404/1538/1449 1375/1505/1418 1403/1504/1417
f 1403/1504/1417 1402/1537/1448 1404/1538/1449
f 1406/1539/1450 1405/1506/1419 1375/1505/1418
f 1375/1505/1418 1404/1538/1449 1406/1539/1450
f 1435/1540/1451 1376/1507/1420 1405/1506/1419
f 1405/1506/1419 1406/1539/1450 1435/1540/1451
f 1407/1541/1452 1377/1508/1421 1376/1507/1420
f 1376/1507/1420 1435/1540/1451 1407/1541/1452
f 1408/1542/1453 1409/1509/1422 1377/1508/1421
f 1377/1508/1421 1407/1541/1452 1408/1542/1453
f 1411/1543/1454 1410/1510/1423 1409/1509/1422
f 1409/1509/1422 1408/1542/1453 1411/1543/1454
f 1438/1544/1455 1413/1511/1424 1410/1510/1423
f 1410/1510/1423 1411/1543/1454 1438/1544/1455
f 1414/1545/1456 1412/1512/1425 1413/1511/1424
f 1413/1511/1424 1438/1544/1455 1414/1545/1456
f 1439/1546/1457 1415/1513/1426 1412/1512/1425
f 1412/1512/1425 1414/1545/1456 1439/1546/1457
f 1442/1547/1458 1379/1514/1427 1415/1513/1426
f 1415/1513/1426 1439/1546/1457 1442/1547/1458
f 1416/1548/1459 1417/1515/1428 1379/1514/1427
f 1379/1514/1427 1442/1547/1458 1416/1548/1459
f 1417/1515/1428 1416/1548/1459 1381/1549/64
f 1419/1550/1460 1418/1517/1429 1569/1551/3
f 1444/1552/1461 1383/1519/1430 1418/1517/1429
f 1418/1517/1429 1419/1550/1460 1444/1552/1461
f 1420/1553/1462 1384/1520/1431 1383/1519/1430
f 1383/1519/1430 1444/1552/1461 1420/1553/1462
f 1449/1554/1463 1385/1521/1432 1384/1520/1431
f 1384/1520/1431 1420/1553/1462 1449/1554/1463
f 1448/1555/1464 1387/1522/1433 1385/1521/1432
f 1385/1521/1432 1449/1554/1463 1448/1555/1464
f 1422/1556/1465 1388/1523/1434 1387/1522/1433
f 1387/1522/1433 1448/1555/1464 1422/1556/1465
f 1452/1557/1466 1421/1524/1435 1388/1523/1434
f 1388/1523/1434 1422/1556/1465 1452/1557/1466
f 1424/1558/1467 1390/1525/1436 1421/1524/1435
f 1421/1524/1435 1452/1557/1466 1424/1558/1467
f 1425/1559/1468 1423/1526/1437 1390/1525/1436
f 1390/1525/1436 1424/1558/1467 1425/1559/1468
f 1426/1560/1469 1427/1527/1438 1423/1526/1437
f 1423/1526/1437 1425/1559/1468 1426/1560/1469
f 1456/1561/1470 1393/1528/1439 1427/1527/1438
f 1427/1527/1438 1426/1560/1469 1456/1561/1470
f 1428/1562/1471 1391/1529/1440 1393/1528/1439
f 1393/1528/1439 1456/1561/1470 1428/1562/1471
f 1429/1563/1472 1395/1530/1441 1391/1529/1440
f 1391/1529/1440 1428/1562/1471 1429/1563/1472
f 1459/1564/1473 1394/1531/1442 1395/1530/1441
f 1395/1530/1441 1429/1563/1472 1459/1564/1473
f 1431/1565/1474 1430/1532/1443 1394/1531/1442
f 1394/1531/1442 1459/1564/1473 1431/1565/1474
f 1432/1566/1475 1397/1533/1444 1430/1532/1443
f 1430/1532/1443 1431/1565/1474 1432/1566/1475
f 1463/1567/1476 1433/1534/1445 1397/1533/1444
f 1397/1533/1444 1432/1566/1475 1463/1567/1476
f 1465/1568/1477 1399/1535/1446 1433/1534/1445
f 1433/1534/1445 1463/1567/1476 1465/1568/1477
f 1466/1569/1478 1400/1536/1447 1399/1535/1446
f 1399/1535/1446 1465/1568/1477 1466/1569/1478
f 1434/1570/1479 1402/1537/1448 1400/1536/1447
f 1400/1536/1447 1466/1569/1478 1434/1570/1479
f 1469/1571/1480 1404/1538/1449 1402/1537/1448
f 1402/1537/1448 1434/1570/1479 1469/1571/1480
f 1436/1572/1481 1406/1539/1450 1404/1538/1449
f 1404/1538/1449 1469/1571/1480 1436/1572/1481
f 1471/1573/1482 1435/1540/1451 1406/1539/1450
f 1406/1539/1450 1436/1572/1481 1471/1573/1482
f 1437/1574/1483 1407/1541/1452 1435/1540/1451
f 1435/1540/1451 1471/1573/1482 1437/1574/1483
f 1472/1575/1484 1408/1542/1453 1407/1541/1452
f 1407/1541/1452 1437/1574/1483 1472/1575/1484
f 1473/1576/1485 1411/1543/1454 1408/1542/1453
f 1408/1542/1453 1472/1575/1484 1473/1576/1485
f 1476/1577/1486 1438/1544/1455 1411/1543/1454
f 1411/1543/1454 1473/1576/1485 1476/1577/1486
f 1440/1578/1487 1414/1545/1456 1438/1544/1455
f 1438/1544/1455 1476/1577/1486 1440/1578/1487
f 1441/1579/1488 1439/1546/1457 1414/1545/1456
f 1414/1545/1456 1440/1578/1487 1441/1579/1488
f 1480/1580/1489 1442/1547/1458 1439/1546/1457
f 1439/1546/1457 1441/1579/1488 1480/1580/1489
f 1481/1581/1490 1416/1548/1459 1442/1547/1458
f 1442/1547/1458 1480/1580/1489 1481/1581/1490
f 1416/1548/1459 1481/1581/1490 1381/1582/64
f 1443/1583/1491 1419/1550/1460 1569/1584/3
f 1445/1585/1492 1444/1552/1461 1419/1550/1460
f 1419/1550/1460 1443/1583/1491 1445/1585/1492
f 1447/1586/1493 1420/1553/1462 1444/1552/1461
f 1444/1552/1461 1445/1585/1492 1447/1586/1493
f 1446/1587/1494 1449/1554/1463 1420/1553/1462
f 1420/1553/1462 1447/1586/1493 1446/1587/1494
f 1485/1588/1495 1448/1555/1464 1449/1554/1463
f 1449/1554/1463 1446/1587/1494 1485/1588/1495
f 1450/1589/1496 1422/1556/1465 1448/1555/1464
f 1448/1555/1464 1485/1588/1495 1450/1589/1496
f 1451/1590/1497 1452/1557/1466 1422/1556/1465
f 1422/1556/1465 1450/1589/1496 1451/1590/1497
f 1453/1591/1498 1424/1558/1467 1452/1557/1466
f 1452/1557/1466 1451/1590/1497 1453/1591/1498
f 1455/1592/1499 1425/1559/1468 1424/1558/1467
f 1424/1558/1467 1453/1591/1498 1455/1592/1499
f 1454/1593/1500 1426/1560/1469 1425/1559/1468
f 1425/1559/1468 1455/1592/1499 1454/1593/1500
f 1457/1594/1501 1456/1561/1470 1426/1560/1469
f 1426/1560/1469 1454/1593/1500 1457/1594/1501
f 1458/1595/1502 1428/1562/1471 1456/1561/1470
f 1456/1561/1470 1457/1594/1501 1458/1595/1502
f 1460/1596/1503 1429/1563/1472 1428/1562/1471
f 1428/1562/1471 1458/1595/1502 1460/1596/1503
f 1461/1597/1504 1459/1564/1473 1429/1563/1472
f 1429/1563/1472 1460/1596/1503 1461/1597/1504
f 1491/1598/1505 1431/1565/1474 1459/1564/1473
f 1459/1564/1473 1461/1597/1504 1491/1598/1505
f 1493/1599/1506 1432/1566/1475 1431/1565/1474
f 1431/1565/1474 1491/1598/1505 1493/1599/1506
f 1462/1600/1507 1463/1567/1476 1432/1566/1475
f 1432/1566/1475 1493/1599/1506 1462/1600/1507
f 1494/1601/1508 1465/1568/1477 1463/1567/1476
f 1463/1567/1476 1462/1600/1507 1494/1601/1508
f 1464/1602/1509 1466/1569/1478 1465/1568/1477
f 1465/1568/1477 1494/1601/1508 1464/1602/1509
f 1468/1603/1510 1434/1570/1479 1466/1569/1478
f 1466/1569/1478 1464/1602/1509 1468/1603/1510
f 1467/1604/1511 1469/1571/1480 1434/1570/1479
f 1434/1570/1479 1468/1603/1510 1467/1604/1511
f 1496/1605/1512 1436/1572/1481 1469/1571/1480
f 1469/1571/1480 1467/1604/1511 1496/1605/1512
f 1470/1606/1513 1471/1573/1482 1436/1572/1481
f 1436/1572/1481 1496/1605/1512 1470/1606/1513
f 1499/1607/1514 1437/1574/1483 1471/1573/1482
f 1471/1573/1482 1470/1606/1513 1499/1607/1514
f 1498/1608/1515 1472/1575/1484 1437/1574/1483
f 1437/1574/1483 1499/1607/1514 1498/1608/1515
f 1474/1609/1516 1473/1576/1485 1472/1575/1484
f 1472/1575/1484 1498/1608/1515 1474/1609/1516
f 1477/1610/1517 1476/1577/1486 1473/1576/1485
f 1473/1576/1485 1474/1609/1516 1477/1610/1517
f 1475/1611/1518 1440/1578/1487 1476/1577/1486
f 1476/1577/1486 1477/1610/1517 1475/1611/1518
f 1479/1612/1519 1441/1579/1488 1440/1578/1487
f 1440/1578/1487 1475/1611/1518 1479/1612/1519
f 1478/1613/1520 1480/1580/1489 1441/1579/1488
f 1441/1579/1488 1479/1612/1519 1478/1613/1520
f 1502/1614/1521 1481/1581/1490 1480/1580/1489
f 1480/1580/1489 1478/1613/1520 1502/1614/1521
f 1481/1581/1490 1502/1614/1521 1381/1615/64
f 1482/1616/1522 1443/1583/1491 1569/1617/3
f 1483/1618/1523 1445/1585/1492 1443/1583/1491
f 1443/1583/1491 1482/1616/1522 1483/1618/1523
f 1504/1619/1524 1447/1586/1493 1445/1585/1492
f 1445/1585/1492 1483/1618/1523 1504/1619/1524
f 1484/1620/1525 1446/1587/1494 1447/1586/1493
f 1447/1586/1493 1504/1619/1524 1484/1620/1525
f 1508/1621/1526 1485/1588/1495 1446/1587/1494
f 1446/1587/1494 1484/1620/1525 1508/1621/1526
f 1507/1622/1527 1450/1589/1496 1485/1588/1495
f 1485/1588/1495 1508/1621/1526 1507/1622/1527
f 1511/1623/1528 1451/1590/1497 1450/1589/1496
f 1450/1589/1496 1507/1622/1527 1511/1623/1528
f 1510/1624/1529 1453/1591/1498 1451/1590/1497
f 1451/1590/1497 1511/1623/1528 1510/1624/1529
f 1486/1625/1530 1455/1592/1499 1453/1591/1498
f 1453/1591/1498 1510/1624/1529 1486/1625/1530
f 1487/1626/1531 1454/1593/1500 1455/1592/1499
f 1455/1592/1499 1486/1625/1530 1487/1626/1531
f 1512/1627/1532 1457/1594/1501 1454/1593/1500
f 1454/1593/1500 1487/1626/1531 1512/1627/1532
f 1515/1628/1533 1458/1595/1502 1457/1594/1501
f 1457/1594/1501 1512/1627/1532 1515/1628/1533
f 1488/1629/1534 1460/1596/1503 1458/1595/1502
f 1458/1595/1502 1515/1628/1533 1488/1629/1534
f 1518/1630/1535 1461/1597/1504 1460/1596/1503
f 1460/1596/1503 1488/1629/1534 1518/1630/1535
f 1489/1631/1536 1491/1598/1505 1461/1597/1504
f 1461/1597/1504 1518/1630/1535 1489/1631/1536
f 1490/1632/1537 1493/1599/1506 1491/1598/1505
f 1491/1598/1505 1489/1631/1536 1490/1632/1537
f 1492/1633/1538 1462/1600/1507 1493/1599/1506
f 1493/1599/1506 1490/1632/1537 1492/1633/1538
f 1522/1634/1539 1494/1601/1508 1462/1600/1507
f 1462/1600/1507 1492/1633/1538 1522/1634/1539
f 1495/1635/1540 1464/1602/1509 1494/1601/1508
f 1494/1601/1508 1522/1634/1539 1495/1635/1540
f 1524/1636/1541 1468/1603/1510 1464/1602/1509
f 1464/1602/1509 1495/1635/1540 1524/1636/1541
f 1527/1637/1542 1467/1604/1511 1468/1603/1510
f 1468/1603/1510 1524/1636/1541 1527/1637/1542
f 1530/1638/1543 1496/1605/1512 1467/1604/1511
f 1467/1604/1511 1527/1637/1542 1530/1638/1543
f 1529/1639/1544 1470/1606/1513 1496/1605/1512
f 1496/1605/1512 1530/1638/1543 1529/1639/1544
f 1497/1640/1545 1499/1607/1514 1470/1606/1513
f 1470/1606/1513 1529/1639/1544 1497/1640/1545
f 1532/1641/1546 1498/1608/1515 1499/1607/1514
f 1499/1607/1514 1497/1640/1545 1532/1641/1546
f 1500/1642/1547 1474/1609/1516 1498/1608/1515
f 1498/1608/1515 1532/1641/1546 1500/1642/1547
f 1536/1643/1548 1477/1610/1517 1474/1609/1516
f 1474/1609/1516 1500/1642/1547 1536/1643/1548
f 1501/1644/1549 1475/1611/1518 1477/1610/1517
f 1477/1610/1517 1536/1643/1548 1501/1644/1549
f 1538/1645/1550 1479/1612/1519 1475/1611/1518
f 1475/1611/1518 1501/1644/1549 1538/1645/1550
f 1540/1646/1551 1478/1613/1520 1479/1612/1519
f 1479/1612/1519 1538/1645/1550 1540/1646/1551
f 1541/1647/1552 1502/1614/1521 1478/1613/1520
f 1478/1613/1520 1540/1646/1551 1541/1647/1552
f 1502/1614/1521 1541/1647/1552 1381/1648/64
f 1542/1649/1553 1482/1616/1522 1569/1650/3
f 1503/1651/1554 1483/1618/1523 1482/1616/1522
f 1482/1616/1522 1542/1649/1553 1503/1651/1554
f 1505/1652/1555 1504/1619/1524 1483/1618/1523
f 1483/1618/1523 1503/1651/1554 1505/1652/1555
f 1506/1653/1556 1484/1620/1525 1504/1619/1524
f 1504/1619/1524 1505/1652/1555 1506/1653/1556
f 1545/1654/1557 1508/1621/1526 1484/1620/1525
f 1484/1620/1525 1506/1653/1556 1545/1654/1557
f 1547/1655/1558 1507/1622/1527 1508/1621/1526
f 1508/1621/1526 1545/1654/1557 1547/1655/1558
f 1509/1656/1559 1511/1623/1528 1507/1622/1527
f 1507/1622/1527 1547/1655/1558 1509/1656/1559
f 1549/1657/1560 1510/1624/1529 1511/1623/1528
f 1511/1623/1528 1509/1656/1559 1549/1657/1560
f 1550/1658/1561 1486/1625/1530 1510/1624/1529
f 1510/1624/1529 1549/1657/1560 1550/1658/1561
f 1553/1659/1562 1487/1626/1531 1486/1625/1530
f 1486/1625/1530 1550/1658/1561 1553/1659/1562
f 1513/1660/1563 1512/1627/1532 1487/1626/1531
f 1487/1626/1531 1553/1659/1562 1513/1660/1563
f 1514/1661/1564 1515/1628/1533 1512/1627/1532
f 1512/1627/1532 1513/1660/1563 1514/1661/1564
f 1516/1662/1565 1488/1629/1534 1515/1628/1533
f 1515/1628/1533 1514/1661/1564 1516/1662/1565
f 1519/1663/1566 1518/1630/1535 1488/1629/1534
f 1488/1629/1534 1516/1662/1565 1519/1663/1566
f 1517/1664/1567 1489/1631/1536 1518/1630/1535
f 1518/1630/1535 1519/1663/1566 1517/1664/1567
f 1520/1665/1568 1490/1632/1537 1489/1631/1536
f 1489/1631/1536 1517/1664/1567 1520/1665/1568
f 1521/1666/1569 1492/1633/1538 1490/1632/1537
f 1490/1632/1537 1520/1665/1568 1521/1666/1569
f 1523/1667/1570 1522/1634/1539 1492/1633/1538
f 1492/1633/1538 1521/1666/1569 1523/1667/1570
f 1525/1668/1571 1495/1635/1540 1522/1634/1539
f 1522/1634/1539 1523/1667/1570 1525/1668/1571
f 1526/1669/1572 1524/1636/1541 1495/1635/1540
f 1495/1635/1540 1525/1668/1571 1526/1669/1572
f 1560/1670/1573 1527/1637/1542 1524/1636/1541
f 1524/1636/1541 1526/1669/1572 1560/1670/1573
f 1528/1671/1574 1530/1638/1543 1527/1637/1542
f 1527/1637/1542 1560/1670/1573 1528/1671/1574
f 1531/1672/1575 1529/1639/1544 1530/1638/1543
f 1530/1638/1543 1528/1671/1574 1531/1672/1575
f 1533/1673/1576 1497/1640/1545 1529/1639/1544
f 1529/1639/1544 1531/1672/1575 1533/1673/1576
f 1563/1674/1577 1532/1641/1546 1497/1640/1545
f 1497/1640/1545 1533/1673/1576 1563/1674/1577
f 1534/1675/1578 1500/1642/1547 1532/1641/1546
f 1532/1641/1546 1563/1674/1577 1534/1675/1578
f 1535/1676/1579 1536/1643/1548 1500/1642/1547
f 1500/1642/1547 1534/1675/1578 1535/1676/1579
f 1537/1677/1580 1501/1644/1549 1536/1643/1548
f 1536/1643/1548 1535/1676/1579 1537/1677/1580
f 1564/1678/1581 1538/1645/1550 1501/1644/1549
f 1501/1644/1549 1537/1677/1580 1564/1678/1581
f 1539/1679/1582 1540/1646/1551 1538/1645/1550
f 1538/1645/1550 1564/1678/1581 1539/1679/1582
f 1567/1680/1583 1541/1647/1552 1540/1646/1551
f 1540/1646/1551 1539/1679/1582 1567/1680/1583
f 1541/1647/1552 1567/1680/1583 1381/1681/64
f 1571/1682/1584 1542/1649/1553 1569/1683/3
f 1543/1684/1585 1503/1651/1554 1542/1649/1553
f 1542/1649/1553 1571/1682/1584 1543/1684/1585
f 1544/1685/1586 1505/1652/1555 1503/1651/1554
f 1503/1651/1554 1543/1684/1585 1544/1685/1586
f 1572/1686/1587 1506/1653/1556 1505/1652/1555
f 1505/1652/1555 1544/1685/1586 1572/1686/1587
f 1546/1687/1588 1545/1654/1557 1506/1653/1556
f 1506/1653/1556 1572/1686/1587 1546/1687/1588
f 1575/1688/1589 1547/1655/1558 1545/1654/1557
f 1545/1654/1557 1546/1687/1588 1575/1688/1589
f 1548/1689/1590 1509/1656/1559 1547/1655/1558
f 1547/1655/1558 1575/1688/1589 1548/1689/1590
f 1578/1690/1591 1549/1657/1560 1509/1656/1559
f 1509/1656/1559 1548/1689/1590 1578/1690/1591
f 1551/1691/1592 1550/1658/1561 1549/1657/1560
f 1549/1657/1560 1578/1690/1591 1551/1691/1592
f 1552/1692/1593 1553/1659/1562 1550/1658/1561
f 1550/1658/1561 1551/1691/1592 1552/1692/1593
f 1580/1693/1594 1513/1660/1563 1553/1659/1562
f 1553/1659/1562 1552/1692/1593 1580/1693/1594
f 1554/1694/1595 1514/1661/1564 1513/1660/1563
f 1513/1660/1563 1580/1693/1594 1554/1694/1595
f 1555/1695/1596 1516/1662/1565 1514/1661/1564
f 1514/1661/1564 1554/1694/1595 1555/1695/1596
f 1556/1696/1597 1519/1663/1566 1516/1662/1565
f 1516/1662/1565 1555/1695/1596 1556/1696/1597
f 1557/1697/1598 1517/1664/1567 1519/1663/1566
f 1519/1663/1566 1556/1696/1597 1557/1697/1598
f 1558/1698/1599 1520/1665/1568 1517/1664/1567
f 1517/1664/1567 1557/1697/1598 1558/1698/1599
f 1559/1699/1600 1521/1666/1569 1520/1665/1568
f 1520/1665/1568 1558/1698/1599 1559/1699/1600
f 1584/1700/1601 1523/1667/1570 1521/1666/1569
f 1521/1666/1569 1559/1699/1600 1584/1700/1601
f 1585/1701/1602 1525/1668/1571 1523/1667/1570
f 1523/1667/1570 1584/1700/1601 1585/1701/1602
f 1586/1702/1603 1526/1669/1572 1525/1668/1571
f 1525/1668/1571 1585/1701/1602 1586/1702/1603
f 1588/1703/1604 1560/1670/1573 1526/1669/1572
f 1526/1669/1572 1586/1702/1603 1588/1703/1604
f 1562/1704/1605 1528/1671/1574 1560/1670/1573
f 1560/1670/1573 1588/1703/1604 1562/1704/1605
f 1561/1705/1606 1531/1672/1575 1528/1671/1574
f 1528/1671/1574 1562/1704/1605 1561/1705/1606
f 1590/1706/1607 1533/1673/1576 1531/1672/1575
f 1531/1672/1575 1561/1705/1606 1590/1706/1607
f 1593/1707/1608 1563/1674/1577 1533/1673/1576
f 1533/1673/1576 1590/1706/1607 1593/1707/1608
f 1592/1708/1609 1534/1675/1578 1563/1674/1577
f 1563/1674/1577 1593/1707/1608 1592/1708/1609
f 1596/1709/1610 1535/1676/1579 1534/1675/1578
f 1534/1675/1578 1592/1708/1609 1596/1709/1610
f 1565/1710/1611 1537/1677/1580 1535/1676/1579
f 1535/1676/1579 1596/1709/1610 1565/1710/1611
f 1598/1711/1612 1564/1678/1581 1537/1677/1580
f 1537/1677/1580 1565/1710/1611 1598/1711/1612
f 1566/1712/1613 1539/1679/1582 1564/1678/1581
f 1564/1678/1581 1598/1711/1612 1566/1712/1613
f 1568/1713/1614 1567/1680/1583 1539/1679/1582
f 1539/1679/1582 1566/1712/1613 1568/1713/1614
f 1567/1680/1583 1568/1713/1614 1381/1714/64
f 1601/1715/1615 1571/1682/1584 1569/1716/3
f 1570/1717/1616 1543/1684/1585 1571/1682/1584
f 1571/1682/1584 1601/1715/1615 1570/1717/1616
f 1603/1718/1617 1544/1685/1586 1543/1684/1585
f 1543/1684/1585 1570/1717/1616 1603/1718/1617
f 1573/1719/1618 1572/1686/1587 1544/1685/1586
f 1544/1685/1586 1603/1718/1617 1573/1719/1618
f 1576/1720/1619 1546/1687/1588 1572/1686/1587
f 1572/1686/1587 1573/1719/1618 1576/1720/1619
f 1574/1721/1620 1575/1688/1589 1546/1687/1588
f 1546/1687/1588 1576/1720/1619 1574/1721/1620
f 1605/1722/1621 1548/1689/1590 1575/1688/1589
f 1575/1688/1589 1574/1721/1620 1605/1722/1621
f 1608/1723/1622 1578/1690/1591 1548/1689/1590
f 1548/1689/1590 1605/1722/1621 1608/1723/1622
f 1577/1724/1623 1551/1691/1592 1578/1690/1591
f 1578/1690/1591 1608/1723/1622 1577/1724/1623
f 1579/1725/1624 1552/1692/1593 1551/1691/1592
f 1551/1691/1592 1577/1724/1623 1579/1725/1624
f 1613/1726/1625 1580/1693/1594 1552/1692/1593
f 1552/1692/1593 1579/1725/1624 1613/1726/1625
f 1612/1727/1626 1554/1694/1595 1580/1693/1594
f 1580/1693/1594 1613/1726/1625 1612/1727/1626
f 1581/1728/1627 1555/1695/1596 1554/1694/1595
f 1554/1694/1595 1612/1727/1626 1581/1728/1627
f 1615/1729/1628 1556/1696/1597 1555/1695/1596
f 1555/1695/1596 1581/1728/1627 1615/1729/1628
f 1614/1730/1629 1557/1697/1598 1556/1696/1597
f 1556/1696/1597 1615/1729/1628 1614/1730/1629
f 1582/1731/1630 1558/1698/1599 1557/1697/1598
f 1557/1697/1598 1614/1730/1629 1582/1731/1630
f 1583/1732/1631 1559/1699/1600 1558/1698/1599
f 1558/1698/1599 1582/1731/1630 1583/1732/1631
f 1617/1733/1632 1584/1700/1601 1559/1699/1600
f 1559/1699/1600 1583/1732/1631 1617/1733/1632
f 1620/1734/1633 1585/1701/1602 1584/1700/1601
f 1584/1700/1601 1617/1733/1632 1620/1734/1633
f 1622/1735/1634 1586/1702/1603 1585/1701/1602
f 1585/1701/1602 1620/1734/1633 1622/1735/1634
f 1621/1736/1635 1588/1703/1604 1586/1702/1603
f 1586/1702/1603 1622/1735/1634 1621/1736/1635
f 1587/1737/1636 1562/1704/1605 1588/1703/1604
f 1588/1703/1604 1621/1736/1635 1587/1737/1636
f 1589/1738/1637 1561/1705/1606 1562/1704/1605
f 1562/1704/1605 1587/1737/1636 1589/1738/1637
f 1626/1739/1638 1590/1706/1607 1561/1705/1606
f 1561/1705/1606 1589/1738/1637 1626/1739/1638
f 1591/1740/1639 1593/1707/1608 1590/1706/1607
f 1590/1706/1607 1626/1739/1638 1591/1740/1639
f 1594/1741/1640 1592/1708/1609 1593/1707/1608
f 1593/1707/1608 1591/1740/1639 1594/1741/1640
f 1595/1742/1641 1596/1709/1610 1592/1708/1609
f 1592/1708/1609 1594/1741/1640 1595/1742/1641
f 1597/1743/1642 1565/1710/1611 1596/1709/1610
f 1596/1709/1610 1595/1742/1641 1597/1743/1642
f 1599/1744/1643 1598/1711/1612 1565/1710/1611
f 1565/1710/1611 1597/1743/1642 1599/1744/1643
f 1630/1745/1644 1566/1712/1613 1598/1711/1612
f 1598/1711/1612 1599/1744/1643 1630/1745/1644
f 1600/1746/1645 1568/1713/1614 1566/1712/1613
f 1566/1712/1613 1630/1745/1644 1600/1746/1645
f 1568/1713/1614 1600/1746/1645 1381/1747/64
f 1631/1748/1646 1601/1715/1615 1569/1749/3
f 1633/1750/1647 1570/1717/1616 1601/1715/1615
f 1601/1715/1615 1631/1748/1646 1633/1750/1647
f 1632/1751/1648 1603/1718/1617 1570/1717/1616
f 1570/1717/1616 1633/1750/1647 1632/1751/1648
f 1602/1752/1649 1573/1719/1618 1603/1718/1617
f 1603/1718/1617 1632/1751/1648 1602/1752/1649
f 1604/1753/1650 1576/1720/1619 1573/1719/1618
f 1573/1719/1618 1602/1752/1649 1604/1753/1650
f 1637/1754/1651 1574/1721/1620 1576/1720/1619
f 1576/1720/1619 1604/1753/1650 1637/1754/1651
f 1606/1755/1652 1605/1722/1621 1574/1721/1620
f 1574/1721/1620 1637/1754/1651 1606/1755/1652
f 1607/1756/1653 1608/1723/1622 1605/1722/1621
f 1605/1722/1621 1606/1755/1652 1607/1756/1653
f 1609/1757/1654 1577/1724/1623 1608/1723/1622
f 1608/1723/1622 1607/1756/1653 1609/1757/1654
f 1610/1758/1655 1579/1725/1624 1577/1724/1623
f 1577/1724/1623 1609/1757/1654 1610/1758/1655
f 1611/1759/1656 1613/1726/1625 1579/1725/1624
f 1579/1725/1624 1610/1758/1655 1611/1759/1656
f 1641/1760/1657 1612/1727/1626 1613/1726/1625
f 1613/1726/1625 1611/1759/1656 1641/1760/1657
f 1644/1761/1658 1581/1728/1627 1612/1727/1626
f 1612/1727/1626 1641/1760/1657 1644/1761/1658
f 1643/1762/1659 1615/1729/1628 1581/1728/1627
f 1581/1728/1627 1644/1761/1658 1643/1762/1659
f 1645/1763/1660 1614/1730/1629 1615/1729/1628
f 1615/1729/1628 1643/1762/1659 1645/1763/1660
f 1616/1764/1661 1582/1731/1630 1614/1730/1629
f 1614/1730/1629 1645/1763/1660 1616/1764/1661
f 1646/1765/1662 1583/1732/1631 1582/1731/1630
f 1582/1731/1630 1616/1764/1661 1646/1765/1662
f 1618/1766/1663 1617/1733/1632 1583/1732/1631
f 1583/1732/1631 1646/1765/1662 1618/1766/1663
f 1619/1767/1664 1620/1734/1633 1617/1733/1632
f 1617/1733/1632 1618/1766/1663 1619/1767/1664
f 1623/1768/1665 1622/1735/1634 1620/1734/1633
f 1620/1734/1633 1619/1767/1664 1623/1768/1665
f 1649/1769/1666 1621/1736/1635 1622/1735/1634
f 1622/1735/1634 1623/1768/1665 1649/1769/1666
f 1650/1770/1667 1587/1737/1636 1621/1736/1635
f 1621/1736/1635 1649/1769/1666 1650/1770/1667
f 1651/1771/1668 1589/1738/1637 1587/1737/1636
f 1587/1737/1636 1650/1770/1667 1651/1771/1668
f 1624/1772/1669 1626/1739/1638 1589/1738/1637
f 1589/1738/1637 1651/1771/1668 1624/1772/1669
f 1625/1773/1670 1591/1740/1639 1626/1739/1638
f 1626/1739/1638 1624/1772/1669 1625/1773/1670
f 1627/1774/1671 1594/1741/1640 1591/1740/1639
f 1591/1740/1639 1625/1773/1670 1627/1774/1671
f 1628/1775/1672 1595/1742/1641 1594/1741/1640
f 1594/1741/1640 1627/1774/1671 1628/1775/1672
f 1657/1776/1673 1597/1743/1642 1595/1742/1641
f 1595/1742/1641 1628/1775/1672 1657/1776/1673
f 1656/1777/1674 1599/1744/1643 1597/1743/1642
f 1597/1743/1642 1657/1776/1673 1656/1777/1674
f 1629/1778/1675 1630/1745/1644 1599/1744/1643
f 1599/1744/1643 1656/1777/1674 1629/1778/1675
f 1659/1779/1676 1600/1746/1645 1630/1745/1644
f 1630/1745/1644 1629/1778/1675 1659/1779/1676
f 1600/1746/1645 1659/1779/1676 1381/1780/64
f 1660/1781/1677 1631/1748/1646 1569/1782/3
f 1634/1783/1678 1633/1750/1647 1631/1748/1646
f 1631/1748/1646 1660/1781/1677 1634/1783/1678
f 1663/1784/1679 1632/1751/1648 1633/1750/1647
f 1633/1750/1647 1634/1783/1678 1663/1784/1679
f 1635/1785/1680 1602/1752/1649 1632/1751/1648
f 1632/1751/1648 1663/1784/1679 1635/1785/1680
f 1665/1786/1681 1604/1753/1650 1602/1752/1649
f 1602/1752/1649 1635/1785/1680 1665/1786/1681
f 1636/1787/1682 1637/1754/1651 1604/1753/1650
f 1604/1753/1650 1665/1786/1681 1636/1787/1682
f 1667/1788/1683 1606/1755/1652 1637/1754/1651
f 1637/1754/1651 1636/1787/1682 1667/1788/1683
f 1669/1789/1684 1607/1756/1653 1606/1755/1652
f 1606/1755/1652 1667/1788/1683 1669/1789/1684
f 1638/1790/1685 1609/1757/1654 1607/1756/1653
f 1607/1756/1653 1669/1789/1684 1638/1790/1685
f 1639/1791/1686 1610/1758/1655 1609/1757/1654
f 1609/1757/1654 1638/1790/1685 1639/1791/1686
f 1671/1792/1687 1611/1759/1656 1610/1758/1655
f 1610/1758/1655 1639/1791/1686 1671/1792/1687
f 1640/1793/1688 1641/1760/1657 1611/1759/1656
f 1611/1759/1656 1671/1792/1687 1640/1793/1688
f 1673/1794/1689 1644/1761/1658 1641/1760/1657
f 1641/1760/1657 1640/1793/1688 1673/1794/1689
f 1642/1795/1690 1643/1762/1659 1644/1761/1658
f 1644/1761/1658 1673/1794/1689 1642/1795/1690
f 1675/1796/1691 1645/1763/1660 1643/1762/1659
f 1643/1762/1659 1642/1795/1690 1675/1796/1691
f 1677/1797/1692 1616/1764/1661 1645/1763/1660
f 1645/1763/1660 1675/1796/1691 1677/1797/1692
f 1678/1798/1693 1646/1765/1662 1616/1764/1661
f 1616/1764/1661 1677/1797/1692 1678/1798/1693
f 1647/1799/1694 1618/1766/1663 1646/1765/1662
f 1646/1765/1662 1678/1798/1693 1647/1799/1694
f 1681/1800/1695 1619/1767/1664 1618/1766/1663
f 1618/1766/1663 1647/1799/1694 1681/1800/1695
f 1680/1801/1696 1623/1768/1665 1619/1767/1664
f 1619/1767/1664 1681/1800/1695 1680/1801/1696
f 1648/1802/1697 1649/1769/1666 1623/1768/1665
f 1623/1768/1665 1680/1801/1696 1648/1802/1697
f 1684/1803/1698 1650/1770/1667 1649/1769/1666
f 1649/1769/1666 1648/1802/1697 1684/1803/1698
f 1683/1804/1699 1651/1771/1668 1650/1770/1667
f 1650/1770/1667 1684/1803/1698 1683/1804/1699
f 1652/1805/1700 1624/1772/1669 1651/1771/1668
f 1651/1771/1668 1683/1804/1699 1652/1805/1700
f 1654/1806/1701 1625/1773/1670 1624/1772/1669
f 1624/1772/1669 1652/1805/1700 1654/1806/1701
f 1653/1807/1702 1627/1774/1671 1625/1773/1670
f 1625/1773/1670 1654/1806/1701 1653/1807/1702
f 1655/1808/1703 1628/1775/1672 1627/1774/1671
f 1627/1774/1671 1653/1807/1702 1655/1808/1703
f 1688/1809/1704 1657/1776/1673 1628/1775/1672
f 1628/1775/1672 1655/1808/1703 1688/1809/1704
f 1692/1810/1705 1656/1777/1674 1657/1776/1673
f 1657/1776/1673 1688/1809/1704 1692/1810/1705
f 1691/1811/1706 1629/1778/1675 1656/1777/1674
f 1656/1777/1674 1692/1810/1705 1691/1811/1706
f 1658/1812/1707 1659/1779/1676 1629/1778/1675
f 1629/1778/1675 1691/1811/1706 1658/1812/1707
f 1659/1779/1676 1658/1812/1707 1381/1813/64
f 1661/1814/1708 1660/1781/1677 1569/1815/3
f 1695/1816/1709 1634/1783/1678 1660/1781/1677
f 1660/1781/1677 1661/1814/1708 1695/1816/1709
f 1697/1817/1710 1663/1784/1679 1634/1783/1678
f 1634/1783/1678 1695/1816/1709 1697/1817/1710
f 1662/1818/1711 1635/1785/1680 1663/1784/1679
f 1663/1784/1679 1697/1817/1710 1662/1818/1711
f 1664/1819/1712 1665/1786/1681 1635/1785/1680
f 1635/1785/1680 1662/1818/1711 1664/1819/1712
f 1699/1820/1713 1636/1787/1682 1665/1786/1681
f 1665/1786/1681 1664/1819/1712 1699/1820/1713
f 1700/1821/1714 1667/1788/1683 1636/1787/1682
f 1636/1787/1682 1699/1820/1713 1700/1821/1714
f 1666/1822/1715 1669/1789/1684 1667/1788/1683
f 1667/1788/1683 1700/1821/1714 1666/1822/1715
f 1668/1823/1716 1638/1790/1685 1669/1789/1684
f 1669/1789/1684 1666/1822/1715 1668/1823/1716
f 1670/1824/1717 1639/1791/1686 1638/1790/1685
f 1638/1790/1685 1668/1823/1716 1670/1824/1717
f 1702/1825/1718 1671/1792/1687 1639/1791/1686
f 1639/1791/1686 1670/1824/1717 1702/1825/1718
f 1704/1826/1719 1640/1793/1688 1671/1792/1687
f 1671/1792/1687 1702/1825/1718 1704/1826/1719
f 1672/1827/1720 1673/1794/1689 1640/1793/1688
f 1640/1793/1688 1704/1826/1719 1672/1827/1720
f 1674/1828/1721 1642/1795/1690 1673/1794/1689
f 1673/1794/1689 1672/1827/1720 1674/1828/1721
f 1707/1829/1722 1675/1796/1691 1642/1795/1690
f 1642/1795/1690 1674/1828/1721 1707/1829/1722
f 1706/1830/1723 1677/1797/1692 1675/1796/1691
f 1675/1796/1691 1707/1829/1722 1706/1830/1723
f 1676/1831/1724 1678/1798/1693 1677/1797/1692
f 1677/1797/1692 1706/1830/1723 1676/1831/1724
f 1679/1832/1725 1647/1799/1694 1678/1798/1693
f 1678/1798/1693 1676/1831/1724 1679/1832/1725
f 1709/1833/1726 1681/1800/1695 1647/1799/1694
f 1647/1799/1694 1679/1832/1725 1709/1833/1726
f 1711/1834/1727 1680/1801/1696 1681/1800/1695
f 1681/1800/1695 1709/1833/1726 1711/1834/1727
f 1682/1835/1728 1648/1802/1697 1680/1801/1696
f 1680/1801/1696 1711/1834/1727 1682/1835/1728
f 1712/1836/1729 1684/1803/1698 1648/1802/1697
f 1648/1802/1697 1682/1835/1728 1712/1836/1729
f 1685/1837/1730 1683/1804/1699 1684/1803/1698
f 1684/1803/1698 1712/1836/1729 1685/1837/1730
f 1715/1838/1731 1652/1805/1700 1683/1804/1699
f 1683/1804/1699 1685/1837/1730 1715/1838/1731
f 1686/1839/1732 1654/1806/1701 1652/1805/1700
f 1652/1805/1700 1715/1838/1731 1686/1839/1732
f 1687/1840/1733 1653/1807/1702 1654/1806/1701
f 1654/1806/1701 1686/1839/1732 1687/1840/1733
f 1716/1841/1734 1655/1808/1703 1653/1807/1702
f 1653/1807/1702 1687/1840/1733 1716/1841/1734
f 1690/1842/1735 1688/1809/1704 1655/1808/1703
f 1655/1808/1703 1716/1841/1734 1690/1842/1735
f 1689/1843/1736 1692/1810/1705 1688/1809/1704
f 1688/1809/1704 1690/1842/1735 1689/1843/1736
f 1718/1844/1737 1691/1811/1706 1692/1810/1705
f 1692/1810/1705 1689/1843/1736 1718/1844/1737
f 1693/1845/1738 1658/1812/1707 1691/1811/1706
f 1691/1811/1706 1718/1844/1737 1693/1845/1738
f 1658/1812/1707 1693/1845/1738 1381/1846/64
f 1720/1847/1739 1661/1814/1708 1569/1848/3
f 1694/1849/1740 1695/1816/1709 1661/1814/1708
f 1661/1814/1708 1720/1847/1739 1694/1849/1740
f 1698/1850/1741 1697/1817/1710 1695/1816/1709
f 1695/1816/1709 1694/1849/1740 1698/1850/1741
f 1696/1851/1742 1662/1818/1711 1697/1817/1710
f 1697/1817/1710 1698/1850/1741 1696/1851/1742
f 1724/1852/1743 1664/1819/1712 1662/1818/1711
f 1662/1818/1711 1696/1851/1742 1724/1852/1743
f 1723/1853/1744 1699/1820/1713 1664/1819/1712
f 1664/1819/1712 1724/1852/1743 1723/1853/1744
f 1725/1854/1745 1700/1821/1714 1699/1820/1713
f 1699/1820/1713 1723/1853/1744 1725/1854/1745
f 1729/1855/1746 1666/1822/1715 1700/1821/1714
f 1700/1821/1714 1725/1854/1745 1729/1855/1746
f 1731/1856/1747 1668/1823/1716 1666/1822/1715
f 1666/1822/1715 1729/1855/1746 1731/1856/1747
f 1701/1857/1748 1670/1824/1717 1668/1823/1716
f 1668/1823/1716 1731/1856/1747 1701/1857/1748
f 1733/1858/1749 1702/1825/1718 1670/1824/1717
f 1670/1824/1717 1701/1857/1748 1733/1858/1749
f 1703/1859/1750 1704/1826/1719 1702/1825/1718
f 1702/1825/1718 1733/1858/1749 1703/1859/1750
f 1734/1860/1751 1672/1827/1720 1704/1826/1719
f 1704/1826/1719 1703/1859/1750 1734/1860/1751
f 1738/1861/1752 1674/1828/1721 1672/1827/1720
f 1672/1827/1720 1734/1860/1751 1738/1861/1752
f 1737/1862/1753 1707/1829/1722 1674/1828/1721
f 1674/1828/1721 1738/1861/1752 1737/1862/1753
f 1705/1863/1754 1706/1830/1723 1707/1829/1722
f 1707/1829/1722 1737/1862/1753 1705/1863/1754
f 1708/1864/1755 1676/1831/1724 1706/1830/1723
f 1706/1830/1723 1705/1863/1754 1708/1864/1755
f 1739/1865/1756 1679/1832/1725 1676/1831/1724
f 1676/1831/1724 1708/1864/1755 1739/1865/1756
f 1710/1866/1757 1709/1833/1726 1679/1832/1725
f 1679/1832/1725 1739/1865/1756 1710/1866/1757
f 1741/1867/1758 1711/1834/1727 1709/1833/1726
f 1709/1833/1726 1710/1866/1757 1741/1867/1758
f 1742/1868/1759 1682/1835/1728 1711/1834/1727
f 1711/1834/1727 1741/1867/1758 1742/1868/1759
f 1713/1869/1760 1712/1836/1729 1682/1835/1728
f 1682/1835/1728 1742/1868/1759 1713/1869/1760
f 1743/1870/1761 1685/1837/1730 1712/1836/1729
f 1712/1836/1729 1713/1869/1760 1743/1870/1761
f 1714/1871/1762 1715/1838/1731 1685/1837/1730
f 1685/1837/1730 1743/1870/1761 1714/1871/1762
f 1746/1872/1763 1686/1839/1732 1715/1838/1731
f 1715/1838/1731 1714/1871/1762 1746/1872/1763
f 1748/1873/1764 1687/1840/1733 1686/1839/1732
f 1686/1839/1732 1746/1872/1763 1748/1873/1764
f 1749/1874/1765 1716/1841/1734 1687/1840/1733
f 1687/1840/1733 1748/1873/1764 1749/1874/1765
f 1750/1875/1766 1690/1842/1735 1716/1841/1734
f 1716/1841/1734 1749/1874/1765 1750/1875/1766
f 1717/1876/1767 1689/1843/1736 1690/1842/1735
f 1690/1842/1735 1750/1875/1766 1717/1876/1767
f 1752/1877/1768 1718/1844/1737 1689/1843/1736
f 1689/1843/1736 1717/1876/1767 1752/1877/1768
f 1719/1878/1769 1693/1845/1738 1718/1844/1737
f 1718/1844/1737 1752/1877/1768 1719/1878/1769
f 1693/1845/1738 1719/1878/1769 1381/1879/64
f 1721/1880/1770 1720/1847/1739 1569/1881/3
f 1756/1882/1771 1694/1849/1740 1720/1847/1739
f 1720/1847/1739 1721/1880/1770 1756/1882/1771
f 1755/1883/1772 1698/1850/1741 1694/1849/1740
f 1694/1849/1740 1756/1882/1771 1755/1883/1772
f 1722/1884/1773 1696/1851/1742 1698/1850/1741
f 1698/1850/1741 1755/1883/1772 1722/1884/1773
f 1758/1885/1774 1724/1852/1743 1696/1851/1742
f 1696/1851/1742 1722/1884/1773 1758/1885/1774
f 1759/1886/1775 1723/1853/1744 1724/1852/1743
f 1724/1852/1743 1758/1885/1774 1759/1886/1775
f 1726/1887/1776 1725/1854/1745 1723/1853/1744
f 1723/1853/1744 1759/1886/1775 1726/1887/1776
f 1727/1888/1777 1729/1855/1746 1725/1854/1745
f 1725/1854/1745 1726/1887/1776 1727/1888/1777
f 1728/1889/1778 1731/1856/1747 1729/1855/1746
f 1729/1855/1746 1727/1888/1777 1728/1889/1778
f 1730/1890/1779 1701/1857/1748 1731/1856/1747
f 1731/1856/1747 1728/1889/1778 1730/1890/1779
f 1732/1891/1780 1733/1858/1749 1701/1857/1748
f 1701/1857/1748 1730/1890/1779 1732/1891/1780
f 1765/1892/1781 1703/1859/1750 1733/1858/1749
f 1733/1858/1749 1732/1891/1780 1765/1892/1781
f 1735/1893/1782 1734/1860/1751 1703/1859/1750
f 1703/1859/1750 1765/1892/1781 1735/1893/1782
f 1766/1894/1783 1738/1861/1752 1734/1860/1751
f 1734/1860/1751 1735/1893/1782 1766/1894/1783
f 1736/1895/1784 1737/1862/1753 1738/1861/1752
f 1738/1861/1752 1766/1894/1783 1736/1895/1784
f 1768/1896/1785 1705/1863/1754 1737/1862/1753
f 1737/1862/1753 1736/1895/1784 1768/1896/1785
f 1740/1897/1786 1708/1864/1755 1705/1863/1754
f 1705/1863/1754 1768/1896/1785 1740/1897/1786
f 1771/1898/1787 1739/1865/1756 1708/1864/1755
f 1708/1864/1755 1740/1897/1786 1771/1898/1787
f 1770/1899/1788 1710/1866/1757 1739/1865/1756
f 1739/1865/1756 1771/1898/1787 1770/1899/1788
f 1773/1900/1789 1741/1867/1758 1710/1866/1757
f 1710/1866/1757 1770/1899/1788 1773/1900/1789
f 1775/1901/1790 1742/1868/1759 1741/1867/1758
f 1741/1867/1758 1773/1900/1789 1775/1901/1790
f 1774/1902/1791 1713/1869/1760 1742/1868/1759
f 1742/1868/1759 1775/1901/1790 1774/1902/1791
f 1744/1903/1792 1743/1870/1761 1713/1869/1760
f 1713/1869/1760 1774/1902/1791 1744/1903/1792
f 1745/1904/1793 1714/1871/1762 1743/1870/1761
f 1743/1870/1761 1744/1903/1792 1745/1904/1793
f 1778/1905/1794 1746/1872/1763 1714/1871/1762
f 1714/1871/1762 1745/1904/1793 1778/1905/1794
f 1780/1906/1795 1748/1873/1764 1746/1872/1763
f 1746/1872/1763 1778/1905/1794 1780/1906/1795
f 1747/1907/1796 1749/1874/1765 1748/1873/1764
f 1748/1873/1764 1780/1906/1795 1747/1907/1796
f 1751/1908/1797 1750/1875/1766 1749/1874/1765
f 1749/1874/1765 1747/1907/1796 1751/1908/1797
f 1782/1909/1798 1717/1876/1767 1750/1875/1766
f 1750/1875/1766 1751/1908/1797 1782/1909/1798
f 1753/1910/1799 1752/1877/1768 1717/1876/1767
f 1717/1876/1767 1782/1909/1798 1753/1910/1799
f 1783/1911/1800 1719/1878/1769 1752/1877/1768
f 1752/1877/1768 1753/1910/1799 1783/1911/1800
f 1719/1878/1769 1783/1911/1800 1381/1912/64
f 1785/1913/1801 1721/1880/1770 1569/1914/3
f 1754/1915/1802 1756/1882/1771 1721/1880/1770
f 1721/1880/1770 1785/1913/1801 1754/1915/1802
f 1757/1916/1803 1755/1883/1772 1756/1882/1771
f 1756/1882/1771 1754/1915/1802 1757/1916/1803
f 1787/1917/1804 1722/1884/1773 1755/1883/1772
f 1755/1883/1772 1757/1916/1803 1787/1917/1804
f 1788/1918/1805 1758/1885/1774 1722/1884/1773
f 1722/1884/1773 1787/1917/1804 1788/1918/1805
f 1761/1919/1806 1759/1886/1775 1758/1885/1774
f 1758/1885/1774 1788/1918/1805 1761/1919/1806
f 1760/1920/1807 1726/1887/1776 1759/1886/1775
f 1759/1886/1775 1761/1919/1806 1760/1920/1807
f 1791/1921/1808 1727/1888/1777 1726/1887/1776
f 1726/1887/1776 1760/1920/1807 1791/1921/1808
f 1762/1922/1809 1728/1889/1778 1727/1888/1777
f 1727/1888/1777 1791/1921/1808 1762/1922/1809
f 1792/1923/1810 1730/1890/1779 1728/1889/1778
f 1728/1889/1778 1762/1922/1809 1792/1923/1810
f 1763/1924/1811 1732/1891/1780 1730/1890/1779
f 1730/1890/1779 1792/1923/1810 1763/1924/1811
f 1764/1925/1812 1765/1892/1781 1732/1891/1780
f 1732/1891/1780 1763/1924/1811 1764/1925/1812
f 1794/1926/1813 1735/1893/1782 1765/1892/1781
f 1765/1892/1781 1764/1925/1812 1794/1926/1813
f 1795/1927/1814 1766/1894/1783 1735/1893/1782
f 1735/1893/1782 1794/1926/1813 1795/1927/1814
f 1797/1928/1815 1736/1895/1784 1766/1894/1783
f 1766/1894/1783 1795/1927/1814 1797/1928/1815
f 1767/1929/1816 1768/1896/1785 1736/1895/1784
f 1736/1895/1784 1797/1928/1815 1767/1929/1816
f 1799/1930/1817 1740/1897/1786 1768/1896/1785
f 1768/1896/1785 1767/1929/1816 1799/1930/1817
f 1769/1931/1818 1771/1898/1787 1740/1897/1786
f 1740/1897/1786 1799/1930/1817 1769/1931/1818
f 1802/1932/1819 1770/1899/1788 1771/1898/1787
f 1771/1898/1787 1769/1931/1818 1802/1932/1819
f 1772/1933/1820 1773/1900/1789 1770/1899/1788
f 1770/1899/1788 1802/1932/1819 1772/1933/1820
f 1776/1934/1821 1775/1901/1790 1773/1900/1789
f 1773/1900/1789 1772/1933/1820 1776/1934/1821
f 1777/1935/1822 1774/1902/1791 1775/1901/1790
f 1775/1901/1790 1776/1934/1821 1777/1935/1822
f 1804/1936/1823 1744/1903/1792 1774/1902/1791
f 1774/1902/1791 1777/1935/1822 1804/1936/1823
f 1805/1937/1824 1745/1904/1793 1744/1903/1792
f 1744/1903/1792 1804/1936/1823 1805/1937/1824
f 1808/1938/1825 1778/1905/1794 1745/1904/1793
f 1745/1904/1793 1805/1937/1824 1808/1938/1825
f 1779/1939/1826 1780/1906/1795 1778/1905/1794
f 1778/1905/1794 1808/1938/1825 1779/1939/1826
f 1781/1940/1827 1747/1907/1796 1780/1906/1795
f 1780/1906/1795 1779/1939/1826 1781/1940/1827
f 1811/1941/1828 1751/1908/1797 1747/1907/1796
f 1747/1907/1796 1781/1940/1827 1811/1941/1828
f 1813/1942/1829 1782/1909/1798 1751/1908/1797
f 1751/1908/1797 1811/1941/1828 1813/1942/1829
f 1815/1943/1830 1753/1910/1799 1782/1909/1798
f 1782/1909/1798 1813/1942/1829 1815/1943/1830
f 1816/1944/1831 1783/1911/1800 1753/1910/1799
f 1753/1910/1799 1815/1943/1830 1816/1944/1831
f 1783/1911/1800 1816/1944/1831 1381/1945/64
f 1784/1946/1832 1785/1913/1801 1569/1947/3
f 1819/1948/1833 1754/1915/1802 1785/1913/1801
f 1785/1913/1801 1784/1946/1832 1819/1948/1833
f 1818/1949/1834 1757/1916/1803 1754/1915/1802
f 1754/1915/1802 1819/1948/1833 1818/1949/1834
f 1786/1950/1835 1787/1917/1804 1757/1916/1803
f 1757/1916/1803 1818/1949/1834 1786/1950/1835
f 1824/1951/1836 1788/1918/1805 1787/1917/1804
f 1787/1917/1804 1786/1950/1835 1824/1951/1836
f 1789/1952/1837 1761/1919/1806 1788/1918/1805
f 1788/1918/1805 1824/1951/1836 1789/1952/1837
f 1825/1953/1838 1760/1920/1807 1761/1919/1806
f 1761/1919/1806 1789/1952/1837 1825/1953/1838
f 1790/1954/1839 1791/1921/1808 1760/1920/1807
f 1760/1920/1807 1825/1953/1838 1790/1954/1839
f 1827/1955/1840 1762/1922/1809 1791/1921/1808
f 1791/1921/1808 1790/1954/1839 1827/1955/1840
f 1793/1956/1841 1792/1923/1810 1762/1922/1809
f 1762/1922/1809 1827/1955/1840 1793/1956/1841
f 1829/1957/1842 1763/1924/1811 1792/1923/1810
f 1792/1923/1810 1793/1956/1841 1829/1957/1842
f 1828/1958/1843 1764/1925/1812 1763/1924/1811
f 1763/1924/1811 1829/1957/1842 1828/1958/1843
f 1832/1959/1844 1794/1926/1813 1764/1925/1812
f 1764/1925/1812 1828/1958/1843 1832/1959/1844
f 1796/1960/1845 1795/1927/1814 1794/1926/1813
f 1794/1926/1813 1832/1959/1844 1796/1960/1845
f 1798/1961/1846 1797/1928/1815 1795/1927/1814
f 1795/1927/1814 1796/1960/1845 1798/1961/1846
f 1835/1962/1847 1767/1929/1816 1797/1928/1815
f 1797/1928/1815 1798/1961/1846 1835/1962/1847
f 1800/1963/1848 1799/1930/1817 1767/1929/1816
f 1767/1929/1816 1835/1962/1847 1800/1963/1848
f 1836/1964/1849 1769/1931/1818 1799/1930/1817
f 1799/1930/1817 1800/1963/1848 1836/1964/1849
f 1801/1965/1850 1802/1932/1819 1769/1931/1818
f 1769/1931/1818 1836/1964/1849 1801/1965/1850
f 1838/1966/1851 1772/1933/1820 1802/1932/1819
f 1802/1932/1819 1801/1965/1850 1838/1966/1851
f 1841/1967/1852 1776/1934/1821 1772/1933/1820
f 1772/1933/1820 1838/1966/1851 1841/1967/1852
f 1803/1968/1853 1777/1935/1822 1776/1934/1821
f 1776/1934/1821 1841/1967/1852 1803/1968/1853
f 1843/1969/1854 1804/1936/1823 1777/1935/1822
f 1777/1935/1822 1803/1968/1853 1843/1969/1854
f 1806/1970/1855 1805/1937/1824 1804/1936/1823
f 1804/1936/1823 1843/1969/1854 1806/1970/1855
f 1807/1971/1856 1808/1938/1825 1805/1937/1824
f 1805/1937/1824 1806/1970/1855 1807/1971/1856
f 1809/1972/1857 1779/1939/1826 1808/1938/1825
f 1808/1938/1825 1807/1971/1856 1809/1972/1857
f 1810/1973/1858 1781/1940/1827 1779/1939/1826
f 1779/1939/1826 1809/1972/1857 1810/1973/1858
f 1849/1974/1859 1811/1941/1828 1781/1940/1827
f 1781/1940/1827 1810/1973/1858 1849/1974/1859
f 1812/1975/1860 1813/1942/1829 1811/1941/1828
f 1811/1941/1828 1849/1974/1859 1812/1975/1860
f 1814/1976/1861 1815/1943/1830 1813/1942/1829
f 1813/1942/1829 1812/1975/1860 1814/1976/1861
f 1850/1977/1862 1816/1944/1831 1815/1943/1830
f 1815/1943/1830 1814/1976/1861 1850/1977/1862
f 1816/1944/1831 1850/1977/1862 1381/1978/64
f 1817/1979/1863 1784/1946/1832 1569/1980/3
f 1820/1981/1864 1819/1948/1833 1784/1946/1832
f 1784/1946/1832 1817/1979/1863 1820/1981/1864
f 1821/1982/1865 1818/1949/1834 1819/1948/1833
f 1819/1948/1833 1820/1981/1864 1821/1982/1865
f 1822/1983/1866 1786/1950/1835 1818/1949/1834
f 1818/1949/1834 1821/1982/1865 1822/1983/1866
f 1823/1984/1867 1824/1951/1836 1786/1950/1835
f 1786/1950/1835 1822/1983/1866 1823/1984/1867
f 1856/1985/1868 1789/1952/1837 1824/1951/1836
f 1824/1951/1836 1823/1984/1867 1856/1985/1868
f 1826/1986/1869 1825/1953/1838 1789/1952/1837
f 1789/1952/1837 1856/1985/1868 1826/1986/1869
f 1857/1987/1870 1790/1954/1839 1825/1953/1838
f 1825/1953/1838 1826/1986/1869 1857/1987/1870
f 1859/1988/1871 1827/1955/1840 1790/1954/1839
f 1790/1954/1839 1857/1987/1870 1859/1988/1871
f 1863/1989/1872 1793/1956/1841 1827/1955/1840
f 1827/1955/1840 1859/1988/1871 1863/1989/1872
f 1862/1990/1873 1829/1957/1842 1793/1956/1841
f 1793/1956/1841 1863/1989/1872 1862/1990/1873
f 1831/1991/1874 1828/1958/1843 1829/1957/1842
f 1829/1957/1842 1862/1990/1873 1831/1991/1874
f 1830/1992/1875 1832/1959/1844 1828/1958/1843
f 1828/1958/1843 1831/1991/1874 1830/1992/1875
f 1865/1993/1876 1796/1960/1845 1832/1959/1844
f 1832/1959/1844 1830/1992/1875 1865/1993/1876
f 1834/1994/1877 1798/1961/1846 1796/1960/1845
f 1796/1960/1845 1865/1993/1876 1834/1994/1877
f 1833/1995/1878 1835/1962/1847 1798/1961/1846
f 1798/1961/1846 1834/1994/1877 1833/1995/1878
f 1867/1996/1879 1800/1963/1848 1835/1962/1847
f 1835/1962/1847 1833/1995/1878 1867/1996/1879
f 1866/1997/1880 1836/1964/1849 1800/1963/1848
f 1800/1963/1848 1867/1996/1879 1866/1997/1880
f 1837/1998/1881 1801/1965/1850 1836/1964/1849
f 1836/1964/1849 1866/1997/1880 1837/1998/1881
f 1839/1999/1882 1838/1966/1851 1801/1965/1850
f 1801/1965/1850 1837/1998/1881 1839/1999/1882
f 1870/2000/1883 1841/1967/1852 1838/1966/1851
f 1838/1966/1851 1839/1999/1882 1870/2000/1883
f 1840/2001/1884 1803/1968/1853 1841/1967/1852
f 1841/1967/1852 1870/2000/1883 1840/2001/1884
f 1842/2002/1885 1843/1969/1854 1803/1968/1853
f 1803/1968/1853 1840/2001/1884 1842/2002/1885
f 1844/2003/1886 1806/1970/1855 1843/1969/1854
f 1843/1969/1854 1842/2002/1885 1844/2003/1886
f 1845/2004/1887 1807/1971/1856 1806/1970/1855
f 1806/1970/1855 1844/2003/1886 1845/2004/1887
f 1847/2005/1888 1809/1972/1857 1807/1971/1856
f 1807/1971/1856 1845/2004/1887 1847/2005/1888
f 1846/2006/1889 1810/1973/1858 1809/1972/1857
f 1809/1972/1857 1847/2005/1888 1846/2006/1889
f 1848/2007/1890 1849/1974/1859 1810/1973/1858
f 1810/1973/1858 1846/2006/1889 1848/2007/1890
f 1874/2008/1891 1812/1975/1860 1849/1974/1859
f 1849/1974/1859 1848/2007/1890 1874/2008/1891
f 1876/2009/1892 1814/1976/1861 1812/1975/1860
f 1812/1975/1860 1874/2008/1891 1876/2009/1892
f 1877/2010/1893 1850/1977/1862 1814/1976/1861
f 1814/1976/1861 1876/2009/1892 1877/2010/1893
f 1850/1977/1862 1877/2010/1893 1381/2011/64
f 1879/2012/1894 1817/1979/1863 1569/2013/3
f 1851/2014/1895 1820/1981/1864 1817/1979/1863
f 1817/1979/1863 1879/2012/1894 1851/2014/1895
f 1852/2015/1896 1821/1982/1865 1820/1981/1864
f 1820/1981/1864 1851/2014/1895 1852/2015/1896
f 1854/2016/1897 1822/1983/1866 1821/1982/1865
f 1821/1982/1865 1852/2015/1896 1854/2016/1897
f 1853/2017/1898 1823/1984/1867 1822/1983/1866
f 1822/1983/1866 1854/2016/1897 1853/2017/1898
f 1855/2018/1899 1856/1985/1868 1823/1984/1867
f 1823/1984/1867 1853/2017/1898 1855/2018/1899
f 1858/2019/1900 1826/1986/1869 1856/1985/1868
f 1856/1985/1868 1855/2018/1899 1858/2019/1900
f 1884/2020/1901 1857/1987/1870 1826/1986/1869
f 1826/1986/1869 1858/2019/1900 1884/2020/1901
f 1860/2021/1902 1859/1988/1871 1857/1987/1870
f 1857/1987/1870 1884/2020/1901 1860/2021/1902
f 1861/2022/1903 1863/1989/1872 1859/1988/1871
f 1859/1988/1871 1860/2021/1902 1861/2022/1903
f 1886/2023/1904 1862/1990/1873 1863/1989/1872
f 1863/1989/1872 1861/2022/1903 1886/2023/1904
f 1887/2024/1905 1831/1991/1874 1862/1990/1873
f 1862/1990/1873 1886/2023/1904 1887/2024/1905
f 1889/2025/1906 1830/1992/1875 1831/1991/1874
f 1831/1991/1874 1887/2024/1905 1889/2025/1906
f 1864/2026/1907 1865/1993/1876 1830/1992/1875
f 1830/1992/1875 1889/2025/1906 1864/2026/1907
f 1891/2027/1908 1834/1994/1877 1865/1993/1876
f 1865/1993/1876 1864/2026/1907 1891/2027/1908
f 1893/2028/1909 1833/1995/1878 1834/1994/1877
f 1834/1994/1877 1891/2027/1908 1893/2028/1909
f 1895/2029/1910 1867/1996/1879 1833/1995/1878
f 1833/1995/1878 1893/2028/1909 1895/2029/1910
f 1897/2030/1911 1866/1997/1880 1867/1996/1879
f 1867/1996/1879 1895/2029/1910 1897/2030/1911
f 1896/2031/1912 1837/1998/1881 1866/1997/1880
f 1866/1997/1880 1897/2030/1911 1896/2031/1912
f 1868/2032/1913 1839/1999/1882 1837/1998/1881
f 1837/1998/1881 1896/2031/1912 1868/2032/1913
f 1869/2033/1914 1870/2000/1883 1839/1999/1882
f 1839/1999/1882 1868/2032/1913 1869/2033/1914
f 1899/2034/1915 1840/2001/1884 1870/2000/1883
f 1870/2000/1883 1869/2033/1914 1899/2034/1915
f 1871/2035/1916 1842/2002/1885 1840/2001/1884
f 1840/2001/1884 1899/2034/1915 1871/2035/1916
f 1872/2036/1917 1844/2003/1886 1842/2002/1885
f 1842/2002/1885 1871/2035/1916 1872/2036/1917
f 1873/2037/1918 1845/2004/1887 1844/2003/1886
f 1844/2003/1886 1872/2036/1917 1873/2037/1918
f 1902/2038/1919 1847/2005/1888 1845/2004/1887
f 1845/2004/1887 1873/2037/1918 1902/2038/1919
f 1904/2039/1920 1846/2006/1889 1847/2005/1888
f 1847/2005/1888 1902/2038/1919 1904/2039/1920
f 1875/2040/1921 1848/2007/1890 1846/2006/1889
f 1846/2006/1889 1904/2039/1920 1875/2040/1921
f 1905/2041/1922 1874/2008/1891 1848/2007/1890
f 1848/2007/1890 1875/2040/1921 1905/2041/1922
f 1906/2042/1923 1876/2009/1892 1874/2008/1891
f 1874/2008/1891 1905/2041/1922 1906/2042/1923
f 1908/2043/1924 1877/2010/1893 1876/2009/1892
f 1876/2009/1892 1906/2042/1923 1908/2043/1924
f 1877/2010/1893 1908/2043/1924 1381/2044/64
f 1910/2045/1925 1879/2012/1894 1569/2046/3
f 1878/2047/1926 1851/2014/1895 1879/2012/1894
f 1879/2012/1894 1910/2045/1925 1878/2047/1926
f 1880/2048/1927 1852/2015/1896 1851/2014/1895
f 1851/2014/1895 1878/2047/1926 1880/2048/1927
f 1882/2049/1928 1854/2016/1897 1852/2015/1896
f 1852/2015/1896 1880/2048/1927 1882/2049/1928
f 1881/2050/1929 1853/2017/1898 1854/2016/1897
f 1854/2016/1897 1882/2049/1928 1881/2050/1929
f 1883/2051/1930 1855/2018/1899 1853/2017/1898
f 1853/2017/1898 1881/2050/1929 1883/2051/1930
f 1913/2052/1931 1858/2019/1900 1855/2018/1899
f 1855/2018/1899 1883/2051/1930 1913/2052/1931
f 1914/2053/1932 1884/2020/1901 1858/2019/1900
f 1858/2019/1900 1913/2052/1931 1914/2053/1932
f 1885/2054/1933 1860/2021/1902 1884/2020/1901
f 1884/2020/1901 1914/2053/1932 1885/2054/1933
f 1916/2055/1934 1861/2022/1903 1860/2021/1902
f 1860/2021/1902 1885/2054/1933 1916/2055/1934
f 1915/2056/1935 1886/2023/1904 1861/2022/1903
f 1861/2022/1903 1916/2055/1934 1915/2056/1935
f 1919/2057/1936 1887/2024/1905 1886/2023/1904
f 1886/2023/1904 1915/2056/1935 1919/2057/1936
f 1890/2058/1937 1889/2025/1906 1887/2024/1905
f 1887/2024/1905 1919/2057/1936 1890/2058/1937
f 1888/2059/1938 1864/2026/1907 1889/2025/1906
f 1889/2025/1906 1890/2058/1937 1888/2059/1938
f 1921/2060/1939 1891/2027/1908 1864/2026/1907
f 1864/2026/1907 1888/2059/1938 1921/2060/1939
f 1892/2061/1940 1893/2028/1909 1891/2027/1908
f 1891/2027/1908 1921/2060/1939 1892/2061/1940
f 1924/2062/1941 1895/2029/1910 1893/2028/1909
f 1893/2028/1909 1892/2061/1940 1924/2062/1941
f 1894/2063/1942 1897/2030/1911 1895/2029/1910
f 1895/2029/1910 1924/2062/1941 1894/2063/1942
f 1926/2064/1943 1896/2031/1912 1897/2030/1911
f 1897/2030/1911 1894/2063/1942 1926/2064/1943
f 1929/2065/1944 1868/2032/1913 1896/2031/1912
f 1896/2031/1912 1926/2064/1943 1929/2065/1944
f 1898/2066/1945 1869/2033/1914 1868/2032/1913
f 1868/2032/1913 1929/2065/1944 1898/2066/1945
f 1900/2067/1946 1899/2034/1915 1869/2033/1914
f 1869/2033/1914 1898/2066/1945 1900/2067/1946
f 1901/2068/1947 1871/2035/1916 1899/2034/1915
f 1899/2034/1915 1900/2067/1946 1901/2068/1947
f 1933/2069/1948 1872/2036/1917 1871/2035/1916
f 1871/2035/1916 1901/2068/1947 1933/2069/1948
f 1903/2070/1949 1873/2037/1918 1872/2036/1917
f 1872/2036/1917 1933/2069/1948 1903/2070/1949
f 1935/2071/1950 1902/2038/1919 1873/2037/1918
f 1873/2037/1918 1903/2070/1949 1935/2071/1950
f 1936/2072/1951 1904/2039/1920 1902/2038/1919
f 1902/2038/1919 1935/2071/1950 1936/2072/1951
f 1937/2073/1952 1875/2040/1921 1904/2039/1920
f 1904/2039/1920 1936/2072/1951 1937/2073/1952
f 1939/2074/1953 1905/2041/1922 1875/2040/1921
f 1875/2040/1921 1937/2073/1952 1939/2074/1953
f 1942/2075/1954 1906/2042/1923 1905/2041/1922
f 1905/2041/1922 1939/2074/1953 1942/2075/1954
f 1907/2076/1955 1908/2043/1924 1906/2042/1923
f 1906/2042/1923 1942/2075/1954 1907/2076/1955
f 1908/2043/1924 1907/2076/1955 1381/2077/64
f 1909/2078/1956 1910/2045/1925 1569/2079/3
f 1944/2080/1957 1878/2047/1926 1910/2045/1925
f 1910/2045/1925 1909/2078/1956 1944/2080/1957
f 1947/2081/1958 1880/2048/1927 1878/2047/1926
f 1878/2047/1926 1944/2080/1957 1947/2081/1958
f 1911/2082/1959 1882/2049/1928 1880/2048/1927
f 1880/2048/1927 1947/2081/1958 1911/2082/1959
f 1912/2083/1960 1881/2050/1929 1882/2049/1928
f 1882/2049/1928 1911/2082/1959 1912/2083/1960
f 1951/2084/1961 1883/2051/1930 1881/2050/1929
f 1881/2050/1929 1912/2083/1960 1951/2084/1961
f 1952/2085/1962 1913/2052/1931 1883/2051/1930
f 1883/2051/1930 1951/2084/1961 1952/2085/1962
f 1956/2086/1963 1914/2053/1932 1913/2052/1931
f 1913/2052/1931 1952/2085/1962 1956/2086/1963
f 1955/2087/1964 1885/2054/1933 1914/2053/1932
f 1914/2053/1932 1956/2086/1963 1955/2087/1964
f 1917/2088/1965 1916/2055/1934 1885/2054/1933
f 1885/2054/1933 1955/2087/1964 1917/2088/1965
f 1961/2089/1966 1915/2056/1935 1916/2055/1934
f 1916/2055/1934 1917/2088/1965 1961/2089/1966
f 1960/2090/1967 1919/2057/1936 1915/2056/1935
f 1915/2056/1935 1961/2089/1966 1960/2090/1967
f 1918/2091/1968 1890/2058/1937 1919/2057/1936
f 1919/2057/1936 1960/2090/1967 1918/2091/1968
f 1920/2092/1969 1888/2059/1938 1890/2058/1937
f 1890/2058/1937 1918/2091/1968 1920/2092/1969
f 1922/2093/1970 1921/2060/1939 1888/2059/1938
f 1888/2059/1938 1920/2092/1969 1922/2093/1970
f 1923/2094/1971 1892/2061/1940 1921/2060/1939
f 1921/2060/1939 1922/2093/1970 1923/2094/1971
f 1967/2095/1972 1924/2062/1941 1892/2061/1940
f 1892/2061/1940 1923/2094/1971 1967/2095/1972
f 1925/2096/1973 1894/2063/1942 1924/2062/1941
f 1924/2062/1941 1967/2095/1972 1925/2096/1973
f 1927/2097/1974 1926/2064/1943 1894/2063/1942
f 1894/2063/1942 1925/2096/1973 1927/2097/1974
f 1928/2098/1975 1929/2065/1944 1926/2064/1943
f 1926/2064/1943 1927/2097/1974 1928/2098/1975
f 1972/2099/1976 1898/2066/1945 1929/2065/1944
f 1929/2065/1944 1928/2098/1975 1972/2099/1976
f 1930/2100/1977 1900/2067/1946 1898/2066/1945
f 1898/2066/1945 1972/2099/1976 1930/2100/1977
f 1931/2101/1978 1901/2068/1947 1900/2067/1946
f 1900/2067/1946 1930/2100/1977 1931/2101/1978
f 1976/2102/1979 1933/2069/1948 1901/2068/1947
f 1901/2068/1947 1931/2101/1978 1976/2102/1979
f 1932/2103/1980 1903/2070/1949 1933/2069/1948
f 1933/2069/1948 1976/2102/1979 1932/2103/1980
f 1934/2104/1981 1935/2071/1950 1903/2070/1949
f 1903/2070/1949 1932/2103/1980 1934/2104/1981
f 1982/2105/1982 1936/2072/1951 1935/2071/1950
f 1935/2071/1950 1934/2104/1981 1982/2105/1982
f 1984/2106/1983 1937/2073/1952 1936/2072/1951
f 1936/2072/1951 1982/2105/1982 1984/2106/1983
f 1938/2107/1984 1939/2074/1953 1937/2073/1952
f 1937/2073/1952 1984/2106/1983 1938/2107/1984
f 1940/2108/1985 1942/2075/1954 1939/2074/1953
f 1939/2074/1953 1938/2107/1984 1940/2108/1985
f 1941/2109/1986 1907/2076/1955 1942/2075/1954
f 1942/2075/1954 1940/2108/1985 1941/2109/1986
f 1907/2076/1955 1941/2109/1986 1381/2110/64
f 1945/2111/2 1909/2078/1956 1569/2112/3
f 1943/2113/5 1944/2080/1957 1909/2078/1956
f 1909/2078/1956 1945/2111/2 1943/2113/5
f 1946/2114/7 1947/2081/1958 1944/2080/1957
f 1944/2080/1957 1943/2113/5 1946/2114/7
f 1949/2115/9 1911/2082/1959 1947/2081/1958
f 1947/2081/1958 1946/2114/7 1949/2115/9
f 1948/2116/11 1912/2083/1960 1911/2082/1959
f 1911/2082/1959 1949/2115/9 1948/2116/11
f 1950/2117/13 1951/2084/1961 1912/2083/1960
f 1912/2083/1960 1948/2116/11 1950/2117/13
f 1953/2118/15 1952/2085/1962 1951/2084/1961
f 1951/2084/1961 1950/2117/13 1953/2118/15
f 1954/2119/17 1956/2086/1963 1952/2085/1962
f 1952/2085/1962 1953/2118/15 1954/2119/17
f 1957/2120/19 1955/2087/1964 1956/2086/1963
f 1956/2086/1963 1954/2119/17 1957/2120/19
f 1958/2121/21 1917/2088/1965 1955/2087/1964
f 1955/2087/1964 1957/2120/19 1958/2121/21
f 1959/2122/23 1961/2089/1966 1917/2088/1965
f 1917/2088/1965 1958/2121/21 1959/2122/23
f 1962/2123/25 1960/2090/1967 1961/2089/1966
f 1961/2089/1966 1959/2122/23 1962/2123/25
f 1963/2124/27 1918/2091/1968 1960/2090/1967
f 1960/2090/1967 1962/2123/25 1963/2124/27
f 1964/2125/29 1920/2092/1969 1918/2091/1968
f 1918/2091/1968 1963/2124/27 1964/2125/29
f 1965/2126/31 1922/2093/1970 1920/2092/1969
f 1920/2092/1969 1964/2125/29 1965/2126/31
f 1966/2127/33 1923/2094/1971 1922/2093/1970
f 1922/2093/1970 1965/2126/31 1966/2127/33
f 1969/2128/35 1967/2095/1972 1923/2094/1971
f 1923/2094/1971 1966/2127/33 1969/2128/35
f 1968/2129/37 1925/2096/1973 1967/2095/1972
f 1967/2095/1972 1969/2128/35 1968/2129/37
f 1970/2130/39 1927/2097/1974 1925/2096/1973
f 1925/2096/1973 1968/2129/37 1970/2130/39
f 1971/2131/41 1928/2098/1975 1927/2097/1974
f 1927/2097/1974 1970/2130/39 1971/2131/41
f 1973/2132/43 1972/2099/1976 1928/2098/1975
f 1928/2098/1975 1971/2131/41 1973/2132/43
f 1974/2133/45 1930/2100/1977 1972/2099/1976
f 1972/2099/1976 1973/2132/43 1974/2133/45
f 1975/2134/47 1931/2101/1978 1930/2100/1977
f 1930/2100/1977 1974/2133/45 1975/2134/47
f 1977/2135/49 1976/2102/1979 1931/2101/1978
f 1931/2101/1978 1975/2134/47 1977/2135/49
f 1978/2136/51 1932/2103/1980 1976/2102/1979
f 1976/2102/1979 1977/2135/49 1978/2136/51
f 1980/2137/53 1934/2104/1981 1932/2103/1980
f 1932/2103/1980 1978/2136/51 1980/2137/53
f 1979/2138/55 1982/2105/1982 1934/2104/1981
f 1934/2104/1981 1980/2137/53 1979/2138/55
f 1981/2139/57 1984/2106/1983 1982/2105/1982
f 1982/2105/1982 1979/2138/55 1981/2139/57
f 1983/2140/59 1938/2107/1984 1984/2106/1983
f 1984/2106/1983 1981/2139/57 1983/2140/59
f 1985/2141/61 1940/2108/1985 1938/2107/1984
f 1938/2107/1984 1983/2140/59 1985/2141/61
f 1986/2142/63 1941/2109/1986 1940/2108/1985
f 1940/2108/1985 1985/2141/61 1986/2142/63
f 1941/2109/1986 1986/2142/63 1381/2143/64
